{
    "type": "FeatureCollection",
    "features": [
        {
            "type": "Feature",
            "properties": {
                "id": 1,
                "nazwa": "Glinkastraße",
                "dlugosc_m": 206.0,
                "predkosc_ms": 5.8333335,
                "predkosc_kmh": 21.0000006,
                "free_flow_ms": 9.722222,
                "free_flow_kmh": 34.999999200000005,
                "jam_factor": 3.0,
                "confidence": 0.99,
                "traversability": "open"
            },
            "geometry": {
                "type": "LineString",
                "coordinates": [
                    [
                        13.38879,
                        52.51714
                    ],
                    [
                        13.38823,
                        52.51709
                    ],
                    [
                        13.38783,
                        52.51705
                    ],
                    [
                        13.38716,
                        52.51701
                    ],
                    [
                        13.38666,
                        52.51699
                    ],
                    [
                        13.3858,
                        52.51696
                    ]
                ]
            }
        },
        {
            "type": "Feature",
            "properties": {
                "id": 2,
                "nazwa": "Friedrichstraße",
                "dlugosc_m": 1173.0,
                "predkosc_ms": 10.555556,
                "predkosc_kmh": 38.0000016,
                "free_flow_ms": 11.666667,
                "free_flow_kmh": 42.0000012,
                "jam_factor": 1.0,
                "confidence": 0.99,
                "traversability": "open"
            },
            "geometry": {
                "type": "LineString",
                "coordinates": [
                    [
                        13.40463,
                        52.52004
                    ],
                    [
                        13.4038,
                        52.51954
                    ],
                    [
                        13.40369,
                        52.51944
                    ],
                    [
                        13.40345,
                        52.51931
                    ],
                    [
                        13.40277,
                        52.51898
                    ],
                    [
                        13.40265,
                        52.51893
                    ],
                    [
                        13.40251,
                        52.51887
                    ],
                    [
                        13.40243,
                        52.51884
                    ],
                    [
                        13.40209,
                        52.5187
                    ],
                    [
                        13.40197,
                        52.51865
                    ],
                    [
                        13.40183,
                        52.5186
                    ],
                    [
                        13.40123,
                        52.51837
                    ],
                    [
                        13.40101,
                        52.5183
                    ],
                    [
                        13.40091,
                        52.51826
                    ],
                    [
                        13.40063,
                        52.51815
                    ],
                    [
                        13.39979,
                        52.51783
                    ],
                    [
                        13.39962,
                        52.51777
                    ],
                    [
                        13.39937,
                        52.51771
                    ],
                    [
                        13.39917,
                        52.51768
                    ],
                    [
                        13.3989,
                        52.51766
                    ],
                    [
                        13.3985,
                        52.51763
                    ],
                    [
                        13.39803,
                        52.5176
                    ],
                    [
                        13.3974,
                        52.51756
                    ],
                    [
                        13.39674,
                        52.51752
                    ],
                    [
                        13.39631,
                        52.51748
                    ],
                    [
                        13.39623,
                        52.5175
                    ],
                    [
                        13.39604,
                        52.51752
                    ],
                    [
                        13.39515,
                        52.51747
                    ],
                    [
                        13.39415,
                        52.51739
                    ],
                    [
                        13.3935,
                        52.51735
                    ],
                    [
                        13.39313,
                        52.51737
                    ],
                    [
                        13.39279,
                        52.51738
                    ],
                    [
                        13.3926,
                        52.51737
                    ],
                    [
                        13.39187,
                        52.51733
                    ],
                    [
                        13.39152,
                        52.51731
                    ],
                    [
                        13.3912,
                        52.5173
                    ],
                    [
                        13.39067,
                        52.51726
                    ],
                    [
                        13.38955,
                        52.51719
                    ],
                    [
                        13.38909,
                        52.51716
                    ],
                    [
                        13.38879,
                        52.51714
                    ]
                ]
            }
        },
        {
            "type": "Feature",
            "properties": {
                "id": 3,
                "nazwa": "Spandauer Straße",
                "dlugosc_m": 651.0,
                "predkosc_ms": 7.5,
                "predkosc_kmh": 27.0,
                "free_flow_ms": 9.722222,
                "free_flow_kmh": 34.999999200000005,
                "jam_factor": 1.1,
                "confidence": 0.99,
                "traversability": "open"
            },
            "geometry": {
                "type": "LineString",
                "coordinates": [
                    [
                        13.41178,
                        52.5239
                    ],
                    [
                        13.41163,
                        52.52379
                    ],
                    [
                        13.41141,
                        52.52364
                    ],
                    [
                        13.41092,
                        52.52334
                    ],
                    [
                        13.41035,
                        52.52298
                    ],
                    [
                        13.40975,
                        52.52262
                    ],
                    [
                        13.40925,
                        52.52235
                    ],
                    [
                        13.40877,
                        52.52212
                    ],
                    [
                        13.40854,
                        52.522
                    ],
                    [
                        13.40787,
                        52.52166
                    ],
                    [
                        13.40728,
                        52.52137
                    ],
                    [
                        13.40651,
                        52.52098
                    ],
                    [
                        13.40605,
                        52.52075
                    ],
                    [
                        13.4059,
                        52.52068
                    ],
                    [
                        13.40571,
                        52.5206
                    ],
                    [
                        13.40549,
                        52.52051
                    ],
                    [
                        13.40507,
                        52.52029
                    ],
                    [
                        13.40482,
                        52.52014
                    ],
                    [
                        13.40463,
                        52.52004
                    ]
                ]
            }
        },
        {
            "type": "Feature",
            "properties": {
                "id": 4,
                "nazwa": "Gertraudenstraße",
                "dlugosc_m": 318.0,
                "predkosc_ms": 4.7222223,
                "predkosc_kmh": 17.000000280000002,
                "free_flow_ms": 6.666667,
                "free_flow_kmh": 24.000001200000003,
                "jam_factor": 2.6,
                "confidence": 0.99,
                "traversability": "open"
            },
            "geometry": {
                "type": "LineString",
                "coordinates": [
                    [
                        13.4088,
                        52.51198
                    ],
                    [
                        13.40833,
                        52.5123
                    ],
                    [
                        13.40803,
                        52.5125
                    ],
                    [
                        13.40793,
                        52.51257
                    ],
                    [
                        13.40708,
                        52.51313
                    ],
                    [
                        13.40669,
                        52.5134
                    ],
                    [
                        13.40623,
                        52.51372
                    ],
                    [
                        13.40593,
                        52.51393
                    ],
                    [
                        13.40582,
                        52.51402
                    ],
                    [
                        13.40569,
                        52.51412
                    ]
                ]
            }
        },
        {
            "type": "Feature",
            "properties": {
                "id": 5,
                "nazwa": "Wallstraße",
                "dlugosc_m": 208.0,
                "predkosc_ms": 8.333334,
                "predkosc_kmh": 30.000002400000003,
                "free_flow_ms": 6.9444447,
                "free_flow_kmh": 25.00000092,
                "jam_factor": 0.0,
                "confidence": 0.95,
                "traversability": "open"
            },
            "geometry": {
                "type": "LineString",
                "coordinates": [
                    [
                        13.41153,
                        52.5128
                    ],
                    [
                        13.41031,
                        52.51242
                    ],
                    [
                        13.40971,
                        52.51222
                    ],
                    [
                        13.40923,
                        52.51212
                    ],
                    [
                        13.40892,
                        52.51204
                    ],
                    [
                        13.4088,
                        52.51198
                    ]
                ]
            }
        },
        {
            "type": "Feature",
            "properties": {
                "id": 6,
                "nazwa": "Inselstraße",
                "dlugosc_m": 208.0,
                "predkosc_ms": 7.777778,
                "predkosc_kmh": 28.0000008,
                "free_flow_ms": 8.333334,
                "free_flow_kmh": 30.000002400000003,
                "jam_factor": 0.5,
                "confidence": 0.98,
                "traversability": "open"
            },
            "geometry": {
                "type": "LineString",
                "coordinates": [
                    [
                        13.4088,
                        52.51198
                    ],
                    [
                        13.40892,
                        52.51204
                    ],
                    [
                        13.40923,
                        52.51212
                    ],
                    [
                        13.40971,
                        52.51222
                    ],
                    [
                        13.41031,
                        52.51242
                    ],
                    [
                        13.41153,
                        52.5128
                    ]
                ]
            }
        },
        {
            "type": "Feature",
            "properties": {
                "id": 7,
                "nazwa": "Wallstraße",
                "dlugosc_m": 304.0,
                "predkosc_ms": 8.333334,
                "predkosc_kmh": 30.000002400000003,
                "free_flow_ms": 8.055555,
                "free_flow_kmh": 28.999998,
                "jam_factor": 0.0,
                "confidence": 0.99,
                "traversability": "open"
            },
            "geometry": {
                "type": "LineString",
                "coordinates": [
                    [
                        13.40582,
                        52.51402
                    ],
                    [
                        13.40593,
                        52.51393
                    ],
                    [
                        13.40623,
                        52.51372
                    ],
                    [
                        13.40669,
                        52.5134
                    ],
                    [
                        13.40708,
                        52.51313
                    ],
                    [
                        13.40793,
                        52.51257
                    ],
                    [
                        13.40803,
                        52.5125
                    ],
                    [
                        13.40833,
                        52.5123
                    ],
                    [
                        13.4088,
                        52.51198
                    ]
                ]
            }
        },
        {
            "type": "Feature",
            "properties": {
                "id": 8,
                "nazwa": "Mühlendamm",
                "dlugosc_m": 510.0,
                "predkosc_ms": 6.388889,
                "predkosc_kmh": 23.0000004,
                "free_flow_ms": 8.055555,
                "free_flow_kmh": 28.999998,
                "jam_factor": 0.9,
                "confidence": 0.99,
                "traversability": "open"
            },
            "geometry": {
                "type": "LineString",
                "coordinates": [
                    [
                        13.40477,
                        52.51994
                    ],
                    [
                        13.40531,
                        52.51961
                    ],
                    [
                        13.40544,
                        52.51955
                    ],
                    [
                        13.40559,
                        52.51952
                    ],
                    [
                        13.40596,
                        52.51925
                    ],
                    [
                        13.40646,
                        52.5189
                    ],
                    [
                        13.40718,
                        52.51839
                    ],
                    [
                        13.40739,
                        52.51826
                    ],
                    [
                        13.40777,
                        52.51799
                    ],
                    [
                        13.40814,
                        52.51773
                    ],
                    [
                        13.40827,
                        52.51764
                    ],
                    [
                        13.40845,
                        52.51752
                    ],
                    [
                        13.40839,
                        52.51747
                    ],
                    [
                        13.40837,
                        52.51742
                    ],
                    [
                        13.40838,
                        52.51738
                    ],
                    [
                        13.40844,
                        52.51729
                    ],
                    [
                        13.40857,
                        52.51716
                    ],
                    [
                        13.40872,
                        52.51698
                    ],
                    [
                        13.40875,
                        52.51692
                    ],
                    [
                        13.40876,
                        52.51684
                    ],
                    [
                        13.40872,
                        52.51676
                    ],
                    [
                        13.40868,
                        52.51671
                    ],
                    [
                        13.4085,
                        52.51655
                    ],
                    [
                        13.40872,
                        52.51642
                    ]
                ]
            }
        },
        {
            "type": "Feature",
            "properties": {
                "id": 9,
                "nazwa": "Karl-Liebknecht-Straße",
                "dlugosc_m": 382.0,
                "predkosc_ms": 5.8333335,
                "predkosc_kmh": 21.0000006,
                "free_flow_ms": 8.055555,
                "free_flow_kmh": 28.999998,
                "jam_factor": 1.7,
                "confidence": 0.99,
                "traversability": "open"
            },
            "geometry": {
                "type": "LineString",
                "coordinates": [
                    [
                        13.40845,
                        52.51752
                    ],
                    [
                        13.40827,
                        52.51764
                    ],
                    [
                        13.40814,
                        52.51773
                    ],
                    [
                        13.40777,
                        52.51799
                    ],
                    [
                        13.40739,
                        52.51826
                    ],
                    [
                        13.40718,
                        52.51839
                    ],
                    [
                        13.40646,
                        52.5189
                    ],
                    [
                        13.40596,
                        52.51925
                    ],
                    [
                        13.40559,
                        52.51952
                    ],
                    [
                        13.40544,
                        52.51967
                    ],
                    [
                        13.40514,
                        52.51989
                    ],
                    [
                        13.40495,
                        52.52003
                    ],
                    [
                        13.40488,
                        52.52009
                    ],
                    [
                        13.40482,
                        52.52014
                    ]
                ]
            }
        },
        {
            "type": "Feature",
            "properties": {
                "id": 10,
                "nazwa": "Mühlendamm",
                "dlugosc_m": 791.0,
                "predkosc_ms": 6.666667,
                "predkosc_kmh": 24.000001200000003,
                "free_flow_ms": 9.444445,
                "free_flow_kmh": 34.000002,
                "jam_factor": 1.8,
                "confidence": 0.99,
                "traversability": "open"
            },
            "geometry": {
                "type": "LineString",
                "coordinates": [
                    [
                        13.41805,
                        52.51565
                    ],
                    [
                        13.41784,
                        52.51571
                    ],
                    [
                        13.41728,
                        52.51581
                    ],
                    [
                        13.41681,
                        52.51585
                    ],
                    [
                        13.41615,
                        52.51587
                    ],
                    [
                        13.41541,
                        52.51581
                    ],
                    [
                        13.41532,
                        52.51581
                    ],
                    [
                        13.41502,
                        52.51579
                    ],
                    [
                        13.41469,
                        52.51577
                    ],
                    [
                        13.4144,
                        52.51575
                    ],
                    [
                        13.41362,
                        52.51571
                    ],
                    [
                        13.41307,
                        52.51573
                    ],
                    [
                        13.41227,
                        52.51584
                    ],
                    [
                        13.41156,
                        52.51595
                    ],
                    [
                        13.41059,
                        52.5161
                    ],
                    [
                        13.40998,
                        52.51619
                    ],
                    [
                        13.40944,
                        52.51625
                    ],
                    [
                        13.40916,
                        52.51628
                    ],
                    [
                        13.40886,
                        52.51635
                    ],
                    [
                        13.40872,
                        52.51642
                    ],
                    [
                        13.40896,
                        52.51666
                    ],
                    [
                        13.40904,
                        52.51683
                    ],
                    [
                        13.40903,
                        52.51695
                    ],
                    [
                        13.40892,
                        52.5171
                    ],
                    [
                        13.40877,
                        52.51725
                    ],
                    [
                        13.40865,
                        52.51739
                    ],
                    [
                        13.40845,
                        52.51752
                    ]
                ]
            }
        },
        {
            "type": "Feature",
            "properties": {
                "id": 11,
                "nazwa": "Dorotheenstraße",
                "dlugosc_m": 248.0,
                "predkosc_ms": 5.8333335,
                "predkosc_kmh": 21.0000006,
                "free_flow_ms": 6.666667,
                "free_flow_kmh": 24.000001200000003,
                "jam_factor": 1.4,
                "confidence": 0.99,
                "traversability": "open"
            },
            "geometry": {
                "type": "LineString",
                "coordinates": [
                    [
                        13.38045,
                        52.51808
                    ],
                    [
                        13.38024,
                        52.51807
                    ],
                    [
                        13.38003,
                        52.51805
                    ],
                    [
                        13.37799,
                        52.51791
                    ],
                    [
                        13.37733,
                        52.51784
                    ],
                    [
                        13.37697,
                        52.51779
                    ],
                    [
                        13.37686,
                        52.51778
                    ]
                ]
            }
        },
        {
            "type": "Feature",
            "properties": {
                "id": 12,
                "nazwa": "Dorotheenstraße",
                "dlugosc_m": 164.0,
                "predkosc_ms": 5.0,
                "predkosc_kmh": 18.0,
                "free_flow_ms": 5.555556,
                "free_flow_kmh": 20.0000016,
                "jam_factor": 0.0,
                "confidence": 0.99,
                "traversability": "open"
            },
            "geometry": {
                "type": "LineString",
                "coordinates": [
                    [
                        13.38077,
                        52.51662
                    ],
                    [
                        13.38066,
                        52.51693
                    ],
                    [
                        13.38063,
                        52.51711
                    ],
                    [
                        13.38056,
                        52.51741
                    ],
                    [
                        13.38053,
                        52.51761
                    ],
                    [
                        13.38045,
                        52.51808
                    ]
                ]
            }
        },
        {
            "type": "Feature",
            "properties": {
                "id": 13,
                "nazwa": "Wilhelmstraße",
                "dlugosc_m": 346.0,
                "predkosc_ms": 9.722222,
                "predkosc_kmh": 34.999999200000005,
                "free_flow_ms": 8.888889,
                "free_flow_kmh": 32.000000400000005,
                "jam_factor": 0.0,
                "confidence": 0.99,
                "traversability": "open"
            },
            "geometry": {
                "type": "LineString",
                "coordinates": [
                    [
                        13.3858,
                        52.51696
                    ],
                    [
                        13.38471,
                        52.51689
                    ],
                    [
                        13.38429,
                        52.51686
                    ],
                    [
                        13.38397,
                        52.51684
                    ],
                    [
                        13.38323,
                        52.51679
                    ],
                    [
                        13.38169,
                        52.51669
                    ],
                    [
                        13.38077,
                        52.51662
                    ]
                ]
            }
        },
        {
            "type": "Feature",
            "properties": {
                "id": 14,
                "nazwa": "Alexanderstraße",
                "dlugosc_m": 663.0,
                "predkosc_ms": 10.0,
                "predkosc_kmh": 36.0,
                "free_flow_ms": 10.555556,
                "free_flow_kmh": 38.0000016,
                "jam_factor": 0.4,
                "confidence": 0.99,
                "traversability": "open"
            },
            "geometry": {
                "type": "LineString",
                "coordinates": [
                    [
                        13.40872,
                        52.51642
                    ],
                    [
                        13.40886,
                        52.51635
                    ],
                    [
                        13.40916,
                        52.51628
                    ],
                    [
                        13.40944,
                        52.51625
                    ],
                    [
                        13.40998,
                        52.51619
                    ],
                    [
                        13.41059,
                        52.5161
                    ],
                    [
                        13.41156,
                        52.51595
                    ],
                    [
                        13.41227,
                        52.51584
                    ],
                    [
                        13.41307,
                        52.51573
                    ],
                    [
                        13.41362,
                        52.51571
                    ],
                    [
                        13.4144,
                        52.51575
                    ],
                    [
                        13.41469,
                        52.51577
                    ],
                    [
                        13.41502,
                        52.51579
                    ],
                    [
                        13.41532,
                        52.51581
                    ],
                    [
                        13.41541,
                        52.51581
                    ],
                    [
                        13.41598,
                        52.51579
                    ],
                    [
                        13.41633,
                        52.51576
                    ],
                    [
                        13.41685,
                        52.51571
                    ],
                    [
                        13.41714,
                        52.51568
                    ],
                    [
                        13.4174,
                        52.51563
                    ],
                    [
                        13.41799,
                        52.5155
                    ],
                    [
                        13.41818,
                        52.51545
                    ]
                ]
            }
        },
        {
            "type": "Feature",
            "properties": {
                "id": 15,
                "nazwa": "Wilhelmstraße",
                "dlugosc_m": 192.0,
                "predkosc_ms": 3.3333335,
                "predkosc_kmh": 12.000000600000002,
                "free_flow_ms": 5.8333335,
                "free_flow_kmh": 21.0000006,
                "jam_factor": 2.7,
                "confidence": 0.99,
                "traversability": "open"
            },
            "geometry": {
                "type": "LineString",
                "coordinates": [
                    [
                        13.38045,
                        52.51808
                    ],
                    [
                        13.38053,
                        52.51761
                    ],
                    [
                        13.38056,
                        52.51741
                    ],
                    [
                        13.38063,
                        52.51711
                    ],
                    [
                        13.38066,
                        52.51693
                    ],
                    [
                        13.38077,
                        52.51662
                    ],
                    [
                        13.38081,
                        52.51651
                    ],
                    [
                        13.38086,
                        52.51638
                    ]
                ]
            }
        },
        {
            "type": "Feature",
            "properties": {
                "id": 16,
                "nazwa": "Friedrichstraße",
                "dlugosc_m": 232.0,
                "predkosc_ms": 8.611112,
                "predkosc_kmh": 31.000003200000002,
                "free_flow_ms": 8.333334,
                "free_flow_kmh": 30.000002400000003,
                "jam_factor": 0.0,
                "confidence": 0.99,
                "traversability": "open"
            },
            "geometry": {
                "type": "LineString",
                "coordinates": [
                    [
                        13.38583,
                        52.51668
                    ],
                    [
                        13.38628,
                        52.51672
                    ],
                    [
                        13.38733,
                        52.51678
                    ],
                    [
                        13.38813,
                        52.51683
                    ],
                    [
                        13.38884,
                        52.51688
                    ],
                    [
                        13.38921,
                        52.5169
                    ]
                ]
            }
        },
        {
            "type": "Feature",
            "properties": {
                "id": 17,
                "nazwa": "Glinkastraße",
                "dlugosc_m": 342.0,
                "predkosc_ms": 8.055555,
                "predkosc_kmh": 28.999998,
                "free_flow_ms": 8.888889,
                "free_flow_kmh": 32.000000400000005,
                "jam_factor": 0.0,
                "confidence": 0.99,
                "traversability": "open"
            },
            "geometry": {
                "type": "LineString",
                "coordinates": [
                    [
                        13.38086,
                        52.51638
                    ],
                    [
                        13.3819,
                        52.51644
                    ],
                    [
                        13.38287,
                        52.5165
                    ],
                    [
                        13.38355,
                        52.51655
                    ],
                    [
                        13.38401,
                        52.51659
                    ],
                    [
                        13.38427,
                        52.5166
                    ],
                    [
                        13.3849,
                        52.51663
                    ],
                    [
                        13.38528,
                        52.51665
                    ],
                    [
                        13.38583,
                        52.51668
                    ]
                ]
            }
        },
        {
            "type": "Feature",
            "properties": {
                "id": 18,
                "nazwa": "Dorotheenstraße",
                "dlugosc_m": 240.0,
                "predkosc_ms": 3.888889,
                "predkosc_kmh": 14.0000004,
                "free_flow_ms": 6.388889,
                "free_flow_kmh": 23.0000004,
                "jam_factor": 2.3,
                "confidence": 0.99,
                "traversability": "open"
            },
            "geometry": {
                "type": "LineString",
                "coordinates": [
                    [
                        13.37697,
                        52.51779
                    ],
                    [
                        13.37733,
                        52.51784
                    ],
                    [
                        13.37799,
                        52.51791
                    ],
                    [
                        13.38003,
                        52.51805
                    ],
                    [
                        13.38024,
                        52.51807
                    ],
                    [
                        13.38045,
                        52.51808
                    ]
                ]
            }
        },
        {
            "type": "Feature",
            "properties": {
                "id": 19,
                "nazwa": "Spandauer Straße",
                "dlugosc_m": 1164.0,
                "predkosc_ms": 10.277778,
                "predkosc_kmh": 37.0000008,
                "free_flow_ms": 10.833334,
                "free_flow_kmh": 39.00000240000001,
                "jam_factor": 0.6,
                "confidence": 0.99,
                "traversability": "open"
            },
            "geometry": {
                "type": "LineString",
                "coordinates": [
                    [
                        13.38921,
                        52.5169
                    ],
                    [
                        13.38961,
                        52.51693
                    ],
                    [
                        13.3899,
                        52.51696
                    ],
                    [
                        13.39022,
                        52.51698
                    ],
                    [
                        13.39069,
                        52.51701
                    ],
                    [
                        13.39204,
                        52.51707
                    ],
                    [
                        13.39261,
                        52.51711
                    ],
                    [
                        13.39284,
                        52.51713
                    ],
                    [
                        13.39312,
                        52.5172
                    ],
                    [
                        13.39327,
                        52.51725
                    ],
                    [
                        13.39347,
                        52.51727
                    ],
                    [
                        13.39384,
                        52.51729
                    ],
                    [
                        13.39416,
                        52.51731
                    ],
                    [
                        13.39447,
                        52.51733
                    ],
                    [
                        13.39481,
                        52.51734
                    ],
                    [
                        13.39516,
                        52.51735
                    ],
                    [
                        13.39613,
                        52.51742
                    ],
                    [
                        13.39625,
                        52.51745
                    ],
                    [
                        13.39631,
                        52.51748
                    ],
                    [
                        13.39674,
                        52.51752
                    ],
                    [
                        13.3974,
                        52.51756
                    ],
                    [
                        13.39803,
                        52.5176
                    ],
                    [
                        13.3985,
                        52.51763
                    ],
                    [
                        13.3989,
                        52.51766
                    ],
                    [
                        13.39917,
                        52.51768
                    ],
                    [
                        13.39937,
                        52.51771
                    ],
                    [
                        13.39962,
                        52.51777
                    ],
                    [
                        13.39979,
                        52.51783
                    ],
                    [
                        13.40063,
                        52.51815
                    ],
                    [
                        13.40091,
                        52.51826
                    ],
                    [
                        13.40101,
                        52.5183
                    ],
                    [
                        13.40123,
                        52.51837
                    ],
                    [
                        13.40183,
                        52.5186
                    ],
                    [
                        13.40197,
                        52.51865
                    ],
                    [
                        13.40209,
                        52.5187
                    ],
                    [
                        13.40243,
                        52.51884
                    ],
                    [
                        13.40251,
                        52.51887
                    ],
                    [
                        13.40265,
                        52.51893
                    ],
                    [
                        13.40277,
                        52.51898
                    ],
                    [
                        13.40345,
                        52.51931
                    ],
                    [
                        13.40369,
                        52.51944
                    ],
                    [
                        13.40392,
                        52.51948
                    ],
                    [
                        13.40437,
                        52.51973
                    ],
                    [
                        13.40477,
                        52.51994
                    ],
                    [
                        13.40495,
                        52.52003
                    ]
                ]
            }
        },
        {
            "type": "Feature",
            "properties": {
                "id": 20,
                "nazwa": "Torstraße",
                "dlugosc_m": 837.0,
                "predkosc_ms": 5.8333335,
                "predkosc_kmh": 21.0000006,
                "free_flow_ms": 6.9444447,
                "free_flow_kmh": 25.00000092,
                "jam_factor": 1.3,
                "confidence": 0.99,
                "traversability": "open"
            },
            "geometry": {
                "type": "LineString",
                "coordinates": [
                    [
                        13.40678,
                        52.5249
                    ],
                    [
                        13.40712,
                        52.52481
                    ],
                    [
                        13.40782,
                        52.52457
                    ],
                    [
                        13.4079,
                        52.52454
                    ],
                    [
                        13.40892,
                        52.52419
                    ],
                    [
                        13.40912,
                        52.52413
                    ],
                    [
                        13.40931,
                        52.52409
                    ],
                    [
                        13.40966,
                        52.52401
                    ],
                    [
                        13.40971,
                        52.52407
                    ],
                    [
                        13.41005,
                        52.52456
                    ],
                    [
                        13.4108,
                        52.52552
                    ],
                    [
                        13.41087,
                        52.52561
                    ],
                    [
                        13.41107,
                        52.52588
                    ],
                    [
                        13.4111,
                        52.52592
                    ],
                    [
                        13.41115,
                        52.52599
                    ],
                    [
                        13.41119,
                        52.52608
                    ],
                    [
                        13.41118,
                        52.52616
                    ],
                    [
                        13.4111,
                        52.52638
                    ],
                    [
                        13.41093,
                        52.52677
                    ],
                    [
                        13.41085,
                        52.52693
                    ],
                    [
                        13.41075,
                        52.52714
                    ],
                    [
                        13.41066,
                        52.52733
                    ],
                    [
                        13.41061,
                        52.52743
                    ],
                    [
                        13.41038,
                        52.52791
                    ],
                    [
                        13.4103,
                        52.52808
                    ],
                    [
                        13.41002,
                        52.52861
                    ],
                    [
                        13.40999,
                        52.52868
                    ],
                    [
                        13.40995,
                        52.52876
                    ],
                    [
                        13.40984,
                        52.52901
                    ],
                    [
                        13.40983,
                        52.52923
                    ]
                ]
            }
        },
        {
            "type": "Feature",
            "properties": {
                "id": 21,
                "nazwa": "Münzstraße",
                "dlugosc_m": 787.0,
                "predkosc_ms": null,
                "predkosc_kmh": null,
                "free_flow_ms": 6.666667,
                "free_flow_kmh": 24.000001200000003,
                "jam_factor": 10.0,
                "confidence": null,
                "traversability": "closed"
            },
            "geometry": {
                "type": "LineString",
                "coordinates": [
                    [
                        13.41002,
                        52.52861
                    ],
                    [
                        13.4103,
                        52.52808
                    ],
                    [
                        13.41038,
                        52.52791
                    ],
                    [
                        13.41061,
                        52.52743
                    ],
                    [
                        13.41066,
                        52.52733
                    ],
                    [
                        13.41075,
                        52.52714
                    ],
                    [
                        13.41085,
                        52.52693
                    ],
                    [
                        13.41093,
                        52.52677
                    ],
                    [
                        13.4111,
                        52.52638
                    ],
                    [
                        13.41118,
                        52.52616
                    ],
                    [
                        13.41119,
                        52.52608
                    ],
                    [
                        13.41115,
                        52.52599
                    ],
                    [
                        13.4111,
                        52.52592
                    ],
                    [
                        13.41107,
                        52.52588
                    ],
                    [
                        13.41087,
                        52.52561
                    ],
                    [
                        13.4108,
                        52.52552
                    ],
                    [
                        13.41005,
                        52.52456
                    ],
                    [
                        13.40971,
                        52.52407
                    ],
                    [
                        13.40931,
                        52.52409
                    ],
                    [
                        13.40912,
                        52.52413
                    ],
                    [
                        13.40892,
                        52.52419
                    ],
                    [
                        13.4079,
                        52.52454
                    ],
                    [
                        13.40782,
                        52.52457
                    ],
                    [
                        13.40712,
                        52.52481
                    ],
                    [
                        13.40678,
                        52.5249
                    ],
                    [
                        13.40658,
                        52.52493
                    ],
                    [
                        13.4064,
                        52.52494
                    ]
                ]
            }
        },
        {
            "type": "Feature",
            "properties": {
                "id": 22,
                "nazwa": "Alexanderplatz",
                "dlugosc_m": 653.0,
                "predkosc_ms": 6.111111,
                "predkosc_kmh": 21.999999600000002,
                "free_flow_ms": 8.888889,
                "free_flow_kmh": 32.000000400000005,
                "jam_factor": 2.7,
                "confidence": 0.99,
                "traversability": "open"
            },
            "geometry": {
                "type": "LineString",
                "coordinates": [
                    [
                        13.40495,
                        52.52003
                    ],
                    [
                        13.40525,
                        52.52018
                    ],
                    [
                        13.40606,
                        52.52058
                    ],
                    [
                        13.40611,
                        52.5206
                    ],
                    [
                        13.40736,
                        52.52124
                    ],
                    [
                        13.40741,
                        52.52127
                    ],
                    [
                        13.40793,
                        52.52153
                    ],
                    [
                        13.40805,
                        52.52159
                    ],
                    [
                        13.40867,
                        52.5219
                    ],
                    [
                        13.40891,
                        52.52202
                    ],
                    [
                        13.40942,
                        52.52226
                    ],
                    [
                        13.40976,
                        52.52244
                    ],
                    [
                        13.41001,
                        52.52257
                    ],
                    [
                        13.41113,
                        52.52325
                    ],
                    [
                        13.41118,
                        52.52328
                    ],
                    [
                        13.41141,
                        52.52341
                    ],
                    [
                        13.41165,
                        52.52356
                    ],
                    [
                        13.41187,
                        52.52369
                    ],
                    [
                        13.412,
                        52.52378
                    ],
                    [
                        13.41213,
                        52.52389
                    ]
                ]
            }
        },
        {
            "type": "Feature",
            "properties": {
                "id": 23,
                "nazwa": "Münzstraße",
                "dlugosc_m": 26.0,
                "predkosc_ms": 6.9444447,
                "predkosc_kmh": 25.00000092,
                "free_flow_ms": 7.2222223,
                "free_flow_kmh": 26.000000280000002,
                "jam_factor": 0.3,
                "confidence": 0.99,
                "traversability": "open"
            },
            "geometry": {
                "type": "LineString",
                "coordinates": [
                    [
                        13.4064,
                        52.52494
                    ],
                    [
                        13.40658,
                        52.52493
                    ],
                    [
                        13.40678,
                        52.5249
                    ]
                ]
            }
        },
        {
            "type": "Feature",
            "properties": {
                "id": 24,
                "nazwa": "Kochstraße",
                "dlugosc_m": 420.0,
                "predkosc_ms": 10.0,
                "predkosc_kmh": 36.0,
                "free_flow_ms": 9.722222,
                "free_flow_kmh": 34.999999200000005,
                "jam_factor": 0.0,
                "confidence": 0.99,
                "traversability": "open"
            },
            "geometry": {
                "type": "LineString",
                "coordinates": [
                    [
                        13.38418,
                        52.51
                    ],
                    [
                        13.38433,
                        52.5097
                    ],
                    [
                        13.38471,
                        52.50902
                    ],
                    [
                        13.38489,
                        52.50866
                    ],
                    [
                        13.385,
                        52.50843
                    ],
                    [
                        13.38553,
                        52.50745
                    ],
                    [
                        13.38564,
                        52.50724
                    ],
                    [
                        13.38575,
                        52.507
                    ],
                    [
                        13.38585,
                        52.50679
                    ],
                    [
                        13.38606,
                        52.50642
                    ]
                ]
            }
        },
        {
            "type": "Feature",
            "properties": {
                "id": 25,
                "nazwa": "Leipziger Straße",
                "dlugosc_m": 420.0,
                "predkosc_ms": 7.777778,
                "predkosc_kmh": 28.0000008,
                "free_flow_ms": 8.611112,
                "free_flow_kmh": 31.000003200000002,
                "jam_factor": 0.0,
                "confidence": 0.99,
                "traversability": "open"
            },
            "geometry": {
                "type": "LineString",
                "coordinates": [
                    [
                        13.38606,
                        52.50642
                    ],
                    [
                        13.38585,
                        52.50679
                    ],
                    [
                        13.38575,
                        52.507
                    ],
                    [
                        13.38564,
                        52.50724
                    ],
                    [
                        13.38553,
                        52.50745
                    ],
                    [
                        13.385,
                        52.50843
                    ],
                    [
                        13.38489,
                        52.50866
                    ],
                    [
                        13.38471,
                        52.50902
                    ],
                    [
                        13.38433,
                        52.5097
                    ],
                    [
                        13.38418,
                        52.51
                    ]
                ]
            }
        },
        {
            "type": "Feature",
            "properties": {
                "id": 26,
                "nazwa": "Leipziger Straße",
                "dlugosc_m": 82.0,
                "predkosc_ms": 6.666667,
                "predkosc_kmh": 24.000001200000003,
                "free_flow_ms": 10.277778,
                "free_flow_kmh": 37.0000008,
                "jam_factor": 2.3,
                "confidence": 0.99,
                "traversability": "open"
            },
            "geometry": {
                "type": "LineString",
                "coordinates": [
                    [
                        13.40108,
                        52.51117
                    ],
                    [
                        13.4012,
                        52.51096
                    ],
                    [
                        13.40122,
                        52.51083
                    ],
                    [
                        13.40122,
                        52.51075
                    ],
                    [
                        13.40121,
                        52.51064
                    ],
                    [
                        13.40105,
                        52.51047
                    ]
                ]
            }
        },
        {
            "type": "Feature",
            "properties": {
                "id": 27,
                "nazwa": "Zimmerstraße",
                "dlugosc_m": 118.0,
                "predkosc_ms": 13.611112,
                "predkosc_kmh": 49.0000032,
                "free_flow_ms": 13.333334,
                "free_flow_kmh": 48.00000240000001,
                "jam_factor": 0.0,
                "confidence": 0.99,
                "traversability": "open"
            },
            "geometry": {
                "type": "LineString",
                "coordinates": [
                    [
                        13.39969,
                        52.50913
                    ],
                    [
                        13.39975,
                        52.50913
                    ],
                    [
                        13.39967,
                        52.50909
                    ],
                    [
                        13.39954,
                        52.50888
                    ],
                    [
                        13.39927,
                        52.50851
                    ],
                    [
                        13.3991,
                        52.50819
                    ]
                ]
            }
        },
        {
            "type": "Feature",
            "properties": {
                "id": 28,
                "nazwa": "Krausenstraße",
                "dlugosc_m": 176.0,
                "predkosc_ms": 11.666667,
                "predkosc_kmh": 42.0000012,
                "free_flow_ms": 12.222222,
                "free_flow_kmh": 43.999999200000005,
                "jam_factor": 0.3,
                "confidence": 0.99,
                "traversability": "open"
            },
            "geometry": {
                "type": "LineString",
                "coordinates": [
                    [
                        13.40105,
                        52.51047
                    ],
                    [
                        13.4005,
                        52.51
                    ],
                    [
                        13.40002,
                        52.50959
                    ],
                    [
                        13.39989,
                        52.50943
                    ],
                    [
                        13.39969,
                        52.50913
                    ]
                ]
            }
        },
        {
            "type": "Feature",
            "properties": {
                "id": 29,
                "nazwa": "Leipziger Straße",
                "dlugosc_m": 266.0,
                "predkosc_ms": 5.8333335,
                "predkosc_kmh": 21.0000006,
                "free_flow_ms": 7.777778,
                "free_flow_kmh": 28.0000008,
                "jam_factor": 1.4,
                "confidence": 0.99,
                "traversability": "open"
            },
            "geometry": {
                "type": "LineString",
                "coordinates": [
                    [
                        13.39975,
                        52.50913
                    ],
                    [
                        13.3998,
                        52.50914
                    ],
                    [
                        13.39983,
                        52.50916
                    ],
                    [
                        13.40012,
                        52.50954
                    ],
                    [
                        13.4006,
                        52.50995
                    ],
                    [
                        13.40099,
                        52.51026
                    ],
                    [
                        13.40118,
                        52.51041
                    ],
                    [
                        13.40125,
                        52.51049
                    ],
                    [
                        13.40131,
                        52.5106
                    ],
                    [
                        13.40136,
                        52.51074
                    ],
                    [
                        13.40133,
                        52.51098
                    ],
                    [
                        13.40126,
                        52.51121
                    ]
                ]
            }
        },
        {
            "type": "Feature",
            "properties": {
                "id": 30,
                "nazwa": "Krausenstraße",
                "dlugosc_m": 114.0,
                "predkosc_ms": 12.5,
                "predkosc_kmh": 45.0,
                "free_flow_ms": 12.5,
                "free_flow_kmh": 45.0,
                "jam_factor": 0.1,
                "confidence": 0.99,
                "traversability": "open"
            },
            "geometry": {
                "type": "LineString",
                "coordinates": [
                    [
                        13.3991,
                        52.50819
                    ],
                    [
                        13.39927,
                        52.50851
                    ],
                    [
                        13.39954,
                        52.50888
                    ],
                    [
                        13.39967,
                        52.50909
                    ],
                    [
                        13.39975,
                        52.50913
                    ]
                ]
            }
        },
        {
            "type": "Feature",
            "properties": {
                "id": 31,
                "nazwa": "Gertraudenstraße",
                "dlugosc_m": 14.0,
                "predkosc_ms": 3.0555556,
                "predkosc_kmh": 11.00000016,
                "free_flow_ms": 5.555556,
                "free_flow_kmh": 20.0000016,
                "jam_factor": 2.7,
                "confidence": 0.99,
                "traversability": "open"
            },
            "geometry": {
                "type": "LineString",
                "coordinates": [
                    [
                        13.40569,
                        52.51412
                    ],
                    [
                        13.40582,
                        52.51402
                    ]
                ]
            }
        },
        {
            "type": "Feature",
            "properties": {
                "id": 32,
                "nazwa": "Torstraße",
                "dlugosc_m": 92.0,
                "predkosc_ms": 6.111111,
                "predkosc_kmh": 21.999999600000002,
                "free_flow_ms": 5.8333335,
                "free_flow_kmh": 21.0000006,
                "jam_factor": 0.0,
                "confidence": 0.99,
                "traversability": "open"
            },
            "geometry": {
                "type": "LineString",
                "coordinates": [
                    [
                        13.38732,
                        52.52634
                    ],
                    [
                        13.38727,
                        52.52657
                    ],
                    [
                        13.3872,
                        52.52703
                    ],
                    [
                        13.38718,
                        52.52716
                    ]
                ]
            }
        },
        {
            "type": "Feature",
            "properties": {
                "id": 33,
                "nazwa": "Oranienburger Straße",
                "dlugosc_m": 272.0,
                "predkosc_ms": 5.8333335,
                "predkosc_kmh": 21.0000006,
                "free_flow_ms": 6.666667,
                "free_flow_kmh": 24.000001200000003,
                "jam_factor": 0.0,
                "confidence": 0.99,
                "traversability": "open"
            },
            "geometry": {
                "type": "LineString",
                "coordinates": [
                    [
                        13.38778,
                        52.52391
                    ],
                    [
                        13.38769,
                        52.52444
                    ],
                    [
                        13.3876,
                        52.52491
                    ],
                    [
                        13.38757,
                        52.52506
                    ],
                    [
                        13.38744,
                        52.5259
                    ],
                    [
                        13.38739,
                        52.5261
                    ],
                    [
                        13.38734,
                        52.52626
                    ],
                    [
                        13.38732,
                        52.52634
                    ]
                ]
            }
        },
        {
            "type": "Feature",
            "properties": {
                "id": 34,
                "nazwa": "Karl-Liebknecht-Straße",
                "dlugosc_m": 15.0,
                "predkosc_ms": 6.111111,
                "predkosc_kmh": 21.999999600000002,
                "free_flow_ms": 9.722222,
                "free_flow_kmh": 34.999999200000005,
                "jam_factor": 2.6,
                "confidence": 0.99,
                "traversability": "open"
            },
            "geometry": {
                "type": "LineString",
                "coordinates": [
                    [
                        13.40463,
                        52.52004
                    ],
                    [
                        13.40477,
                        52.51994
                    ]
                ]
            }
        },
        {
            "type": "Feature",
            "properties": {
                "id": 35,
                "nazwa": "Margarete-Steffin-Straße",
                "dlugosc_m": 330.0,
                "predkosc_ms": 5.0,
                "predkosc_kmh": 18.0,
                "free_flow_ms": 10.833334,
                "free_flow_kmh": 39.00000240000001,
                "jam_factor": 6.0,
                "confidence": 0.99,
                "traversability": "open"
            },
            "geometry": {
                "type": "LineString",
                "coordinates": [
                    [
                        13.38044,
                        52.5182
                    ],
                    [
                        13.38037,
                        52.51857
                    ],
                    [
                        13.38031,
                        52.51886
                    ],
                    [
                        13.3803,
                        52.51893
                    ],
                    [
                        13.3802,
                        52.51951
                    ],
                    [
                        13.38019,
                        52.51957
                    ],
                    [
                        13.38017,
                        52.51979
                    ],
                    [
                        13.38011,
                        52.52006
                    ],
                    [
                        13.38007,
                        52.52032
                    ],
                    [
                        13.37999,
                        52.52068
                    ],
                    [
                        13.37997,
                        52.52076
                    ],
                    [
                        13.37994,
                        52.52093
                    ],
                    [
                        13.37988,
                        52.52116
                    ]
                ]
            }
        },
        {
            "type": "Feature",
            "properties": {
                "id": 36,
                "nazwa": "Dorotheenstraße",
                "dlugosc_m": 13.0,
                "predkosc_ms": 5.8333335,
                "predkosc_kmh": 21.0000006,
                "free_flow_ms": 8.333334,
                "free_flow_kmh": 30.000002400000003,
                "jam_factor": 1.7,
                "confidence": 0.99,
                "traversability": "open"
            },
            "geometry": {
                "type": "LineString",
                "coordinates": [
                    [
                        13.38045,
                        52.51808
                    ],
                    [
                        13.38044,
                        52.5182
                    ]
                ]
            }
        },
        {
            "type": "Feature",
            "properties": {
                "id": 37,
                "nazwa": "Reinhardtstraße",
                "dlugosc_m": 275.0,
                "predkosc_ms": 10.0,
                "predkosc_kmh": 36.0,
                "free_flow_ms": 8.333334,
                "free_flow_kmh": 30.000002400000003,
                "jam_factor": 0.0,
                "confidence": 0.99,
                "traversability": "open"
            },
            "geometry": {
                "type": "LineString",
                "coordinates": [
                    [
                        13.38717,
                        52.52633
                    ],
                    [
                        13.38718,
                        52.52625
                    ],
                    [
                        13.38721,
                        52.52609
                    ],
                    [
                        13.38729,
                        52.52565
                    ],
                    [
                        13.38736,
                        52.52541
                    ],
                    [
                        13.38738,
                        52.52523
                    ],
                    [
                        13.38738,
                        52.52504
                    ],
                    [
                        13.3874,
                        52.5249
                    ],
                    [
                        13.38749,
                        52.52443
                    ],
                    [
                        13.38759,
                        52.52388
                    ]
                ]
            }
        },
        {
            "type": "Feature",
            "properties": {
                "id": 38,
                "nazwa": "Behrenstraße",
                "dlugosc_m": 654.0,
                "predkosc_ms": 7.777778,
                "predkosc_kmh": 28.0000008,
                "free_flow_ms": 7.5,
                "free_flow_kmh": 27.0,
                "jam_factor": 0.0,
                "confidence": 0.99,
                "traversability": "open"
            },
            "geometry": {
                "type": "LineString",
                "coordinates": [
                    [
                        13.38287,
                        52.5165
                    ],
                    [
                        13.38355,
                        52.51655
                    ],
                    [
                        13.38401,
                        52.51659
                    ],
                    [
                        13.38427,
                        52.5166
                    ],
                    [
                        13.3849,
                        52.51663
                    ],
                    [
                        13.38528,
                        52.51665
                    ],
                    [
                        13.38583,
                        52.51668
                    ],
                    [
                        13.38587,
                        52.5164
                    ],
                    [
                        13.38591,
                        52.51613
                    ],
                    [
                        13.38597,
                        52.51582
                    ],
                    [
                        13.38605,
                        52.51546
                    ],
                    [
                        13.38573,
                        52.51544
                    ],
                    [
                        13.38516,
                        52.51541
                    ],
                    [
                        13.38451,
                        52.51537
                    ],
                    [
                        13.38435,
                        52.51536
                    ],
                    [
                        13.38367,
                        52.5153
                    ],
                    [
                        13.38312,
                        52.51527
                    ],
                    [
                        13.38281,
                        52.51525
                    ],
                    [
                        13.38221,
                        52.51521
                    ],
                    [
                        13.38191,
                        52.51519
                    ],
                    [
                        13.38149,
                        52.51514
                    ]
                ]
            }
        },
        {
            "type": "Feature",
            "properties": {
                "id": 39,
                "nazwa": "Luisenstraße",
                "dlugosc_m": 563.0,
                "predkosc_ms": 6.111111,
                "predkosc_kmh": 21.999999600000002,
                "free_flow_ms": 9.444445,
                "free_flow_kmh": 34.000002,
                "jam_factor": 2.5,
                "confidence": 0.98,
                "traversability": "open"
            },
            "geometry": {
                "type": "LineString",
                "coordinates": [
                    [
                        13.38759,
                        52.52388
                    ],
                    [
                        13.38725,
                        52.52382
                    ],
                    [
                        13.38698,
                        52.52377
                    ],
                    [
                        13.38545,
                        52.52352
                    ],
                    [
                        13.38449,
                        52.52337
                    ],
                    [
                        13.38378,
                        52.52325
                    ],
                    [
                        13.38347,
                        52.5232
                    ],
                    [
                        13.38291,
                        52.52311
                    ],
                    [
                        13.38273,
                        52.52308
                    ],
                    [
                        13.38217,
                        52.52299
                    ],
                    [
                        13.38171,
                        52.52292
                    ],
                    [
                        13.38101,
                        52.52281
                    ],
                    [
                        13.38079,
                        52.52277
                    ],
                    [
                        13.38025,
                        52.52269
                    ],
                    [
                        13.37963,
                        52.52259
                    ]
                ]
            }
        },
        {
            "type": "Feature",
            "properties": {
                "id": 40,
                "nazwa": "Oranienburger Straße",
                "dlugosc_m": 91.0,
                "predkosc_ms": 5.277778,
                "predkosc_kmh": 19.0000008,
                "free_flow_ms": 7.777778,
                "free_flow_kmh": 28.0000008,
                "jam_factor": 1.8,
                "confidence": 0.99,
                "traversability": "open"
            },
            "geometry": {
                "type": "LineString",
                "coordinates": [
                    [
                        13.38696,
                        52.52713
                    ],
                    [
                        13.38705,
                        52.52699
                    ],
                    [
                        13.38709,
                        52.52685
                    ],
                    [
                        13.38717,
                        52.52633
                    ]
                ]
            }
        },
        {
            "type": "Feature",
            "properties": {
                "id": 41,
                "nazwa": "Reinhardtstraße",
                "dlugosc_m": 577.0,
                "predkosc_ms": 7.2222223,
                "predkosc_kmh": 26.000000280000002,
                "free_flow_ms": 9.166667,
                "free_flow_kmh": 33.0000012,
                "jam_factor": 1.2,
                "confidence": 0.99,
                "traversability": "open"
            },
            "geometry": {
                "type": "LineString",
                "coordinates": [
                    [
                        13.37963,
                        52.52259
                    ],
                    [
                        13.38025,
                        52.52269
                    ],
                    [
                        13.38079,
                        52.52277
                    ],
                    [
                        13.38101,
                        52.52281
                    ],
                    [
                        13.38171,
                        52.52292
                    ],
                    [
                        13.38217,
                        52.52299
                    ],
                    [
                        13.38273,
                        52.52308
                    ],
                    [
                        13.38291,
                        52.52311
                    ],
                    [
                        13.38347,
                        52.5232
                    ],
                    [
                        13.38378,
                        52.52325
                    ],
                    [
                        13.38449,
                        52.52337
                    ],
                    [
                        13.38545,
                        52.52352
                    ],
                    [
                        13.38698,
                        52.52377
                    ],
                    [
                        13.38725,
                        52.52382
                    ],
                    [
                        13.38759,
                        52.52388
                    ],
                    [
                        13.38767,
                        52.52389
                    ],
                    [
                        13.38778,
                        52.52391
                    ]
                ]
            }
        },
        {
            "type": "Feature",
            "properties": {
                "id": 42,
                "nazwa": "Unter den Linden",
                "dlugosc_m": 828.0,
                "predkosc_ms": null,
                "predkosc_kmh": null,
                "free_flow_ms": 7.2222223,
                "free_flow_kmh": 26.000000280000002,
                "jam_factor": 10.0,
                "confidence": null,
                "traversability": "closed"
            },
            "geometry": {
                "type": "LineString",
                "coordinates": [
                    [
                        13.38149,
                        52.51514
                    ],
                    [
                        13.38191,
                        52.51519
                    ],
                    [
                        13.38221,
                        52.51521
                    ],
                    [
                        13.38281,
                        52.51525
                    ],
                    [
                        13.38312,
                        52.51527
                    ],
                    [
                        13.38367,
                        52.5153
                    ],
                    [
                        13.38435,
                        52.51536
                    ],
                    [
                        13.38451,
                        52.51537
                    ],
                    [
                        13.38516,
                        52.51541
                    ],
                    [
                        13.38573,
                        52.51544
                    ],
                    [
                        13.38605,
                        52.51546
                    ],
                    [
                        13.38597,
                        52.51582
                    ],
                    [
                        13.38591,
                        52.51613
                    ],
                    [
                        13.38587,
                        52.5164
                    ],
                    [
                        13.38583,
                        52.51668
                    ],
                    [
                        13.38583,
                        52.51677
                    ],
                    [
                        13.38582,
                        52.51683
                    ],
                    [
                        13.3858,
                        52.51696
                    ],
                    [
                        13.38471,
                        52.51689
                    ],
                    [
                        13.38429,
                        52.51686
                    ],
                    [
                        13.38397,
                        52.51684
                    ],
                    [
                        13.38323,
                        52.51679
                    ],
                    [
                        13.38169,
                        52.51669
                    ],
                    [
                        13.38077,
                        52.51662
                    ]
                ]
            }
        },
        {
            "type": "Feature",
            "properties": {
                "id": 43,
                "nazwa": "Leipziger Straße",
                "dlugosc_m": 602.0,
                "predkosc_ms": 5.0,
                "predkosc_kmh": 18.0,
                "free_flow_ms": 7.5,
                "free_flow_kmh": 27.0,
                "jam_factor": 2.1,
                "confidence": 0.98,
                "traversability": "open"
            },
            "geometry": {
                "type": "LineString",
                "coordinates": [
                    [
                        13.38149,
                        52.51514
                    ],
                    [
                        13.38166,
                        52.51479
                    ],
                    [
                        13.38178,
                        52.51458
                    ],
                    [
                        13.3819,
                        52.51436
                    ],
                    [
                        13.38212,
                        52.51394
                    ],
                    [
                        13.38214,
                        52.5139
                    ],
                    [
                        13.38229,
                        52.51361
                    ],
                    [
                        13.38283,
                        52.51257
                    ],
                    [
                        13.38293,
                        52.51238
                    ],
                    [
                        13.38299,
                        52.51227
                    ],
                    [
                        13.38342,
                        52.51146
                    ],
                    [
                        13.38397,
                        52.5104
                    ],
                    [
                        13.38418,
                        52.51
                    ]
                ]
            }
        },
        {
            "type": "Feature",
            "properties": {
                "id": 44,
                "nazwa": "Unter den Linden",
                "dlugosc_m": 138.0,
                "predkosc_ms": 7.5,
                "predkosc_kmh": 27.0,
                "free_flow_ms": 11.111112,
                "free_flow_kmh": 40.0000032,
                "jam_factor": 2.3,
                "confidence": 0.99,
                "traversability": "open"
            },
            "geometry": {
                "type": "LineString",
                "coordinates": [
                    [
                        13.38086,
                        52.51638
                    ],
                    [
                        13.3819,
                        52.51644
                    ],
                    [
                        13.38287,
                        52.5165
                    ]
                ]
            }
        },
        {
            "type": "Feature",
            "properties": {
                "id": 45,
                "nazwa": "Dorotheenstraße",
                "dlugosc_m": 343.0,
                "predkosc_ms": 5.277778,
                "predkosc_kmh": 19.0000008,
                "free_flow_ms": 8.888889,
                "free_flow_kmh": 32.000000400000005,
                "jam_factor": 3.8,
                "confidence": 0.99,
                "traversability": "open"
            },
            "geometry": {
                "type": "LineString",
                "coordinates": [
                    [
                        13.37988,
                        52.52116
                    ],
                    [
                        13.37994,
                        52.52093
                    ],
                    [
                        13.37997,
                        52.52076
                    ],
                    [
                        13.37999,
                        52.52068
                    ],
                    [
                        13.38007,
                        52.52032
                    ],
                    [
                        13.38011,
                        52.52006
                    ],
                    [
                        13.38017,
                        52.51979
                    ],
                    [
                        13.38019,
                        52.51957
                    ],
                    [
                        13.3802,
                        52.51951
                    ],
                    [
                        13.3803,
                        52.51893
                    ],
                    [
                        13.38031,
                        52.51886
                    ],
                    [
                        13.38037,
                        52.51857
                    ],
                    [
                        13.38044,
                        52.5182
                    ],
                    [
                        13.38045,
                        52.51808
                    ]
                ]
            }
        },
        {
            "type": "Feature",
            "properties": {
                "id": 46,
                "nazwa": "Behrenstraße",
                "dlugosc_m": 602.0,
                "predkosc_ms": 6.111111,
                "predkosc_kmh": 21.999999600000002,
                "free_flow_ms": 7.2222223,
                "free_flow_kmh": 26.000000280000002,
                "jam_factor": 0.2,
                "confidence": 0.89,
                "traversability": "open"
            },
            "geometry": {
                "type": "LineString",
                "coordinates": [
                    [
                        13.38418,
                        52.51
                    ],
                    [
                        13.38397,
                        52.5104
                    ],
                    [
                        13.38342,
                        52.51146
                    ],
                    [
                        13.38299,
                        52.51227
                    ],
                    [
                        13.38293,
                        52.51238
                    ],
                    [
                        13.38283,
                        52.51257
                    ],
                    [
                        13.38229,
                        52.51361
                    ],
                    [
                        13.38214,
                        52.5139
                    ],
                    [
                        13.38212,
                        52.51394
                    ],
                    [
                        13.3819,
                        52.51436
                    ],
                    [
                        13.38178,
                        52.51458
                    ],
                    [
                        13.38166,
                        52.51479
                    ],
                    [
                        13.38149,
                        52.51514
                    ]
                ]
            }
        },
        {
            "type": "Feature",
            "properties": {
                "id": 47,
                "nazwa": "Alexanderplatz",
                "dlugosc_m": 393.0,
                "predkosc_ms": 6.9444447,
                "predkosc_kmh": 25.00000092,
                "free_flow_ms": 6.666667,
                "free_flow_kmh": 24.000001200000003,
                "jam_factor": 0.0,
                "confidence": 0.99,
                "traversability": "open"
            },
            "geometry": {
                "type": "LineString",
                "coordinates": [
                    [
                        13.4064,
                        52.52494
                    ],
                    [
                        13.40658,
                        52.52493
                    ],
                    [
                        13.40678,
                        52.5249
                    ],
                    [
                        13.40712,
                        52.52481
                    ],
                    [
                        13.40782,
                        52.52457
                    ],
                    [
                        13.4079,
                        52.52454
                    ],
                    [
                        13.40892,
                        52.52419
                    ],
                    [
                        13.40912,
                        52.52413
                    ],
                    [
                        13.40931,
                        52.52409
                    ],
                    [
                        13.40966,
                        52.52401
                    ],
                    [
                        13.41015,
                        52.52396
                    ],
                    [
                        13.41104,
                        52.52392
                    ],
                    [
                        13.41178,
                        52.5239
                    ]
                ]
            }
        },
        {
            "type": "Feature",
            "properties": {
                "id": 48,
                "nazwa": "Alte Schönhauser Straße",
                "dlugosc_m": 227.0,
                "predkosc_ms": 3.6111112,
                "predkosc_kmh": 13.00000032,
                "free_flow_ms": 4.7222223,
                "free_flow_kmh": 17.000000280000002,
                "jam_factor": 0.6,
                "confidence": 0.99,
                "traversability": "open"
            },
            "geometry": {
                "type": "LineString",
                "coordinates": [
                    [
                        13.40366,
                        52.52607
                    ],
                    [
                        13.40388,
                        52.526
                    ],
                    [
                        13.40424,
                        52.52584
                    ],
                    [
                        13.40606,
                        52.52501
                    ],
                    [
                        13.40623,
                        52.52496
                    ],
                    [
                        13.4064,
                        52.52494
                    ]
                ]
            }
        },
        {
            "type": "Feature",
            "properties": {
                "id": 49,
                "nazwa": "Gipsstraße",
                "dlugosc_m": 426.0,
                "predkosc_ms": 6.666667,
                "predkosc_kmh": 24.000001200000003,
                "free_flow_ms": 7.5,
                "free_flow_kmh": 27.0,
                "jam_factor": 1.1,
                "confidence": 0.98,
                "traversability": "open"
            },
            "geometry": {
                "type": "LineString",
                "coordinates": [
                    [
                        13.40141,
                        52.52961
                    ],
                    [
                        13.40189,
                        52.52898
                    ],
                    [
                        13.40264,
                        52.52808
                    ],
                    [
                        13.40297,
                        52.52769
                    ],
                    [
                        13.40313,
                        52.52745
                    ],
                    [
                        13.40332,
                        52.52717
                    ],
                    [
                        13.4034,
                        52.527
                    ],
                    [
                        13.40345,
                        52.52683
                    ],
                    [
                        13.40356,
                        52.52639
                    ],
                    [
                        13.40366,
                        52.52607
                    ]
                ]
            }
        },
        {
            "type": "Feature",
            "properties": {
                "id": 50,
                "nazwa": "Dorotheenstraße",
                "dlugosc_m": 240.0,
                "predkosc_ms": 4.7222223,
                "predkosc_kmh": 17.000000280000002,
                "free_flow_ms": 6.388889,
                "free_flow_kmh": 23.0000004,
                "jam_factor": 1.2,
                "confidence": 0.99,
                "traversability": "open"
            },
            "geometry": {
                "type": "LineString",
                "coordinates": [
                    [
                        13.37697,
                        52.51779
                    ],
                    [
                        13.37733,
                        52.51784
                    ],
                    [
                        13.37799,
                        52.51791
                    ],
                    [
                        13.38003,
                        52.51805
                    ],
                    [
                        13.38024,
                        52.51807
                    ],
                    [
                        13.38045,
                        52.51808
                    ]
                ]
            }
        },
        {
            "type": "Feature",
            "properties": {
                "id": 51,
                "nazwa": "Wilhelmstraße",
                "dlugosc_m": 192.0,
                "predkosc_ms": 4.4444447,
                "predkosc_kmh": 16.00000092,
                "free_flow_ms": 5.8333335,
                "free_flow_kmh": 21.0000006,
                "jam_factor": 0.9,
                "confidence": 0.99,
                "traversability": "open"
            },
            "geometry": {
                "type": "LineString",
                "coordinates": [
                    [
                        13.38045,
                        52.51808
                    ],
                    [
                        13.38053,
                        52.51761
                    ],
                    [
                        13.38056,
                        52.51741
                    ],
                    [
                        13.38063,
                        52.51711
                    ],
                    [
                        13.38066,
                        52.51693
                    ],
                    [
                        13.38077,
                        52.51662
                    ],
                    [
                        13.38081,
                        52.51651
                    ],
                    [
                        13.38086,
                        52.51638
                    ]
                ]
            }
        },
        {
            "type": "Feature",
            "properties": {
                "id": 52,
                "nazwa": "Unter den Linden",
                "dlugosc_m": 342.0,
                "predkosc_ms": 8.055555,
                "predkosc_kmh": 28.999998,
                "free_flow_ms": 8.888889,
                "free_flow_kmh": 32.000000400000005,
                "jam_factor": 0.0,
                "confidence": 0.99,
                "traversability": "open"
            },
            "geometry": {
                "type": "LineString",
                "coordinates": [
                    [
                        13.38086,
                        52.51638
                    ],
                    [
                        13.3819,
                        52.51644
                    ],
                    [
                        13.38287,
                        52.5165
                    ],
                    [
                        13.38355,
                        52.51655
                    ],
                    [
                        13.38401,
                        52.51659
                    ],
                    [
                        13.38427,
                        52.5166
                    ],
                    [
                        13.3849,
                        52.51663
                    ],
                    [
                        13.38528,
                        52.51665
                    ],
                    [
                        13.38583,
                        52.51668
                    ]
                ]
            }
        },
        {
            "type": "Feature",
            "properties": {
                "id": 53,
                "nazwa": "Friedrichstraße",
                "dlugosc_m": 207.0,
                "predkosc_ms": 8.611112,
                "predkosc_kmh": 31.000003200000002,
                "free_flow_ms": 8.333334,
                "free_flow_kmh": 30.000002400000003,
                "jam_factor": 0.0,
                "confidence": 0.99,
                "traversability": "open"
            },
            "geometry": {
                "type": "LineString",
                "coordinates": [
                    [
                        13.38583,
                        52.51668
                    ],
                    [
                        13.38628,
                        52.51672
                    ],
                    [
                        13.38733,
                        52.51678
                    ],
                    [
                        13.38813,
                        52.51683
                    ],
                    [
                        13.38884,
                        52.51688
                    ]
                ]
            }
        },
        {
            "type": "Feature",
            "properties": {
                "id": 54,
                "nazwa": "Stralauer Straße",
                "dlugosc_m": 686.0,
                "predkosc_ms": 7.2222223,
                "predkosc_kmh": 26.000000280000002,
                "free_flow_ms": 9.722222,
                "free_flow_kmh": 34.999999200000005,
                "jam_factor": 1.6,
                "confidence": 0.99,
                "traversability": "open"
            },
            "geometry": {
                "type": "LineString",
                "coordinates": [
                    [
                        13.41504,
                        52.52091
                    ],
                    [
                        13.41458,
                        52.52055
                    ],
                    [
                        13.41438,
                        52.52041
                    ],
                    [
                        13.41421,
                        52.52029
                    ],
                    [
                        13.41377,
                        52.52007
                    ],
                    [
                        13.41319,
                        52.51982
                    ],
                    [
                        13.41289,
                        52.51969
                    ],
                    [
                        13.4124,
                        52.51947
                    ],
                    [
                        13.41222,
                        52.51935
                    ],
                    [
                        13.41205,
                        52.51927
                    ],
                    [
                        13.41185,
                        52.51918
                    ],
                    [
                        13.41124,
                        52.51889
                    ],
                    [
                        13.41097,
                        52.51876
                    ],
                    [
                        13.41035,
                        52.51847
                    ],
                    [
                        13.4098,
                        52.5182
                    ],
                    [
                        13.40947,
                        52.51803
                    ],
                    [
                        13.40875,
                        52.51767
                    ],
                    [
                        13.40845,
                        52.51752
                    ],
                    [
                        13.40839,
                        52.51747
                    ],
                    [
                        13.40837,
                        52.51742
                    ],
                    [
                        13.40838,
                        52.51738
                    ],
                    [
                        13.40844,
                        52.51729
                    ],
                    [
                        13.40857,
                        52.51716
                    ],
                    [
                        13.40872,
                        52.51698
                    ],
                    [
                        13.40875,
                        52.51692
                    ],
                    [
                        13.40876,
                        52.51684
                    ],
                    [
                        13.40872,
                        52.51676
                    ],
                    [
                        13.40868,
                        52.51671
                    ]
                ]
            }
        },
        {
            "type": "Feature",
            "properties": {
                "id": 55,
                "nazwa": "Alexanderplatz",
                "dlugosc_m": 715.0,
                "predkosc_ms": 5.8333335,
                "predkosc_kmh": 21.0000006,
                "free_flow_ms": 9.722222,
                "free_flow_kmh": 34.999999200000005,
                "jam_factor": 2.9,
                "confidence": 0.99,
                "traversability": "open"
            },
            "geometry": {
                "type": "LineString",
                "coordinates": [
                    [
                        13.40916,
                        52.51777
                    ],
                    [
                        13.40958,
                        52.51797
                    ],
                    [
                        13.4099,
                        52.51812
                    ],
                    [
                        13.41047,
                        52.51838
                    ],
                    [
                        13.41129,
                        52.51877
                    ],
                    [
                        13.41207,
                        52.51915
                    ],
                    [
                        13.41238,
                        52.51929
                    ],
                    [
                        13.41254,
                        52.51934
                    ],
                    [
                        13.413,
                        52.51946
                    ],
                    [
                        13.41348,
                        52.51961
                    ],
                    [
                        13.41368,
                        52.51971
                    ],
                    [
                        13.41385,
                        52.51979
                    ],
                    [
                        13.41403,
                        52.51989
                    ],
                    [
                        13.41452,
                        52.52013
                    ],
                    [
                        13.4147,
                        52.52024
                    ],
                    [
                        13.41483,
                        52.52035
                    ],
                    [
                        13.41523,
                        52.52069
                    ],
                    [
                        13.41536,
                        52.52082
                    ],
                    [
                        13.41596,
                        52.52129
                    ],
                    [
                        13.41609,
                        52.52141
                    ],
                    [
                        13.41625,
                        52.52156
                    ],
                    [
                        13.41648,
                        52.52179
                    ],
                    [
                        13.41657,
                        52.52189
                    ],
                    [
                        13.41674,
                        52.52205
                    ]
                ]
            }
        },
        {
            "type": "Feature",
            "properties": {
                "id": 56,
                "nazwa": "Stralauer Straße",
                "dlugosc_m": 686.0,
                "predkosc_ms": 6.9444447,
                "predkosc_kmh": 25.00000092,
                "free_flow_ms": 9.722222,
                "free_flow_kmh": 34.999999200000005,
                "jam_factor": 1.8,
                "confidence": 0.99,
                "traversability": "open"
            },
            "geometry": {
                "type": "LineString",
                "coordinates": [
                    [
                        13.41581,
                        52.52165
                    ],
                    [
                        13.41563,
                        52.52148
                    ],
                    [
                        13.41546,
                        52.52131
                    ],
                    [
                        13.4151,
                        52.52096
                    ],
                    [
                        13.41504,
                        52.52091
                    ],
                    [
                        13.41458,
                        52.52055
                    ],
                    [
                        13.41438,
                        52.52041
                    ],
                    [
                        13.41421,
                        52.52029
                    ],
                    [
                        13.41377,
                        52.52007
                    ],
                    [
                        13.41319,
                        52.51982
                    ],
                    [
                        13.41289,
                        52.51969
                    ],
                    [
                        13.4124,
                        52.51947
                    ],
                    [
                        13.41222,
                        52.51935
                    ],
                    [
                        13.41205,
                        52.51927
                    ],
                    [
                        13.41185,
                        52.51918
                    ],
                    [
                        13.41124,
                        52.51889
                    ],
                    [
                        13.41097,
                        52.51876
                    ],
                    [
                        13.41035,
                        52.51847
                    ],
                    [
                        13.4098,
                        52.5182
                    ],
                    [
                        13.40947,
                        52.51803
                    ],
                    [
                        13.40875,
                        52.51767
                    ],
                    [
                        13.40845,
                        52.51752
                    ]
                ]
            }
        },
        {
            "type": "Feature",
            "properties": {
                "id": 57,
                "nazwa": "Alexanderstraße",
                "dlugosc_m": 549.0,
                "predkosc_ms": 7.5,
                "predkosc_kmh": 27.0,
                "free_flow_ms": 11.111112,
                "free_flow_kmh": 40.0000032,
                "jam_factor": 3.1,
                "confidence": 0.99,
                "traversability": "open"
            },
            "geometry": {
                "type": "LineString",
                "coordinates": [
                    [
                        13.40916,
                        52.51777
                    ],
                    [
                        13.40958,
                        52.51797
                    ],
                    [
                        13.4099,
                        52.51812
                    ],
                    [
                        13.41047,
                        52.51838
                    ],
                    [
                        13.41129,
                        52.51877
                    ],
                    [
                        13.41207,
                        52.51915
                    ],
                    [
                        13.41238,
                        52.51929
                    ],
                    [
                        13.41254,
                        52.51934
                    ],
                    [
                        13.413,
                        52.51946
                    ],
                    [
                        13.41348,
                        52.51961
                    ],
                    [
                        13.41368,
                        52.51971
                    ],
                    [
                        13.41385,
                        52.51979
                    ],
                    [
                        13.41403,
                        52.51989
                    ],
                    [
                        13.41452,
                        52.52013
                    ],
                    [
                        13.4147,
                        52.52024
                    ],
                    [
                        13.41483,
                        52.52035
                    ],
                    [
                        13.41523,
                        52.52069
                    ],
                    [
                        13.41536,
                        52.52082
                    ]
                ]
            }
        },
        {
            "type": "Feature",
            "properties": {
                "id": 58,
                "nazwa": "Friedrichstraße",
                "dlugosc_m": 1173.0,
                "predkosc_ms": 10.555556,
                "predkosc_kmh": 38.0000016,
                "free_flow_ms": 11.666667,
                "free_flow_kmh": 42.0000012,
                "jam_factor": 1.0,
                "confidence": 0.99,
                "traversability": "open"
            },
            "geometry": {
                "type": "LineString",
                "coordinates": [
                    [
                        13.40463,
                        52.52004
                    ],
                    [
                        13.4038,
                        52.51954
                    ],
                    [
                        13.40369,
                        52.51944
                    ],
                    [
                        13.40345,
                        52.51931
                    ],
                    [
                        13.40277,
                        52.51898
                    ],
                    [
                        13.40265,
                        52.51893
                    ],
                    [
                        13.40251,
                        52.51887
                    ],
                    [
                        13.40243,
                        52.51884
                    ],
                    [
                        13.40209,
                        52.5187
                    ],
                    [
                        13.40197,
                        52.51865
                    ],
                    [
                        13.40183,
                        52.5186
                    ],
                    [
                        13.40123,
                        52.51837
                    ],
                    [
                        13.40101,
                        52.5183
                    ],
                    [
                        13.40091,
                        52.51826
                    ],
                    [
                        13.40063,
                        52.51815
                    ],
                    [
                        13.39979,
                        52.51783
                    ],
                    [
                        13.39962,
                        52.51777
                    ],
                    [
                        13.39937,
                        52.51771
                    ],
                    [
                        13.39917,
                        52.51768
                    ],
                    [
                        13.3989,
                        52.51766
                    ],
                    [
                        13.3985,
                        52.51763
                    ],
                    [
                        13.39803,
                        52.5176
                    ],
                    [
                        13.3974,
                        52.51756
                    ],
                    [
                        13.39674,
                        52.51752
                    ],
                    [
                        13.39631,
                        52.51748
                    ],
                    [
                        13.39623,
                        52.5175
                    ],
                    [
                        13.39604,
                        52.51752
                    ],
                    [
                        13.39515,
                        52.51747
                    ],
                    [
                        13.39415,
                        52.51739
                    ],
                    [
                        13.3935,
                        52.51735
                    ],
                    [
                        13.39313,
                        52.51737
                    ],
                    [
                        13.39279,
                        52.51738
                    ],
                    [
                        13.3926,
                        52.51737
                    ],
                    [
                        13.39187,
                        52.51733
                    ],
                    [
                        13.39152,
                        52.51731
                    ],
                    [
                        13.3912,
                        52.5173
                    ],
                    [
                        13.39067,
                        52.51726
                    ],
                    [
                        13.38955,
                        52.51719
                    ],
                    [
                        13.38909,
                        52.51716
                    ],
                    [
                        13.38879,
                        52.51714
                    ]
                ]
            }
        },
        {
            "type": "Feature",
            "properties": {
                "id": 59,
                "nazwa": "Axel-Springer-Straße",
                "dlugosc_m": 441.0,
                "predkosc_ms": 10.0,
                "predkosc_kmh": 36.0,
                "free_flow_ms": 10.555556,
                "free_flow_kmh": 38.0000016,
                "jam_factor": 0.4,
                "confidence": 0.99,
                "traversability": "open"
            },
            "geometry": {
                "type": "LineString",
                "coordinates": [
                    [
                        13.40569,
                        52.51412
                    ],
                    [
                        13.40552,
                        52.514
                    ],
                    [
                        13.40489,
                        52.51354
                    ],
                    [
                        13.40457,
                        52.5133
                    ],
                    [
                        13.40412,
                        52.51298
                    ],
                    [
                        13.4035,
                        52.51256
                    ],
                    [
                        13.40328,
                        52.5124
                    ],
                    [
                        13.40314,
                        52.51231
                    ],
                    [
                        13.40308,
                        52.51226
                    ],
                    [
                        13.40283,
                        52.51209
                    ],
                    [
                        13.40271,
                        52.51201
                    ],
                    [
                        13.40246,
                        52.51185
                    ],
                    [
                        13.40211,
                        52.51165
                    ],
                    [
                        13.40197,
                        52.51158
                    ],
                    [
                        13.40156,
                        52.51143
                    ],
                    [
                        13.40118,
                        52.51133
                    ]
                ]
            }
        },
        {
            "type": "Feature",
            "properties": {
                "id": 60,
                "nazwa": "Fischerinsel",
                "dlugosc_m": 446.0,
                "predkosc_ms": 7.5,
                "predkosc_kmh": 27.0,
                "free_flow_ms": 9.166667,
                "free_flow_kmh": 33.0000012,
                "jam_factor": 0.9,
                "confidence": 0.99,
                "traversability": "open"
            },
            "geometry": {
                "type": "LineString",
                "coordinates": [
                    [
                        13.40126,
                        52.51121
                    ],
                    [
                        13.40142,
                        52.51125
                    ],
                    [
                        13.40158,
                        52.5113
                    ],
                    [
                        13.40171,
                        52.51134
                    ],
                    [
                        13.40193,
                        52.51143
                    ],
                    [
                        13.40231,
                        52.51161
                    ],
                    [
                        13.40261,
                        52.51178
                    ],
                    [
                        13.40282,
                        52.51192
                    ],
                    [
                        13.40295,
                        52.512
                    ],
                    [
                        13.40318,
                        52.51215
                    ],
                    [
                        13.40332,
                        52.51224
                    ],
                    [
                        13.40345,
                        52.51234
                    ],
                    [
                        13.40377,
                        52.51257
                    ],
                    [
                        13.40418,
                        52.51285
                    ],
                    [
                        13.40468,
                        52.51321
                    ],
                    [
                        13.40506,
                        52.51346
                    ],
                    [
                        13.40582,
                        52.51402
                    ]
                ]
            }
        },
        {
            "type": "Feature",
            "properties": {
                "id": 61,
                "nazwa": "Spandauer Straße",
                "dlugosc_m": 1189.0,
                "predkosc_ms": 9.722222,
                "predkosc_kmh": 34.999999200000005,
                "free_flow_ms": 10.833334,
                "free_flow_kmh": 39.00000240000001,
                "jam_factor": 0.9,
                "confidence": 0.99,
                "traversability": "open"
            },
            "geometry": {
                "type": "LineString",
                "coordinates": [
                    [
                        13.38884,
                        52.51688
                    ],
                    [
                        13.38921,
                        52.5169
                    ],
                    [
                        13.38961,
                        52.51693
                    ],
                    [
                        13.3899,
                        52.51696
                    ],
                    [
                        13.39022,
                        52.51698
                    ],
                    [
                        13.39069,
                        52.51701
                    ],
                    [
                        13.39204,
                        52.51707
                    ],
                    [
                        13.39261,
                        52.51711
                    ],
                    [
                        13.39284,
                        52.51713
                    ],
                    [
                        13.39312,
                        52.5172
                    ],
                    [
                        13.39327,
                        52.51725
                    ],
                    [
                        13.39347,
                        52.51727
                    ],
                    [
                        13.39384,
                        52.51729
                    ],
                    [
                        13.39416,
                        52.51731
                    ],
                    [
                        13.39447,
                        52.51733
                    ],
                    [
                        13.39481,
                        52.51734
                    ],
                    [
                        13.39516,
                        52.51735
                    ],
                    [
                        13.39613,
                        52.51742
                    ],
                    [
                        13.39625,
                        52.51745
                    ],
                    [
                        13.39631,
                        52.51748
                    ],
                    [
                        13.39674,
                        52.51752
                    ],
                    [
                        13.3974,
                        52.51756
                    ],
                    [
                        13.39803,
                        52.5176
                    ],
                    [
                        13.3985,
                        52.51763
                    ],
                    [
                        13.3989,
                        52.51766
                    ],
                    [
                        13.39917,
                        52.51768
                    ],
                    [
                        13.39937,
                        52.51771
                    ],
                    [
                        13.39962,
                        52.51777
                    ],
                    [
                        13.39979,
                        52.51783
                    ],
                    [
                        13.40063,
                        52.51815
                    ],
                    [
                        13.40091,
                        52.51826
                    ],
                    [
                        13.40101,
                        52.5183
                    ],
                    [
                        13.40123,
                        52.51837
                    ],
                    [
                        13.40183,
                        52.5186
                    ],
                    [
                        13.40197,
                        52.51865
                    ],
                    [
                        13.40209,
                        52.5187
                    ],
                    [
                        13.40243,
                        52.51884
                    ],
                    [
                        13.40251,
                        52.51887
                    ],
                    [
                        13.40265,
                        52.51893
                    ],
                    [
                        13.40277,
                        52.51898
                    ],
                    [
                        13.40345,
                        52.51931
                    ],
                    [
                        13.40369,
                        52.51944
                    ],
                    [
                        13.40392,
                        52.51948
                    ],
                    [
                        13.40437,
                        52.51973
                    ],
                    [
                        13.40477,
                        52.51994
                    ],
                    [
                        13.40495,
                        52.52003
                    ]
                ]
            }
        },
        {
            "type": "Feature",
            "properties": {
                "id": 62,
                "nazwa": "Fischerinsel",
                "dlugosc_m": 353.0,
                "predkosc_ms": 6.9444447,
                "predkosc_kmh": 25.00000092,
                "free_flow_ms": 9.444445,
                "free_flow_kmh": 34.000002,
                "jam_factor": 1.6,
                "confidence": 0.99,
                "traversability": "open"
            },
            "geometry": {
                "type": "LineString",
                "coordinates": [
                    [
                        13.40868,
                        52.51671
                    ],
                    [
                        13.4085,
                        52.51655
                    ],
                    [
                        13.40825,
                        52.51633
                    ],
                    [
                        13.40798,
                        52.51609
                    ],
                    [
                        13.4077,
                        52.51585
                    ],
                    [
                        13.40747,
                        52.51566
                    ],
                    [
                        13.40724,
                        52.51547
                    ],
                    [
                        13.40718,
                        52.51542
                    ],
                    [
                        13.40641,
                        52.5147
                    ],
                    [
                        13.40613,
                        52.51445
                    ],
                    [
                        13.40593,
                        52.51429
                    ],
                    [
                        13.40569,
                        52.51412
                    ]
                ]
            }
        },
        {
            "type": "Feature",
            "properties": {
                "id": 63,
                "nazwa": "Stralauer Straße",
                "dlugosc_m": 57.0,
                "predkosc_ms": 8.888889,
                "predkosc_kmh": 32.000000400000005,
                "free_flow_ms": 9.166667,
                "free_flow_kmh": 33.0000012,
                "jam_factor": 0.0,
                "confidence": 0.99,
                "traversability": "open"
            },
            "geometry": {
                "type": "LineString",
                "coordinates": [
                    [
                        13.40865,
                        52.51739
                    ],
                    [
                        13.40866,
                        52.51747
                    ],
                    [
                        13.40874,
                        52.51755
                    ],
                    [
                        13.40916,
                        52.51777
                    ]
                ]
            }
        },
        {
            "type": "Feature",
            "properties": {
                "id": 64,
                "nazwa": "Spandauer Straße",
                "dlugosc_m": 651.0,
                "predkosc_ms": 7.777778,
                "predkosc_kmh": 28.0000008,
                "free_flow_ms": 9.722222,
                "free_flow_kmh": 34.999999200000005,
                "jam_factor": 1.1,
                "confidence": 0.99,
                "traversability": "open"
            },
            "geometry": {
                "type": "LineString",
                "coordinates": [
                    [
                        13.41178,
                        52.5239
                    ],
                    [
                        13.41163,
                        52.52379
                    ],
                    [
                        13.41141,
                        52.52364
                    ],
                    [
                        13.41092,
                        52.52334
                    ],
                    [
                        13.41035,
                        52.52298
                    ],
                    [
                        13.40975,
                        52.52262
                    ],
                    [
                        13.40925,
                        52.52235
                    ],
                    [
                        13.40877,
                        52.52212
                    ],
                    [
                        13.40854,
                        52.522
                    ],
                    [
                        13.40787,
                        52.52166
                    ],
                    [
                        13.40728,
                        52.52137
                    ],
                    [
                        13.40651,
                        52.52098
                    ],
                    [
                        13.40605,
                        52.52075
                    ],
                    [
                        13.4059,
                        52.52068
                    ],
                    [
                        13.40571,
                        52.5206
                    ],
                    [
                        13.40549,
                        52.52051
                    ],
                    [
                        13.40507,
                        52.52029
                    ],
                    [
                        13.40482,
                        52.52014
                    ],
                    [
                        13.40463,
                        52.52004
                    ]
                ]
            }
        },
        {
            "type": "Feature",
            "properties": {
                "id": 65,
                "nazwa": "Stralauer Straße",
                "dlugosc_m": 509.0,
                "predkosc_ms": 5.277778,
                "predkosc_kmh": 19.0000008,
                "free_flow_ms": 7.777778,
                "free_flow_kmh": 28.0000008,
                "jam_factor": 1.9,
                "confidence": 0.99,
                "traversability": "open"
            },
            "geometry": {
                "type": "LineString",
                "coordinates": [
                    [
                        13.40582,
                        52.51402
                    ],
                    [
                        13.40608,
                        52.51423
                    ],
                    [
                        13.40651,
                        52.51457
                    ],
                    [
                        13.40663,
                        52.51467
                    ],
                    [
                        13.4072,
                        52.51515
                    ],
                    [
                        13.40742,
                        52.51535
                    ],
                    [
                        13.4075,
                        52.51541
                    ],
                    [
                        13.40769,
                        52.51555
                    ],
                    [
                        13.40802,
                        52.51582
                    ],
                    [
                        13.40834,
                        52.51609
                    ],
                    [
                        13.4086,
                        52.51631
                    ],
                    [
                        13.40872,
                        52.51642
                    ],
                    [
                        13.40896,
                        52.51666
                    ],
                    [
                        13.40904,
                        52.51683
                    ],
                    [
                        13.40903,
                        52.51695
                    ],
                    [
                        13.40892,
                        52.5171
                    ],
                    [
                        13.40877,
                        52.51725
                    ],
                    [
                        13.40865,
                        52.51739
                    ],
                    [
                        13.40866,
                        52.51747
                    ],
                    [
                        13.40874,
                        52.51755
                    ],
                    [
                        13.40916,
                        52.51777
                    ]
                ]
            }
        },
        {
            "type": "Feature",
            "properties": {
                "id": 66,
                "nazwa": "Alexanderplatz",
                "dlugosc_m": 653.0,
                "predkosc_ms": 6.111111,
                "predkosc_kmh": 21.999999600000002,
                "free_flow_ms": 8.888889,
                "free_flow_kmh": 32.000000400000005,
                "jam_factor": 2.8,
                "confidence": 0.99,
                "traversability": "open"
            },
            "geometry": {
                "type": "LineString",
                "coordinates": [
                    [
                        13.40495,
                        52.52003
                    ],
                    [
                        13.40525,
                        52.52018
                    ],
                    [
                        13.40606,
                        52.52058
                    ],
                    [
                        13.40611,
                        52.5206
                    ],
                    [
                        13.40736,
                        52.52124
                    ],
                    [
                        13.40741,
                        52.52127
                    ],
                    [
                        13.40793,
                        52.52153
                    ],
                    [
                        13.40805,
                        52.52159
                    ],
                    [
                        13.40867,
                        52.5219
                    ],
                    [
                        13.40891,
                        52.52202
                    ],
                    [
                        13.40942,
                        52.52226
                    ],
                    [
                        13.40976,
                        52.52244
                    ],
                    [
                        13.41001,
                        52.52257
                    ],
                    [
                        13.41113,
                        52.52325
                    ],
                    [
                        13.41118,
                        52.52328
                    ],
                    [
                        13.41141,
                        52.52341
                    ],
                    [
                        13.41165,
                        52.52356
                    ],
                    [
                        13.41187,
                        52.52369
                    ],
                    [
                        13.412,
                        52.52378
                    ],
                    [
                        13.41213,
                        52.52389
                    ]
                ]
            }
        },
        {
            "type": "Feature",
            "properties": {
                "id": 67,
                "nazwa": "Rosenthaler Platz",
                "dlugosc_m": 446.0,
                "predkosc_ms": 4.7222223,
                "predkosc_kmh": 17.000000280000002,
                "free_flow_ms": 6.666667,
                "free_flow_kmh": 24.000001200000003,
                "jam_factor": 1.2,
                "confidence": 0.99,
                "traversability": "open"
            },
            "geometry": {
                "type": "LineString",
                "coordinates": [
                    [
                        13.40366,
                        52.52607
                    ],
                    [
                        13.40356,
                        52.52639
                    ],
                    [
                        13.40345,
                        52.52683
                    ],
                    [
                        13.4034,
                        52.527
                    ],
                    [
                        13.40332,
                        52.52717
                    ],
                    [
                        13.40313,
                        52.52745
                    ],
                    [
                        13.40297,
                        52.52769
                    ],
                    [
                        13.40264,
                        52.52808
                    ],
                    [
                        13.40189,
                        52.52898
                    ],
                    [
                        13.40141,
                        52.52961
                    ],
                    [
                        13.40126,
                        52.52976
                    ]
                ]
            }
        },
        {
            "type": "Feature",
            "properties": {
                "id": 68,
                "nazwa": "Gipsstraße",
                "dlugosc_m": 227.0,
                "predkosc_ms": 6.111111,
                "predkosc_kmh": 21.999999600000002,
                "free_flow_ms": 5.0,
                "free_flow_kmh": 18.0,
                "jam_factor": 0.0,
                "confidence": 0.99,
                "traversability": "open"
            },
            "geometry": {
                "type": "LineString",
                "coordinates": [
                    [
                        13.4064,
                        52.52494
                    ],
                    [
                        13.40623,
                        52.52496
                    ],
                    [
                        13.40606,
                        52.52501
                    ],
                    [
                        13.40424,
                        52.52584
                    ],
                    [
                        13.40388,
                        52.526
                    ],
                    [
                        13.40366,
                        52.52607
                    ]
                ]
            }
        },
        {
            "type": "Feature",
            "properties": {
                "id": 69,
                "nazwa": "Alte Schönhauser Straße",
                "dlugosc_m": 367.0,
                "predkosc_ms": 4.4444447,
                "predkosc_kmh": 16.00000092,
                "free_flow_ms": 6.111111,
                "free_flow_kmh": 21.999999600000002,
                "jam_factor": 2.5,
                "confidence": 0.99,
                "traversability": "open"
            },
            "geometry": {
                "type": "LineString",
                "coordinates": [
                    [
                        13.41144,
                        52.524
                    ],
                    [
                        13.41102,
                        52.524
                    ],
                    [
                        13.41038,
                        52.52403
                    ],
                    [
                        13.41003,
                        52.52405
                    ],
                    [
                        13.40971,
                        52.52407
                    ],
                    [
                        13.40931,
                        52.52409
                    ],
                    [
                        13.40912,
                        52.52413
                    ],
                    [
                        13.40892,
                        52.52419
                    ],
                    [
                        13.4079,
                        52.52454
                    ],
                    [
                        13.40782,
                        52.52457
                    ],
                    [
                        13.40712,
                        52.52481
                    ],
                    [
                        13.40678,
                        52.5249
                    ],
                    [
                        13.40658,
                        52.52493
                    ],
                    [
                        13.4064,
                        52.52494
                    ]
                ]
            }
        },
        {
            "type": "Feature",
            "properties": {
                "id": 70,
                "nazwa": "Friedrichstraße",
                "dlugosc_m": 782.0,
                "predkosc_ms": 8.888889,
                "predkosc_kmh": 32.000000400000005,
                "free_flow_ms": 9.444445,
                "free_flow_kmh": 34.000002,
                "jam_factor": 0.3,
                "confidence": 0.99,
                "traversability": "open"
            },
            "geometry": {
                "type": "LineString",
                "coordinates": [
                    [
                        13.40118,
                        52.51133
                    ],
                    [
                        13.40101,
                        52.5113
                    ],
                    [
                        13.40042,
                        52.51122
                    ],
                    [
                        13.39974,
                        52.51115
                    ],
                    [
                        13.39795,
                        52.51103
                    ],
                    [
                        13.39772,
                        52.51103
                    ],
                    [
                        13.39711,
                        52.51101
                    ],
                    [
                        13.39676,
                        52.51099
                    ],
                    [
                        13.3965,
                        52.51096
                    ],
                    [
                        13.39617,
                        52.51092
                    ],
                    [
                        13.3942,
                        52.51079
                    ],
                    [
                        13.39372,
                        52.51076
                    ],
                    [
                        13.3934,
                        52.51075
                    ],
                    [
                        13.39276,
                        52.51072
                    ],
                    [
                        13.39259,
                        52.5107
                    ],
                    [
                        13.39243,
                        52.51066
                    ],
                    [
                        13.39199,
                        52.51057
                    ],
                    [
                        13.39179,
                        52.51049
                    ],
                    [
                        13.39087,
                        52.51042
                    ],
                    [
                        13.3899,
                        52.51036
                    ]
                ]
            }
        },
        {
            "type": "Feature",
            "properties": {
                "id": 71,
                "nazwa": "Axel-Springer-Straße",
                "dlugosc_m": 785.0,
                "predkosc_ms": 7.2222223,
                "predkosc_kmh": 26.000000280000002,
                "free_flow_ms": 8.888889,
                "free_flow_kmh": 32.000000400000005,
                "jam_factor": 1.9,
                "confidence": 0.99,
                "traversability": "open"
            },
            "geometry": {
                "type": "LineString",
                "coordinates": [
                    [
                        13.3899,
                        52.51036
                    ],
                    [
                        13.39087,
                        52.51042
                    ],
                    [
                        13.39179,
                        52.51049
                    ],
                    [
                        13.392,
                        52.51047
                    ],
                    [
                        13.39243,
                        52.51054
                    ],
                    [
                        13.39275,
                        52.5106
                    ],
                    [
                        13.39331,
                        52.51063
                    ],
                    [
                        13.39373,
                        52.51066
                    ],
                    [
                        13.39395,
                        52.51068
                    ],
                    [
                        13.39481,
                        52.51075
                    ],
                    [
                        13.3962,
                        52.51084
                    ],
                    [
                        13.39659,
                        52.51086
                    ],
                    [
                        13.39679,
                        52.51087
                    ],
                    [
                        13.39715,
                        52.51089
                    ],
                    [
                        13.39747,
                        52.51091
                    ],
                    [
                        13.39796,
                        52.51094
                    ],
                    [
                        13.39835,
                        52.51096
                    ],
                    [
                        13.39992,
                        52.51107
                    ],
                    [
                        13.40047,
                        52.5111
                    ],
                    [
                        13.4008,
                        52.51112
                    ],
                    [
                        13.40108,
                        52.51117
                    ],
                    [
                        13.40126,
                        52.51121
                    ]
                ]
            }
        },
        {
            "type": "Feature",
            "properties": {
                "id": 72,
                "nazwa": "Dorotheenstraße",
                "dlugosc_m": 164.0,
                "predkosc_ms": 4.4444447,
                "predkosc_kmh": 16.00000092,
                "free_flow_ms": 5.555556,
                "free_flow_kmh": 20.0000016,
                "jam_factor": 0.5,
                "confidence": 0.99,
                "traversability": "open"
            },
            "geometry": {
                "type": "LineString",
                "coordinates": [
                    [
                        13.38077,
                        52.51662
                    ],
                    [
                        13.38066,
                        52.51693
                    ],
                    [
                        13.38063,
                        52.51711
                    ],
                    [
                        13.38056,
                        52.51741
                    ],
                    [
                        13.38053,
                        52.51761
                    ],
                    [
                        13.38045,
                        52.51808
                    ]
                ]
            }
        },
        {
            "type": "Feature",
            "properties": {
                "id": 73,
                "nazwa": "Wilhelmstraße",
                "dlugosc_m": 394.0,
                "predkosc_ms": 4.4444447,
                "predkosc_kmh": 16.00000092,
                "free_flow_ms": 7.5,
                "free_flow_kmh": 27.0,
                "jam_factor": 2.9,
                "confidence": 0.99,
                "traversability": "open"
            },
            "geometry": {
                "type": "LineString",
                "coordinates": [
                    [
                        13.3899,
                        52.51036
                    ],
                    [
                        13.38927,
                        52.51032
                    ],
                    [
                        13.3874,
                        52.51018
                    ],
                    [
                        13.38643,
                        52.51012
                    ],
                    [
                        13.38541,
                        52.51007
                    ],
                    [
                        13.38505,
                        52.51005
                    ],
                    [
                        13.38418,
                        52.51
                    ]
                ]
            }
        },
        {
            "type": "Feature",
            "properties": {
                "id": 74,
                "nazwa": "Friedrichstraße",
                "dlugosc_m": 394.0,
                "predkosc_ms": 6.111111,
                "predkosc_kmh": 21.999999600000002,
                "free_flow_ms": 7.5,
                "free_flow_kmh": 27.0,
                "jam_factor": 1.8,
                "confidence": 0.99,
                "traversability": "open"
            },
            "geometry": {
                "type": "LineString",
                "coordinates": [
                    [
                        13.38418,
                        52.51
                    ],
                    [
                        13.38505,
                        52.51005
                    ],
                    [
                        13.38541,
                        52.51007
                    ],
                    [
                        13.38643,
                        52.51012
                    ],
                    [
                        13.3874,
                        52.51018
                    ],
                    [
                        13.38927,
                        52.51032
                    ],
                    [
                        13.3899,
                        52.51036
                    ]
                ]
            }
        },
        {
            "type": "Feature",
            "properties": {
                "id": 75,
                "nazwa": "Wilhelmstraße",
                "dlugosc_m": 509.0,
                "predkosc_ms": 8.333334,
                "predkosc_kmh": 30.000002400000003,
                "free_flow_ms": 8.333334,
                "free_flow_kmh": 30.000002400000003,
                "jam_factor": 0.0,
                "confidence": 0.99,
                "traversability": "open"
            },
            "geometry": {
                "type": "LineString",
                "coordinates": [
                    [
                        13.3768,
                        52.50945
                    ],
                    [
                        13.37701,
                        52.50949
                    ],
                    [
                        13.37716,
                        52.50954
                    ],
                    [
                        13.37745,
                        52.50957
                    ],
                    [
                        13.37778,
                        52.50959
                    ],
                    [
                        13.37836,
                        52.50963
                    ],
                    [
                        13.37853,
                        52.50964
                    ],
                    [
                        13.37871,
                        52.50965
                    ],
                    [
                        13.37934,
                        52.5097
                    ],
                    [
                        13.37948,
                        52.50971
                    ],
                    [
                        13.37967,
                        52.50972
                    ],
                    [
                        13.38123,
                        52.50982
                    ],
                    [
                        13.38183,
                        52.50985
                    ],
                    [
                        13.3833,
                        52.50994
                    ],
                    [
                        13.38367,
                        52.50997
                    ],
                    [
                        13.38418,
                        52.51
                    ]
                ]
            }
        },
        {
            "type": "Feature",
            "properties": {
                "id": 76,
                "nazwa": "Stresemannstraße",
                "dlugosc_m": 522.0,
                "predkosc_ms": 8.333334,
                "predkosc_kmh": 30.000002400000003,
                "free_flow_ms": 8.055555,
                "free_flow_kmh": 28.999998,
                "jam_factor": 0.0,
                "confidence": 0.99,
                "traversability": "open"
            },
            "geometry": {
                "type": "LineString",
                "coordinates": [
                    [
                        13.38418,
                        52.51
                    ],
                    [
                        13.38367,
                        52.50997
                    ],
                    [
                        13.3833,
                        52.50994
                    ],
                    [
                        13.38183,
                        52.50985
                    ],
                    [
                        13.38123,
                        52.50982
                    ],
                    [
                        13.37967,
                        52.50972
                    ],
                    [
                        13.37948,
                        52.50971
                    ],
                    [
                        13.37934,
                        52.5097
                    ],
                    [
                        13.37871,
                        52.50965
                    ],
                    [
                        13.37853,
                        52.50964
                    ],
                    [
                        13.37836,
                        52.50963
                    ],
                    [
                        13.37778,
                        52.50959
                    ],
                    [
                        13.37745,
                        52.50957
                    ],
                    [
                        13.37716,
                        52.50954
                    ],
                    [
                        13.37702,
                        52.50958
                    ],
                    [
                        13.37678,
                        52.50959
                    ],
                    [
                        13.37659,
                        52.50959
                    ]
                ]
            }
        },
        {
            "type": "Feature",
            "properties": {
                "id": 77,
                "nazwa": "Dorotheenstraße",
                "dlugosc_m": 248.0,
                "predkosc_ms": 4.7222223,
                "predkosc_kmh": 17.000000280000002,
                "free_flow_ms": 6.666667,
                "free_flow_kmh": 24.000001200000003,
                "jam_factor": 2.9,
                "confidence": 0.99,
                "traversability": "open"
            },
            "geometry": {
                "type": "LineString",
                "coordinates": [
                    [
                        13.38045,
                        52.51808
                    ],
                    [
                        13.38024,
                        52.51807
                    ],
                    [
                        13.38003,
                        52.51805
                    ],
                    [
                        13.37799,
                        52.51791
                    ],
                    [
                        13.37733,
                        52.51784
                    ],
                    [
                        13.37697,
                        52.51779
                    ],
                    [
                        13.37686,
                        52.51778
                    ]
                ]
            }
        },
        {
            "type": "Feature",
            "properties": {
                "id": 78,
                "nazwa": "Unter den Linden",
                "dlugosc_m": 206.0,
                "predkosc_ms": 5.8333335,
                "predkosc_kmh": 21.0000006,
                "free_flow_ms": 9.722222,
                "free_flow_kmh": 34.999999200000005,
                "jam_factor": 3.0,
                "confidence": 0.99,
                "traversability": "open"
            },
            "geometry": {
                "type": "LineString",
                "coordinates": [
                    [
                        13.38879,
                        52.51714
                    ],
                    [
                        13.38823,
                        52.51709
                    ],
                    [
                        13.38783,
                        52.51705
                    ],
                    [
                        13.38716,
                        52.51701
                    ],
                    [
                        13.38666,
                        52.51699
                    ],
                    [
                        13.3858,
                        52.51696
                    ]
                ]
            }
        },
        {
            "type": "Feature",
            "properties": {
                "id": 79,
                "nazwa": "Wilhelmstraße",
                "dlugosc_m": 346.0,
                "predkosc_ms": 9.722222,
                "predkosc_kmh": 34.999999200000005,
                "free_flow_ms": 8.888889,
                "free_flow_kmh": 32.000000400000005,
                "jam_factor": 0.0,
                "confidence": 0.99,
                "traversability": "open"
            },
            "geometry": {
                "type": "LineString",
                "coordinates": [
                    [
                        13.3858,
                        52.51696
                    ],
                    [
                        13.38471,
                        52.51689
                    ],
                    [
                        13.38429,
                        52.51686
                    ],
                    [
                        13.38397,
                        52.51684
                    ],
                    [
                        13.38323,
                        52.51679
                    ],
                    [
                        13.38169,
                        52.51669
                    ],
                    [
                        13.38077,
                        52.51662
                    ]
                ]
            }
        },
        {
            "type": "Feature",
            "properties": {
                "id": 80,
                "nazwa": "Reinhardtstraße",
                "dlugosc_m": 581.0,
                "predkosc_ms": 5.8333335,
                "predkosc_kmh": 21.0000006,
                "free_flow_ms": 8.333334,
                "free_flow_kmh": 30.000002400000003,
                "jam_factor": 2.6,
                "confidence": 0.99,
                "traversability": "open"
            },
            "geometry": {
                "type": "LineString",
                "coordinates": [
                    [
                        13.38852,
                        52.51872
                    ],
                    [
                        13.38857,
                        52.51883
                    ],
                    [
                        13.38858,
                        52.519
                    ],
                    [
                        13.38847,
                        52.51966
                    ],
                    [
                        13.38841,
                        52.51978
                    ],
                    [
                        13.38835,
                        52.51984
                    ],
                    [
                        13.38824,
                        52.52042
                    ],
                    [
                        13.38815,
                        52.52095
                    ],
                    [
                        13.3881,
                        52.52121
                    ],
                    [
                        13.38807,
                        52.52142
                    ],
                    [
                        13.38801,
                        52.52177
                    ],
                    [
                        13.38805,
                        52.52184
                    ],
                    [
                        13.38805,
                        52.52192
                    ],
                    [
                        13.38803,
                        52.52209
                    ],
                    [
                        13.38794,
                        52.52253
                    ],
                    [
                        13.38784,
                        52.52309
                    ],
                    [
                        13.38783,
                        52.52341
                    ],
                    [
                        13.38784,
                        52.52352
                    ],
                    [
                        13.38781,
                        52.52374
                    ],
                    [
                        13.38778,
                        52.52391
                    ]
                ]
            }
        },
        {
            "type": "Feature",
            "properties": {
                "id": 81,
                "nazwa": "Dorotheenstraße",
                "dlugosc_m": 177.0,
                "predkosc_ms": 4.166667,
                "predkosc_kmh": 15.000001200000002,
                "free_flow_ms": 6.388889,
                "free_flow_kmh": 23.0000004,
                "jam_factor": 2.0,
                "confidence": 0.99,
                "traversability": "open"
            },
            "geometry": {
                "type": "LineString",
                "coordinates": [
                    [
                        13.38879,
                        52.51714
                    ],
                    [
                        13.38875,
                        52.51738
                    ],
                    [
                        13.38871,
                        52.51759
                    ],
                    [
                        13.38863,
                        52.51804
                    ],
                    [
                        13.38858,
                        52.51834
                    ],
                    [
                        13.38852,
                        52.51872
                    ]
                ]
            }
        },
        {
            "type": "Feature",
            "properties": {
                "id": 82,
                "nazwa": "Unter den Linden",
                "dlugosc_m": 166.0,
                "predkosc_ms": 4.4444447,
                "predkosc_kmh": 16.00000092,
                "free_flow_ms": 5.277778,
                "free_flow_kmh": 19.0000008,
                "jam_factor": 1.6,
                "confidence": 0.99,
                "traversability": "open"
            },
            "geometry": {
                "type": "LineString",
                "coordinates": [
                    [
                        13.38904,
                        52.51565
                    ],
                    [
                        13.38895,
                        52.5162
                    ],
                    [
                        13.38884,
                        52.51688
                    ],
                    [
                        13.38882,
                        52.51697
                    ],
                    [
                        13.38879,
                        52.51714
                    ]
                ]
            }
        },
        {
            "type": "Feature",
            "properties": {
                "id": 83,
                "nazwa": "Behrenstraße",
                "dlugosc_m": 51.0,
                "predkosc_ms": 1.6666667,
                "predkosc_kmh": 6.00000012,
                "free_flow_ms": 8.333334,
                "free_flow_kmh": 30.000002400000003,
                "jam_factor": 8.5,
                "confidence": 0.99,
                "traversability": "open"
            },
            "geometry": {
                "type": "LineString",
                "coordinates": [
                    [
                        13.38912,
                        52.51519
                    ],
                    [
                        13.38904,
                        52.51565
                    ]
                ]
            }
        },
        {
            "type": "Feature",
            "properties": {
                "id": 84,
                "nazwa": "Französische Straße",
                "dlugosc_m": 47.0,
                "predkosc_ms": 7.2222223,
                "predkosc_kmh": 26.000000280000002,
                "free_flow_ms": 8.333334,
                "free_flow_kmh": 30.000002400000003,
                "jam_factor": 8.2,
                "confidence": 0.99,
                "traversability": "open"
            },
            "geometry": {
                "type": "LineString",
                "coordinates": [
                    [
                        13.38919,
                        52.51477
                    ],
                    [
                        13.38912,
                        52.51519
                    ]
                ]
            }
        },
        {
            "type": "Feature",
            "properties": {
                "id": 85,
                "nazwa": "Dorotheenstraße",
                "dlugosc_m": 559.0,
                "predkosc_ms": 7.2222223,
                "predkosc_kmh": 26.000000280000002,
                "free_flow_ms": 7.2222223,
                "free_flow_kmh": 26.000000280000002,
                "jam_factor": 0.0,
                "confidence": 0.99,
                "traversability": "open"
            },
            "geometry": {
                "type": "LineString",
                "coordinates": [
                    [
                        13.38762,
                        52.5237
                    ],
                    [
                        13.38767,
                        52.52339
                    ],
                    [
                        13.38782,
                        52.5225
                    ],
                    [
                        13.38791,
                        52.52189
                    ],
                    [
                        13.38794,
                        52.52182
                    ],
                    [
                        13.38801,
                        52.52177
                    ],
                    [
                        13.38807,
                        52.52142
                    ],
                    [
                        13.3881,
                        52.52121
                    ],
                    [
                        13.38815,
                        52.52095
                    ],
                    [
                        13.38824,
                        52.52042
                    ],
                    [
                        13.38835,
                        52.51984
                    ],
                    [
                        13.3883,
                        52.51978
                    ],
                    [
                        13.38827,
                        52.51972
                    ],
                    [
                        13.38827,
                        52.51965
                    ],
                    [
                        13.38827,
                        52.51954
                    ],
                    [
                        13.38836,
                        52.51902
                    ],
                    [
                        13.38839,
                        52.51892
                    ],
                    [
                        13.38844,
                        52.51882
                    ],
                    [
                        13.38852,
                        52.51872
                    ]
                ]
            }
        },
        {
            "type": "Feature",
            "properties": {
                "id": 86,
                "nazwa": "Reinhardtstraße",
                "dlugosc_m": 20.0,
                "predkosc_ms": 5.277778,
                "predkosc_kmh": 19.0000008,
                "free_flow_ms": 9.166667,
                "free_flow_kmh": 33.0000012,
                "jam_factor": 3.2,
                "confidence": 0.99,
                "traversability": "open"
            },
            "geometry": {
                "type": "LineString",
                "coordinates": [
                    [
                        13.38759,
                        52.52388
                    ],
                    [
                        13.38762,
                        52.5237
                    ]
                ]
            }
        },
        {
            "type": "Feature",
            "properties": {
                "id": 87,
                "nazwa": "Französische Straße",
                "dlugosc_m": 98.0,
                "predkosc_ms": 6.388889,
                "predkosc_kmh": 23.0000004,
                "free_flow_ms": 5.277778,
                "free_flow_kmh": 19.0000008,
                "jam_factor": 0.0,
                "confidence": 0.99,
                "traversability": "open"
            },
            "geometry": {
                "type": "LineString",
                "coordinates": [
                    [
                        13.38904,
                        52.51565
                    ],
                    [
                        13.38912,
                        52.51519
                    ],
                    [
                        13.38919,
                        52.51477
                    ]
                ]
            }
        },
        {
            "type": "Feature",
            "properties": {
                "id": 88,
                "nazwa": "Behrenstraße",
                "dlugosc_m": 137.0,
                "predkosc_ms": 2.2222223,
                "predkosc_kmh": 8.00000028,
                "free_flow_ms": 8.333334,
                "free_flow_kmh": 30.000002400000003,
                "jam_factor": 3.1,
                "confidence": 0.99,
                "traversability": "open"
            },
            "geometry": {
                "type": "LineString",
                "coordinates": [
                    [
                        13.38884,
                        52.51688
                    ],
                    [
                        13.38895,
                        52.5162
                    ],
                    [
                        13.38904,
                        52.51565
                    ]
                ]
            }
        },
        {
            "type": "Feature",
            "properties": {
                "id": 89,
                "nazwa": "Unter den Linden",
                "dlugosc_m": 206.0,
                "predkosc_ms": 4.166667,
                "predkosc_kmh": 15.000001200000002,
                "free_flow_ms": 6.388889,
                "free_flow_kmh": 23.0000004,
                "jam_factor": 1.7,
                "confidence": 0.99,
                "traversability": "open"
            },
            "geometry": {
                "type": "LineString",
                "coordinates": [
                    [
                        13.38852,
                        52.51872
                    ],
                    [
                        13.38858,
                        52.51834
                    ],
                    [
                        13.38863,
                        52.51804
                    ],
                    [
                        13.38871,
                        52.51759
                    ],
                    [
                        13.38875,
                        52.51738
                    ],
                    [
                        13.38879,
                        52.51714
                    ],
                    [
                        13.38882,
                        52.51697
                    ],
                    [
                        13.38884,
                        52.51688
                    ]
                ]
            }
        },
        {
            "type": "Feature",
            "properties": {
                "id": 90,
                "nazwa": "Glinkastraße",
                "dlugosc_m": 136.0,
                "predkosc_ms": 5.0,
                "predkosc_kmh": 18.0,
                "free_flow_ms": 6.9444447,
                "free_flow_kmh": 25.00000092,
                "jam_factor": 1.5,
                "confidence": 0.99,
                "traversability": "open"
            },
            "geometry": {
                "type": "LineString",
                "coordinates": [
                    [
                        13.38583,
                        52.51668
                    ],
                    [
                        13.38587,
                        52.5164
                    ],
                    [
                        13.38591,
                        52.51613
                    ],
                    [
                        13.38597,
                        52.51582
                    ],
                    [
                        13.38605,
                        52.51546
                    ]
                ]
            }
        },
        {
            "type": "Feature",
            "properties": {
                "id": 91,
                "nazwa": "Ebertstraße",
                "dlugosc_m": 290.0,
                "predkosc_ms": 8.333334,
                "predkosc_kmh": 30.000002400000003,
                "free_flow_ms": 7.2222223,
                "free_flow_kmh": 26.000000280000002,
                "jam_factor": 0.0,
                "confidence": 0.76,
                "traversability": "open"
            },
            "geometry": {
                "type": "LineString",
                "coordinates": [
                    [
                        13.38149,
                        52.51514
                    ],
                    [
                        13.38104,
                        52.51506
                    ],
                    [
                        13.38064,
                        52.51498
                    ],
                    [
                        13.38021,
                        52.51489
                    ],
                    [
                        13.37972,
                        52.5148
                    ],
                    [
                        13.37958,
                        52.51477
                    ],
                    [
                        13.37945,
                        52.51474
                    ],
                    [
                        13.37931,
                        52.51471
                    ],
                    [
                        13.37894,
                        52.51467
                    ],
                    [
                        13.37865,
                        52.51464
                    ],
                    [
                        13.37826,
                        52.51462
                    ],
                    [
                        13.37804,
                        52.51461
                    ],
                    [
                        13.37737,
                        52.51457
                    ]
                ]
            }
        },
        {
            "type": "Feature",
            "properties": {
                "id": 92,
                "nazwa": "Wilhelmstraße",
                "dlugosc_m": 88.0,
                "predkosc_ms": 1.6666667,
                "predkosc_kmh": 6.00000012,
                "free_flow_ms": 4.4444447,
                "free_flow_kmh": 16.00000092,
                "jam_factor": 3.8,
                "confidence": 0.97,
                "traversability": "open"
            },
            "geometry": {
                "type": "LineString",
                "coordinates": [
                    [
                        13.38077,
                        52.51662
                    ],
                    [
                        13.37948,
                        52.51655
                    ]
                ]
            }
        },
        {
            "type": "Feature",
            "properties": {
                "id": 93,
                "nazwa": "Wilhelmstraße",
                "dlugosc_m": 150.0,
                "predkosc_ms": 2.5,
                "predkosc_kmh": 9.0,
                "free_flow_ms": 3.3333335,
                "free_flow_kmh": 12.000000600000002,
                "jam_factor": 0.0,
                "confidence": 0.95,
                "traversability": "open"
            },
            "geometry": {
                "type": "LineString",
                "coordinates": [
                    [
                        13.37867,
                        52.51622
                    ],
                    [
                        13.3789,
                        52.51624
                    ],
                    [
                        13.37911,
                        52.51625
                    ],
                    [
                        13.37953,
                        52.51629
                    ],
                    [
                        13.38086,
                        52.51638
                    ]
                ]
            }
        },
        {
            "type": "Feature",
            "properties": {
                "id": 94,
                "nazwa": "Weinmeisterstraße",
                "dlugosc_m": 287.0,
                "predkosc_ms": 4.4444447,
                "predkosc_kmh": 16.00000092,
                "free_flow_ms": 6.666667,
                "free_flow_kmh": 24.000001200000003,
                "jam_factor": 2.0,
                "confidence": 0.98,
                "traversability": "open"
            },
            "geometry": {
                "type": "LineString",
                "coordinates": [
                    [
                        13.40243,
                        52.52363
                    ],
                    [
                        13.40257,
                        52.5238
                    ],
                    [
                        13.40274,
                        52.52403
                    ],
                    [
                        13.40284,
                        52.52418
                    ],
                    [
                        13.40307,
                        52.52454
                    ],
                    [
                        13.40319,
                        52.52474
                    ],
                    [
                        13.40333,
                        52.525
                    ],
                    [
                        13.40362,
                        52.52561
                    ],
                    [
                        13.40367,
                        52.52578
                    ],
                    [
                        13.40368,
                        52.52594
                    ],
                    [
                        13.40366,
                        52.52607
                    ]
                ]
            }
        },
        {
            "type": "Feature",
            "properties": {
                "id": 95,
                "nazwa": "Monbijouplatz",
                "dlugosc_m": 753.0,
                "predkosc_ms": 7.2222223,
                "predkosc_kmh": 26.000000280000002,
                "free_flow_ms": 8.055555,
                "free_flow_kmh": 28.999998,
                "jam_factor": 0.8,
                "confidence": 0.99,
                "traversability": "open"
            },
            "geometry": {
                "type": "LineString",
                "coordinates": [
                    [
                        13.38752,
                        52.52625
                    ],
                    [
                        13.38773,
                        52.52621
                    ],
                    [
                        13.38829,
                        52.52608
                    ],
                    [
                        13.38847,
                        52.52603
                    ],
                    [
                        13.38873,
                        52.526
                    ],
                    [
                        13.38897,
                        52.52595
                    ],
                    [
                        13.38934,
                        52.52586
                    ],
                    [
                        13.38996,
                        52.5257
                    ],
                    [
                        13.39093,
                        52.52546
                    ],
                    [
                        13.39123,
                        52.52539
                    ],
                    [
                        13.39194,
                        52.52522
                    ],
                    [
                        13.39286,
                        52.52498
                    ],
                    [
                        13.39352,
                        52.52481
                    ],
                    [
                        13.39459,
                        52.52454
                    ],
                    [
                        13.39515,
                        52.52442
                    ],
                    [
                        13.39529,
                        52.52438
                    ],
                    [
                        13.3954,
                        52.52435
                    ],
                    [
                        13.39573,
                        52.52426
                    ],
                    [
                        13.39588,
                        52.52422
                    ],
                    [
                        13.39622,
                        52.52413
                    ],
                    [
                        13.39674,
                        52.52399
                    ],
                    [
                        13.39758,
                        52.52378
                    ],
                    [
                        13.39776,
                        52.52374
                    ]
                ]
            }
        },
        {
            "type": "Feature",
            "properties": {
                "id": 96,
                "nazwa": "Friedrichstraße",
                "dlugosc_m": 23.0,
                "predkosc_ms": 7.5,
                "predkosc_kmh": 27.0,
                "free_flow_ms": 9.166667,
                "free_flow_kmh": 33.0000012,
                "jam_factor": 0.9,
                "confidence": 0.99,
                "traversability": "open"
            },
            "geometry": {
                "type": "LineString",
                "coordinates": [
                    [
                        13.38718,
                        52.52625
                    ],
                    [
                        13.38734,
                        52.52626
                    ],
                    [
                        13.38752,
                        52.52625
                    ]
                ]
            }
        },
        {
            "type": "Feature",
            "properties": {
                "id": 97,
                "nazwa": "Friedrichstraße",
                "dlugosc_m": 770.0,
                "predkosc_ms": 5.8333335,
                "predkosc_kmh": 21.0000006,
                "free_flow_ms": 7.2222223,
                "free_flow_kmh": 26.000000280000002,
                "jam_factor": 1.7,
                "confidence": 0.96,
                "traversability": "open"
            },
            "geometry": {
                "type": "LineString",
                "coordinates": [
                    [
                        13.39776,
                        52.52374
                    ],
                    [
                        13.39758,
                        52.52378
                    ],
                    [
                        13.39674,
                        52.52399
                    ],
                    [
                        13.39622,
                        52.52413
                    ],
                    [
                        13.39588,
                        52.52422
                    ],
                    [
                        13.39573,
                        52.52426
                    ],
                    [
                        13.3954,
                        52.52435
                    ],
                    [
                        13.39529,
                        52.52438
                    ],
                    [
                        13.39515,
                        52.52442
                    ],
                    [
                        13.39459,
                        52.52454
                    ],
                    [
                        13.39352,
                        52.52481
                    ],
                    [
                        13.39286,
                        52.52498
                    ],
                    [
                        13.39194,
                        52.52522
                    ],
                    [
                        13.39123,
                        52.52539
                    ],
                    [
                        13.39093,
                        52.52546
                    ],
                    [
                        13.38996,
                        52.5257
                    ],
                    [
                        13.38934,
                        52.52586
                    ],
                    [
                        13.38897,
                        52.52595
                    ],
                    [
                        13.38873,
                        52.526
                    ],
                    [
                        13.38852,
                        52.52611
                    ],
                    [
                        13.38832,
                        52.52616
                    ],
                    [
                        13.38776,
                        52.52629
                    ],
                    [
                        13.38753,
                        52.52633
                    ],
                    [
                        13.38732,
                        52.52634
                    ]
                ]
            }
        },
        {
            "type": "Feature",
            "properties": {
                "id": 98,
                "nazwa": "Monbijouplatz",
                "dlugosc_m": 320.0,
                "predkosc_ms": 8.055555,
                "predkosc_kmh": 28.999998,
                "free_flow_ms": 8.055555,
                "free_flow_kmh": 28.999998,
                "jam_factor": 0.0,
                "confidence": 0.96,
                "traversability": "open"
            },
            "geometry": {
                "type": "LineString",
                "coordinates": [
                    [
                        13.40243,
                        52.52363
                    ],
                    [
                        13.40228,
                        52.52368
                    ],
                    [
                        13.40214,
                        52.5237
                    ],
                    [
                        13.40171,
                        52.52366
                    ],
                    [
                        13.39967,
                        52.52368
                    ],
                    [
                        13.39959,
                        52.52368
                    ],
                    [
                        13.39943,
                        52.52368
                    ],
                    [
                        13.39877,
                        52.5237
                    ],
                    [
                        13.39826,
                        52.52372
                    ],
                    [
                        13.39776,
                        52.52374
                    ]
                ]
            }
        },
        {
            "type": "Feature",
            "properties": {
                "id": 99,
                "nazwa": "Hackescher Markt",
                "dlugosc_m": 272.0,
                "predkosc_ms": 5.0,
                "predkosc_kmh": 18.0,
                "free_flow_ms": 6.388889,
                "free_flow_kmh": 23.0000004,
                "jam_factor": 1.0,
                "confidence": 0.88,
                "traversability": "open"
            },
            "geometry": {
                "type": "LineString",
                "coordinates": [
                    [
                        13.40368,
                        52.52594
                    ],
                    [
                        13.40367,
                        52.52578
                    ],
                    [
                        13.40362,
                        52.52561
                    ],
                    [
                        13.40333,
                        52.525
                    ],
                    [
                        13.40319,
                        52.52474
                    ],
                    [
                        13.40307,
                        52.52454
                    ],
                    [
                        13.40284,
                        52.52418
                    ],
                    [
                        13.40274,
                        52.52403
                    ],
                    [
                        13.40257,
                        52.5238
                    ],
                    [
                        13.40243,
                        52.52363
                    ]
                ]
            }
        },
        {
            "type": "Feature",
            "properties": {
                "id": 100,
                "nazwa": "Weinmeisterstraße",
                "dlugosc_m": 15.0,
                "predkosc_ms": 4.7222223,
                "predkosc_kmh": 17.000000280000002,
                "free_flow_ms": 8.055555,
                "free_flow_kmh": 28.999998,
                "jam_factor": 3.0,
                "confidence": 0.95,
                "traversability": "open"
            },
            "geometry": {
                "type": "LineString",
                "coordinates": [
                    [
                        13.40366,
                        52.52607
                    ],
                    [
                        13.40368,
                        52.52594
                    ]
                ]
            }
        },
        {
            "type": "Feature",
            "properties": {
                "id": 101,
                "nazwa": "Friedrichstraße",
                "dlugosc_m": 32.0,
                "predkosc_ms": null,
                "predkosc_kmh": null,
                "free_flow_ms": 7.5,
                "free_flow_kmh": 27.0,
                "jam_factor": 10.0,
                "confidence": null,
                "traversability": "closed"
            },
            "geometry": {
                "type": "LineString",
                "coordinates": [
                    [
                        13.38904,
                        52.51565
                    ],
                    [
                        13.38858,
                        52.51562
                    ]
                ]
            }
        },
        {
            "type": "Feature",
            "properties": {
                "id": 102,
                "nazwa": "Unter den Linden",
                "dlugosc_m": 32.0,
                "predkosc_ms": 7.777778,
                "predkosc_kmh": 28.0000008,
                "free_flow_ms": 7.2222223,
                "free_flow_kmh": 26.000000280000002,
                "jam_factor": 0.0,
                "confidence": 0.89,
                "traversability": "open"
            },
            "geometry": {
                "type": "LineString",
                "coordinates": [
                    [
                        13.3858,
                        52.51696
                    ],
                    [
                        13.38582,
                        52.51683
                    ],
                    [
                        13.38583,
                        52.51677
                    ],
                    [
                        13.38583,
                        52.51668
                    ]
                ]
            }
        },
        {
            "type": "Feature",
            "properties": {
                "id": 103,
                "nazwa": "Wilhelmstraße",
                "dlugosc_m": 314.0,
                "predkosc_ms": null,
                "predkosc_kmh": null,
                "free_flow_ms": 7.5,
                "free_flow_kmh": 27.0,
                "jam_factor": 10.0,
                "confidence": null,
                "traversability": "closed"
            },
            "geometry": {
                "type": "LineString",
                "coordinates": [
                    [
                        13.38605,
                        52.51546
                    ],
                    [
                        13.38573,
                        52.51544
                    ],
                    [
                        13.38516,
                        52.51541
                    ],
                    [
                        13.38451,
                        52.51537
                    ],
                    [
                        13.38435,
                        52.51536
                    ],
                    [
                        13.38367,
                        52.5153
                    ],
                    [
                        13.38312,
                        52.51527
                    ],
                    [
                        13.38281,
                        52.51525
                    ],
                    [
                        13.38221,
                        52.51521
                    ],
                    [
                        13.38191,
                        52.51519
                    ],
                    [
                        13.38149,
                        52.51514
                    ]
                ]
            }
        },
        {
            "type": "Feature",
            "properties": {
                "id": 104,
                "nazwa": "Glinkastraße",
                "dlugosc_m": 173.0,
                "predkosc_ms": null,
                "predkosc_kmh": null,
                "free_flow_ms": 6.388889,
                "free_flow_kmh": 23.0000004,
                "jam_factor": 10.0,
                "confidence": null,
                "traversability": "closed"
            },
            "geometry": {
                "type": "LineString",
                "coordinates": [
                    [
                        13.38858,
                        52.51562
                    ],
                    [
                        13.38771,
                        52.51556
                    ],
                    [
                        13.38724,
                        52.51553
                    ],
                    [
                        13.38674,
                        52.5155
                    ],
                    [
                        13.38634,
                        52.51548
                    ],
                    [
                        13.38605,
                        52.51546
                    ]
                ]
            }
        },
        {
            "type": "Feature",
            "properties": {
                "id": 105,
                "nazwa": "Friedrichstraße",
                "dlugosc_m": 185.0,
                "predkosc_ms": 7.2222223,
                "predkosc_kmh": 26.000000280000002,
                "free_flow_ms": 7.5,
                "free_flow_kmh": 27.0,
                "jam_factor": 0.2,
                "confidence": 0.7,
                "traversability": "open"
            },
            "geometry": {
                "type": "LineString",
                "coordinates": [
                    [
                        13.38634,
                        52.51548
                    ],
                    [
                        13.38674,
                        52.5155
                    ],
                    [
                        13.38724,
                        52.51553
                    ],
                    [
                        13.38771,
                        52.51556
                    ],
                    [
                        13.38858,
                        52.51562
                    ],
                    [
                        13.38904,
                        52.51565
                    ]
                ]
            }
        },
        {
            "type": "Feature",
            "properties": {
                "id": 106,
                "nazwa": "Glinkastraße",
                "dlugosc_m": 20.0,
                "predkosc_ms": 10.0,
                "predkosc_kmh": 36.0,
                "free_flow_ms": 9.444445,
                "free_flow_kmh": 34.000002,
                "jam_factor": 0.0,
                "confidence": 0.7,
                "traversability": "open"
            },
            "geometry": {
                "type": "LineString",
                "coordinates": [
                    [
                        13.38605,
                        52.51546
                    ],
                    [
                        13.38634,
                        52.51548
                    ]
                ]
            }
        },
        {
            "type": "Feature",
            "properties": {
                "id": 107,
                "nazwa": "Friedrichstraße",
                "dlugosc_m": 207.0,
                "predkosc_ms": 2.5,
                "predkosc_kmh": 9.0,
                "free_flow_ms": 3.3333335,
                "free_flow_kmh": 12.000000600000002,
                "jam_factor": 0.0,
                "confidence": 0.82,
                "traversability": "open"
            },
            "geometry": {
                "type": "LineString",
                "coordinates": [
                    [
                        13.38549,
                        52.51853
                    ],
                    [
                        13.38653,
                        52.5186
                    ],
                    [
                        13.3884,
                        52.51871
                    ],
                    [
                        13.38852,
                        52.51872
                    ]
                ]
            }
        },
        {
            "type": "Feature",
            "properties": {
                "id": 108,
                "nazwa": "Friedrichstraße",
                "dlugosc_m": 8.0,
                "predkosc_ms": 4.166667,
                "predkosc_kmh": 15.000001200000002,
                "free_flow_ms": 5.555556,
                "free_flow_kmh": 20.0000016,
                "jam_factor": 1.1,
                "confidence": 0.75,
                "traversability": "open"
            },
            "geometry": {
                "type": "LineString",
                "coordinates": [
                    [
                        13.38852,
                        52.51872
                    ],
                    [
                        13.3884,
                        52.51871
                    ]
                ]
            }
        },
        {
            "type": "Feature",
            "properties": {
                "id": 109,
                "nazwa": "Wilhelmstraße",
                "dlugosc_m": 545.0,
                "predkosc_ms": 6.111111,
                "predkosc_kmh": 21.999999600000002,
                "free_flow_ms": 6.111111,
                "free_flow_kmh": 21.999999600000002,
                "jam_factor": 0.1,
                "confidence": 0.95,
                "traversability": "open"
            },
            "geometry": {
                "type": "LineString",
                "coordinates": [
                    [
                        13.3884,
                        52.51871
                    ],
                    [
                        13.38653,
                        52.5186
                    ],
                    [
                        13.38549,
                        52.51853
                    ],
                    [
                        13.38497,
                        52.5185
                    ],
                    [
                        13.3844,
                        52.51846
                    ],
                    [
                        13.38376,
                        52.51842
                    ],
                    [
                        13.38367,
                        52.51841
                    ],
                    [
                        13.38226,
                        52.51832
                    ],
                    [
                        13.38223,
                        52.51832
                    ],
                    [
                        13.38151,
                        52.51827
                    ],
                    [
                        13.38044,
                        52.5182
                    ]
                ]
            }
        },
        {
            "type": "Feature",
            "properties": {
                "id": 110,
                "nazwa": "Unter den Linden",
                "dlugosc_m": 168.0,
                "predkosc_ms": 5.0,
                "predkosc_kmh": 18.0,
                "free_flow_ms": 5.8333335,
                "free_flow_kmh": 21.0000006,
                "jam_factor": 0.1,
                "confidence": 0.71,
                "traversability": "open"
            },
            "geometry": {
                "type": "LineString",
                "coordinates": [
                    [
                        13.38605,
                        52.51546
                    ],
                    [
                        13.38597,
                        52.51582
                    ],
                    [
                        13.38591,
                        52.51613
                    ],
                    [
                        13.38587,
                        52.5164
                    ],
                    [
                        13.38583,
                        52.51668
                    ],
                    [
                        13.38583,
                        52.51677
                    ],
                    [
                        13.38582,
                        52.51683
                    ],
                    [
                        13.3858,
                        52.51696
                    ]
                ]
            }
        },
        {
            "type": "Feature",
            "properties": {
                "id": 111,
                "nazwa": "Leipziger Straße",
                "dlugosc_m": 689.0,
                "predkosc_ms": 6.9444447,
                "predkosc_kmh": 25.00000092,
                "free_flow_ms": 9.444445,
                "free_flow_kmh": 34.000002,
                "jam_factor": 2.3,
                "confidence": 0.99,
                "traversability": "open"
            },
            "geometry": {
                "type": "LineString",
                "coordinates": [
                    [
                        13.38235,
                        52.50455
                    ],
                    [
                        13.38206,
                        52.50476
                    ],
                    [
                        13.38173,
                        52.50501
                    ],
                    [
                        13.38148,
                        52.5052
                    ],
                    [
                        13.38109,
                        52.5055
                    ],
                    [
                        13.38088,
                        52.50566
                    ],
                    [
                        13.38072,
                        52.50579
                    ],
                    [
                        13.38036,
                        52.50607
                    ],
                    [
                        13.37997,
                        52.50637
                    ],
                    [
                        13.37963,
                        52.50664
                    ],
                    [
                        13.37917,
                        52.50702
                    ],
                    [
                        13.37845,
                        52.5076
                    ],
                    [
                        13.37824,
                        52.50778
                    ],
                    [
                        13.37808,
                        52.50791
                    ],
                    [
                        13.3779,
                        52.50806
                    ],
                    [
                        13.37768,
                        52.50824
                    ],
                    [
                        13.37751,
                        52.50838
                    ],
                    [
                        13.37738,
                        52.50848
                    ],
                    [
                        13.37717,
                        52.50865
                    ],
                    [
                        13.37701,
                        52.50879
                    ],
                    [
                        13.37692,
                        52.50893
                    ],
                    [
                        13.37686,
                        52.5091
                    ],
                    [
                        13.3768,
                        52.50945
                    ],
                    [
                        13.37678,
                        52.50959
                    ]
                ]
            }
        },
        {
            "type": "Feature",
            "properties": {
                "id": 112,
                "nazwa": "Anhalter Straße",
                "dlugosc_m": 677.0,
                "predkosc_ms": 6.388889,
                "predkosc_kmh": 23.0000004,
                "free_flow_ms": 10.277778,
                "free_flow_kmh": 37.0000008,
                "jam_factor": 2.7,
                "confidence": 0.99,
                "traversability": "open"
            },
            "geometry": {
                "type": "LineString",
                "coordinates": [
                    [
                        13.3766,
                        52.50943
                    ],
                    [
                        13.37665,
                        52.5091
                    ],
                    [
                        13.37667,
                        52.50903
                    ],
                    [
                        13.37671,
                        52.50895
                    ],
                    [
                        13.37677,
                        52.50887
                    ],
                    [
                        13.37692,
                        52.50872
                    ],
                    [
                        13.37707,
                        52.5086
                    ],
                    [
                        13.37721,
                        52.50849
                    ],
                    [
                        13.37733,
                        52.50839
                    ],
                    [
                        13.3775,
                        52.50825
                    ],
                    [
                        13.37781,
                        52.508
                    ],
                    [
                        13.37815,
                        52.50774
                    ],
                    [
                        13.37837,
                        52.50756
                    ],
                    [
                        13.37909,
                        52.50698
                    ],
                    [
                        13.37955,
                        52.5066
                    ],
                    [
                        13.3799,
                        52.50634
                    ],
                    [
                        13.38028,
                        52.50603
                    ],
                    [
                        13.38065,
                        52.50575
                    ],
                    [
                        13.3808,
                        52.50563
                    ],
                    [
                        13.3814,
                        52.50516
                    ],
                    [
                        13.38163,
                        52.50498
                    ],
                    [
                        13.38203,
                        52.50465
                    ],
                    [
                        13.38222,
                        52.50449
                    ]
                ]
            }
        },
        {
            "type": "Feature",
            "properties": {
                "id": 113,
                "nazwa": "Glinkastraße",
                "dlugosc_m": 314.0,
                "predkosc_ms": 8.333334,
                "predkosc_kmh": 30.000002400000003,
                "free_flow_ms": 6.9444447,
                "free_flow_kmh": 25.00000092,
                "jam_factor": 0.0,
                "confidence": 0.7,
                "traversability": "open"
            },
            "geometry": {
                "type": "LineString",
                "coordinates": [
                    [
                        13.38149,
                        52.51514
                    ],
                    [
                        13.38191,
                        52.51519
                    ],
                    [
                        13.38221,
                        52.51521
                    ],
                    [
                        13.38281,
                        52.51525
                    ],
                    [
                        13.38312,
                        52.51527
                    ],
                    [
                        13.38367,
                        52.5153
                    ],
                    [
                        13.38435,
                        52.51536
                    ],
                    [
                        13.38451,
                        52.51537
                    ],
                    [
                        13.38516,
                        52.51541
                    ],
                    [
                        13.38573,
                        52.51544
                    ],
                    [
                        13.38605,
                        52.51546
                    ]
                ]
            }
        },
        {
            "type": "Feature",
            "properties": {
                "id": 114,
                "nazwa": "Wilhelmstraße",
                "dlugosc_m": 290.0,
                "predkosc_ms": 6.111111,
                "predkosc_kmh": 21.999999600000002,
                "free_flow_ms": 5.555556,
                "free_flow_kmh": 20.0000016,
                "jam_factor": 0.0,
                "confidence": 0.97,
                "traversability": "open"
            },
            "geometry": {
                "type": "LineString",
                "coordinates": [
                    [
                        13.37737,
                        52.51457
                    ],
                    [
                        13.37804,
                        52.51461
                    ],
                    [
                        13.37826,
                        52.51462
                    ],
                    [
                        13.37865,
                        52.51464
                    ],
                    [
                        13.37894,
                        52.51467
                    ],
                    [
                        13.37931,
                        52.51471
                    ],
                    [
                        13.37945,
                        52.51474
                    ],
                    [
                        13.37958,
                        52.51477
                    ],
                    [
                        13.37972,
                        52.5148
                    ],
                    [
                        13.38021,
                        52.51489
                    ],
                    [
                        13.38064,
                        52.51498
                    ],
                    [
                        13.38104,
                        52.51506
                    ],
                    [
                        13.38149,
                        52.51514
                    ]
                ]
            }
        }
    ]
}