<?xml version="1.0" encoding="UTF-8"?>
<osm version="0.6" generator="Overpass API 0.7.62.11 87bfad18">
<note>The data included in this document is from www.openstreetmap.org. The data is made available under ODbL.</note>
<meta osm_base="2026-05-24T01:12:00Z"/>

  <node id="49980220" lat="54.3581911" lon="18.6653064"/>
  <node id="49980223" lat="54.3575134" lon="18.6657385"/>
  <node id="49980225" lat="54.3568334" lon="18.6658501"/>
  <node id="49980229" lat="54.3562251" lon="18.6657879"/>
  <node id="49980231" lat="54.3553890" lon="18.6651727"/>
  <node id="49980233" lat="54.3549535" lon="18.6647452"/>
  <node id="49980237" lat="54.3543838" lon="18.6627840"/>
  <node id="49980242" lat="54.3545276" lon="18.6619700"/>
  <node id="49980248" lat="54.3531904" lon="18.6583090"/>
  <node id="49980250" lat="54.3524763" lon="18.6580870"/>
  <node id="49980253" lat="54.3514494" lon="18.6579186"/>
  <node id="49980259" lat="54.3500111" lon="18.6573186"/>
  <node id="49980262" lat="54.3494198" lon="18.6569382"/>
  <node id="49980265" lat="54.3489629" lon="18.6566533"/>
  <node id="49980276" lat="54.3445994" lon="18.6531549"/>
  <node id="49980279" lat="54.3445163" lon="18.6542885"/>
  <node id="49980280" lat="54.3499793" lon="18.6581684"/>
  <node id="49980282" lat="54.3499973" lon="18.6583226"/>
  <node id="49980285" lat="54.3497711" lon="18.6591160"/>
  <node id="49980292" lat="54.3505134" lon="18.6594628"/>
  <node id="49980294" lat="54.3506693" lon="18.6585532"/>
  <node id="49980300" lat="54.3526224" lon="18.6591443"/>
  <node id="49980304" lat="54.3538042" lon="18.6620563"/>
  <node id="49980307" lat="54.3539052" lon="18.6646595"/>
  <node id="49980314" lat="54.3531369" lon="18.6629195"/>
  <node id="49980318" lat="54.3529302" lon="18.6625547"/>
  <node id="49980320" lat="54.3511542" lon="18.6603994"/>
  <node id="49980327" lat="54.3504188" lon="18.6597665"/>
  <node id="49980342" lat="54.3539374" lon="18.6655481"/>
  <node id="49980344" lat="54.3546647" lon="18.6660233"/>
  <node id="49980353" lat="54.3571339" lon="18.6667012"/>
  <node id="49980357" lat="54.3582092" lon="18.6663303"/>
  <node id="114087098" lat="54.3450533" lon="18.6590398"/>
  <node id="114087100" lat="54.3456444" lon="18.6553705"/>
  <node id="114087104" lat="54.3460745" lon="18.6529729"/>
  <node id="114087111" lat="54.3471121" lon="18.6487950"/>
  <node id="248193546" lat="54.3477676" lon="18.6558459"/>
  <node id="275996703" lat="54.3441356" lon="18.6549068"/>
  <node id="301669410" lat="54.3464888" lon="18.6584734"/>
  <node id="301669412" lat="54.3467173" lon="18.6566416"/>
  <node id="301671164" lat="54.3487544" lon="18.6470450"/>
  <node id="301671175" lat="54.3498100" lon="18.6460248"/>
  <node id="301671319" lat="54.3511572" lon="18.6500100"/>
  <node id="301671320" lat="54.3518061" lon="18.6507512"/>
  <node id="301671736" lat="54.3535751" lon="18.6485782"/>
  <node id="301671778" lat="54.3440150" lon="18.6502230"/>
  <node id="301671785" lat="54.3444464" lon="18.6551396"/>
  <node id="301671786" lat="54.3448849" lon="18.6554266"/>
  <node id="301671787" lat="54.3518946" lon="18.6435577"/>
  <node id="301671824" lat="54.3514197" lon="18.6492279"/>
  <node id="301671968" lat="54.3516512" lon="18.6515454"/>
  <node id="301671969" lat="54.3514705" lon="18.6526077"/>
  <node id="301671975" lat="54.3533152" lon="18.6525816"/>
  <node id="301671977" lat="54.3518721" lon="18.6542080"/>
  <node id="301671978" lat="54.3506123" lon="18.6572761"/>
  <node id="301671985" lat="54.3508454" lon="18.6560026"/>
  <node id="301671990" lat="54.3506688" lon="18.6569795"/>
  <node id="301671993" lat="54.3512323" lon="18.6539271"/>
  <node id="301671996" lat="54.3509663" lon="18.6553662"/>
  <node id="301672005" lat="54.3517134" lon="18.6556539"/>
  <node id="301672006" lat="54.3515206" lon="18.6573113"/>
  <node id="301672012" lat="54.3523886" lon="18.6558743"/>
  <node id="301672015" lat="54.3525354" lon="18.6544723"/>
  <node id="301672017" lat="54.3497247" lon="18.6520404"/>
  <node id="301672019" lat="54.3528583" lon="18.6576988"/>
  <node id="301672020" lat="54.3501559" lon="18.6508177"/>
  <node id="301672022" lat="54.3501151" lon="18.6556242"/>
  <node id="301672023" lat="54.3498934" lon="18.6569211"/>
  <node id="301672027" lat="54.3483424" lon="18.6496608"/>
  <node id="301672028" lat="54.3490340" lon="18.6538811"/>
  <node id="301672030" lat="54.3496218" lon="18.6522896"/>
  <node id="301672032" lat="54.3473470" lon="18.6515837"/>
  <node id="301672035" lat="54.3480352" lon="18.6494217"/>
  <node id="301672036" lat="54.3469926" lon="18.6546917"/>
  <node id="301672038" lat="54.3477050" lon="18.6519323"/>
  <node id="301672051" lat="54.3494455" lon="18.6563863"/>
  <node id="301672052" lat="54.3497875" lon="18.6543427"/>
  <node id="301672057" lat="54.3489027" lon="18.6544649"/>
  <node id="301672173" lat="54.3468171" lon="18.6510649"/>
  <node id="301672175" lat="54.3462432" lon="18.6531162"/>
  <node id="301672177" lat="54.3460270" lon="18.6539728"/>
  <node id="301672181" lat="54.3455085" lon="18.6574170"/>
  <node id="301672183" lat="54.3439404" lon="18.6580389"/>
  <node id="301672186" lat="54.3477269" lon="18.6456713"/>
  <node id="301672190" lat="54.3456229" lon="18.6583101"/>
  <node id="301672191" lat="54.3455795" lon="18.6584914">
    <tag k="crossing:island" v="no"/>
    <tag k="crossing:markings" v="yes"/>
    <tag k="crossing:signals" v="no"/>
    <tag k="highway" v="crossing"/>
  </node>
  <node id="301672192" lat="54.3454945" lon="18.6590334"/>
  <node id="301672193" lat="54.3453505" lon="18.6593348"/>
  <node id="301672194" lat="54.3452796" lon="18.6593735"/>
  <node id="301672204" lat="54.3491253" lon="18.6583762"/>
  <node id="301672205" lat="54.3495504" lon="18.6586738"/>
  <node id="301672207" lat="54.3462268" lon="18.6563407"/>
  <node id="301672208" lat="54.3457364" lon="18.6580338"/>
  <node id="301672212" lat="54.3476359" lon="18.6629800"/>
  <node id="301672213" lat="54.3476896" lon="18.6633672"/>
  <node id="301672219" lat="54.3475771" lon="18.6573113"/>
  <node id="301672224" lat="54.3474881" lon="18.6630440"/>
  <node id="301672225" lat="54.3473156" lon="18.6617101"/>
  <node id="301672226" lat="54.3473822" lon="18.6606519"/>
  <node id="301672227" lat="54.3474286" lon="18.6613965"/>
  <node id="301672247" lat="54.3512229" lon="18.6601893"/>
  <node id="301672248" lat="54.3511327" lon="18.6594011"/>
  <node id="301672250" lat="54.3505741" lon="18.6595638"/>
  <node id="301672251" lat="54.3504546" lon="18.6598155"/>
  <node id="301672257" lat="54.3529206" lon="18.6637202"/>
  <node id="301672282" lat="54.3450976" lon="18.6604082"/>
  <node id="301672283" lat="54.3468799" lon="18.6607129"/>
  <node id="301672300" lat="54.3434505" lon="18.6612363"/>
  <node id="301672317" lat="54.3443396" lon="18.6616537">
    <tag k="noexit" v="yes"/>
  </node>
  <node id="301677846" lat="54.3467658" lon="18.6594493"/>
  <node id="301677859" lat="54.3468590" lon="18.6587107"/>
  <node id="301679137" lat="54.3465942" lon="18.6565632">
    <tag k="crossing" v="unmarked"/>
    <tag k="crossing:island" v="no"/>
    <tag k="crossing:markings" v="no"/>
    <tag k="highway" v="crossing"/>
    <tag k="tactile_paving" v="no"/>
  </node>
  <node id="301679400" lat="54.3520516" lon="18.6465976"/>
  <node id="301679407" lat="54.3521521" lon="18.6476285">
    <tag k="crossing" v="uncontrolled"/>
    <tag k="crossing:island" v="no"/>
    <tag k="crossing:markings" v="zebra"/>
    <tag k="crossing_ref" v="zebra"/>
    <tag k="highway" v="crossing"/>
    <tag k="kerb" v="flush"/>
    <tag k="tactile_paving" v="no"/>
  </node>
  <node id="301679410" lat="54.3517067" lon="18.6460253"/>
  <node id="301679412" lat="54.3517561" lon="18.6466916"/>
  <node id="301679527" lat="54.3443269" lon="18.6494219"/>
  <node id="301679539" lat="54.3468938" lon="18.6595691"/>
  <node id="301679540" lat="54.3469627" lon="18.6587494"/>
  <node id="301679543" lat="54.3471631" lon="18.6569556">
    <tag k="traffic_calming" v="table"/>
  </node>
  <node id="301679627" lat="54.3531783" lon="18.6455959"/>
  <node id="301679649" lat="54.3515278" lon="18.6466460">
    <tag k="bicycle" v="yes"/>
    <tag k="button_operated" v="no"/>
    <tag k="check_date:crossing" v="2022-05-27"/>
    <tag k="crossing" v="traffic_signals"/>
    <tag k="highway" v="crossing"/>
    <tag k="tactile_paving" v="yes"/>
    <tag k="traffic_signals:sound" v="yes"/>
    <tag k="traffic_signals:vibration" v="yes"/>
  </node>
  <node id="301679655" lat="54.3520487" lon="18.6459641"/>
  <node id="301679662" lat="54.3515538" lon="18.6460470">
    <tag k="bicycle" v="yes"/>
    <tag k="button_operated" v="no"/>
    <tag k="check_date:crossing" v="2022-05-27"/>
    <tag k="crossing" v="traffic_signals"/>
    <tag k="highway" v="crossing"/>
    <tag k="tactile_paving" v="yes"/>
    <tag k="traffic_signals:sound" v="yes"/>
    <tag k="traffic_signals:vibration" v="yes"/>
  </node>
  <node id="301679668" lat="54.3525652" lon="18.6458140"/>
  <node id="301679707" lat="54.3462301" lon="18.6452995"/>
  <node id="301679711" lat="54.3478747" lon="18.6450565"/>
  <node id="301679713" lat="54.3506384" lon="18.6459448"/>
  <node id="301679715" lat="54.3502693" lon="18.6458053">
    <tag k="bus" v="yes"/>
    <tag k="name" v="Brama Wyżynna 04"/>
    <tag k="public_transport" v="stop_position"/>
    <tag k="ref:ztm" v="1033"/>
  </node>
  <node id="301679717" lat="54.3493064" lon="18.6458623"/>
  <node id="301679720" lat="54.3509693" lon="18.6460543"/>
  <node id="301679727" lat="54.3482632" lon="18.6446784"/>
  <node id="301679729" lat="54.3478744" lon="18.6447439"/>
  <node id="301679733" lat="54.3485107" lon="18.6447099"/>
  <node id="301679764" lat="54.3458369" lon="18.6542077"/>
  <node id="301679768" lat="54.3470340" lon="18.6493482"/>
  <node id="301679769" lat="54.3466153" lon="18.6509190"/>
  <node id="301679794" lat="54.3478490" lon="18.6454892"/>
  <node id="301679809" lat="54.3535865" lon="18.6453939"/>
  <node id="301683410" lat="54.3526934" lon="18.6559858"/>
  <node id="301684792" lat="54.3480841" lon="18.6449133"/>
  <node id="301684796" lat="54.3488671" lon="18.6450879"/>
  <node id="301684797" lat="54.3485489" lon="18.6448974"/>
  <node id="301684798" lat="54.3483458" lon="18.6448500"/>
  <node id="301684799" lat="54.3481689" lon="18.6448767"/>
  <node id="301685221" lat="54.3541761" lon="18.6622236"/>
  <node id="301685222" lat="54.3482502" lon="18.6561969">
    <tag k="disused:amenity" v="ferry_terminal"/>
    <tag k="disused:ferry" v="yes"/>
    <tag k="disused:public_transport" v="station"/>
  </node>
  <node id="353971329" lat="54.3388391" lon="18.6519636"/>
  <node id="353975583" lat="54.3545563" lon="18.6623799"/>
  <node id="353979475" lat="54.3438453" lon="18.6533104"/>
  <node id="353979477" lat="54.3432442" lon="18.6521434"/>
  <node id="353979479" lat="54.3434110" lon="18.6516395"/>
  <node id="353979482" lat="54.3431125" lon="18.6510132"/>
  <node id="353979484" lat="54.3416682" lon="18.6492054"/>
  <node id="353979487" lat="54.3419351" lon="18.6487121"/>
  <node id="353979494" lat="54.3434015" lon="18.6501511"/>
  <node id="353979498" lat="54.3435311" lon="18.6507623"/>
  <node id="353979502" lat="54.3434456" lon="18.6509672"/>
  <node id="353979506" lat="54.3436565" lon="18.6512233"/>
  <node id="414972635" lat="54.3527434" lon="18.6593062"/>
  <node id="414972638" lat="54.3530049" lon="18.6598176"/>
  <node id="414972640" lat="54.3536387" lon="18.6614583"/>
  <node id="414972643" lat="54.3537312" lon="18.6618918"/>
  <node id="414972647" lat="54.3534194" lon="18.6622050"/>
  <node id="414972648" lat="54.3533506" lon="18.6620308"/>
  <node id="414972653" lat="54.3540487" lon="18.6642812"/>
  <node id="457065870" lat="54.3485500" lon="18.6560233"/>
  <node id="471566089" lat="54.3461110" lon="18.6505842"/>
  <node id="471848520" lat="54.3451861" lon="18.6477723"/>
  <node id="475295429" lat="54.3478957" lon="18.6559173"/>
  <node id="475295431" lat="54.3477528" lon="18.6566010"/>
  <node id="480151642" lat="54.3474702" lon="18.6604678"/>
  <node id="480151644" lat="54.3473069" lon="18.6603408"/>
  <node id="480151646" lat="54.3471866" lon="18.6605633"/>
  <node id="480151649" lat="54.3447720" lon="18.6599430"/>
  <node id="480151651" lat="54.3439217" lon="18.6591897"/>
  <node id="480151653" lat="54.3434038" lon="18.6584604"/>
  <node id="480151657" lat="54.3409315" lon="18.6534323"/>
  <node id="480151659" lat="54.3405315" lon="18.6526949"/>
  <node id="480151660" lat="54.3403187" lon="18.6524382"/>
  <node id="480151662" lat="54.3399589" lon="18.6522034"/>
  <node id="480151664" lat="54.3393960" lon="18.6521516"/>
  <node id="480151683" lat="54.3389918" lon="18.6518292"/>
  <node id="480151685" lat="54.3392600" lon="18.6518873"/>
  <node id="480151687" lat="54.3392709" lon="18.6517901"/>
  <node id="480151688" lat="54.3399155" lon="18.6517791"/>
  <node id="480151690" lat="54.3401984" lon="18.6518855"/>
  <node id="480151691" lat="54.3404875" lon="18.6521078"/>
  <node id="480151693" lat="54.3414600" lon="18.6536452"/>
  <node id="480151694" lat="54.3418946" lon="18.6545054"/>
  <node id="480151699" lat="54.3420482" lon="18.6547625"/>
  <node id="480151701" lat="54.3429768" lon="18.6568627"/>
  <node id="480151703" lat="54.3436844" lon="18.6580348"/>
  <node id="480151705" lat="54.3448628" lon="18.6594062"/>
  <node id="480151708" lat="54.3471733" lon="18.6599433"/>
  <node id="480151712" lat="54.3474830" lon="18.6598849"/>
  <node id="480151713" lat="54.3490840" lon="18.6593828"/>
  <node id="480151715" lat="54.3433181" lon="18.6522844"/>
  <node id="480151731" lat="54.3448287" lon="18.6604216"/>
  <node id="480151733" lat="54.3451832" lon="18.6591026"/>
  <node id="480151735" lat="54.3449588" lon="18.6604838"/>
  <node id="480151736" lat="54.3473856" lon="18.6604886"/>
  <node id="480151737" lat="54.3473976" lon="18.6599266"/>
  <node id="480317427" lat="54.3492021" lon="18.6533239"/>
  <node id="480411789" lat="54.3472906" lon="18.6535306"/>
  <node id="489259386" lat="54.3529664" lon="18.6460875"/>
  <node id="489981314" lat="54.3591601" lon="18.6652244"/>
  <node id="506565396" lat="54.3444098" lon="18.6628524">
    <tag k="highway" v="traffic_signals"/>
    <tag k="traffic_signals" v="traffic_lights"/>
    <tag k="traffic_signals:direction" v="forward"/>
  </node>
  <node id="595656632" lat="54.3492270" lon="18.6575719"/>
  <node id="595795110" lat="54.3439353" lon="18.6491084"/>
  <node id="595795111" lat="54.3444711" lon="18.6473685"/>
  <node id="595795168" lat="54.3446082" lon="18.6623374"/>
  <node id="595795169" lat="54.3445342" lon="18.6631022"/>
  <node id="595795171" lat="54.3446147" lon="18.6641921">
    <tag k="name" v="Akademia Muzyczna"/>
    <tag k="public_transport" v="stop_position"/>
    <tag k="railway" v="tram_stop"/>
    <tag k="ref:ztm" v="2110"/>
    <tag k="tram" v="yes"/>
  </node>
  <node id="595795172" lat="54.3450165" lon="18.6662873"/>
  <node id="595795173" lat="54.3451852" lon="18.6670104"/>
  <node id="595795174" lat="54.3452705" lon="18.6673159"/>
  <node id="595795175" lat="54.3454581" lon="18.6677679"/>
  <node id="595795176" lat="54.3457100" lon="18.6681972"/>
  <node id="595795177" lat="54.3458709" lon="18.6683836"/>
  <node id="595795178" lat="54.3460986" lon="18.6685880"/>
  <node id="595795179" lat="54.3464109" lon="18.6687799"/>
  <node id="595795180" lat="54.3466459" lon="18.6688931"/>
  <node id="595795182" lat="54.3476663" lon="18.6693516">
    <tag k="name" v="Brama Żuławska"/>
    <tag k="name:de" v="Langgarter Tor"/>
    <tag k="name:pl" v="Brama Żuławska"/>
    <tag k="network" v="ZTM Gdańsk"/>
    <tag k="network:wikidata" v="Q9387123"/>
    <tag k="operator" v="Gdańskie Autobusy i Tramwaje"/>
    <tag k="operator:wikidata" v="Q9386219"/>
    <tag k="public_transport" v="stop_position"/>
    <tag k="railway" v="tram_stop"/>
    <tag k="ref:ztm" v="2114"/>
    <tag k="tram" v="yes"/>
  </node>
  <node id="595819450" lat="54.3466179" lon="18.6485323"/>
  <node id="622327387" lat="54.3574908" lon="18.6459211">
    <tag k="railway" v="switch"/>
  </node>
  <node id="622327389" lat="54.3567377" lon="18.6458467"/>
  <node id="622327393" lat="54.3543815" lon="18.6452852"/>
  <node id="622327394" lat="54.3539703" lon="18.6451885"/>
  <node id="622327395" lat="54.3536504" lon="18.6451956"/>
  <node id="622327396" lat="54.3533724" lon="18.6452933"/>
  <node id="622327397" lat="54.3530630" lon="18.6455086"/>
  <node id="622327398" lat="54.3526222" lon="18.6459049"/>
  <node id="622327400" lat="54.3520069" lon="18.6463795"/>
  <node id="622327401" lat="54.3518307" lon="18.6464394"/>
  <node id="622327402" lat="54.3515796" lon="18.6464213">
    <tag k="railway" v="switch"/>
  </node>
  <node id="622327403" lat="54.3513857" lon="18.6463832"/>
  <node id="622327405" lat="54.3504006" lon="18.6460295">
    <tag k="name" v="Brama Wyżynna"/>
    <tag k="network" v="ZTM Gdańsk"/>
    <tag k="network:wikidata" v="Q9387123"/>
    <tag k="operator" v="Gdańskie Autobusy i Tramwaje"/>
    <tag k="operator:wikidata" v="Q9386219"/>
    <tag k="public_transport" v="stop_position"/>
    <tag k="railway" v="tram_stop"/>
    <tag k="ref" v="2101"/>
    <tag k="ref:ztm" v="2101"/>
    <tag k="tram" v="yes"/>
  </node>
  <node id="622327406" lat="54.3499803" lon="18.6458758"/>
  <node id="622327407" lat="54.3491757" lon="18.6456281"/>
  <node id="622327410" lat="54.3478451" lon="18.6453108">
    <tag k="railway" v="railway_crossing"/>
  </node>
  <node id="622327411" lat="54.3478093" lon="18.6453272"/>
  <node id="622327413" lat="54.3475824" lon="18.6457308"/>
  <node id="622327415" lat="54.3475698" lon="18.6463088">
    <tag k="name" v="Okopowa"/>
    <tag k="network" v="ZTM Gdańsk"/>
    <tag k="public_transport" v="stop_position"/>
    <tag k="railway" v="tram_stop"/>
    <tag k="ref:ztm" v="2104"/>
    <tag k="tram" v="yes"/>
  </node>
  <node id="622327417" lat="54.3474894" lon="18.6476456"/>
  <node id="622327418" lat="54.3474491" lon="18.6479893"/>
  <node id="622327419" lat="54.3473799" lon="18.6484199"/>
  <node id="622327421" lat="54.3471448" lon="18.6494174"/>
  <node id="622327422" lat="54.3468789" lon="18.6504852"/>
  <node id="622327423" lat="54.3465988" lon="18.6515297">
    <tag k="name" v="Żabi Kruk"/>
    <tag k="public_transport" v="stop_position"/>
    <tag k="railway" v="tram_stop"/>
    <tag k="ref:ztm" v="2106"/>
    <tag k="tram" v="yes"/>
    <tag k="wheelchair" v="no"/>
  </node>
  <node id="622327425" lat="54.3461542" lon="18.6531764"/>
  <node id="622327426" lat="54.3459253" lon="18.6542478"/>
  <node id="622327427" lat="54.3457358" lon="18.6554156"/>
  <node id="622327429" lat="54.3454629" lon="18.6570763">
    <tag k="name" v="Chmielna 01"/>
    <tag k="public_transport" v="stop_position"/>
    <tag k="railway" v="tram_stop"/>
    <tag k="ref:ztm" v="2108"/>
    <tag k="tram" v="yes"/>
  </node>
  <node id="622327432" lat="54.3448289" lon="18.6609652"/>
  <node id="630642421" lat="54.3489680" lon="18.6455763">
    <tag k="railway" v="switch"/>
    <tag k="railway:turnout_side" v="right"/>
  </node>
  <node id="630642468" lat="54.3477030" lon="18.6448195"/>
  <node id="630642470" lat="54.3477945" lon="18.6451082"/>
  <node id="630642473" lat="54.3478759" lon="18.6451883"/>
  <node id="634162306" lat="54.3505693" lon="18.6589555">
    <tag k="disused:amenity" v="ferry_terminal"/>
    <tag k="disused:ferry" v="yes"/>
    <tag k="disused:public_transport" v="stop_position"/>
    <tag k="name" v="Ołowianka"/>
  </node>
  <node id="634162311" lat="54.3508659" lon="18.6577279">
    <tag k="disused:amenity" v="ferry_terminal"/>
    <tag k="disused:ferry" v="yes"/>
    <tag k="disused:public_transport" v="station"/>
    <tag k="name" v="Przystań"/>
    <tag k="name:en" v="Ferry to Maritime Museum"/>
  </node>
  <node id="746495953" lat="54.3481516" lon="18.6513074"/>
  <node id="746495974" lat="54.3483092" lon="18.6525785"/>
  <node id="746495994" lat="54.3479965" lon="18.6518483"/>
  <node id="746496072" lat="54.3518612" lon="18.6473252"/>
  <node id="746799985" lat="54.3498473" lon="18.6456604"/>
  <node id="746800003" lat="54.3517933" lon="18.6453953"/>
  <node id="747169622" lat="54.3529504" lon="18.6505977"/>
  <node id="747169623" lat="54.3499102" lon="18.6576648"/>
  <node id="747169628" lat="54.3528643" lon="18.6503806"/>
  <node id="747169632" lat="54.3527480" lon="18.6501180"/>
  <node id="747169639" lat="54.3525012" lon="18.6494552">
    <tag k="crossing" v="uncontrolled"/>
    <tag k="crossing:island" v="no"/>
    <tag k="crossing:markings" v="zebra"/>
    <tag k="crossing_ref" v="zebra"/>
    <tag k="highway" v="crossing"/>
    <tag k="kerb" v="flush"/>
    <tag k="tactile_paving" v="no"/>
  </node>
  <node id="762213810" lat="54.3224650" lon="18.6675424"/>
  <node id="762213815" lat="54.3135341" lon="18.7093338"/>
  <node id="762213832" lat="54.3134570" lon="18.6910574"/>
  <node id="762213839" lat="54.3418396" lon="18.6548568"/>
  <node id="762213842" lat="54.3223897" lon="18.6646966"/>
  <node id="762213847" lat="54.3156128" lon="18.7027297"/>
  <node id="762213861" lat="54.3162724" lon="18.6764199"/>
  <node id="762213870" lat="54.3397883" lon="18.6520121"/>
  <node id="762213874" lat="54.3277218" lon="18.6553378"/>
  <node id="762213882" lat="54.3156190" lon="18.7003718"/>
  <node id="762213889" lat="54.3210206" lon="18.6712027"/>
  <node id="762213890" lat="54.3135299" lon="18.7117017"/>
  <node id="762214004" lat="54.3321980" lon="18.6571444"/>
  <node id="762214007" lat="54.3143680" lon="18.6926795"/>
  <node id="762214016" lat="54.3444841" lon="18.6537887"/>
  <node id="762214018" lat="54.3221619" lon="18.6653811"/>
  <node id="762214022" lat="54.3127382" lon="18.7056434"/>
  <node id="762214033" lat="54.3133490" lon="18.6877303"/>
  <node id="762214051" lat="54.3351367" lon="18.6501259"/>
  <node id="762214052" lat="54.3403177" lon="18.6521963"/>
  <node id="762214056" lat="54.3244144" lon="18.6624527"/>
  <node id="762214058" lat="54.3158990" lon="18.7013854"/>
  <node id="762214069" lat="54.3201867" lon="18.6716508"/>
  <node id="762214071" lat="54.3126276" lon="18.7156498"/>
  <node id="762214084" lat="54.3309387" lon="18.6567001"/>
  <node id="762214086" lat="54.3145361" lon="18.6983981"/>
  <node id="762214101" lat="54.3234951" lon="18.6704230"/>
  <node id="762214103" lat="54.3129554" lon="18.7069757"/>
  <node id="762214111" lat="54.3334681" lon="18.6556464"/>
  <node id="762214114" lat="54.3132117" lon="18.6898266"/>
  <node id="762214125" lat="54.3432849" lon="18.6522212"/>
  <node id="762214128" lat="54.3237709" lon="18.6632116"/>
  <node id="762214131" lat="54.3128557" lon="18.7039993"/>
  <node id="762214144" lat="54.3141892" lon="18.6846866"/>
  <node id="762214145" lat="54.3100564" lon="18.7166547"/>
  <node id="762214163" lat="54.3392261" lon="18.6519950"/>
  <node id="762214165" lat="54.3245354" lon="18.6584133"/>
  <node id="762214167" lat="54.3149219" lon="18.6994863"/>
  <node id="762214170" lat="54.3341659" lon="18.6506281"/>
  <node id="762214172" lat="54.3230496" lon="18.6708539"/>
  <node id="762214173" lat="54.3134096" lon="18.7150311"/>
  <node id="762214179" lat="54.3328754" lon="18.6568709"/>
  <node id="762214182" lat="54.3151110" lon="18.6958718"/>
  <node id="762214191" lat="54.3229476" lon="18.6685339"/>
  <node id="762214193" lat="54.3127798" lon="18.7044744"/>
  <node id="762214213" lat="54.3135341" lon="18.6866515"/>
  <node id="762214220" lat="54.3419376" lon="18.6546969"/>
  <node id="762214223" lat="54.3247419" lon="18.6611814"/>
  <node id="762214227" lat="54.3147477" lon="18.7031458"/>
  <node id="762214233" lat="54.3135221" lon="18.6866992"/>
  <node id="762214241" lat="54.3155630" lon="18.6783189"/>
  <node id="762214242" lat="54.3132167" lon="18.7154045"/>
  <node id="762214250" lat="54.3434181" lon="18.6522615"/>
  <node id="762214259" lat="54.3251647" lon="18.6565114"/>
  <node id="762214261" lat="54.3145548" lon="18.6973098"/>
  <node id="762214265" lat="54.3348185" lon="18.6498020"/>
  <node id="762214271" lat="54.3234661" lon="18.6694182"/>
  <node id="762214273" lat="54.3132414" lon="18.7136739"/>
  <node id="762214279" lat="54.3336699" lon="18.6530415"/>
  <node id="762214282" lat="54.3388649" lon="18.6518396"/>
  <node id="762214284" lat="54.3152137" lon="18.6936575"/>
  <node id="762214298" lat="54.3221556" lon="18.6662640"/>
  <node id="762214302" lat="54.3132104" lon="18.7034232"/>
  <node id="762214312" lat="54.3150532" lon="18.6808932"/>
  <node id="762214326" lat="54.3408337" lon="18.6529358"/>
  <node id="762214329" lat="54.3247682" lon="18.6573420"/>
  <node id="762214331" lat="54.3158804" lon="18.7022176"/>
  <node id="762214335" lat="54.3344456" lon="18.6500178"/>
  <node id="762214342" lat="54.3180461" lon="18.6740407"/>
  <node id="762214344" lat="54.3132559" lon="18.7140818"/>
  <node id="762214351" lat="54.3290896" lon="18.6553153"/>
  <node id="762214352" lat="54.3153391" lon="18.6951173"/>
  <node id="762371062" lat="54.3072369" lon="18.7177582"/>
  <node id="762371068" lat="54.2997688" lon="18.7175124"/>
  <node id="762371071" lat="54.2947462" lon="18.7171817"/>
  <node id="762371093" lat="54.3030764" lon="18.7162817"/>
  <node id="762371096" lat="54.2875463" lon="18.7213875"/>
  <node id="762371100" lat="54.2907686" lon="18.7203793"/>
  <node id="762371123" lat="54.3024988" lon="18.7164663"/>
  <node id="762371128" lat="54.2872197" lon="18.7218852"/>
  <node id="762371141" lat="54.3044812" lon="18.7165502"/>
  <node id="762371143" lat="54.2889852" lon="18.7197408"/>
  <node id="762371150" lat="54.2917932" lon="18.7186559"/>
  <node id="762371173" lat="54.3038400" lon="18.7163488"/>
  <node id="762371178" lat="54.2883243" lon="18.7200813"/>
  <node id="762371183" lat="54.2913044" lon="18.7197753"/>
  <node id="762371188" lat="54.3064978" lon="18.7178672"/>
  <node id="762371194" lat="54.2991062" lon="18.7173272"/>
  <node id="762371198" lat="54.2933960" lon="18.7180439"/>
  <node id="762371226" lat="54.3057881" lon="18.7176491"/>
  <node id="762371228" lat="54.2902092" lon="18.7203632"/>
  <node id="762371232" lat="54.2985375" lon="18.7165621"/>
  <node id="762371235" lat="54.2921552" lon="18.7179956"/>
  <node id="762371245" lat="54.3010376" lon="18.7173111"/>
  <node id="762371249" lat="54.2958493" lon="18.7172869"/>
  <node id="762371266" lat="54.2860956" lon="18.7226278"/>
  <node id="764323375" lat="54.3534493" lon="18.6609073"/>
  <node id="764323431" lat="54.3452731" lon="18.6574158"/>
  <node id="764323446" lat="54.3454611" lon="18.6562982"/>
  <node id="764323449" lat="54.3463103" lon="18.6598452"/>
  <node id="764323451" lat="54.3473156" lon="18.6601290"/>
  <node id="764323459" lat="54.3457812" lon="18.6554380"/>
  <node id="764323481" lat="54.3472412" lon="18.6601181"/>
  <node id="764323497" lat="54.3528443" lon="18.6612439"/>
  <node id="764323506" lat="54.3475503" lon="18.6604438"/>
  <node id="764323510" lat="54.3519538" lon="18.6588893"/>
  <node id="764323521" lat="54.3506293" lon="18.6597219"/>
  <node id="764323523" lat="54.3519294" lon="18.6612187"/>
  <node id="764323538" lat="54.3439595" lon="18.6547083"/>
  <node id="764323560" lat="54.3471978" lon="18.6604853"/>
  <node id="764323575" lat="54.3541509" lon="18.6649838"/>
  <node id="764323579" lat="54.3474768" lon="18.6601386"/>
  <node id="764323601" lat="54.3539753" lon="18.6648684"/>
  <node id="764323619" lat="54.3458286" lon="18.6560544">
    <tag k="button_operated" v="yes"/>
    <tag k="crossing" v="traffic_signals"/>
    <tag k="crossing:island" v="no"/>
    <tag k="highway" v="crossing"/>
    <tag k="tactile_paving" v="incorrect"/>
    <tag k="traffic_signals:sound" v="yes"/>
    <tag k="traffic_signals:vibration" v="yes"/>
  </node>
  <node id="764323622" lat="54.3429234" lon="18.6567396"/>
  <node id="764323633" lat="54.3436273" lon="18.6518938"/>
  <node id="764323642" lat="54.3461120" lon="18.6571925">
    <tag k="crossing" v="unmarked"/>
    <tag k="highway" v="crossing"/>
  </node>
  <node id="764323645" lat="54.3471958" lon="18.6600431"/>
  <node id="764323646" lat="54.3452947" lon="18.6595987"/>
  <node id="818729846" lat="54.3522203" lon="18.6589506"/>
  <node id="819158760" lat="54.3516579" lon="18.6588224"/>
  <node id="819158773" lat="54.3513831" lon="18.6594204"/>
  <node id="819158860" lat="54.3507619" lon="18.6593899"/>
  <node id="819332529" lat="54.3535097" lon="18.6617932"/>
  <node id="836756353" lat="54.3450431" lon="18.6472688">
    <tag k="barrier" v="gate"/>
    <tag k="bicycle" v="yes"/>
    <tag k="foot" v="yes"/>
    <tag k="motorcar" v="yes"/>
  </node>
  <node id="836756411" lat="54.3449467" lon="18.6472218"/>
  <node id="1074013167" lat="54.1784240" lon="18.7757073"/>
  <node id="1074013172" lat="54.2508337" lon="18.7469197"/>
  <node id="1074013175" lat="54.2498285" lon="18.7472806"/>
  <node id="1074013178" lat="54.2504054" lon="18.7469726"/>
  <node id="1074013182" lat="54.2706907" lon="18.7412055"/>
  <node id="1074013183" lat="54.2802001" lon="18.7288244"/>
  <node id="1074013185" lat="54.1999329" lon="18.7673909"/>
  <node id="1074013186" lat="54.2160637" lon="18.7597681"/>
  <node id="1074013188" lat="54.2483329" lon="18.7486722"/>
  <node id="1074013191" lat="54.2474868" lon="18.7468425"/>
  <node id="1074013194" lat="54.1774252" lon="18.7765371"/>
  <node id="1074013197" lat="54.2790476" lon="18.7313028"/>
  <node id="1074013207" lat="54.2799621" lon="18.7301977"/>
  <node id="1074013211" lat="54.2052345" lon="18.7658646"/>
  <node id="1074013214" lat="54.2253991" lon="18.7530283"/>
  <node id="1074013222" lat="54.2386865" lon="18.7440595"/>
  <node id="1074013225" lat="54.1625118" lon="18.7933205"/>
  <node id="1074013228" lat="54.1919828" lon="18.7688762"/>
  <node id="1074013230" lat="54.2097181" lon="18.7644554"/>
  <node id="1074013234" lat="54.2448274" lon="18.7434083"/>
  <node id="1074013237" lat="54.2111034" lon="18.7633699"/>
  <node id="1074013239" lat="54.1929706" lon="18.7693555"/>
  <node id="1074013242" lat="54.2266251" lon="18.7506830"/>
  <node id="1074013247" lat="54.1744487" lon="18.7776848"/>
  <node id="1074013248" lat="54.2800060" lon="18.7293716"/>
  <node id="1074013262" lat="54.2082467" lon="18.7667784"/>
  <node id="1074013266" lat="54.1549050" lon="18.7973495"/>
  <node id="1074013274" lat="54.2251495" lon="18.7553798"/>
  <node id="1074013279" lat="54.2187453" lon="18.7580590"/>
  <node id="1074013282" lat="54.2640804" lon="18.7441452"/>
  <node id="1074013285" lat="54.2784024" lon="18.7313564"/>
  <node id="1074013289" lat="54.2828246" lon="18.7267001"/>
  <node id="1074013293" lat="54.2228977" lon="18.7582429"/>
  <node id="1074013300" lat="54.2248322" lon="18.7567974"/>
  <node id="1074013303" lat="54.1625935" lon="18.7932568"/>
  <node id="1074013308" lat="54.2245420" lon="18.7571684"/>
  <node id="1074013313" lat="54.2481199" lon="18.7486179"/>
  <node id="1074013332" lat="54.2762413" lon="18.7339421"/>
  <node id="1074013333" lat="54.1976968" lon="18.7680239"/>
  <node id="1074013342" lat="54.1957426" lon="18.7697472"/>
  <node id="1074013346" lat="54.2256577" lon="18.7521866"/>
  <node id="1074013349" lat="54.2424941" lon="18.7444349"/>
  <node id="1074013352" lat="54.2847536" lon="18.7234278"/>
  <node id="1074013354" lat="54.2619373" lon="18.7444027"/>
  <node id="1074013356" lat="54.2252483" lon="18.7539836"/>
  <node id="1074013358" lat="54.2825051" lon="18.7288781"/>
  <node id="1074013360" lat="54.2198659" lon="18.7582739"/>
  <node id="1074013361" lat="54.2525437" lon="18.7470461"/>
  <node id="1074013363" lat="54.2456574" lon="18.7437301"/>
  <node id="1074013380" lat="54.1715571" lon="18.7783949"/>
  <node id="1074013383" lat="54.1709088" lon="18.7783927"/>
  <node id="1074013385" lat="54.2433028" lon="18.7438448"/>
  <node id="1074013389" lat="54.2462493" lon="18.7446280"/>
  <node id="1074013390" lat="54.2128370" lon="18.7615873"/>
  <node id="1074013391" lat="54.2044290" lon="18.7657261"/>
  <node id="1074013395" lat="54.2098459" lon="18.7630873"/>
  <node id="1074013397" lat="54.1706610" lon="18.7787294"/>
  <node id="1074013400" lat="54.1677921" lon="18.7841713"/>
  <node id="1074013405" lat="54.2478792" lon="18.7482007"/>
  <node id="1074013411" lat="54.2439736" lon="18.7433868"/>
  <node id="1074013413" lat="54.2098238" lon="18.7639185"/>
  <node id="1074013433" lat="54.2348893" lon="18.7440280"/>
  <node id="1074013438" lat="54.2291881" lon="18.7495599"/>
  <node id="1074013446" lat="54.2196713" lon="18.7582645"/>
  <node id="1074013452" lat="54.2565769" lon="18.7473451"/>
  <node id="1074013459" lat="54.2535432" lon="18.7466887"/>
  <node id="1074013462" lat="54.1936069" lon="18.7695266"/>
  <node id="1074013467" lat="54.1637776" lon="18.7914304"/>
  <node id="1074013468" lat="54.2765545" lon="18.7330945"/>
  <node id="1074013471" lat="54.2307873" lon="18.7492964"/>
  <node id="1074013473" lat="54.2727018" lon="18.7380620"/>
  <node id="1074013475" lat="54.2171931" lon="18.7581659"/>
  <node id="1074013485" lat="54.2607341" lon="18.7471326"/>
  <node id="1074013490" lat="54.2512955" lon="18.7469698"/>
  <node id="1074013507" lat="54.2130327" lon="18.7612905"/>
  <node id="1074013512" lat="54.2022390" lon="18.7665192"/>
  <node id="1074013516" lat="54.2354016" lon="18.7434146"/>
  <node id="1074013520" lat="54.2174670" lon="18.7575797"/>
  <node id="1074013527" lat="54.2482529" lon="18.7486890"/>
  <node id="1074013532" lat="54.2170414" lon="18.7588212"/>
  <node id="1074013535" lat="54.1951011" lon="18.7700171"/>
  <node id="1074013537" lat="54.2443999" lon="18.7433029"/>
  <node id="1074013543" lat="54.2583765" lon="18.7468537"/>
  <node id="1074013548" lat="54.2787156" lon="18.7313779"/>
  <node id="1074013551" lat="54.1943671" lon="18.7700748"/>
  <node id="1074013554" lat="54.2275575" lon="18.7500323"/>
  <node id="1074013576" lat="54.2404833" lon="18.7432236"/>
  <node id="1074013581" lat="54.2224723" lon="18.7580479"/>
  <node id="1074013585" lat="54.2687861" lon="18.7418492"/>
  <node id="1074013588" lat="54.2102151" lon="18.7627723"/>
  <node id="1074013591" lat="54.2777823" lon="18.7313028"/>
  <node id="1074013594" lat="54.2172549" lon="18.7577785"/>
  <node id="1074013597" lat="54.2312514" lon="18.7490718"/>
  <node id="1074013601" lat="54.2063539" lon="18.7669654"/>
  <node id="1074013604" lat="54.2733972" lon="18.7370535"/>
  <node id="1074013607" lat="54.2559524" lon="18.7474788"/>
  <node id="1074013615" lat="54.2624136" lon="18.7439199"/>
  <node id="1074013621" lat="54.2207229" lon="18.7578102"/>
  <node id="1074013625" lat="54.2219640" lon="18.7577354"/>
  <node id="1074013650" lat="54.2610592" lon="18.7467207"/>
  <node id="1074013652" lat="54.2340951" lon="18.7455988"/>
  <node id="1074013655" lat="54.2054691" lon="18.7660428"/>
  <node id="1074013657" lat="54.1600305" lon="18.7942925"/>
  <node id="1074013661" lat="54.2632470" lon="18.7439736"/>
  <node id="1074013662" lat="54.2627457" lon="18.7439092"/>
  <node id="1074013664" lat="54.2211644" lon="18.7575128"/>
  <node id="1074013677" lat="54.2061908" lon="18.7669118"/>
  <node id="1074013681" lat="54.2672197" lon="18.7426324"/>
  <node id="1074013687" lat="54.2167533" lon="18.7593558"/>
  <node id="1074013690" lat="54.2138219" lon="18.7607895"/>
  <node id="1074013695" lat="54.2569679" lon="18.7471069"/>
  <node id="1074013712" lat="54.2521980" lon="18.7471343"/>
  <node id="1074013716" lat="54.1863562" lon="18.7722844"/>
  <node id="1074013720" lat="54.2806261" lon="18.7284489"/>
  <node id="1074013723" lat="54.2657597" lon="18.7427612"/>
  <node id="1074013725" lat="54.2078057" lon="18.7669431"/>
  <node id="1074013729" lat="54.1835943" lon="18.7729879"/>
  <node id="1074013743" lat="54.2617243" lon="18.7449928"/>
  <node id="1074013747" lat="54.2730338" lon="18.7374826"/>
  <node id="1074013750" lat="54.2808453" lon="18.7285133"/>
  <node id="1074013756" lat="54.1757291" lon="18.7772803"/>
  <node id="1074013760" lat="54.1776408" lon="18.7764129"/>
  <node id="1074013763" lat="54.2638548" lon="18.7441559"/>
  <node id="1074013768" lat="54.2126289" lon="18.7619488"/>
  <node id="1074013788" lat="54.2119434" lon="18.7626315"/>
  <node id="1074013795" lat="54.2608812" lon="18.7470359"/>
  <node id="1074013800" lat="54.2012488" lon="18.7670148"/>
  <node id="1074013801" lat="54.2823235" lon="18.7290068"/>
  <node id="1074013808" lat="54.2136636" lon="18.7608631"/>
  <node id="1074013811" lat="54.2150412" lon="18.7599241"/>
  <node id="1074013814" lat="54.2577614" lon="18.7468662"/>
  <node id="1074013816" lat="54.1850291" lon="18.7728072"/>
  <node id="1074013821" lat="54.1768449" lon="18.7766156"/>
  <node id="1074013823" lat="54.1946176" lon="18.7701503"/>
  <node id="1074013827" lat="54.1810570" lon="18.7738903"/>
  <node id="1074013835" lat="54.1733485" lon="18.7780915"/>
  <node id="1074013858" lat="54.1583352" lon="18.7952574"/>
  <node id="1074013862" lat="54.2169128" lon="18.7591408"/>
  <node id="1074013863" lat="54.2084801" lon="18.7665787"/>
  <node id="1074013866" lat="54.2660480" lon="18.7426110"/>
  <node id="1074013869" lat="54.2182481" lon="18.7577346"/>
  <node id="1074013871" lat="54.2181443" lon="18.7576900"/>
  <node id="1074013876" lat="54.2330466" lon="18.7472157"/>
  <node id="1074013880" lat="54.2815844" lon="18.7289210"/>
  <node id="1074013887" lat="54.2642872" lon="18.7439950"/>
  <node id="1074013895" lat="54.1537816" lon="18.7980083"/>
  <node id="1074013901" lat="54.2458606" lon="18.7440057"/>
  <node id="1074013905" lat="54.2760408" lon="18.7341567"/>
  <node id="1074013911" lat="54.2316403" lon="18.7487322"/>
  <node id="1074013930" lat="54.2826492" lon="18.7286206"/>
  <node id="1074013935" lat="54.2719061" lon="18.7393280"/>
  <node id="1074013939" lat="54.2394971" lon="18.7437804"/>
  <node id="1074013946" lat="54.2798556" lon="18.7305303"/>
  <node id="1074013948" lat="54.2793107" lon="18.7311311"/>
  <node id="1074013950" lat="54.2690367" lon="18.7419780"/>
  <node id="1074013952" lat="54.1921741" lon="18.7689003"/>
  <node id="1074013957" lat="54.2844530" lon="18.7237819"/>
  <node id="1074013960" lat="54.2427198" lon="18.7444349"/>
  <node id="1074013964" lat="54.2419486" lon="18.7440916"/>
  <node id="1074013973" lat="54.2715177" lon="18.7396391"/>
  <node id="1074013996" lat="54.2549183" lon="18.7468167"/>
  <node id="1074013999" lat="54.2562437" lon="18.7474715"/>
  <node id="1074014001" lat="54.2358667" lon="18.7431796"/>
  <node id="1074014004" lat="54.2362555" lon="18.7435980"/>
  <node id="1074014008" lat="54.2668061" lon="18.7426754"/>
  <node id="1074014011" lat="54.1914042" lon="18.7692363"/>
  <node id="1074014015" lat="54.2035516" lon="18.7660839"/>
  <node id="1074014021" lat="54.2364436" lon="18.7440916"/>
  <node id="1074014022" lat="54.2368950" lon="18.7446924"/>
  <node id="1074014025" lat="54.1738658" lon="18.7778069"/>
  <node id="1074014026" lat="54.2059523" lon="18.7666436"/>
  <node id="1074014027" lat="54.2796552" lon="18.7307878"/>
  <node id="1074014029" lat="54.2360047" lon="18.7432547"/>
  <node id="1074014031" lat="54.2704338" lon="18.7416776"/>
  <node id="1074014045" lat="54.2284031" lon="18.7497355"/>
  <node id="1074014047" lat="54.1889768" lon="18.7707018"/>
  <node id="1074014048" lat="54.2682410" lon="18.7419136"/>
  <node id="1074014051" lat="54.2103477" lon="18.7628760"/>
  <node id="1074014054" lat="54.2773250" lon="18.7314315"/>
  <node id="1074014057" lat="54.2491912" lon="18.7478315"/>
  <node id="1074014062" lat="54.2250104" lon="18.7562828"/>
  <node id="1074014064" lat="54.2694627" lon="18.7423213"/>
  <node id="1074014066" lat="54.2155108" lon="18.7598452"/>
  <node id="1074014068" lat="54.2769742" lon="18.7316783"/>
  <node id="1074014070" lat="54.2214396" lon="18.7575201"/>
  <node id="1074014073" lat="54.2752640" lon="18.7347038"/>
  <node id="1074014088" lat="54.2742366" lon="18.7363775"/>
  <node id="1074014092" lat="54.2109689" lon="18.7633724"/>
  <node id="1074014093" lat="54.2767675" lon="18.7320002"/>
  <node id="1074014094" lat="54.2621692" lon="18.7440594"/>
  <node id="1074014097" lat="54.2099356" lon="18.7628605"/>
  <node id="1074014099" lat="54.2429643" lon="18.7441989"/>
  <node id="1074014102" lat="54.2088241" lon="18.7661420"/>
  <node id="1074014109" lat="54.2547021" lon="18.7466498"/>
  <node id="1074014115" lat="54.2556871" lon="18.7473965"/>
  <node id="1074014117" lat="54.1711380" lon="18.7784481"/>
  <node id="1074014130" lat="54.1972733" lon="18.7684117"/>
  <node id="1074014131" lat="54.2148645" lon="18.7600259"/>
  <node id="1074014136" lat="54.2697259" lon="18.7423320"/>
  <node id="1074014140" lat="54.2094373" lon="18.7651471"/>
  <node id="1074014144" lat="54.2827244" lon="18.7282987"/>
  <node id="1074014147" lat="54.2233618" lon="18.7580927"/>
  <node id="1074014149" lat="54.2020635" lon="18.7665906"/>
  <node id="1074014153" lat="54.1634686" lon="18.7918800"/>
  <node id="1074014156" lat="54.2700830" lon="18.7420853"/>
  <node id="1074014158" lat="54.2652898" lon="18.7431152"/>
  <node id="1074014160" lat="54.2098113" lon="18.7633820"/>
  <node id="1074014162" lat="54.2674953" lon="18.7425144"/>
  <node id="1074014163" lat="54.1821424" lon="18.7732954"/>
  <node id="1074014181" lat="54.1985537" lon="18.7676478"/>
  <node id="1074014183" lat="54.2828891" lon="18.7262930"/>
  <node id="1074014186" lat="54.2781331" lon="18.7312813"/>
  <node id="1074014187" lat="54.2073904" lon="18.7669950"/>
  <node id="1074014189" lat="54.1591959" lon="18.7947317"/>
  <node id="1074014191" lat="54.2479883" lon="18.7484668"/>
  <node id="1074014193" lat="54.2105717" lon="18.7631386"/>
  <node id="1074014195" lat="54.2260909" lon="18.7512935"/>
  <node id="1074014197" lat="54.2720941" lon="18.7391563"/>
  <node id="1074014201" lat="54.2712734" lon="18.7399288"/>
  <node id="1074014203" lat="54.2679151" lon="18.7421711"/>
  <node id="1074014208" lat="54.1642555" lon="18.7908286"/>
  <node id="1074014212" lat="54.2357099" lon="18.7432225"/>
  <node id="1074014214" lat="54.2820229" lon="18.7290497"/>
  <node id="1074014221" lat="54.2050449" lon="18.7657746"/>
  <node id="1074014223" lat="54.2553435" lon="18.7471465"/>
  <node id="1074014225" lat="54.2355971" lon="18.7432869"/>
  <node id="1074014230" lat="54.2709852" lon="18.7404652"/>
  <node id="1074014240" lat="54.2684916" lon="18.7418385"/>
  <node id="1074014246" lat="54.2470705" lon="18.7456794"/>
  <node id="1074014248" lat="54.2376412" lon="18.7447460"/>
  <node id="1074014252" lat="54.2272253" lon="18.7501932"/>
  <node id="1074014256" lat="54.2134678" lon="18.7608870"/>
  <node id="1074014259" lat="54.2543140" lon="18.7465506"/>
  <node id="1074014263" lat="54.2766735" lon="18.7322899"/>
  <node id="1074014285" lat="54.1735976" lon="18.7779368"/>
  <node id="1074014288" lat="54.1871534" lon="18.7719909"/>
  <node id="1074014291" lat="54.2345475" lon="18.7446317"/>
  <node id="1074014294" lat="54.2408953" lon="18.7432762"/>
  <node id="1074014298" lat="54.2100181" lon="18.7627769"/>
  <node id="1074014303" lat="54.2799872" lon="18.7298115"/>
  <node id="1074014306" lat="54.2764229" lon="18.7335880"/>
  <node id="1074014310" lat="54.2803755" lon="18.7285455"/>
  <node id="1074014312" lat="54.2406884" lon="18.7432225"/>
  <node id="1074014316" lat="54.2096188" lon="18.7647414"/>
  <node id="1074014319" lat="54.2366568" lon="18.7445207"/>
  <node id="1074014321" lat="54.2380300" lon="18.7445958"/>
  <node id="1074014326" lat="54.2335028" lon="18.7465945"/>
  <node id="1074014338" lat="54.2026399" lon="18.7664483"/>
  <node id="1113468913" lat="54.3446408" lon="18.6451780">
    <tag k="bus" v="yes"/>
    <tag k="name" v="Toruńska 02"/>
    <tag k="network" v="ZTM Gdańsk"/>
    <tag k="old_name" v="Thornscher Weg"/>
    <tag k="operator" v="ZTM Gdańsk"/>
    <tag k="public_transport" v="stop_position"/>
    <tag k="ref:ztm" v="1005"/>
  </node>
  <node id="1118896333" lat="54.3530217" lon="18.6471123"/>
  <node id="1118907573" lat="54.3528823" lon="18.6488514"/>
  <node id="1118941800" lat="54.3517299" lon="18.6457970">
    <tag k="bicycle" v="yes"/>
    <tag k="button_operated" v="no"/>
    <tag k="crossing" v="traffic_signals"/>
    <tag k="highway" v="crossing"/>
    <tag k="tactile_paving" v="no"/>
    <tag k="traffic_signals:sound" v="yes"/>
    <tag k="traffic_signals:vibration" v="no"/>
  </node>
  <node id="1118941802" lat="54.3517911" lon="18.6448676"/>
  <node id="1118941824" lat="54.3519475" lon="18.6466446"/>
  <node id="1118941837" lat="54.3518402" lon="18.6471091"/>
  <node id="1119354422" lat="54.3513989" lon="18.6514335"/>
  <node id="1119354426" lat="54.3512907" lon="18.6521051"/>
  <node id="1119354427" lat="54.3513596" lon="18.6515997"/>
  <node id="1119354437" lat="54.3511617" lon="18.6516608"/>
  <node id="1119354440" lat="54.3526459" lon="18.6534979"/>
  <node id="1119354480" lat="54.3507624" lon="18.6529295"/>
  <node id="1119413893" lat="54.3514067" lon="18.6507434"/>
  <node id="1119413895" lat="54.3512218" lon="18.6505688"/>
  <node id="1119413903" lat="54.3511359" lon="18.6513142"/>
  <node id="1119454969" lat="54.3518131" lon="18.6547178"/>
  <node id="1119454990" lat="54.3514401" lon="18.6544789"/>
  <node id="1119861578" lat="54.3522487" lon="18.6571518"/>
  <node id="1119861582" lat="54.3527096" lon="18.6572839"/>
  <node id="1120105333" lat="54.3498072" lon="18.6555608"/>
  <node id="1120105343" lat="54.3509201" lon="18.6570886"/>
  <node id="1120279634" lat="54.3479445" lon="18.6538474"/>
  <node id="1120339846" lat="54.3504160" lon="18.6535608"/>
  <node id="1120414163" lat="54.3492245" lon="18.6490979"/>
  <node id="1120414164" lat="54.3492962" lon="18.6487807"/>
  <node id="1120414167" lat="54.3489229" lon="18.6485883"/>
  <node id="1120414170" lat="54.3487745" lon="18.6490286"/>
  <node id="1120414172" lat="54.3485330" lon="18.6498046"/>
  <node id="1120414195" lat="54.3489610" lon="18.6500827"/>
  <node id="1120414209" lat="54.3491067" lon="18.6494361"/>
  <node id="1120435676" lat="54.3476927" lon="18.6504641"/>
  <node id="1121896353" lat="54.3494635" lon="18.6504302"/>
  <node id="1121896356" lat="54.3494551" lon="18.6506491"/>
  <node id="1121896358" lat="54.3498678" lon="18.6506471"/>
  <node id="1121896360" lat="54.3498041" lon="18.6508591"/>
  <node id="1121896612" lat="54.3496328" lon="18.6505218"/>
  <node id="1121896626" lat="54.3497717" lon="18.6500191"/>
  <node id="1121896629" lat="54.3498376" lon="18.6500704"/>
  <node id="1121896630" lat="54.3499843" lon="18.6495836"/>
  <node id="1127284082" lat="54.3465573" lon="18.6577572"/>
  <node id="1127323523" lat="54.3454339" lon="18.6592272"/>
  <node id="1127380417" lat="54.3467396" lon="18.6485913"/>
  <node id="1127380434" lat="54.3467550" lon="18.6484744"/>
  <node id="1127380436" lat="54.3467805" lon="18.6481346"/>
  <node id="1127380440" lat="54.3469060" lon="18.6477827"/>
  <node id="1127418465" lat="54.3445552" lon="18.6627132"/>
  <node id="1127879676" lat="54.3458184" lon="18.6621387"/>
  <node id="1127879961" lat="54.3453050" lon="18.6604593"/>
  <node id="1127879973" lat="54.3450433" lon="18.6615682"/>
  <node id="1127879975" lat="54.3454817" lon="18.6617445"/>
  <node id="1127879988" lat="54.3452369" lon="18.6619301"/>
  <node id="1127880013" lat="54.3465386" lon="18.6606649"/>
  <node id="1127880016" lat="54.3464472" lon="18.6613108"/>
  <node id="1127880025" lat="54.3460406" lon="18.6605816"/>
  <node id="1127880062" lat="54.3466208" lon="18.6635363"/>
  <node id="1127880133" lat="54.3477157" lon="18.6635633">
    <tag k="crossing" v="uncontrolled"/>
    <tag k="highway" v="crossing"/>
    <tag k="traffic_calming" v="hump"/>
  </node>
  <node id="1127880884" lat="54.3480085" lon="18.6633258"/>
  <node id="1127880886" lat="54.3477375" lon="18.6613075"/>
  <node id="1127880888" lat="54.3475704" lon="18.6613578"/>
  <node id="1127880923" lat="54.3488944" lon="18.6603030"/>
  <node id="1127880949" lat="54.3489058" lon="18.6613471">
    <tag k="barrier" v="bollard"/>
  </node>
  <node id="1208155715" lat="54.3448714" lon="18.6508316"/>
  <node id="1208155717" lat="54.3445034" lon="18.6512551"/>
  <node id="1210259538" lat="54.3468076" lon="18.6035872"/>
  <node id="1210268731" lat="54.3470084" lon="18.6042348"/>
  <node id="1210268732" lat="54.3476808" lon="18.6063874"/>
  <node id="1210268733" lat="54.3479819" lon="18.6079680"/>
  <node id="1210268742" lat="54.3484725" lon="18.6109153"/>
  <node id="1210268743" lat="54.3491847" lon="18.6111228"/>
  <node id="1210268745" lat="54.3489242" lon="18.6162941"/>
  <node id="1210268746" lat="54.3488824" lon="18.6175099"/>
  <node id="1210268747" lat="54.3490197" lon="18.6217809"/>
  <node id="1210268748" lat="54.3491221" lon="18.6238418"/>
  <node id="1210268749" lat="54.3491931" lon="18.6243896"/>
  <node id="1210268750" lat="54.3495833" lon="18.6268212"/>
  <node id="1210268751" lat="54.3498980" lon="18.6288263"/>
  <node id="1210268752" lat="54.3501437" lon="18.6301218"/>
  <node id="1210268753" lat="54.3503162" lon="18.6309113"/>
  <node id="1210268754" lat="54.3507716" lon="18.6330107"/>
  <node id="1210268756" lat="54.3512133" lon="18.6363216"/>
  <node id="1210268759" lat="54.3517346" lon="18.6423092"/>
  <node id="1272525183" lat="54.3337862" lon="18.6521823"/>
  <node id="1276059774" lat="54.3222602" lon="18.6649782"/>
  <node id="1276059775" lat="54.3221338" lon="18.6657455"/>
  <node id="1387535087" lat="54.3602620" lon="18.6628961"/>
  <node id="1387576105" lat="54.3529828" lon="18.6526409"/>
  <node id="1388960010" lat="54.3511748" lon="18.6538965"/>
  <node id="1391177243" lat="54.3512363" lon="18.6584808"/>
  <node id="1391177258" lat="54.3511234" lon="18.6586133"/>
  <node id="1391177259" lat="54.3512212" lon="18.6586587"/>
  <node id="1391177283" lat="54.3513489" lon="18.6585049"/>
  <node id="1391177291" lat="54.3517607" lon="18.6587941"/>
  <node id="1391177296" lat="54.3511341" lon="18.6584840"/>
  <node id="1391177299" lat="54.3515821" lon="18.6567828"/>
  <node id="1391177301" lat="54.3513367" lon="18.6587029"/>
  <node id="1391177308" lat="54.3517772" lon="18.6586353"/>
  <node id="1391177323" lat="54.3520602" lon="18.6557549"/>
  <node id="1391202929" lat="54.3493276" lon="18.6529935"/>
  <node id="1391202934" lat="54.3501486" lon="18.6525213"/>
  <node id="1391202935" lat="54.3494840" lon="18.6531608"/>
  <node id="1391202940" lat="54.3498060" lon="18.6518204"/>
  <node id="1391202941" lat="54.3494692" lon="18.6535461"/>
  <node id="1391202942" lat="54.3495268" lon="18.6525087"/>
  <node id="1391202945" lat="54.3501367" lon="18.6533818"/>
  <node id="1391294772" lat="54.3514502" lon="18.6527263">
    <tag k="crossing" v="uncontrolled"/>
    <tag k="crossing:island" v="no"/>
    <tag k="highway" v="crossing"/>
    <tag k="tactile_paving" v="no"/>
  </node>
  <node id="1391294778" lat="54.3519675" lon="18.6533516"/>
  <node id="1408521667" lat="54.3508276" lon="18.6603189"/>
  <node id="1408521670" lat="54.3535666" lon="18.6644111"/>
  <node id="1408521675" lat="54.3538963" lon="18.6650738"/>
  <node id="1408521680" lat="54.3513970" lon="18.6610032"/>
  <node id="1408521683" lat="54.3531101" lon="18.6631245"/>
  <node id="1408521686" lat="54.3524808" lon="18.6622174"/>
  <node id="1426116013" lat="54.3373846" lon="18.6511446"/>
  <node id="1426217347" lat="54.3515838" lon="18.6487392"/>
  <node id="1426217379" lat="54.3520904" lon="18.6475436"/>
  <node id="1429424588" lat="54.3388824" lon="18.6519025"/>
  <node id="1429424655" lat="54.3391552" lon="18.6520269"/>
  <node id="1429424657" lat="54.3392222" lon="18.6520920"/>
  <node id="1434998423" lat="54.3513242" lon="18.6371617"/>
  <node id="1434998440" lat="54.3513053" lon="18.6377787"/>
  <node id="1434998447" lat="54.3513477" lon="18.6384729"/>
  <node id="1434998453" lat="54.3514357" lon="18.6395687"/>
  <node id="1434998462" lat="54.3516866" lon="18.6416962"/>
  <node id="1444813315" lat="54.3474106" lon="18.6459979"/>
  <node id="1445280870" lat="54.3455632" lon="18.6551057"/>
  <node id="1445280917" lat="54.3598400" lon="18.6643770"/>
  <node id="1445281089" lat="54.3604451" lon="18.6646525"/>
  <node id="1445281138" lat="54.3458885" lon="18.6553022"/>
  <node id="1445281158" lat="54.3453293" lon="18.6583481"/>
  <node id="1450961032" lat="54.3600430" lon="18.6631590"/>
  <node id="1458918302" lat="54.2344451" lon="18.7448222"/>
  <node id="1515045095" lat="54.2350493" lon="18.7436429"/>
  <node id="1521392212" lat="54.3523525" lon="18.6474328"/>
  <node id="1521392225" lat="54.3524023" lon="18.6473868"/>
  <node id="1521392230" lat="54.3524598" lon="18.6473493"/>
  <node id="1521392243" lat="54.3525305" lon="18.6473252"/>
  <node id="1521392280" lat="54.3527388" lon="18.6472755"/>
  <node id="1521392343" lat="54.3528676" lon="18.6472195"/>
  <node id="1521392345" lat="54.3529147" lon="18.6462465"/>
  <node id="1521392385" lat="54.3532223" lon="18.6469665">
    <tag k="crossing:markings" v="no"/>
    <tag k="crossing:signals" v="no"/>
    <tag k="highway" v="crossing"/>
    <tag k="tactile_paving" v="no"/>
  </node>
  <node id="1521392439" lat="54.3532038" lon="18.6453915"/>
  <node id="1521392445" lat="54.3532762" lon="18.6487261"/>
  <node id="1521392497" lat="54.3534742" lon="18.6454273"/>
  <node id="1521392508" lat="54.3535081" lon="18.6452343"/>
  <node id="1521443653" lat="54.3462478" lon="18.6547077"/>
  <node id="1523267701" lat="54.3495698" lon="18.6457399"/>
  <node id="1523267808" lat="54.3512726" lon="18.6463493"/>
  <node id="1523267892" lat="54.3517725" lon="18.6464455"/>
  <node id="1523267914" lat="54.3518957" lon="18.6464209"/>
  <node id="1523267926" lat="54.3519538" lon="18.6464034"/>
  <node id="1523267969" lat="54.3521715" lon="18.6512421"/>
  <node id="1523267973" lat="54.3522186" lon="18.6462269">
    <tag k="railway" v="switch"/>
    <tag k="railway:turnout_side" v="right"/>
  </node>
  <node id="1523267986" lat="54.3522583" lon="18.6512810"/>
  <node id="1523268097" lat="54.3527321" lon="18.6513993"/>
  <node id="1523268132" lat="54.3530175" lon="18.6507663"/>
  <node id="1523268133" lat="54.3530433" lon="18.6513010">
    <tag k="crossing" v="unmarked"/>
    <tag k="crossing:markings" v="no"/>
    <tag k="highway" v="crossing"/>
    <tag k="tactile_paving" v="yes"/>
  </node>
  <node id="1559178656" lat="54.3454223" lon="18.6452598">
    <tag k="highway" v="traffic_signals"/>
    <tag k="traffic_signals" v="traffic_lights"/>
    <tag k="traffic_signals:direction" v="forward"/>
  </node>
  <node id="1560933026" lat="54.3513431" lon="18.6539848">
    <tag k="crossing:island" v="no"/>
    <tag k="crossing:markings" v="yes"/>
    <tag k="crossing:signals" v="no"/>
    <tag k="highway" v="crossing"/>
    <tag k="tactile_paving" v="no"/>
  </node>
  <node id="1560933038" lat="54.3514195" lon="18.6535333"/>
  <node id="1560933041" lat="54.3514234" lon="18.6535201"/>
  <node id="1560933043" lat="54.3514253" lon="18.6535499"/>
  <node id="1560933045" lat="54.3514261" lon="18.6534545"/>
  <node id="1560933047" lat="54.3514307" lon="18.6534717"/>
  <node id="1560933049" lat="54.3514315" lon="18.6534876"/>
  <node id="1560933053" lat="54.3514323" lon="18.6534379"/>
  <node id="1560933058" lat="54.3514392" lon="18.6535539"/>
  <node id="1560933060" lat="54.3514416" lon="18.6534306"/>
  <node id="1560933062" lat="54.3514524" lon="18.6535367"/>
  <node id="1560933066" lat="54.3514605" lon="18.6534306"/>
  <node id="1560933068" lat="54.3514694" lon="18.6534352"/>
  <node id="1560933072" lat="54.3514756" lon="18.6534975"/>
  <node id="1560933074" lat="54.3514771" lon="18.6534591"/>
  <node id="1560933077" lat="54.3514798" lon="18.6534783"/>
  <node id="1560933100" lat="54.3515496" lon="18.6526249">
    <tag k="crossing" v="unmarked"/>
    <tag k="highway" v="crossing"/>
    <tag k="tactile_paving" v="no"/>
  </node>
  <node id="1560933113" lat="54.3516277" lon="18.6526393"/>
  <node id="1560933137" lat="54.3519885" lon="18.6526926">
    <tag k="crossing" v="unmarked"/>
    <tag k="highway" v="crossing"/>
    <tag k="tactile_paving" v="no"/>
  </node>
  <node id="1561698904" lat="54.3544235" lon="18.6617853"/>
  <node id="1565594589" lat="54.3520411" lon="18.6580602"/>
  <node id="1565594890" lat="54.3524391" lon="18.6553872"/>
  <node id="1565594950" lat="54.3525061" lon="18.6554045">
    <tag k="barrier" v="gate"/>
  </node>
  <node id="1565595161" lat="54.3526678" lon="18.6554471"/>
  <node id="1565596059" lat="54.3532297" lon="18.6526043">
    <tag k="crossing" v="uncontrolled"/>
    <tag k="highway" v="crossing"/>
    <tag k="tactile_paving" v="no"/>
  </node>
  <node id="1565596461" lat="54.3534328" lon="18.6590205"/>
  <node id="1566155547" lat="54.3517606" lon="18.6552618"/>
  <node id="1566155686" lat="54.3518286" lon="18.6545735"/>
  <node id="1566155703" lat="54.3518785" lon="18.6556867"/>
  <node id="1566156103" lat="54.3521033" lon="18.6549916"/>
  <node id="1566156111" lat="54.3521389" lon="18.6546767"/>
  <node id="1566156179" lat="54.3523138" lon="18.6565580"/>
  <node id="1566156217" lat="54.3524277" lon="18.6554950"/>
  <node id="1567964037" lat="54.3459889" lon="18.6545655"/>
  <node id="1567964040" lat="54.3460560" lon="18.6546018"/>
  <node id="1567964061" lat="54.3463396" lon="18.6547740"/>
  <node id="1567964068" lat="54.3464301" lon="18.6542722"/>
  <node id="1567964083" lat="54.3466009" lon="18.6549763"/>
  <node id="1567964094" lat="54.3467974" lon="18.6552074"/>
  <node id="1567964101" lat="54.3468837" lon="18.6552762"/>
  <node id="1567964110" lat="54.3469136" lon="18.6552990"/>
  <node id="1567964115" lat="54.3469397" lon="18.6552296"/>
  <node id="1567964125" lat="54.3474790" lon="18.6550255"/>
  <node id="1567964134" lat="54.3477407" lon="18.6558299"/>
  <node id="1567964172" lat="54.3480880" lon="18.6560935"/>
  <node id="1567964174" lat="54.3480979" lon="18.6560503"/>
  <node id="1567964197" lat="54.3485978" lon="18.6560435"/>
  <node id="1567964237" lat="54.3487772" lon="18.6559695"/>
  <node id="1567964252" lat="54.3486800" lon="18.6571889"/>
  <node id="1567964272" lat="54.3488789" lon="18.6560207"/>
  <node id="1567964304" lat="54.3490989" lon="18.6567324"/>
  <node id="1567964420" lat="54.3503076" lon="18.6574762"/>
  <node id="1567964439" lat="54.3506494" lon="18.6576584"/>
  <node id="1568383109" lat="54.3474681" lon="18.6540146"/>
  <node id="1568383111" lat="54.3474845" lon="18.6539405"/>
  <node id="1568383112" lat="54.3474924" lon="18.6540927"/>
  <node id="1568383113" lat="54.3475169" lon="18.6526428"/>
  <node id="1568383114" lat="54.3475199" lon="18.6541575"/>
  <node id="1568383130" lat="54.3475473" lon="18.6536630"/>
  <node id="1568383135" lat="54.3475697" lon="18.6542134"/>
  <node id="1568383139" lat="54.3476237" lon="18.6537017"/>
  <node id="1568383169" lat="54.3477447" lon="18.6543518"/>
  <node id="1568383193" lat="54.3478063" lon="18.6543591"/>
  <node id="1568383204" lat="54.3478769" lon="18.6542974"/>
  <node id="1568383280" lat="54.3481294" lon="18.6539384"/>
  <node id="1568383344" lat="54.3483886" lon="18.6559172"/>
  <node id="1568383372" lat="54.3484762" lon="18.6559764"/>
  <node id="1568383416" lat="54.3485777" lon="18.6546031"/>
  <node id="1568383438" lat="54.3486155" lon="18.6544638"/>
  <node id="1568383443" lat="54.3486486" lon="18.6543375">
    <tag k="barrier" v="gate"/>
  </node>
  <node id="1568383448" lat="54.3486640" lon="18.6542786"/>
  <node id="1568383452" lat="54.3486773" lon="18.6542278">
    <tag k="barrier" v="gate"/>
  </node>
  <node id="1568383457" lat="54.3487081" lon="18.6541097"/>
  <node id="1568383467" lat="54.3487697" lon="18.6538597">
    <tag k="noexit" v="yes"/>
  </node>
  <node id="1568383478" lat="54.3487997" lon="18.6551080"/>
  <node id="1568383521" lat="54.3491348" lon="18.6526507"/>
  <node id="1568383530" lat="54.3492064" lon="18.6527256"/>
  <node id="1568383534" lat="54.3491463" lon="18.6525368"/>
  <node id="1568383535" lat="54.3492100" lon="18.6523150"/>
  <node id="1568383541" lat="54.3492887" lon="18.6503292"/>
  <node id="1568383544" lat="54.3493047" lon="18.6528419"/>
  <node id="1568383562" lat="54.3493633" lon="18.6529040"/>
  <node id="1568383564" lat="54.3493932" lon="18.6520823"/>
  <node id="1568383567" lat="54.3494084" lon="18.6520354">
    <tag k="barrier" v="gate"/>
  </node>
  <node id="1568383573" lat="54.3494482" lon="18.6519120"/>
  <node id="1568383603" lat="54.3494655" lon="18.6518585"/>
  <node id="1568383605" lat="54.3495495" lon="18.6508116"/>
  <node id="1568383716" lat="54.3497140" lon="18.6481450"/>
  <node id="1570145491" lat="54.3488410" lon="18.6559961"/>
  <node id="1570145553" lat="54.3491623" lon="18.6545341"/>
  <node id="1570145557" lat="54.3491576" lon="18.6539568"/>
  <node id="1570145565" lat="54.3493515" lon="18.6545884"/>
  <node id="1570145639" lat="54.3495212" lon="18.6536954"/>
  <node id="1570145656" lat="54.3495674" lon="18.6537791"/>
  <node id="1570145746" lat="54.3498744" lon="18.6555906">
    <tag k="barrier" v="bollard"/>
  </node>
  <node id="1570145753" lat="54.3499738" lon="18.6544298"/>
  <node id="1570145779" lat="54.3501812" lon="18.6545268"/>
  <node id="1570145801" lat="54.3503455" lon="18.6566142"/>
  <node id="1570145814" lat="54.3503366" lon="18.6541819">
    <tag k="artwork_type" v="stone_carving"/>
    <tag k="name" v="Kamienne serce Gdańska"/>
    <tag k="start_date" v="2018-09-15"/>
    <tag k="tourism" v="artwork"/>
  </node>
  <node id="1570145843" lat="54.3504932" lon="18.6558185"/>
  <node id="1570146014" lat="54.3508424" lon="18.6544260"/>
  <node id="1570146016" lat="54.3508845" lon="18.6544431"/>
  <node id="1570146049" lat="54.3510665" lon="18.6565592"/>
  <node id="1570146052" lat="54.3510993" lon="18.6565171"/>
  <node id="1570146089" lat="54.3512989" lon="18.6565898"/>
  <node id="1570146095" lat="54.3513056" lon="18.6572421"/>
  <node id="1574722710" lat="54.3506983" lon="18.6534464"/>
  <node id="1574722771" lat="54.3510831" lon="18.6529772"/>
  <node id="1574722772" lat="54.3511635" lon="18.6528874"/>
  <node id="1574722775" lat="54.3511880" lon="18.6525528"/>
  <node id="1574722798" lat="54.3520287" lon="18.6533527">
    <tag k="barrier" v="bollard"/>
    <tag k="bicycle" v="yes"/>
    <tag k="bollard" v="foldable"/>
    <tag k="maxwidth:physical" v="1.5"/>
  </node>
  <node id="1574722806" lat="54.3521327" lon="18.6533866"/>
  <node id="1574722808" lat="54.3521857" lon="18.6534042"/>
  <node id="1574722810" lat="54.3521854" lon="18.6539343"/>
  <node id="1574722866" lat="54.3524693" lon="18.6534619"/>
  <node id="1577023869" lat="54.3494548" lon="18.6534427"/>
  <node id="1577023871" lat="54.3495181" lon="18.6529334"/>
  <node id="1577023874" lat="54.3495527" lon="18.6527937"/>
  <node id="1577024071" lat="54.3502237" lon="18.6518527"/>
  <node id="1577024097" lat="54.3503017" lon="18.6514795"/>
  <node id="1577024112" lat="54.3503519" lon="18.6513411"/>
  <node id="1577024133" lat="54.3503875" lon="18.6521127"/>
  <node id="1577024146" lat="54.3504241" lon="18.6509724"/>
  <node id="1577024156" lat="54.3505135" lon="18.6510190"/>
  <node id="1577024159" lat="54.3504556" lon="18.6521529">
    <tag k="barrier" v="gate"/>
  </node>
  <node id="1577024175" lat="54.3504719" lon="18.6507333"/>
  <node id="1577024182" lat="54.3505110" lon="18.6504945"/>
  <node id="1577024194" lat="54.3505140" lon="18.6507660"/>
  <node id="1577024198" lat="54.3505464" lon="18.6522242"/>
  <node id="1577024211" lat="54.3506215" lon="18.6518686"/>
  <node id="1577024213" lat="54.3506577" lon="18.6499981"/>
  <node id="1577024223" lat="54.3507056" lon="18.6511178"/>
  <node id="1577024224" lat="54.3507156" lon="18.6510616">
    <tag k="barrier" v="gate"/>
  </node>
  <node id="1577024225" lat="54.3507467" lon="18.6509118"/>
  <node id="1577024227" lat="54.3507522" lon="18.6508874"/>
  <node id="1577024247" lat="54.3508067" lon="18.6501082"/>
  <node id="1577024251" lat="54.3508662" lon="18.6511587"/>
  <node id="1577024266" lat="54.3510238" lon="18.6502631">
    <tag k="barrier" v="gate"/>
  </node>
  <node id="1577024269" lat="54.3510811" lon="18.6502985"/>
  <node id="1577024301" lat="54.3517098" lon="18.6505613">
    <tag k="crossing" v="marked"/>
    <tag k="highway" v="crossing"/>
    <tag k="tactile_paving" v="yes"/>
  </node>
  <node id="1578644216" lat="54.3485239" lon="18.6518173"/>
  <node id="1578644217" lat="54.3484933" lon="18.6516104"/>
  <node id="1578644219" lat="54.3486109" lon="18.6511706"/>
  <node id="1578644230" lat="54.3490675" lon="18.6492865"/>
  <node id="1578644231" lat="54.3490941" lon="18.6493321"/>
  <node id="1578644232" lat="54.3491053" lon="18.6493807"/>
  <node id="1578644267" lat="54.3496867" lon="18.6502657"/>
  <node id="1578644322" lat="54.3496844" lon="18.6492747"/>
  <node id="1578644348" lat="54.3499017" lon="18.6506663"/>
  <node id="1578644364" lat="54.3499205" lon="18.6494730"/>
  <node id="1582533125" lat="54.3489789" lon="18.6470888">
    <tag k="crossing:island" v="no"/>
    <tag k="crossing:signals" v="no"/>
    <tag k="highway" v="crossing"/>
  </node>
  <node id="1582533227" lat="54.3499412" lon="18.6477788"/>
  <node id="1582533233" lat="54.3499181" lon="18.6482919"/>
  <node id="1582533331" lat="54.3500625" lon="18.6472454"/>
  <node id="1582533346" lat="54.3500968" lon="18.6471176"/>
  <node id="1582533356" lat="54.3501639" lon="18.6470353"/>
  <node id="1582533397" lat="54.3501787" lon="18.6470257"/>
  <node id="1582533435" lat="54.3501528" lon="18.6484610"/>
  <node id="1582533521" lat="54.3506589" lon="18.6471681"/>
  <node id="1582533523" lat="54.3505575" lon="18.6487890"/>
  <node id="1582533587" lat="54.3506522" lon="18.6484542"/>
  <node id="1582533620" lat="54.3506850" lon="18.6483263"/>
  <node id="1582533771" lat="54.3508283" lon="18.6460169"/>
  <node id="1582533875" lat="54.3509731" lon="18.6479243"/>
  <node id="1582533908" lat="54.3510550" lon="18.6460648"/>
  <node id="1582533974" lat="54.3511472" lon="18.6460701"/>
  <node id="1582534009" lat="54.3512475" lon="18.6525633"/>
  <node id="1582534011" lat="54.3512108" lon="18.6460724"/>
  <node id="1582534028" lat="54.3512750" lon="18.6517239"/>
  <node id="1582534061" lat="54.3513047" lon="18.6481256"/>
  <node id="1582534063" lat="54.3513614" lon="18.6460690"/>
  <node id="1582534208" lat="54.3518158" lon="18.6466880"/>
  <node id="1582534226" lat="54.3518977" lon="18.6480292"/>
  <node id="1582534283" lat="54.3520721" lon="18.6489809">
    <tag k="crossing" v="uncontrolled"/>
    <tag k="crossing:island" v="no"/>
    <tag k="crossing_ref" v="zebra"/>
    <tag k="highway" v="crossing"/>
  </node>
  <node id="1582534310" lat="54.3520599" lon="18.6477152"/>
  <node id="1582534349" lat="54.3521770" lon="18.6490965"/>
  <node id="1582534463" lat="54.3522639" lon="18.6477466"/>
  <node id="1582534566" lat="54.3522287" lon="18.6459226">
    <tag k="highway" v="traffic_signals"/>
    <tag k="traffic_signals:direction" v="forward"/>
  </node>
  <node id="1582534598" lat="54.3526674" lon="18.6457379"/>
  <node id="1583811621" lat="54.3516161" lon="18.6493549"/>
  <node id="1583811624" lat="54.3517212" lon="18.6490235"/>
  <node id="1644193658" lat="54.3472647" lon="18.6456279">
    <tag k="highway" v="traffic_signals"/>
    <tag k="traffic_signals" v="signal"/>
    <tag k="traffic_signals:direction" v="forward"/>
  </node>
  <node id="1675057212" lat="54.3470754" lon="18.6451413"/>
  <node id="1675057902" lat="54.3468148" lon="18.6453627"/>
  <node id="1675309975" lat="54.3489861" lon="18.6454004"/>
  <node id="1675319797" lat="54.3473519" lon="18.6453862"/>
  <node id="1721167978" lat="54.3438660" lon="18.6577172"/>
  <node id="1721167980" lat="54.3442219" lon="18.6583966"/>
  <node id="1721167981" lat="54.3445748" lon="18.6568360"/>
  <node id="1721167982" lat="54.3446701" lon="18.6589119"/>
  <node id="1721167983" lat="54.3448699" lon="18.6591470"/>
  <node id="1721167985" lat="54.3450281" lon="18.6571242"/>
  <node id="1733459008" lat="54.3530285" lon="18.6607344"/>
  <node id="1733459010" lat="54.3529195" lon="18.6605910"/>
  <node id="1733459012" lat="54.3528420" lon="18.6608073"/>
  <node id="1733459014" lat="54.3527081" lon="18.6604474"/>
  <node id="1733459017" lat="54.3526674" lon="18.6606910"/>
  <node id="1733459027" lat="54.3531309" lon="18.6614989"/>
  <node id="1733459031" lat="54.3526088" lon="18.6609169"/>
  <node id="1733459033" lat="54.3532255" lon="18.6612558"/>
  <node id="1733459034" lat="54.3529182" lon="18.6608944"/>
  <node id="1739250195" lat="54.3551694" lon="18.6455390">
    <tag k="local_ref" v="01"/>
    <tag k="name" v="Dworzec Główny"/>
    <tag k="network" v="ZTM Gdańsk"/>
    <tag k="network:wikidata" v="Q9387123"/>
    <tag k="network:wikipedia" v="pl:Zarząd Transportu Miejskiego w Gdańsku"/>
    <tag k="operator" v="ZTM Gdańsk"/>
    <tag k="operator:wikidata" v="Q9386219"/>
    <tag k="public_transport" v="stop_position"/>
    <tag k="railway" v="tram_stop"/>
    <tag k="ref:ztm" v="2001"/>
    <tag k="tram" v="yes"/>
  </node>
  <node id="1739250196" lat="54.3551509" lon="18.6454712">
    <tag k="local_ref" v="02"/>
    <tag k="name" v="Dworzec Główny"/>
    <tag k="network" v="ZTM Gdańsk"/>
    <tag k="network:wikidata" v="Q9387123"/>
    <tag k="network:wikipedia" v="pl:Zarząd Transportu Miejskiego w Gdańsku"/>
    <tag k="operator" v="ZTM Gdańsk"/>
    <tag k="operator:wikidata" v="Q9386219"/>
    <tag k="public_transport" v="stop_position"/>
    <tag k="railway" v="tram_stop"/>
    <tag k="ref:ztm" v="2002"/>
    <tag k="tram" v="yes"/>
  </node>
  <node id="1739250202" lat="54.3538085" lon="18.6451784"/>
  <node id="1739250264" lat="54.3569643" lon="18.6458759"/>
  <node id="1739522301" lat="54.3517703" lon="18.6454118"/>
  <node id="1739522390" lat="54.3520055" lon="18.6456181"/>
  <node id="1743179917" lat="54.3506014" lon="18.6619899"/>
  <node id="1743214005" lat="54.3415333" lon="18.6546731"/>
  <node id="1759897514" lat="54.3462103" lon="18.6564630">
    <tag k="crossing" v="unmarked"/>
    <tag k="crossing:island" v="no"/>
    <tag k="highway" v="crossing"/>
    <tag k="tactile_paving" v="no"/>
  </node>
  <node id="1777255622" lat="54.3496490" lon="18.6522232">
    <tag k="crossing:island" v="no"/>
    <tag k="crossing:markings" v="yes"/>
    <tag k="crossing:signals" v="no"/>
    <tag k="crossing_ref" v="zebra"/>
    <tag k="highway" v="crossing"/>
    <tag k="tactile_paving" v="no"/>
  </node>
  <node id="1805860610" lat="54.3474199" lon="18.6563044"/>
  <node id="1805860670" lat="54.3476747" lon="18.6565483"/>
  <node id="1806020988" lat="54.1308467" lon="18.8029474"/>
  <node id="1806020994" lat="54.1412730" lon="18.8051194"/>
  <node id="1806020998" lat="54.1332362" lon="18.8028027"/>
  <node id="1806021005" lat="54.1231179" lon="18.7980822"/>
  <node id="1806021008" lat="54.1473924" lon="18.8078041"/>
  <node id="1806021016" lat="54.1479201" lon="18.8068519"/>
  <node id="1806021024" lat="54.1470662" lon="18.8076464"/>
  <node id="1806021027" lat="54.1208917" lon="18.7799692"/>
  <node id="1806021029" lat="54.1396106" lon="18.8052641"/>
  <node id="1806021051" lat="54.1171537" lon="18.7722364"/>
  <node id="1806021064" lat="54.1400192" lon="18.8051030"/>
  <node id="1806021066" lat="54.1200109" lon="18.7767184"/>
  <node id="1806021070" lat="54.1098471" lon="18.7620987"/>
  <node id="1806021087" lat="54.1212312" lon="18.7855445"/>
  <node id="1806021088" lat="54.1533248" lon="18.7986792"/>
  <node id="1806021090" lat="54.1485053" lon="18.8054073"/>
  <node id="1806021094" lat="54.1482414" lon="18.8059652"/>
  <node id="1806021096" lat="54.1211106" lon="18.7909132"/>
  <node id="1806021099" lat="54.1136289" lon="18.7683235"/>
  <node id="1806021109" lat="54.1210412" lon="18.7933153"/>
  <node id="1806021114" lat="54.1201742" lon="18.7772291"/>
  <node id="1806021118" lat="54.1192990" lon="18.7749930"/>
  <node id="1806021126" lat="54.1401915" lon="18.8051127"/>
  <node id="1806021129" lat="54.1277747" lon="18.8026863"/>
  <node id="1806021130" lat="54.1405390" lon="18.8052139"/>
  <node id="1806021145" lat="54.1266775" lon="18.8017740"/>
  <node id="1806021146" lat="54.1361873" lon="18.8045533"/>
  <node id="1806021150" lat="54.1318022" lon="18.8026146"/>
  <node id="1806021159" lat="54.1496992" lon="18.8037550"/>
  <node id="1806021160" lat="54.1213633" lon="18.7818897"/>
  <node id="1806021161" lat="54.1164634" lon="18.7718422"/>
  <node id="1806021198" lat="54.1131873" lon="18.7675183"/>
  <node id="1806021219" lat="54.1213280" lon="18.7946493"/>
  <node id="1806021232" lat="54.1269286" lon="18.8020041"/>
  <node id="1806021261" lat="54.1353504" lon="18.8044460"/>
  <node id="1806021262" lat="54.1345231" lon="18.8040083"/>
  <node id="1806021265" lat="54.1210866" lon="18.7940240"/>
  <node id="1806021266" lat="54.1186097" lon="18.7738866"/>
  <node id="1806021270" lat="54.1128803" lon="18.7670050"/>
  <node id="1806021273" lat="54.1512701" lon="18.8014332"/>
  <node id="1806021275" lat="54.1104328" lon="18.7631096"/>
  <node id="1806021277" lat="54.1524940" lon="18.7998545"/>
  <node id="1806021278" lat="54.1106339" lon="18.7634596"/>
  <node id="1806021281" lat="54.1120252" lon="18.7655252"/>
  <node id="1806021286" lat="54.1368173" lon="18.8045796"/>
  <node id="1806021291" lat="54.1273098" lon="18.8022262"/>
  <node id="1806021296" lat="54.1159313" lon="18.7717401"/>
  <node id="1806021308" lat="54.1388698" lon="18.8048445"/>
  <node id="1806021315" lat="54.1534113" lon="18.7985138"/>
  <node id="1806021329" lat="54.1143229" lon="18.7697261"/>
  <node id="1806021331" lat="54.1221950" lon="18.7962146"/>
  <node id="1806021332" lat="54.1252141" lon="18.8004378"/>
  <node id="1806021349" lat="54.1313293" lon="18.8027144"/>
  <node id="1806021355" lat="54.1304523" lon="18.8030587"/>
  <node id="1806021357" lat="54.1292467" lon="18.8031174"/>
  <node id="1806021363" lat="54.1315389" lon="18.8026146"/>
  <node id="1806021368" lat="54.1380709" lon="18.8046742"/>
  <node id="1806021372" lat="54.1447087" lon="18.8060552"/>
  <node id="1806021374" lat="54.1415209" lon="18.8053054"/>
  <node id="1806021377" lat="54.1391577" lon="18.8049634"/>
  <node id="1806021383" lat="54.1234657" lon="18.7986678"/>
  <node id="1806021391" lat="54.1160425" lon="18.7718334"/>
  <node id="1806021392" lat="54.1237625" lon="18.7990555"/>
  <node id="1806021394" lat="54.1322701" lon="18.8028475"/>
  <node id="1806021405" lat="54.1475164" lon="18.8076943"/>
  <node id="1806021407" lat="54.1333474" lon="18.8028605"/>
  <node id="1806021415" lat="54.1210893" lon="18.7921856"/>
  <node id="1806021418" lat="54.1300897" lon="18.8031279"/>
  <node id="1806021429" lat="54.1241382" lon="18.7994670"/>
  <node id="1806021436" lat="54.1416224" lon="18.8052541"/>
  <node id="1806021443" lat="54.1397508" lon="18.8052139"/>
  <node id="1806021446" lat="54.1428972" lon="18.8048761"/>
  <node id="1806021447" lat="54.1420277" lon="18.8048078"/>
  <node id="1806021450" lat="54.1140054" lon="18.7689967"/>
  <node id="1806021452" lat="54.1274539" lon="18.8023531"/>
  <node id="1806021454" lat="54.1179789" lon="18.7728996"/>
  <node id="1806021455" lat="54.1407432" lon="18.8051899"/>
  <node id="1806021457" lat="54.1320898" lon="18.8027643"/>
  <node id="1806021460" lat="54.1414232" lon="18.8052477"/>
  <node id="1806021461" lat="54.1411189" lon="18.8050873"/>
  <node id="1806021469" lat="54.1501851" lon="18.8029664"/>
  <node id="1806021470" lat="54.1489044" lon="18.8048295"/>
  <node id="1806021472" lat="54.1330233" lon="18.8029018"/>
  <node id="1806457489" lat="54.3468318" lon="18.6552395"/>
  <node id="1840848452" lat="54.3464255" lon="18.6451507">
    <tag k="highway" v="traffic_signals"/>
    <tag k="traffic_signals" v="traffic_lights"/>
    <tag k="traffic_signals:direction" v="forward"/>
  </node>
  <node id="1840848462" lat="54.3469920" lon="18.6453589"/>
  <node id="1840848477" lat="54.3471794" lon="18.6488022"/>
  <node id="1840848479" lat="54.3473390" lon="18.6451014"/>
  <node id="1840848492" lat="54.3475052" lon="18.6459918"/>
  <node id="1840848498" lat="54.3474989" lon="18.6455301">
    <tag k="highway" v="traffic_signals"/>
    <tag k="traffic_signals" v="signal"/>
    <tag k="traffic_signals:direction" v="forward"/>
  </node>
  <node id="1840848518" lat="54.3475786" lon="18.6456312"/>
  <node id="1840848525" lat="54.3475957" lon="18.6474930"/>
  <node id="1840848526" lat="54.3478548" lon="18.6451017"/>
  <node id="1840853988" lat="54.3445743" lon="18.6486342"/>
  <node id="1840854022" lat="54.3451315" lon="18.6454035"/>
  <node id="1845914961" lat="54.3430201" lon="18.6622762"/>
  <node id="1845914964" lat="54.3440449" lon="18.6630456"/>
  <node id="1849057273" lat="54.3474642" lon="18.6489692">
    <tag k="highway" v="crossing"/>
  </node>
  <node id="1849057277" lat="54.3485488" lon="18.6478060"/>
  <node id="1849057278" lat="54.3486129" lon="18.6476095"/>
  <node id="1849057279" lat="54.3486638" lon="18.6475151"/>
  <node id="1849057282" lat="54.3487575" lon="18.6474567"/>
  <node id="1849057284" lat="54.3490912" lon="18.6471263"/>
  <node id="1849057287" lat="54.3495984" lon="18.6554772"/>
  <node id="1849057289" lat="54.3495609" lon="18.6473179"/>
  <node id="1849057291" lat="54.3496740" lon="18.6470470"/>
  <node id="1849057294" lat="54.3502804" lon="18.6545725"/>
  <node id="1849057297" lat="54.3505037" lon="18.6524432"/>
  <node id="1849057304" lat="54.3520409" lon="18.6526905"/>
  <node id="1849057306" lat="54.3522101" lon="18.6575048"/>
  <node id="1849057308" lat="54.3527282" lon="18.6526893"/>
  <node id="1853202156" lat="54.2539088" lon="18.7465927"/>
  <node id="1853202160" lat="54.2545340" lon="18.7465818"/>
  <node id="1853285181" lat="54.2597841" lon="18.7470930"/>
  <node id="1853285201" lat="54.2605187" lon="18.7471824"/>
  <node id="1854233926" lat="54.3510634" lon="18.6585236"/>
  <node id="1854233927" lat="54.3518361" lon="18.6587125"/>
  <node id="1854233928" lat="54.3518316" lon="18.6587574"/>
  <node id="1854233929" lat="54.3517978" lon="18.6587876"/>
  <node id="1854233930" lat="54.3518097" lon="18.6586656"/>
  <node id="1857517383" lat="54.1213729" lon="18.7829421"/>
  <node id="1858038869" lat="54.2836540" lon="18.7250063"/>
  <node id="1858038877" lat="54.2879124" lon="18.7206602"/>
  <node id="1858038886" lat="54.2886533" lon="18.7198301"/>
  <node id="1858038890" lat="54.2896017" lon="18.7199267"/>
  <node id="1858069096" lat="54.2354759" lon="18.7433205"/>
  <node id="1858069128" lat="54.2399774" lon="18.7434386"/>
  <node id="1858069133" lat="54.2402163" lon="18.7432939"/>
  <node id="1858069149" lat="54.2452480" lon="18.7435080"/>
  <node id="1858081173" lat="54.1962731" lon="18.7694136"/>
  <node id="1858081174" lat="54.1974161" lon="18.7682597"/>
  <node id="1858081175" lat="54.2112353" lon="18.7632949"/>
  <node id="1858081176" lat="54.2142755" lon="18.7604190"/>
  <node id="1858081177" lat="54.2173083" lon="18.7576538"/>
  <node id="1858081178" lat="54.2173977" lon="18.7576035"/>
  <node id="1858081179" lat="54.2217235" lon="18.7575975"/>
  <node id="1858081180" lat="54.2239794" lon="18.7576745"/>
  <node id="1858081181" lat="54.2310218" lon="18.7492268"/>
  <node id="1858092259" lat="54.1612750" lon="18.7938014"/>
  <node id="1858092260" lat="54.1659520" lon="18.7876438"/>
  <node id="1858092261" lat="54.1692457" lon="18.7814674"/>
  <node id="1858092262" lat="54.1708371" lon="18.7784489"/>
  <node id="1868665017" lat="54.3489804" lon="18.6601145"/>
  <node id="1868665018" lat="54.3503027" lon="18.6601401"/>
  <node id="1868665020" lat="54.3503738" lon="18.6597437"/>
  <node id="1868665022" lat="54.3504304" lon="18.6579550"/>
  <node id="1868665023" lat="54.3504778" lon="18.6596362"/>
  <node id="1868665024" lat="54.3505255" lon="18.6607913"/>
  <node id="1868665026" lat="54.3506029" lon="18.6586483"/>
  <node id="1868665029" lat="54.3506291" lon="18.6596473"/>
  <node id="1868665030" lat="54.3506247" lon="18.6596757"/>
  <node id="1868665033" lat="54.3506902" lon="18.6599805"/>
  <node id="1868665044" lat="54.3511600" lon="18.6586771"/>
  <node id="1868665054" lat="54.3513139" lon="18.6594012"/>
  <node id="1868665064" lat="54.3513442" lon="18.6605864"/>
  <node id="1868665066" lat="54.3513506" lon="18.6603467"/>
  <node id="1868665070" lat="54.3514388" lon="18.6594528"/>
  <node id="1868665076" lat="54.3514875" lon="18.6593388"/>
  <node id="1868665084" lat="54.3515240" lon="18.6589729"/>
  <node id="1868665096" lat="54.3515647" lon="18.6598922"/>
  <node id="1868665100" lat="54.3515356" lon="18.6595549"/>
  <node id="1868665104" lat="54.3514783" lon="18.6593611">
    <tag k="barrier" v="gate"/>
  </node>
  <node id="1868665118" lat="54.3516502" lon="18.6596785"/>
  <node id="1868665133" lat="54.3517743" lon="18.6598291"/>
  <node id="1868665139" lat="54.3518110" lon="18.6601400"/>
  <node id="1868665141" lat="54.3518119" lon="18.6602077"/>
  <node id="1868665143" lat="54.3518254" lon="18.6602723"/>
  <node id="1868665145" lat="54.3518263" lon="18.6600677">
    <tag k="access" v="customers"/>
    <tag k="barrier" v="lift_gate"/>
  </node>
  <node id="1868665153" lat="54.3518487" lon="18.6603123"/>
  <node id="1868665158" lat="54.3518777" lon="18.6599478"/>
  <node id="1868665168" lat="54.3519653" lon="18.6594169"/>
  <node id="1868665178" lat="54.3518740" lon="18.6588718"/>
  <node id="1868665188" lat="54.3519836" lon="18.6622044">
    <tag k="barrier" v="bollard"/>
  </node>
  <node id="1868665223" lat="54.3520137" lon="18.6613217"/>
  <node id="1868665234" lat="54.3520187" lon="18.6601209"/>
  <node id="1868665242" lat="54.3520620" lon="18.6594733"/>
  <node id="1868665244" lat="54.3520485" lon="18.6611856"/>
  <node id="1868665250" lat="54.3520436" lon="18.6600066"/>
  <node id="1868665258" lat="54.3520737" lon="18.6611311">
    <tag k="barrier" v="gate"/>
  </node>
  <node id="1868665267" lat="54.3520926" lon="18.6595268"/>
  <node id="1868665269" lat="54.3521061" lon="18.6596785"/>
  <node id="1868665271" lat="54.3521083" lon="18.6595907"/>
  <node id="1868665277" lat="54.3521552" lon="18.6585116"/>
  <node id="1868665294" lat="54.3522241" lon="18.6607727"/>
  <node id="1868665309" lat="54.3523278" lon="18.6626685"/>
  <node id="1868665314" lat="54.3523362" lon="18.6589807"/>
  <node id="1868665316" lat="54.3523163" lon="18.6605736"/>
  <node id="1868665321" lat="54.3523867" lon="18.6606606"/>
  <node id="1868665323" lat="54.3523807" lon="18.6603182"/>
  <node id="1868665325" lat="54.3524182" lon="18.6618162"/>
  <node id="1868665331" lat="54.3524256" lon="18.6603582"/>
  <node id="1868665333" lat="54.3524345" lon="18.6605243"/>
  <node id="1868665336" lat="54.3524489" lon="18.6604179"/>
  <node id="1868665339" lat="54.3524496" lon="18.6604741"/>
  <node id="1868665341" lat="54.3525846" lon="18.6608900"/>
  <node id="1868665371" lat="54.3527057" lon="18.6632255"/>
  <node id="1868665376" lat="54.3527891" lon="18.6623677"/>
  <node id="1868665381" lat="54.3527489" lon="18.6610974"/>
  <node id="1868665388" lat="54.3527438" lon="18.6602396"/>
  <node id="1868665390" lat="54.3527790" lon="18.6587408"/>
  <node id="1868665410" lat="54.3528053" lon="18.6604966"/>
  <node id="1868665414" lat="54.3528072" lon="18.6634257"/>
  <node id="1868665419" lat="54.3528350" lon="18.6599111"/>
  <node id="1868665434" lat="54.3528673" lon="18.6603102"/>
  <node id="1868665439" lat="54.3529030" lon="18.6600996"/>
  <node id="1868665444" lat="54.3529277" lon="18.6614300"/>
  <node id="1868665461" lat="54.3529592" lon="18.6624583"/>
  <node id="1868665467" lat="54.3529720" lon="18.6604062"/>
  <node id="1868665470" lat="54.3529726" lon="18.6616486"/>
  <node id="1868665482" lat="54.3530110" lon="18.6611522"/>
  <node id="1868665485" lat="54.3529839" lon="18.6618255"/>
  <node id="1868665490" lat="54.3529962" lon="18.6621933">
    <tag k="barrier" v="lift_gate"/>
    <tag k="lift_gate:type" v="single"/>
  </node>
  <node id="1868665502" lat="54.3530062" lon="18.6625262"/>
  <node id="1868665530" lat="54.3530333" lon="18.6632670"/>
  <node id="1868665541" lat="54.3530798" lon="18.6605411"/>
  <node id="1868665548" lat="54.3530995" lon="18.6608970"/>
  <node id="1868665569" lat="54.3531837" lon="18.6607413"/>
  <node id="1868665594" lat="54.3532147" lon="18.6602338"/>
  <node id="1868665604" lat="54.3532253" lon="18.6608456"/>
  <node id="1868665622" lat="54.3532915" lon="18.6611001"/>
  <node id="1868665644" lat="54.3533349" lon="18.6597625"/>
  <node id="1868665668" lat="54.3533814" lon="18.6634225"/>
  <node id="1868665744" lat="54.3535895" lon="18.6619965"/>
  <node id="1868665762" lat="54.3536127" lon="18.6639087"/>
  <node id="1868665801" lat="54.3537552" lon="18.6609246"/>
  <node id="1868665809" lat="54.3537761" lon="18.6643127"/>
  <node id="1868665817" lat="54.3538713" lon="18.6624677"/>
  <node id="1868665827" lat="54.3538978" lon="18.6627468"/>
  <node id="1868665830" lat="54.3539104" lon="18.6630349"/>
  <node id="1868665835" lat="54.3540176" lon="18.6652262"/>
  <node id="1868665841" lat="54.3542980" lon="18.6639890"/>
  <node id="1868665846" lat="54.3541825" lon="18.6653136"/>
  <node id="1868665849" lat="54.3546630" lon="18.6653835"/>
  <node id="1868665851" lat="54.3555605" lon="18.6660077"/>
  <node id="1868665854" lat="54.3562922" lon="18.6662662"/>
  <node id="1868665857" lat="54.3570256" lon="18.6663155"/>
  <node id="1868665859" lat="54.3576335" lon="18.6661801"/>
  <node id="1868665862" lat="54.3584799" lon="18.6654292"/>
  <node id="1868665865" lat="54.3595056" lon="18.6643214"/>
  <node id="1868665867" lat="54.3602282" lon="18.6637424"/>
  <node id="1868665869" lat="54.3615089" lon="18.6644818"/>
  <node id="1874817271" lat="54.3146792" lon="18.6828455"/>
  <node id="1876140356" lat="54.3430458" lon="18.6529199"/>
  <node id="1876208527" lat="54.3437223" lon="18.6628899"/>
  <node id="1876250845" lat="54.3426581" lon="18.6477968"/>
  <node id="1876250849" lat="54.3435452" lon="18.6487138"/>
  <node id="1876250851" lat="54.3436872" lon="18.6596563"/>
  <node id="1876250854" lat="54.3444991" lon="18.6495133">
    <tag k="highway" v="traffic_signals"/>
    <tag k="traffic_signals:direction" v="forward"/>
  </node>
  <node id="1876250857" lat="54.3446869" lon="18.6516446"/>
  <node id="1876250860" lat="54.3447342" lon="18.6526363"/>
  <node id="1876250863" lat="54.3453409" lon="18.6532508"/>
  <node id="1876250867" lat="54.3459749" lon="18.6529375">
    <tag k="barrier" v="bollard"/>
    <tag k="bollard" v="fixed"/>
  </node>
  <node id="1876250875" lat="54.3474575" lon="18.6605684">
    <tag k="crossing" v="uncontrolled"/>
    <tag k="crossing:island" v="no"/>
    <tag k="highway" v="crossing"/>
    <tag k="tactile_paving" v="no"/>
  </node>
  <node id="1876250878" lat="54.3477602" lon="18.6605086"/>
  <node id="1876259335" lat="54.3448640" lon="18.6475884"/>
  <node id="1876259337" lat="54.3455341" lon="18.6502016"/>
  <node id="1876259339" lat="54.3460002" lon="18.6482126"/>
  <node id="1876587660" lat="54.3457913" lon="18.6480995"/>
  <node id="1876587661" lat="54.3461345" lon="18.6468898"/>
  <node id="1876587663" lat="54.3462238" lon="18.6464546"/>
  <node id="1879840350" lat="54.3454705" lon="18.6620475"/>
  <node id="1890704969" lat="54.3461559" lon="18.6595211"/>
  <node id="1890705041" lat="54.3467631" lon="18.6634468"/>
  <node id="1890705064" lat="54.3471224" lon="18.6607137"/>
  <node id="1890705065" lat="54.3471730" lon="18.6631893"/>
  <node id="1890705078" lat="54.3473632" lon="18.6596778"/>
  <node id="1890705128" lat="54.3481926" lon="18.6665524"/>
  <node id="1890705212" lat="54.3505768" lon="18.6615653"/>
  <node id="1890705213" lat="54.3506023" lon="18.6630899"/>
  <node id="1890705214" lat="54.3506066" lon="18.6632894"/>
  <node id="1890705222" lat="54.3511938" lon="18.6630811"/>
  <node id="1890705223" lat="54.3512863" lon="18.6630742"/>
  <node id="1890705226" lat="54.3513232" lon="18.6630737"/>
  <node id="1890705227" lat="54.3513541" lon="18.6630857"/>
  <node id="1890705233" lat="54.3514425" lon="18.6631482"/>
  <node id="1890705234" lat="54.3514973" lon="18.6631627"/>
  <node id="1890705235" lat="54.3515581" lon="18.6631602"/>
  <node id="1890705237" lat="54.3516102" lon="18.6631474"/>
  <node id="1890705242" lat="54.3520265" lon="18.6629901"/>
  <node id="1890705244" lat="54.3520729" lon="18.6629541"/>
  <node id="1890705249" lat="54.3522352" lon="18.6625412"/>
  <node id="1890705322" lat="54.3534563" lon="18.6647616"/>
  <node id="1890705413" lat="54.3545614" lon="18.6661027"/>
  <node id="1890705416" lat="54.3545841" lon="18.6659932"/>
  <node id="1890705417" lat="54.3546154" lon="18.6661434"/>
  <node id="1890705525" lat="54.3564644" lon="18.6667297"/>
  <node id="1890705548" lat="54.3578213" lon="18.6665564"/>
  <node id="1890705617" lat="54.3591534" lon="18.6652880"/>
  <node id="1890705622" lat="54.3602712" lon="18.6643764"/>
  <node id="1891373980" lat="54.3458555" lon="18.6621599"/>
  <node id="1891373982" lat="54.3459183" lon="18.6629468"/>
  <node id="1891373985" lat="54.3464463" lon="18.6628330"/>
  <node id="1891373988" lat="54.3460022" lon="18.6623600"/>
  <node id="1891373990" lat="54.3460357" lon="18.6616004"/>
  <node id="1891373992" lat="54.3460283" lon="18.6625655"/>
  <node id="1891373994" lat="54.3460509" lon="18.6627852"/>
  <node id="1891373996" lat="54.3458308" lon="18.6618887"/>
  <node id="1891374001" lat="54.3462956" lon="18.6618124"/>
  <node id="1891374003" lat="54.3462803" lon="18.6615597"/>
  <node id="1891374015" lat="54.3463392" lon="18.6622941"/>
  <node id="1891374016" lat="54.3463728" lon="18.6623551"/>
  <node id="1891374018" lat="54.3463790" lon="18.6620903"/>
  <node id="1891374019" lat="54.3463803" lon="18.6624932"/>
  <node id="1891374020" lat="54.3463850" lon="18.6624418"/>
  <node id="1891374021" lat="54.3464288" lon="18.6627034"/>
  <node id="1891374022" lat="54.3464488" lon="18.6627268"/>
  <node id="1891374024" lat="54.3465608" lon="18.6621979"/>
  <node id="1891374031" lat="54.3465227" lon="18.6629454"/>
  <node id="1893636282" lat="54.3508713" lon="18.6631846"/>
  <node id="1893637186" lat="54.3542343" lon="18.6657510"/>
  <node id="1900666362" lat="54.3529927" lon="18.6589565"/>
  <node id="1900666374" lat="54.3532033" lon="18.6583601"/>
  <node id="1900666378" lat="54.3532601" lon="18.6585311"/>
  <node id="1900666404" lat="54.3538004" lon="18.6653261"/>
  <node id="1900666409" lat="54.3538845" lon="18.6603553"/>
  <node id="1900666440" lat="54.3544882" lon="18.6635262"/>
  <node id="1900666455" lat="54.3546851" lon="18.6641961"/>
  <node id="1900666652" lat="54.3572272" lon="18.6657423"/>
  <node id="1902192027" lat="54.3467040" lon="18.6609666">
    <tag k="access" v="private"/>
    <tag k="amenity" v="parking"/>
    <tag k="fee" v="yes"/>
    <tag k="layer" v="-1"/>
    <tag k="operator" v="Waterside"/>
    <tag k="parking" v="underground"/>
  </node>
  <node id="1902192060" lat="54.3473382" lon="18.6607808"/>
  <node id="1902192062" lat="54.3474161" lon="18.6607951"/>
  <node id="1902206011" lat="54.3458885" lon="18.6629532"/>
  <node id="1902206014" lat="54.3463170" lon="18.6628609"/>
  <node id="1919765945" lat="54.3467160" lon="18.6606877"/>
  <node id="1919765952" lat="54.3469589" lon="18.6613200"/>
  <node id="1919765953" lat="54.3469877" lon="18.6610646"/>
  <node id="1919765957" lat="54.3469973" lon="18.6607130"/>
  <node id="1919765965" lat="54.3471287" lon="18.6629608">
    <tag k="barrier" v="gate"/>
  </node>
  <node id="1925302732" lat="54.3446730" lon="18.6646598">
    <tag k="name" v="Akademia Muzyczna"/>
    <tag k="public_transport" v="stop_position"/>
    <tag k="railway" v="tram_stop"/>
    <tag k="ref:ztm" v="2109"/>
    <tag k="tram" v="yes"/>
  </node>
  <node id="1925302734" lat="54.3508154" lon="18.6462435">
    <tag k="name" v="Brama Wyżynna"/>
    <tag k="network" v="ZTM Gdańsk"/>
    <tag k="network:wikidata" v="Q9387123"/>
    <tag k="operator" v="Gdańskie Autobusy i Tramwaje"/>
    <tag k="operator:wikidata" v="Q9386219"/>
    <tag k="public_transport" v="stop_position"/>
    <tag k="railway" v="tram_stop"/>
    <tag k="ref" v="2102"/>
    <tag k="ref:ztm" v="2102"/>
    <tag k="tram" v="yes"/>
  </node>
  <node id="1925302735" lat="54.3478598" lon="18.6694905">
    <tag k="name" v="Brama Żuławska"/>
    <tag k="name:de" v="Langgarter Tor"/>
    <tag k="name:pl" v="Brama Żuławska"/>
    <tag k="network" v="ZTM Gdańsk"/>
    <tag k="network:wikidata" v="Q9387123"/>
    <tag k="operator" v="Gdańskie Autobusy i Tramwaje"/>
    <tag k="operator:wikidata" v="Q9386219"/>
    <tag k="public_transport" v="stop_position"/>
    <tag k="railway" v="tram_stop"/>
    <tag k="ref:ztm" v="2113"/>
    <tag k="tram" v="yes"/>
  </node>
  <node id="1925302738" lat="54.3453447" lon="18.6575951">
    <tag k="name" v="Chmielna 02"/>
    <tag k="public_transport" v="stop_position"/>
    <tag k="railway" v="tram_stop"/>
    <tag k="ref:ztm" v="2107"/>
    <tag k="tram" v="yes"/>
  </node>
  <node id="1925302747" lat="54.3475094" lon="18.6468083">
    <tag k="name" v="Okopowa"/>
    <tag k="network" v="ZTM Gdańsk"/>
    <tag k="public_transport" v="stop_position"/>
    <tag k="railway" v="tram_stop"/>
    <tag k="ref:ztm" v="2103"/>
    <tag k="tram" v="yes"/>
  </node>
  <node id="1925302752" lat="54.3445001" lon="18.6631065"/>
  <node id="1925302753" lat="54.3445319" lon="18.6638944"/>
  <node id="1925302755" lat="54.3445236" lon="18.6626770"/>
  <node id="1925302757" lat="54.3445743" lon="18.6623275"/>
  <node id="1925302759" lat="54.3447977" lon="18.6609552"/>
  <node id="1925302761" lat="54.3449859" lon="18.6663051"/>
  <node id="1925302764" lat="54.3451514" lon="18.6670295"/>
  <node id="1925302766" lat="54.3452262" lon="18.6673006"/>
  <node id="1925302768" lat="54.3454468" lon="18.6678507"/>
  <node id="1925302770" lat="54.3456706" lon="18.6682179"/>
  <node id="1925302778" lat="54.3457032" lon="18.6553995"/>
  <node id="1925302780" lat="54.3458557" lon="18.6684499"/>
  <node id="1925302781" lat="54.3459416" lon="18.6539685"/>
  <node id="1925302784" lat="54.3460657" lon="18.6686335"/>
  <node id="1925302785" lat="54.3461457" lon="18.6530456"/>
  <node id="1925302787" lat="54.3463409" lon="18.6688089"/>
  <node id="1925302788" lat="54.3466242" lon="18.6689511"/>
  <node id="1925302789" lat="54.3468441" lon="18.6504762"/>
  <node id="1925302790" lat="54.3470910" lon="18.6494832"/>
  <node id="1925302792" lat="54.3473582" lon="18.6483220"/>
  <node id="1925302793" lat="54.3474118" lon="18.6479918"/>
  <node id="1925302795" lat="54.3474541" lon="18.6476580"/>
  <node id="1925302797" lat="54.3475306" lon="18.6464239"/>
  <node id="1925302803" lat="54.3476059" lon="18.6458083">
    <tag k="railway" v="switch"/>
  </node>
  <node id="1925302806" lat="54.3476718" lon="18.6455265"/>
  <node id="1925302812" lat="54.3476642" lon="18.6448391"/>
  <node id="1925302813" lat="54.3476945" lon="18.6450219"/>
  <node id="1925302814" lat="54.3477408" lon="18.6451529"/>
  <node id="1925302815" lat="54.3477951" lon="18.6453924"/>
  <node id="1925302818" lat="54.3478163" lon="18.6452773"/>
  <node id="1925302822" lat="54.3478739" lon="18.6453698"/>
  <node id="1925302824" lat="54.3479121" lon="18.6453592"/>
  <node id="1925302832" lat="54.3479784" lon="18.6453886">
    <tag k="railway" v="switch"/>
  </node>
  <node id="1925302845" lat="54.3491440" lon="18.6456854"/>
  <node id="1925302850" lat="54.3495367" lon="18.6457984"/>
  <node id="1925302857" lat="54.3499606" lon="18.6459318"/>
  <node id="1925302866" lat="54.3511708" lon="18.6463734"/>
  <node id="1925302870" lat="54.3513777" lon="18.6464380"/>
  <node id="1925302872" lat="54.3515929" lon="18.6464840">
    <tag k="railway" v="switch"/>
    <tag k="railway:turnout_side" v="left"/>
  </node>
  <node id="1925302883" lat="54.3516812" lon="18.6464998"/>
  <node id="1925302885" lat="54.3517819" lon="18.6465064"/>
  <node id="1925302887" lat="54.3518351" lon="18.6464998"/>
  <node id="1925302888" lat="54.3518938" lon="18.6464874"/>
  <node id="1925302891" lat="54.3519575" lon="18.6464678"/>
  <node id="1925302892" lat="54.3520112" lon="18.6464453"/>
  <node id="1925302893" lat="54.3522243" lon="18.6462889">
    <tag k="railway" v="switch"/>
  </node>
  <node id="1925302897" lat="54.3526329" lon="18.6459469"/>
  <node id="1925302910" lat="54.3530766" lon="18.6455561"/>
  <node id="1925302917" lat="54.3532555" lon="18.6454241"/>
  <node id="1925302922" lat="54.3533885" lon="18.6453517"/>
  <node id="1925302926" lat="54.3535224" lon="18.6452928"/>
  <node id="1925302928" lat="54.3536543" lon="18.6452570"/>
  <node id="1925302931" lat="54.3538585" lon="18.6452443"/>
  <node id="1925302932" lat="54.3540297" lon="18.6452626"/>
  <node id="1925302935" lat="54.3543771" lon="18.6453459"/>
  <node id="1925302958" lat="54.3563209" lon="18.6458150">
    <tag k="railway" v="switch"/>
    <tag k="railway:turnout_side" v="right"/>
  </node>
  <node id="1925303014" lat="54.3464334" lon="18.6519997">
    <tag k="name" v="Żabi Kruk"/>
    <tag k="public_transport" v="stop_position"/>
    <tag k="railway" v="tram_stop"/>
    <tag k="ref:ztm" v="2105"/>
    <tag k="tram" v="yes"/>
    <tag k="wheelchair" v="no"/>
  </node>
  <node id="1925471676" lat="54.3517258" lon="18.6464466">
    <tag k="railway" v="railway_crossing"/>
  </node>
  <node id="1925471855" lat="54.3520788" lon="18.6463373">
    <tag k="railway" v="railway_crossing"/>
  </node>
  <node id="1947567817" lat="54.3487506" lon="18.6461484"/>
  <node id="1947567837" lat="54.3494374" lon="18.6461229"/>
  <node id="1947567838" lat="54.3497779" lon="18.6463269">
    <tag k="crossing:island" v="no"/>
    <tag k="crossing:markings" v="yes"/>
    <tag k="crossing:signals" v="no"/>
    <tag k="highway" v="crossing"/>
    <tag k="tactile_paving" v="no"/>
  </node>
  <node id="1947567862" lat="54.3513353" lon="18.6494794"/>
  <node id="1947567869" lat="54.3516240" lon="18.6498941"/>
  <node id="1947567873" lat="54.3519097" lon="18.6502807"/>
  <node id="1947567880" lat="54.3530542" lon="18.6453880"/>
  <node id="1963711775" lat="54.3504205" lon="18.6535044"/>
  <node id="1964007801" lat="54.3505012" lon="18.6599018"/>
  <node id="1964007802" lat="54.3505130" lon="18.6598827"/>
  <node id="1964007803" lat="54.3505973" lon="18.6599995"/>
  <node id="1964007804" lat="54.3506680" lon="18.6602483"/>
  <node id="1964007805" lat="54.3506712" lon="18.6601952"/>
  <node id="1964007806" lat="54.3508873" lon="18.6606158"/>
  <node id="1964007807" lat="54.3512798" lon="18.6611044"/>
  <node id="1964007808" lat="54.3516299" lon="18.6615600"/>
  <node id="1964007809" lat="54.3519546" lon="18.6619666"/>
  <node id="1964007810" lat="54.3521660" lon="18.6621988"/>
  <node id="1964007811" lat="54.3522809" lon="18.6623073"/>
  <node id="1964007812" lat="54.3524095" lon="18.6624433"/>
  <node id="1964007813" lat="54.3525412" lon="18.6626825"/>
  <node id="1964007814" lat="54.3526433" lon="18.6628421"/>
  <node id="1964007815" lat="54.3527356" lon="18.6630081"/>
  <node id="1964007816" lat="54.3527778" lon="18.6630738"/>
  <node id="1964007817" lat="54.3528667" lon="18.6632013"/>
  <node id="1964007818" lat="54.3529812" lon="18.6632957"/>
  <node id="1964007819" lat="54.3531151" lon="18.6636400"/>
  <node id="1964007820" lat="54.3531075" lon="18.6636437"/>
  <node id="1964007821" lat="54.3531384" lon="18.6637968"/>
  <node id="1964007822" lat="54.3532809" lon="18.6643098"/>
  <node id="1964007823" lat="54.3533826" lon="18.6645721"/>
  <node id="1967307912" lat="54.3531031" lon="18.6510325">
    <tag k="crossing" v="zebra"/>
    <tag k="crossing:island" v="no"/>
    <tag k="crossing:markings" v="zebra"/>
    <tag k="highway" v="crossing"/>
    <tag k="tactile_paving" v="yes"/>
  </node>
  <node id="1967344947" lat="54.3474328" lon="18.6627247">
    <tag k="crossing" v="uncontrolled"/>
    <tag k="highway" v="crossing"/>
    <tag k="tactile_paving" v="no"/>
  </node>
  <node id="1967344951" lat="54.3475840" lon="18.6626569">
    <tag k="crossing" v="uncontrolled"/>
    <tag k="highway" v="crossing"/>
  </node>
  <node id="1967344972" lat="54.3479773" lon="18.6652351"/>
  <node id="1967345026" lat="54.3522568" lon="18.6602531"/>
  <node id="1968774683" lat="54.3487559" lon="18.6448368"/>
  <node id="1968927234" lat="54.3463201" lon="18.6456498">
    <tag k="bicycle" v="yes"/>
    <tag k="crossing" v="uncontrolled"/>
    <tag k="crossing:island" v="no"/>
    <tag k="crossing:markings" v="no"/>
    <tag k="crossing:signals" v="no"/>
    <tag k="highway" v="crossing"/>
    <tag k="tactile_paving" v="no"/>
  </node>
  <node id="1988299565" lat="54.3517959" lon="18.6597405"/>
  <node id="1988502627" lat="54.3442359" lon="18.6629035"/>
  <node id="1988502645" lat="54.3446925" lon="18.6621309"/>
  <node id="1994615283" lat="54.3533307" lon="18.6468861"/>
  <node id="2070008386" lat="54.3319412" lon="18.6571496"/>
  <node id="2070008395" lat="54.3326674" lon="18.6570260"/>
  <node id="2070008401" lat="54.3333918" lon="18.6558803"/>
  <node id="2091200422" lat="54.1210590" lon="18.7926776"/>
  <node id="2091200424" lat="54.1210599" lon="18.7925394"/>
  <node id="2091268917" lat="54.2068440" lon="18.7669910"/>
  <node id="2091277702" lat="54.1824267" lon="18.7732119"/>
  <node id="2091277708" lat="54.1825424" lon="18.7731816"/>
  <node id="2091361092" lat="54.1759281" lon="18.7771361"/>
  <node id="2091361095" lat="54.1760583" lon="18.7770440"/>
  <node id="2091377625" lat="54.1381783" lon="18.8046958"/>
  <node id="2091377627" lat="54.1382500" lon="18.8046974"/>
  <node id="2091377628" lat="54.1472395" lon="18.8077348"/>
  <node id="2092728467" lat="54.2342893" lon="18.7451715"/>
  <node id="2092728468" lat="54.2343242" lon="18.7450840"/>
  <node id="2097885221" lat="54.3472568" lon="18.6480842"/>
  <node id="2097885223" lat="54.3473122" lon="18.6482388"/>
  <node id="2097885225" lat="54.3474717" lon="18.6463991"/>
  <node id="2097885226" lat="54.3475584" lon="18.6478395"/>
  <node id="2103407192" lat="54.3511879" lon="18.6499185">
    <tag k="crossing:markings" v="no"/>
    <tag k="crossing:signals" v="no"/>
    <tag k="highway" v="crossing"/>
    <tag k="tactile_paving" v="no"/>
  </node>
  <node id="2103407200" lat="54.3513747" lon="18.6495275">
    <tag k="crossing" v="unmarked"/>
    <tag k="highway" v="crossing"/>
    <tag k="kerb" v="lowered"/>
    <tag k="tactile_paving" v="no"/>
  </node>
  <node id="2103407204" lat="54.3513939" lon="18.6493048"/>
  <node id="2103407216" lat="54.3516298" lon="18.6487839"/>
  <node id="2103407253" lat="54.3521241" lon="18.6493107">
    <tag k="crossing" v="uncontrolled"/>
    <tag k="crossing:island" v="no"/>
    <tag k="crossing_ref" v="zebra"/>
    <tag k="highway" v="crossing"/>
    <tag k="tactile_paving" v="no"/>
  </node>
  <node id="2103407269" lat="54.3523125" lon="18.6474816">
    <tag k="crossing" v="unmarked"/>
    <tag k="crossing:island" v="no"/>
    <tag k="crossing:markings" v="no"/>
    <tag k="highway" v="crossing"/>
    <tag k="tactile_paving" v="no"/>
  </node>
  <node id="2103407317" lat="54.3526608" lon="18.6499024"/>
  <node id="2104575753" lat="54.3518041" lon="18.6469191">
    <tag k="bicycle" v="yes"/>
    <tag k="button_operated" v="no"/>
    <tag k="crossing" v="traffic_signals"/>
    <tag k="highway" v="crossing"/>
    <tag k="tactile_paving" v="yes"/>
    <tag k="traffic_signals:sound" v="yes"/>
    <tag k="traffic_signals:vibration" v="no"/>
  </node>
  <node id="2104575771" lat="54.3520312" lon="18.6468288">
    <tag k="bicycle" v="yes"/>
    <tag k="button_operated" v="no"/>
    <tag k="crossing" v="traffic_signals"/>
    <tag k="highway" v="crossing"/>
    <tag k="tactile_paving" v="no"/>
    <tag k="traffic_signals:sound" v="yes"/>
    <tag k="traffic_signals:vibration" v="no"/>
  </node>
  <node id="2104575784" lat="54.3521978" lon="18.6464864">
    <tag k="bicycle" v="yes"/>
    <tag k="button_operated" v="no"/>
    <tag k="crossing" v="traffic_signals"/>
    <tag k="highway" v="crossing"/>
    <tag k="tactile_paving" v="yes"/>
    <tag k="traffic_signals:sound" v="yes"/>
    <tag k="traffic_signals:vibration" v="no"/>
  </node>
  <node id="2111305276" lat="54.3514622" lon="18.6492642"/>
  <node id="2274728527" lat="54.3452734" lon="18.6558990"/>
  <node id="2276607322" lat="54.3451100" lon="18.6593152"/>
  <node id="2276607323" lat="54.3451621" lon="18.6564550"/>
  <node id="2276607327" lat="54.3451992" lon="18.6593605"/>
  <node id="2320875683" lat="54.3520651" lon="18.6517011"/>
  <node id="2320875684" lat="54.3521065" lon="18.6511919"/>
  <node id="2321670214" lat="54.3497696" lon="18.6476349"/>
  <node id="2338038671" lat="54.3490393" lon="18.6222753"/>
  <node id="2352282913" lat="54.1535735" lon="18.7981779"/>
  <node id="2352283145" lat="54.2482062" lon="18.7486950"/>
  <node id="2352283163" lat="54.3133698" lon="18.6873043"/>
  <node id="2352283165" lat="54.3315981" lon="18.6570782"/>
  <node id="2352283168" lat="54.3326311" lon="18.6570531"/>
  <node id="2352283174" lat="54.3332396" lon="18.6563472"/>
  <node id="2355742505" lat="54.3485075" lon="18.6469875">
    <tag k="access" v="private"/>
    <tag k="barrier" v="lift_gate"/>
  </node>
  <node id="2355742507" lat="54.3488473" lon="18.6458790"/>
  <node id="2355742508" lat="54.3494659" lon="18.6459089"/>
  <node id="2355742510" lat="54.3500292" lon="18.6478410"/>
  <node id="2355742511" lat="54.3500232" lon="18.6474526"/>
  <node id="2355742514" lat="54.3505862" lon="18.6477469"/>
  <node id="2355742515" lat="54.3506713" lon="18.6483810"/>
  <node id="2371734539" lat="54.3475705" lon="18.6458238">
    <tag k="railway" v="switch"/>
  </node>
  <node id="2421473757" lat="54.3475082" lon="18.6613755"/>
  <node id="2440142193" lat="54.3474235" lon="18.6454146"/>
  <node id="2440142196" lat="54.3476427" lon="18.6454587"/>
  <node id="2440142199" lat="54.3477124" lon="18.6453070"/>
  <node id="2440142200" lat="54.3477835" lon="18.6451926"/>
  <node id="2440142202" lat="54.3479281" lon="18.6450257"/>
  <node id="2440142203" lat="54.3479991" lon="18.6449665"/>
  <node id="2468521781" lat="54.3472867" lon="18.6486835"/>
  <node id="2468521782" lat="54.3472010" lon="18.6490336"/>
  <node id="2468521783" lat="54.3473154" lon="18.6487242"/>
  <node id="2468521784" lat="54.3472406" lon="18.6490356"/>
  <node id="2478708568" lat="54.3473673" lon="18.6515174">
    <tag k="crossing:island" v="no"/>
    <tag k="crossing:markings" v="no"/>
    <tag k="crossing:signals" v="no"/>
    <tag k="highway" v="crossing"/>
    <tag k="tactile_paving" v="no"/>
  </node>
  <node id="2478708584" lat="54.3476863" lon="18.6519925">
    <tag k="crossing" v="informal"/>
  </node>
  <node id="2478708587" lat="54.3477261" lon="18.6518642">
    <tag k="crossing:markings" v="no"/>
    <tag k="crossing:signals" v="no"/>
    <tag k="highway" v="crossing"/>
    <tag k="tactile_paving" v="no"/>
  </node>
  <node id="2478708606" lat="54.3479739" lon="18.6494949"/>
  <node id="2478708611" lat="54.3481653" lon="18.6489734"/>
  <node id="2478708613" lat="54.3482146" lon="18.6488837"/>
  <node id="2478708616" lat="54.3484640" lon="18.6520328"/>
  <node id="2478708625" lat="54.3487368" lon="18.6512554"/>
  <node id="2478708635" lat="54.3492150" lon="18.6481124"/>
  <node id="2478862569" lat="54.3491114" lon="18.6536002"/>
  <node id="2478899878" lat="54.3509446" lon="18.6502069"/>
  <node id="2494128615" lat="54.0861048" lon="18.7266639"/>
  <node id="2494128616" lat="54.0870078" lon="18.7291463"/>
  <node id="2494128617" lat="54.0870638" lon="18.7294804"/>
  <node id="2494128618" lat="54.0873865" lon="18.7302223"/>
  <node id="2494128619" lat="54.0876760" lon="18.7313709"/>
  <node id="2494128620" lat="54.0877970" lon="18.7315683"/>
  <node id="2494128621" lat="54.0879075" lon="18.7320349"/>
  <node id="2494128622" lat="54.0879496" lon="18.7323310"/>
  <node id="2494128623" lat="54.0881835" lon="18.7328359"/>
  <node id="2494128624" lat="54.0883154" lon="18.7333487"/>
  <node id="2494128625" lat="54.0884367" lon="18.7335556"/>
  <node id="2494128626" lat="54.0885212" lon="18.7337805"/>
  <node id="2494128627" lat="54.0886214" lon="18.7341133"/>
  <node id="2494128628" lat="54.0887428" lon="18.7345361"/>
  <node id="2494128629" lat="54.0888166" lon="18.7347070"/>
  <node id="2494128630" lat="54.0888114" lon="18.7347970"/>
  <node id="2494128631" lat="54.0887797" lon="18.7349769"/>
  <node id="2494128632" lat="54.0888377" lon="18.7350938"/>
  <node id="2494128633" lat="54.0889327" lon="18.7351928"/>
  <node id="2494128634" lat="54.0889222" lon="18.7354717"/>
  <node id="2494128635" lat="54.0890013" lon="18.7357145"/>
  <node id="2494128636" lat="54.0890910" lon="18.7358585"/>
  <node id="2494128637" lat="54.0891068" lon="18.7360114"/>
  <node id="2494128638" lat="54.0892704" lon="18.7367670"/>
  <node id="2494128639" lat="54.0893284" lon="18.7368570"/>
  <node id="2494128640" lat="54.0893601" lon="18.7373428"/>
  <node id="2494128641" lat="54.0894181" lon="18.7374957"/>
  <node id="2494128642" lat="54.0894730" lon="18.7378091"/>
  <node id="2494128643" lat="54.0894730" lon="18.7379714"/>
  <node id="2494128644" lat="54.0895801" lon="18.7380661"/>
  <node id="2494128645" lat="54.0896237" lon="18.7382420"/>
  <node id="2494128646" lat="54.0895880" lon="18.7384922"/>
  <node id="2494128647" lat="54.0896753" lon="18.7386275"/>
  <node id="2494128648" lat="54.0897229" lon="18.7389725"/>
  <node id="2494128649" lat="54.0898261" lon="18.7394324"/>
  <node id="2494128650" lat="54.0899094" lon="18.7395812"/>
  <node id="2494128651" lat="54.0899094" lon="18.7397367"/>
  <node id="2494128652" lat="54.0899808" lon="18.7400479"/>
  <node id="2494128653" lat="54.0900561" lon="18.7401358"/>
  <node id="2494128654" lat="54.0900641" lon="18.7403590"/>
  <node id="2494128655" lat="54.0901964" lon="18.7407209"/>
  <node id="2494128656" lat="54.0902163" lon="18.7408430"/>
  <node id="2494128657" lat="54.0902163" lon="18.7411142"/>
  <node id="2494128658" lat="54.0902958" lon="18.7413380"/>
  <node id="2494128659" lat="54.0903674" lon="18.7414465"/>
  <node id="2494128660" lat="54.0905464" lon="18.7425585"/>
  <node id="2494128661" lat="54.0907941" lon="18.7439197"/>
  <node id="2494128662" lat="54.0910014" lon="18.7441463"/>
  <node id="2494128663" lat="54.0940523" lon="18.7457429"/>
  <node id="2494128664" lat="54.0969806" lon="18.7473570"/>
  <node id="2494128665" lat="54.0983406" lon="18.7480442"/>
  <node id="2494128666" lat="54.0991669" lon="18.7486798"/>
  <node id="2494128667" lat="54.0993429" lon="18.7489319"/>
  <node id="2494128668" lat="54.0997555" lon="18.7496185"/>
  <node id="2494128669" lat="54.1009441" lon="18.7515211"/>
  <node id="2494128670" lat="54.1011467" lon="18.7517414"/>
  <node id="2494133887" lat="54.1028692" lon="18.7523848"/>
  <node id="2494133888" lat="54.1032731" lon="18.7526767"/>
  <node id="2494133890" lat="54.1034423" lon="18.7528701"/>
  <node id="2494133891" lat="54.1088928" lon="18.7605786"/>
  <node id="2515021861" lat="54.3422319" lon="18.6489071">
    <tag k="leisure" v="marina"/>
    <tag k="name" v="Klub Wodny &quot;Żabi Kruk&quot;"/>
    <tag k="seamark:harbour:category" v="marina"/>
    <tag k="seamark:type" v="harbour"/>
  </node>
  <node id="2539677547" lat="54.3455298" lon="18.6588264"/>
  <node id="2539677550" lat="54.3457744" lon="18.6586817"/>
  <node id="2539677552" lat="54.3458116" lon="18.6586731"/>
  <node id="2539677554" lat="54.3458483" lon="18.6586065"/>
  <node id="2539677566" lat="54.3459121" lon="18.6580823"/>
  <node id="2539677568" lat="54.3458819" lon="18.6580713"/>
  <node id="2539677570" lat="54.3458249" lon="18.6581761"/>
  <node id="2539677574" lat="54.3457301" lon="18.6584373"/>
  <node id="2539677577" lat="54.3457017" lon="18.6585256"/>
  <node id="2539677584" lat="54.3455549" lon="18.6586376"/>
  <node id="2539678033" lat="54.3457140" lon="18.6584901">
    <tag k="barrier" v="lift_gate"/>
  </node>
  <node id="2539678157" lat="54.3457382" lon="18.6586752">
    <tag k="barrier" v="lift_gate"/>
  </node>
  <node id="2563644248" lat="54.3478015" lon="18.6492342"/>
  <node id="2616256561" lat="54.3473327" lon="18.6456359">
    <tag k="bicycle" v="yes"/>
    <tag k="button_operated" v="no"/>
    <tag k="crossing" v="traffic_signals"/>
    <tag k="highway" v="crossing"/>
    <tag k="tactile_paving" v="no"/>
    <tag k="traffic_signals:sound" v="yes"/>
    <tag k="traffic_signals:vibration" v="yes"/>
  </node>
  <node id="2616256566" lat="54.3473944" lon="18.6448628"/>
  <node id="2616256615" lat="54.3484539" lon="18.6448642"/>
  <node id="2616535075" lat="54.3518721" lon="18.6502573">
    <tag k="crossing:signals" v="no"/>
    <tag k="highway" v="crossing"/>
  </node>
  <node id="2616535078" lat="54.3519531" lon="18.6503049">
    <tag k="highway" v="crossing"/>
  </node>
  <node id="2616535081" lat="54.3519943" lon="18.6478208"/>
  <node id="2616535089" lat="54.3520127" lon="18.6471464"/>
  <node id="2616535094" lat="54.3520203" lon="18.6473108"/>
  <node id="2616535099" lat="54.3520476" lon="18.6474391"/>
  <node id="2616535139" lat="54.3523369" lon="18.6507090"/>
  <node id="2616535141" lat="54.3523785" lon="18.6487368">
    <tag k="crossing" v="uncontrolled"/>
    <tag k="crossing:island" v="no"/>
    <tag k="crossing:markings" v="zebra"/>
    <tag k="crossing_ref" v="zebra"/>
    <tag k="highway" v="crossing"/>
    <tag k="kerb" v="flush"/>
    <tag k="tactile_paving" v="no"/>
  </node>
  <node id="2616535150" lat="54.3525639" lon="18.6496561"/>
  <node id="2617194102" lat="54.3488954" lon="18.6603960"/>
  <node id="2617194107" lat="54.3489808" lon="18.6555354"/>
  <node id="2617194111" lat="54.3490211" lon="18.6552103"/>
  <node id="2617194130" lat="54.3491437" lon="18.6546269"/>
  <node id="2617194159" lat="54.3493910" lon="18.6553813"/>
  <node id="2617194163" lat="54.3494167" lon="18.6553932"/>
  <node id="2617194179" lat="54.3494935" lon="18.6547821"/>
  <node id="2617194210" lat="54.3498055" lon="18.6568734"/>
  <node id="2617194212" lat="54.3498437" lon="18.6568972"/>
  <node id="2617194227" lat="54.3500525" lon="18.6598292"/>
  <node id="2617194272" lat="54.3503171" lon="18.6557264"/>
  <node id="2617194274" lat="54.3503516" lon="18.6565821"/>
  <node id="2617194277" lat="54.3503754" lon="18.6557569">
    <tag k="highway" v="crossing"/>
  </node>
  <node id="2617194278" lat="54.3503793" lon="18.6564338"/>
  <node id="2617194280" lat="54.3503827" lon="18.6571436"/>
  <node id="2617194284" lat="54.3504285" lon="18.6597798"/>
  <node id="2617194305" lat="54.3505477" lon="18.6595217"/>
  <node id="2617194308" lat="54.3505627" lon="18.6558548"/>
  <node id="2617194312" lat="54.3505296" lon="18.6601245"/>
  <node id="2617194319" lat="54.3505929" lon="18.6607802"/>
  <node id="2617194321" lat="54.3506195" lon="18.6541647"/>
  <node id="2617194325" lat="54.3506071" lon="18.6558780"/>
  <node id="2617194341" lat="54.3506540" lon="18.6594368"/>
  <node id="2617194360" lat="54.3508747" lon="18.6542231"/>
  <node id="2617194381" lat="54.3509708" lon="18.6567822">
    <tag k="barrier" v="gate"/>
  </node>
  <node id="2617194398" lat="54.3511554" lon="18.6599964"/>
  <node id="2617194400" lat="54.3511673" lon="18.6600660"/>
  <node id="2617194404" lat="54.3512205" lon="18.6554731"/>
  <node id="2617194426" lat="54.3514807" lon="18.6594961"/>
  <node id="2617194427" lat="54.3514680" lon="18.6593856"/>
  <node id="2617194428" lat="54.3516130" lon="18.6565171"/>
  <node id="2617194430" lat="54.3516664" lon="18.6556573">
    <tag k="crossing" v="informal"/>
  </node>
  <node id="2617194435" lat="54.3517601" lon="18.6556506"/>
  <node id="2617194441" lat="54.3518402" lon="18.6595278"/>
  <node id="2617194443" lat="54.3518638" lon="18.6594730"/>
  <node id="2617194446" lat="54.3519067" lon="18.6594327"/>
  <node id="2617194457" lat="54.3521060" lon="18.6602508"/>
  <node id="2617194463" lat="54.3521382" lon="18.6601915"/>
  <node id="2617194573" lat="54.3545403" lon="18.6621805"/>
  <node id="2617308382" lat="54.3484868" lon="18.6480059"/>
  <node id="2617308389" lat="54.3487554" lon="18.6471706">
    <tag k="crossing:island" v="no"/>
    <tag k="crossing:markings" v="no"/>
    <tag k="crossing:signals" v="no"/>
    <tag k="highway" v="crossing"/>
    <tag k="tactile_paving" v="no"/>
  </node>
  <node id="2617308391" lat="54.3488065" lon="18.6474535">
    <tag k="crossing:island" v="no"/>
    <tag k="crossing:markings" v="no"/>
    <tag k="crossing:signals" v="no"/>
    <tag k="highway" v="crossing"/>
    <tag k="tactile_paving" v="no"/>
  </node>
  <node id="2617308395" lat="54.3488606" lon="18.6487635"/>
  <node id="2617308402" lat="54.3491834" lon="18.6477343"/>
  <node id="2617308416" lat="54.3493787" lon="18.6481652"/>
  <node id="2617308420" lat="54.3494273" lon="18.6479283"/>
  <node id="2617308429" lat="54.3497226" lon="18.6467513"/>
  <node id="2617308448" lat="54.3507179" lon="18.6531645"/>
  <node id="2617308449" lat="54.3507302" lon="18.6529874"/>
  <node id="2617308453" lat="54.3507483" lon="18.6524810"/>
  <node id="2617308456" lat="54.3509134" lon="18.6501846"/>
  <node id="2617308459" lat="54.3510300" lon="18.6545161"/>
  <node id="2617308460" lat="54.3511151" lon="18.6545588"/>
  <node id="2617308464" lat="54.3511320" lon="18.6529597"/>
  <node id="2617308468" lat="54.3511814" lon="18.6526369"/>
  <node id="2617308471" lat="54.3511607" lon="18.6480177"/>
  <node id="2617308497" lat="54.3516829" lon="18.6462790">
    <tag k="highway" v="traffic_signals"/>
    <tag k="traffic_signals:direction" v="forward"/>
  </node>
  <node id="2617308498" lat="54.3516820" lon="18.6463563"/>
  <node id="2617308505" lat="54.3518560" lon="18.6505249">
    <tag k="crossing" v="marked"/>
    <tag k="crossing:island" v="no"/>
    <tag k="highway" v="crossing"/>
    <tag k="tactile_paving" v="yes"/>
  </node>
  <node id="2617308508" lat="54.3518879" lon="18.6478328">
    <tag k="direction" v="forward"/>
    <tag k="highway" v="give_way"/>
  </node>
  <node id="2617308518" lat="54.3520496" lon="18.6525809"/>
  <node id="2617308519" lat="54.3521025" lon="18.6476703"/>
  <node id="2617308522" lat="54.3521309" lon="18.6465453"/>
  <node id="2617308523" lat="54.3521407" lon="18.6539196"/>
  <node id="2617308550" lat="54.3525507" lon="18.6543431">
    <tag k="crossing:island" v="no"/>
    <tag k="crossing:markings" v="no"/>
    <tag k="crossing:signals" v="no"/>
    <tag k="highway" v="crossing"/>
    <tag k="tactile_paving" v="no"/>
  </node>
  <node id="2617308556" lat="54.3525770" lon="18.6541114">
    <tag k="crossing:island" v="no"/>
    <tag k="crossing:markings" v="no"/>
    <tag k="crossing:signals" v="no"/>
    <tag k="highway" v="crossing"/>
    <tag k="tactile_paving" v="no"/>
  </node>
  <node id="2617308573" lat="54.3526246" lon="18.6527032">
    <tag k="crossing" v="informal"/>
  </node>
  <node id="2617643025" lat="54.3514532" lon="18.6466218">
    <tag k="highway" v="traffic_signals"/>
    <tag k="traffic_signals:direction" v="forward"/>
  </node>
  <node id="2617643030" lat="54.3516934" lon="18.6453129"/>
  <node id="2617643032" lat="54.3517471" lon="18.6456439">
    <tag k="highway" v="traffic_signals"/>
    <tag k="traffic_signals:direction" v="forward"/>
  </node>
  <node id="2617643033" lat="54.3520137" lon="18.6470310">
    <tag k="highway" v="traffic_signals"/>
    <tag k="traffic_signals:direction" v="forward"/>
  </node>
  <node id="2617643040" lat="54.3522790" lon="18.6469931"/>
  <node id="2617643046" lat="54.3525040" lon="18.6470684"/>
  <node id="2617643047" lat="54.3525184" lon="18.6468922"/>
  <node id="2617643048" lat="54.3525240" lon="18.6472403"/>
  <node id="2617643049" lat="54.3525264" lon="18.6472717"/>
  <node id="2617643050" lat="54.3525413" lon="18.6467856"/>
  <node id="2617643051" lat="54.3525805" lon="18.6467120"/>
  <node id="2617643053" lat="54.3526374" lon="18.6466574"/>
  <node id="2617643055" lat="54.3526885" lon="18.6466282"/>
  <node id="2617643056" lat="54.3527225" lon="18.6466384"/>
  <node id="2617643058" lat="54.3527469" lon="18.6466828"/>
  <node id="2617643059" lat="54.3527602" lon="18.6467780"/>
  <node id="2617643060" lat="54.3527855" lon="18.6459511"/>
  <node id="2617643065" lat="54.3528463" lon="18.6460925"/>
  <node id="2617643101" lat="54.3533048" lon="18.6455096"/>
  <node id="2617643109" lat="54.3534162" lon="18.6486666"/>
  <node id="2617643131" lat="54.3536739" lon="18.6453826"/>
  <node id="2618621911" lat="54.3573090" lon="18.6459055">
    <tag k="railway" v="tram_level_crossing"/>
  </node>
  <node id="2619757974" lat="54.3429137" lon="18.6465901"/>
  <node id="2619757985" lat="54.3445133" lon="18.6636515"/>
  <node id="2619757986" lat="54.3445357" lon="18.6632245"/>
  <node id="2619757987" lat="54.3445822" lon="18.6640153"/>
  <node id="2619757990" lat="54.3446480" lon="18.6613945"/>
  <node id="2619758016" lat="54.3494378" lon="18.6535319"/>
  <node id="2620978893" lat="54.3568503" lon="18.6658598"/>
  <node id="2620978922" lat="54.3570460" lon="18.6658363"/>
  <node id="2620978923" lat="54.3570429" lon="18.6657722"/>
  <node id="2620978969" lat="54.3572834" lon="18.6657832"/>
  <node id="2620979025" lat="54.3574930" lon="18.6657474"/>
  <node id="2620979030" lat="54.3577661" lon="18.6656182"/>
  <node id="2632144640" lat="54.3445216" lon="18.6488066">
    <tag k="bus" v="yes"/>
    <tag k="disused:public_transport" v="stop_position"/>
    <tag k="name" v="Muzeum Narodowe 02"/>
    <tag k="network" v="ZTM Gdańsk"/>
    <tag k="ref:ztm" v="1191"/>
  </node>
  <node id="2632154408" lat="54.3437071" lon="18.6488933"/>
  <node id="2632154410" lat="54.3438658" lon="18.6482872">
    <tag k="direction" v="forward"/>
    <tag k="highway" v="stop"/>
    <tag k="stop" v="minor"/>
  </node>
  <node id="2632154415" lat="54.3441765" lon="18.6473849"/>
  <node id="2632154416" lat="54.3442182" lon="18.6472297"/>
  <node id="2632154417" lat="54.3442163" lon="18.6493563">
    <tag k="crossing" v="traffic_signals"/>
    <tag k="highway" v="crossing"/>
    <tag k="tactile_paving" v="no"/>
  </node>
  <node id="2641510775" lat="54.3544443" lon="18.6658970">
    <tag k="amenity" v="ferry_terminal"/>
    <tag k="ferry" v="yes"/>
    <tag k="name" v="Sienna Grobla II"/>
    <tag k="network" v="ZTM Gdańsk"/>
    <tag k="operator" v="Żegluga Gdańska"/>
    <tag k="public_transport" v="stop_position"/>
  </node>
  <node id="2641510810" lat="54.3545891" lon="18.6661240"/>
  <node id="2643945610" lat="54.3441945" lon="18.6497961">
    <tag k="highway" v="traffic_signals"/>
    <tag k="traffic_signals:direction" v="forward"/>
  </node>
  <node id="2643945611" lat="54.3444488" lon="18.6490395">
    <tag k="highway" v="traffic_signals"/>
    <tag k="traffic_signals:direction" v="backward"/>
  </node>
  <node id="2670366862" lat="54.3508239" lon="18.6333613"/>
  <node id="2670366895" lat="54.3509713" lon="18.6345128"/>
  <node id="2670366918" lat="54.3510928" lon="18.6353893"/>
  <node id="2670367009" lat="54.3514661" lon="18.6399270"/>
  <node id="2670367036" lat="54.3515325" lon="18.6406500"/>
  <node id="2670367140" lat="54.3518611" lon="18.6433946"/>
  <node id="2679477247" lat="54.3452209" lon="18.6499929"/>
  <node id="2685898760" lat="54.3490653" lon="18.6230338"/>
  <node id="2685898831" lat="54.3493055" lon="18.6250961"/>
  <node id="2685898909" lat="54.3495054" lon="18.6263394"/>
  <node id="2685898999" lat="54.3497238" lon="18.6277349"/>
  <node id="2685899054" lat="54.3499853" lon="18.6292891"/>
  <node id="2685899091" lat="54.3502283" lon="18.6305011"/>
  <node id="2685899124" lat="54.3504918" lon="18.6317062"/>
  <node id="2686392874" lat="54.3489026" lon="18.6184125"/>
  <node id="2686392875" lat="54.3489070" lon="18.6168414"/>
  <node id="2686392883" lat="54.3489484" lon="18.6154922"/>
  <node id="2686392903" lat="54.3490332" lon="18.6139310"/>
  <node id="2686392924" lat="54.3490941" lon="18.6127919"/>
  <node id="2686392937" lat="54.3491314" lon="18.6121515"/>
  <node id="2767757930" lat="54.2938614" lon="18.7178321"/>
  <node id="2867187586" lat="54.3454541" lon="18.6557916">
    <tag k="bicycle" v="yes"/>
    <tag k="button_operated" v="no"/>
    <tag k="crossing" v="traffic_signals"/>
    <tag k="crossing:island" v="no"/>
    <tag k="highway" v="crossing"/>
    <tag k="tactile_paving" v="no"/>
    <tag k="traffic_signals:sound" v="no"/>
    <tag k="traffic_signals:vibration" v="no"/>
  </node>
  <node id="2867187593" lat="54.3461291" lon="18.6540470">
    <tag k="crossing:signals" v="no"/>
    <tag k="highway" v="crossing"/>
  </node>
  <node id="2867187595" lat="54.3465130" lon="18.6508513">
    <tag k="bicycle" v="yes"/>
    <tag k="crossing:island" v="no"/>
    <tag k="crossing:markings" v="yes"/>
    <tag k="crossing:signals" v="no"/>
    <tag k="highway" v="crossing"/>
    <tag k="tactile_paving" v="no"/>
  </node>
  <node id="2867187597" lat="54.3470169" lon="18.6487424">
    <tag k="bicycle" v="yes"/>
    <tag k="crossing" v="uncontrolled"/>
    <tag k="crossing:markings" v="yes"/>
    <tag k="highway" v="crossing"/>
    <tag k="tactile_paving" v="no"/>
  </node>
  <node id="2867427359" lat="54.3448796" lon="18.6604454"/>
  <node id="2867427360" lat="54.3449133" lon="18.6604634"/>
  <node id="2867427366" lat="54.3451051" lon="18.6590635"/>
  <node id="2867427367" lat="54.3451397" lon="18.6590821"/>
  <node id="2867427373" lat="54.3459695" lon="18.6542678"/>
  <node id="2874334562" lat="54.3472049" lon="18.6600723"/>
  <node id="2874334566" lat="54.3472105" lon="18.6607035">
    <tag k="crossing:island" v="no"/>
    <tag k="crossing:markings" v="no"/>
    <tag k="crossing:signals" v="no"/>
    <tag k="highway" v="crossing"/>
    <tag k="tactile_paving" v="no"/>
  </node>
  <node id="2874334574" lat="54.3472699" lon="18.6601293"/>
  <node id="2874335003" lat="54.3474591" lon="18.6596917">
    <tag k="crossing" v="informal"/>
  </node>
  <node id="2874353592" lat="54.3437479" lon="18.6597503"/>
  <node id="2874353595" lat="54.3438219" lon="18.6598093"/>
  <node id="2874354309" lat="54.3451903" lon="18.6604332">
    <tag k="highway" v="crossing"/>
  </node>
  <node id="2874354314" lat="54.3452940" lon="18.6605301"/>
  <node id="2874354326" lat="54.3460163" lon="18.6607196"/>
  <node id="2896164075" lat="54.3465395" lon="18.6608025"/>
  <node id="2896164078" lat="54.3467060" lon="18.6608420"/>
  <node id="2896164081" lat="54.3469945" lon="18.6608549"/>
  <node id="2896192396" lat="54.3472162" lon="18.6604251"/>
  <node id="2896192702" lat="54.3472330" lon="18.6603839"/>
  <node id="2896192704" lat="54.3472522" lon="18.6603593"/>
  <node id="2896192709" lat="54.3472728" lon="18.6603440"/>
  <node id="2902660012" lat="54.3455087" lon="18.6624343"/>
  <node id="2902660021" lat="54.3455417" lon="18.6627982"/>
  <node id="2902660034" lat="54.3455902" lon="18.6632560">
    <tag k="barrier" v="lift_gate"/>
  </node>
  <node id="2902660039" lat="54.3456104" lon="18.6635185"/>
  <node id="2902660040" lat="54.3456160" lon="18.6635912"/>
  <node id="2902660044" lat="54.3456470" lon="18.6638790"/>
  <node id="2902660060" lat="54.3465109" lon="18.6627507"/>
  <node id="2902660066" lat="54.3466146" lon="18.6625212"/>
  <node id="2902660068" lat="54.3466190" lon="18.6626926"/>
  <node id="2902660069" lat="54.3466378" lon="18.6628598"/>
  <node id="2902660093" lat="54.3471362" lon="18.6629988"/>
  <node id="2903410582" lat="54.3475871" lon="18.6557156"/>
  <node id="2912683686" lat="54.3507514" lon="18.6463855"/>
  <node id="2912683687" lat="54.3510703" lon="18.6464972"/>
  <node id="2912683688" lat="54.3516268" lon="18.6466782"/>
  <node id="2954781046" lat="54.1177436" lon="18.7726552"/>
  <node id="2954842381" lat="54.1210412" lon="18.7937573"/>
  <node id="2954842385" lat="54.1276313" lon="18.8026018"/>
  <node id="2954857624" lat="54.1394354" lon="18.8052171"/>
  <node id="2954881191" lat="54.1351916" lon="18.8044041"/>
  <node id="2954884535" lat="54.1427681" lon="18.8048146"/>
  <node id="2954884536" lat="54.1421726" lon="18.8047311"/>
  <node id="2956321528" lat="54.3510261" lon="18.6499028"/>
  <node id="2963906896" lat="54.3449972" lon="18.6472464"/>
  <node id="2963906897" lat="54.3450228" lon="18.6519842"/>
  <node id="2963906943" lat="54.3454467" lon="18.6508400"/>
  <node id="2963906953" lat="54.3455000" lon="18.6508793"/>
  <node id="2963906958" lat="54.3455086" lon="18.6508445"/>
  <node id="2963906963" lat="54.3455178" lon="18.6508075"/>
  <node id="2963906973" lat="54.3455635" lon="18.6506229"/>
  <node id="2963906979" lat="54.3455841" lon="18.6499721">
    <tag k="barrier" v="gate"/>
  </node>
  <node id="2963906988" lat="54.3456132" lon="18.6504222"/>
  <node id="2963906994" lat="54.3456270" lon="18.6497908"/>
  <node id="2963906999" lat="54.3456372" lon="18.6497475"/>
  <node id="2963907006" lat="54.3456491" lon="18.6502774"/>
  <node id="2963907039" lat="54.3457365" lon="18.6493275"/>
  <node id="2963907049" lat="54.3457451" lon="18.6492911"/>
  <node id="2963907061" lat="54.3457693" lon="18.6510779"/>
  <node id="2963907062" lat="54.3457701" lon="18.6480878"/>
  <node id="2963907070" lat="54.3457887" lon="18.6491065"/>
  <node id="2963907074" lat="54.3457924" lon="18.6513113"/>
  <node id="2963907078" lat="54.3457978" lon="18.6490678"/>
  <node id="2963907112" lat="54.3458927" lon="18.6486662"/>
  <node id="2963907115" lat="54.3459043" lon="18.6486172"/>
  <node id="2963907123" lat="54.3459474" lon="18.6484348">
    <tag k="barrier" v="gate"/>
  </node>
  <node id="2963907126" lat="54.3459515" lon="18.6484174"/>
  <node id="2963907165" lat="54.3460477" lon="18.6515149"/>
  <node id="2963907197" lat="54.3461043" lon="18.6512740"/>
  <node id="2963907208" lat="54.3461218" lon="18.6511998"/>
  <node id="2963907244" lat="54.3462111" lon="18.6508198"/>
  <node id="2963907275" lat="54.3462455" lon="18.6506736"/>
  <node id="2963907341" lat="54.3465444" lon="18.6488298"/>
  <node id="2963907345" lat="54.3465844" lon="18.6486677"/>
  <node id="2963907476" lat="54.3471626" lon="18.6479751">
    <tag k="barrier" v="bollard"/>
    <tag k="bollard" v="fixed"/>
    <tag k="vehicle" v="no"/>
  </node>
  <node id="2963907485" lat="54.3472036" lon="18.6480021"/>
  <node id="2963907492" lat="54.3472484" lon="18.6485272"/>
  <node id="2963907501" lat="54.3473662" lon="18.6469029"/>
  <node id="2964003351" lat="54.3459313" lon="18.6536678"/>
  <node id="2964003355" lat="54.3461207" lon="18.6535576"/>
  <node id="2964003649" lat="54.3475167" lon="18.6472840"/>
  <node id="2964003650" lat="54.3476325" lon="18.6456425"/>
  <node id="2964003653" lat="54.3476664" lon="18.6454623"/>
  <node id="2964003654" lat="54.3477247" lon="18.6449462"/>
  <node id="2964003655" lat="54.3477321" lon="18.6454439"/>
  <node id="2964003656" lat="54.3477378" lon="18.6453721"/>
  <node id="2964003657" lat="54.3477728" lon="18.6450724"/>
  <node id="2964003658" lat="54.3477901" lon="18.6452385">
    <tag k="railway" v="tram_level_crossing"/>
  </node>
  <node id="2964003659" lat="54.3478330" lon="18.6451555"/>
  <node id="2964003660" lat="54.3486864" lon="18.6454529"/>
  <node id="2964003661" lat="54.3488109" lon="18.6454991"/>
  <node id="2964089196" lat="54.3447052" lon="18.6587410">
    <tag k="highway" v="crossing"/>
  </node>
  <node id="2964089200" lat="54.3451238" lon="18.6585741"/>
  <node id="2964089204" lat="54.3452582" lon="18.6586871"/>
  <node id="2964089206" lat="54.3453468" lon="18.6602407"/>
  <node id="2964089207" lat="54.3453589" lon="18.6568623"/>
  <node id="2964089209" lat="54.3453944" lon="18.6592842"/>
  <node id="2964089214" lat="54.3454690" lon="18.6591414"/>
  <node id="2964089216" lat="54.3455530" lon="18.6558524"/>
  <node id="2964089219" lat="54.3456268" lon="18.6586345">
    <tag k="highway" v="crossing"/>
  </node>
  <node id="2964089222" lat="54.3456654" lon="18.6581860"/>
  <node id="2964089224" lat="54.3456857" lon="18.6543550"/>
  <node id="2964089225" lat="54.3456856" lon="18.6585647"/>
  <node id="2964089341" lat="54.3458585" lon="18.6580966"/>
  <node id="2964089354" lat="54.3460041" lon="18.6536543"/>
  <node id="2964089357" lat="54.3459925" lon="18.6538923"/>
  <node id="2964089365" lat="54.3460836" lon="18.6533090"/>
  <node id="2964089375" lat="54.3462771" lon="18.6604007"/>
  <node id="2964089377" lat="54.3462983" lon="18.6524881"/>
  <node id="2964089378" lat="54.3463034" lon="18.6604260"/>
  <node id="2964089379" lat="54.3463112" lon="18.6598986"/>
  <node id="2964089381" lat="54.3463581" lon="18.6604365"/>
  <node id="2964089382" lat="54.3463696" lon="18.6604729"/>
  <node id="2964089384" lat="54.3463957" lon="18.6599137"/>
  <node id="2964089385" lat="54.3464113" lon="18.6598443"/>
  <node id="2964089393" lat="54.3465005" lon="18.6583585">
    <tag k="barrier" v="bollard"/>
  </node>
  <node id="2964089400" lat="54.3467536" lon="18.6508263"/>
  <node id="2964089401" lat="54.3467649" lon="18.6509360"/>
  <node id="2964089536" lat="54.3472462" lon="18.6488556"/>
  <node id="2964089538" lat="54.3474211" lon="18.6481870"/>
  <node id="2964089541" lat="54.3475076" lon="18.6572220"/>
  <node id="2964089553" lat="54.3478029" lon="18.6596160"/>
  <node id="2964089561" lat="54.3479663" lon="18.6576185"/>
  <node id="2964089565" lat="54.3481501" lon="18.6595123"/>
  <node id="2964089567" lat="54.3483071" lon="18.6475018"/>
  <node id="2964089568" lat="54.3483377" lon="18.6578524"/>
  <node id="2964089571" lat="54.3484395" lon="18.6472061">
    <tag k="crossing" v="unmarked"/>
    <tag k="highway" v="crossing"/>
  </node>
  <node id="2968482466" lat="54.3470330" lon="18.6502293"/>
  <node id="2968482467" lat="54.3471851" lon="18.6453639"/>
  <node id="2983782768" lat="54.3487603" lon="18.6475614">
    <tag k="barrier" v="block"/>
    <tag k="bicycle" v="yes"/>
    <tag k="foot" v="yes"/>
  </node>
  <node id="2986447212" lat="54.3473967" lon="18.6531143">
    <tag k="crossing" v="marked"/>
    <tag k="crossing:island" v="no"/>
    <tag k="highway" v="crossing"/>
    <tag k="tactile_paving" v="no"/>
  </node>
  <node id="2986447213" lat="54.3483199" lon="18.6497438">
    <tag k="crossing" v="marked"/>
    <tag k="highway" v="crossing"/>
    <tag k="tactile_paving" v="no"/>
  </node>
  <node id="2986447226" lat="54.3510776" lon="18.6499449">
    <tag k="crossing" v="marked"/>
    <tag k="crossing:island" v="no"/>
    <tag k="highway" v="crossing"/>
    <tag k="kerb" v="lowered"/>
    <tag k="tactile_paving" v="no"/>
  </node>
  <node id="2986447227" lat="54.3512057" lon="18.6540711">
    <tag k="crossing:island" v="no"/>
    <tag k="crossing:markings" v="yes"/>
    <tag k="crossing:signals" v="no"/>
    <tag k="highway" v="crossing"/>
    <tag k="tactile_paving" v="no"/>
  </node>
  <node id="2986447228" lat="54.3512421" lon="18.6500947">
    <tag k="crossing:markings" v="no"/>
    <tag k="crossing:signals" v="no"/>
    <tag k="highway" v="crossing"/>
    <tag k="tactile_paving" v="no"/>
  </node>
  <node id="2986447229" lat="54.3512544" lon="18.6538054">
    <tag k="crossing:island" v="no"/>
    <tag k="crossing:markings" v="yes"/>
    <tag k="crossing:signals" v="no"/>
    <tag k="highway" v="crossing"/>
    <tag k="tactile_paving" v="no"/>
  </node>
  <node id="2986447230" lat="54.3514967" lon="18.6524536">
    <tag k="crossing" v="uncontrolled"/>
    <tag k="crossing:island" v="no"/>
    <tag k="highway" v="crossing"/>
    <tag k="tactile_paving" v="no"/>
  </node>
  <node id="2986447231" lat="54.3517697" lon="18.6509362">
    <tag k="crossing" v="uncontrolled"/>
    <tag k="crossing:island" v="no"/>
    <tag k="highway" v="crossing"/>
    <tag k="tactile_paving" v="yes"/>
  </node>
  <node id="2986447232" lat="54.3519166" lon="18.6509105">
    <tag k="crossing" v="unmarked"/>
    <tag k="crossing:markings" v="no"/>
    <tag k="highway" v="crossing"/>
    <tag k="tactile_paving" v="yes"/>
  </node>
  <node id="3027522401" lat="54.3437891" lon="18.6597853">
    <tag k="highway" v="crossing"/>
  </node>
  <node id="3027522403" lat="54.3438710" lon="18.6575857"/>
  <node id="3027522404" lat="54.3438677" lon="18.6578162"/>
  <node id="3027522405" lat="54.3438877" lon="18.6574642"/>
  <node id="3027522408" lat="54.3439132" lon="18.6579820"/>
  <node id="3027522409" lat="54.3439159" lon="18.6573238"/>
  <node id="3027522416" lat="54.3439887" lon="18.6570166"/>
  <node id="3027522417" lat="54.3440017" lon="18.6581329"/>
  <node id="3027522425" lat="54.3442634" lon="18.6582262">
    <tag k="crossing" v="marked"/>
    <tag k="highway" v="crossing"/>
  </node>
  <node id="3027522428" lat="54.3442966" lon="18.6580899"/>
  <node id="3027522429" lat="54.3442966" lon="18.6582640"/>
  <node id="3027522440" lat="54.3448650" lon="18.6579387"/>
  <node id="3027805239" lat="54.3480663" lon="18.6506645"/>
  <node id="3027805240" lat="54.3481412" lon="18.6507166">
    <tag k="barrier" v="gate"/>
    <tag k="bicycle" v="yes"/>
    <tag k="foot" v="yes"/>
    <tag k="maxwidth:physical" v="3"/>
    <tag k="motorcar" v="yes"/>
  </node>
  <node id="3027805241" lat="54.3482386" lon="18.6507830"/>
  <node id="3027805242" lat="54.3484107" lon="18.6508971"/>
  <node id="3027805243" lat="54.3484358" lon="18.6509080"/>
  <node id="3027805244" lat="54.3484605" lon="18.6508971"/>
  <node id="3027805245" lat="54.3484856" lon="18.6508715"/>
  <node id="3027805246" lat="54.3485158" lon="18.6508518"/>
  <node id="3027805247" lat="54.3485425" lon="18.6508453"/>
  <node id="3027805248" lat="54.3485842" lon="18.6508613"/>
  <node id="3027805249" lat="54.3487785" lon="18.6509926"/>
  <node id="3027805251" lat="54.3504132" lon="18.6509660"/>
  <node id="3029019040" lat="54.3433118" lon="18.6463001"/>
  <node id="3029019042" lat="54.3435338" lon="18.6468950"/>
  <node id="3029019044" lat="54.3436540" lon="18.6462613"/>
  <node id="3029019046" lat="54.3438899" lon="18.6456769"/>
  <node id="3029019047" lat="54.3439028" lon="18.6462371"/>
  <node id="3029024637" lat="54.3222481" lon="18.6668084"/>
  <node id="3029024638" lat="54.3225361" lon="18.6644387"/>
  <node id="3029024640" lat="54.3231917" lon="18.6708195"/>
  <node id="3029024642" lat="54.3233022" lon="18.6707351"/>
  <node id="3029024644" lat="54.3234110" lon="18.6706284"/>
  <node id="3029024646" lat="54.3235577" lon="18.6696657"/>
  <node id="3029024647" lat="54.3235613" lon="18.6701998"/>
  <node id="3029024648" lat="54.3235885" lon="18.6699203"/>
  <node id="3029024652" lat="54.3245973" lon="18.6597802"/>
  <node id="3029024653" lat="54.3246064" lon="18.6578018"/>
  <node id="3029024654" lat="54.3246064" lon="18.6620225"/>
  <node id="3029024655" lat="54.3247151" lon="18.6615939"/>
  <node id="3029024657" lat="54.3253725" lon="18.6562334"/>
  <node id="3029024658" lat="54.3283537" lon="18.6552365"/>
  <node id="3029024660" lat="54.3287177" lon="18.6552334"/>
  <node id="3029024664" lat="54.3300850" lon="18.6559570"/>
  <node id="3029024666" lat="54.3313327" lon="18.6569478"/>
  <node id="3029024669" lat="54.3324193" lon="18.6571248"/>
  <node id="3029024670" lat="54.3330621" lon="18.6566465"/>
  <node id="3029024677" lat="54.3339621" lon="18.6513637"/>
  <node id="3029024680" lat="54.3345380" lon="18.6498667"/>
  <node id="3029024681" lat="54.3346484" lon="18.6497953"/>
  <node id="3029024682" lat="54.3347263" lon="18.6497736"/>
  <node id="3029024686" lat="54.3357023" lon="18.6505189"/>
  <node id="3029024688" lat="54.3362546" lon="18.6507519"/>
  <node id="3029024717" lat="54.3401058" lon="18.6520594"/>
  <node id="3029024719" lat="54.3405204" lon="18.6524352"/>
  <node id="3029024730" lat="54.3434521" lon="18.6510566"/>
  <node id="3029024731" lat="54.3435737" lon="18.6512147"/>
  <node id="3029024732" lat="54.3436148" lon="18.6527920"/>
  <node id="3029029934" lat="54.3440654" lon="18.6537035"/>
  <node id="3029029935" lat="54.3440665" lon="18.6521107"/>
  <node id="3029029938" lat="54.3445603" lon="18.6490535"/>
  <node id="3029029939" lat="54.3446336" lon="18.6488678"/>
  <node id="3029029940" lat="54.3446851" lon="18.6486408"/>
  <node id="3029029941" lat="54.3446899" lon="18.6494325"/>
  <node id="3029029942" lat="54.3447488" lon="18.6491863"/>
  <node id="3029029944" lat="54.3447961" lon="18.6489823"/>
  <node id="3029029945" lat="54.3448497" lon="18.6487567"/>
  <node id="3029029947" lat="54.3448673" lon="18.6535864"/>
  <node id="3029029948" lat="54.3450296" lon="18.6547381"/>
  <node id="3029029949" lat="54.3449435" lon="18.6485796"/>
  <node id="3029029950" lat="54.3451577" lon="18.6489737"/>
  <node id="3029029951" lat="54.3452088" lon="18.6487604"/>
  <node id="3029029954" lat="54.3453420" lon="18.6496041"/>
  <node id="3029029955" lat="54.3453837" lon="18.6493961"/>
  <node id="3029029956" lat="54.3454156" lon="18.6478959"/>
  <node id="3029029957" lat="54.3454407" lon="18.6491729"/>
  <node id="3029029958" lat="54.3454855" lon="18.6489553"/>
  <node id="3037672685" lat="54.3434697" lon="18.6577697"/>
  <node id="3037672686" lat="54.3441799" lon="18.6586620"/>
  <node id="3039299093" lat="54.3441888" lon="18.6493335">
    <tag k="highway" v="traffic_signals"/>
    <tag k="traffic_signals:direction" v="backward"/>
  </node>
  <node id="3039299094" lat="54.3442213" lon="18.6497262">
    <tag k="button_operated" v="no"/>
    <tag k="crossing" v="traffic_signals"/>
    <tag k="crossing:island" v="yes"/>
    <tag k="highway" v="crossing"/>
    <tag k="tactile_paving" v="no"/>
    <tag k="traffic_signals:sound" v="yes"/>
    <tag k="traffic_signals:vibration" v="no"/>
  </node>
  <node id="3039299095" lat="54.3444268" lon="18.6491087">
    <tag k="crossing" v="traffic_signals"/>
    <tag k="crossing:island" v="yes"/>
    <tag k="highway" v="crossing"/>
    <tag k="tactile_paving" v="no"/>
    <tag k="traffic_signals:sound" v="yes"/>
  </node>
  <node id="3039299096" lat="54.3444510" lon="18.6494871">
    <tag k="button_operated" v="no"/>
    <tag k="crossing" v="traffic_signals"/>
    <tag k="crossing:island" v="no"/>
    <tag k="highway" v="crossing"/>
    <tag k="tactile_paving" v="no"/>
    <tag k="traffic_signals:sound" v="yes"/>
    <tag k="traffic_signals:vibration" v="no"/>
  </node>
  <node id="3039299097" lat="54.3454114" lon="18.6579461"/>
  <node id="3041292199" lat="54.3472500" lon="18.6596589">
    <tag k="crossing:island" v="no"/>
    <tag k="crossing:markings" v="no"/>
    <tag k="crossing:signals" v="no"/>
    <tag k="highway" v="crossing"/>
    <tag k="tactile_paving" v="no"/>
  </node>
  <node id="3041292217" lat="54.3479761" lon="18.6559671"/>
  <node id="3047471008" lat="54.3487955" lon="18.6603152">
    <tag k="traffic_calming" v="hump"/>
  </node>
  <node id="3047508200" lat="54.3478065" lon="18.6642166"/>
  <node id="3047508201" lat="54.3478670" lon="18.6621179"/>
  <node id="3047508206" lat="54.3479151" lon="18.6622766"/>
  <node id="3047508207" lat="54.3479364" lon="18.6624192"/>
  <node id="3047510081" lat="54.3503503" lon="18.6520918"/>
  <node id="3057071654" lat="54.3476372" lon="18.6557520"/>
  <node id="3057071655" lat="54.3476611" lon="18.6557706"/>
  <node id="3057102701" lat="54.3420893" lon="18.6488134"/>
  <node id="3057102706" lat="54.3421909" lon="18.6488802"/>
  <node id="3057102712" lat="54.3422826" lon="18.6489413"/>
  <node id="3057102713" lat="54.3422896" lon="18.6489463"/>
  <node id="3057102714" lat="54.3423111" lon="18.6490811"/>
  <node id="3057102716" lat="54.3423378" lon="18.6489771"/>
  <node id="3057102717" lat="54.3423761" lon="18.6490021"/>
  <node id="3057102718" lat="54.3423906" lon="18.6489738"/>
  <node id="3057102721" lat="54.3424999" lon="18.6490725"/>
  <node id="3057102729" lat="54.3434031" lon="18.6501588"/>
  <node id="3057102732" lat="54.3454448" lon="18.6569876">
    <tag k="crossing" v="traffic_signals"/>
    <tag k="railway" v="tram_crossing"/>
  </node>
  <node id="3324016689" lat="54.3471514" lon="18.6529404"/>
  <node id="3324016694" lat="54.3473682" lon="18.6521214"/>
  <node id="3324016695" lat="54.3474411" lon="18.6518532"/>
  <node id="3324016697" lat="54.3474818" lon="18.6517161"/>
  <node id="3527093682" lat="54.2212592" lon="18.7575153"/>
  <node id="3527158286" lat="54.2127526" lon="18.7617940"/>
  <node id="3528669206" lat="54.1639336" lon="18.7913835"/>
  <node id="3531082073" lat="54.1186560" lon="18.7739609"/>
  <node id="3531127820" lat="54.1391865" lon="18.8049897"/>
  <node id="3531127836" lat="54.1400986" lon="18.8051075"/>
  <node id="3531149434" lat="54.1622502" lon="18.7934222"/>
  <node id="3531149480" lat="54.1581030" lon="18.7953990"/>
  <node id="3531149482" lat="54.1593907" lon="18.7946292"/>
  <node id="3531172645" lat="54.1441906" lon="18.8057180"/>
  <node id="3531293222" lat="54.1293063" lon="18.8031181"/>
  <node id="3531293225" lat="54.1285397" lon="18.8029103"/>
  <node id="3531293229" lat="54.1277097" lon="18.8026480"/>
  <node id="3531427988" lat="54.1182438" lon="18.7733142"/>
  <node id="3534139391" lat="54.1213369" lon="18.7816107"/>
  <node id="3534188100" lat="54.1116712" lon="18.7650070"/>
  <node id="3534188103" lat="54.1108716" lon="18.7638053"/>
  <node id="3534188104" lat="54.1111501" lon="18.7642302"/>
  <node id="3534188108" lat="54.1122196" lon="18.7658323"/>
  <node id="3534219857" lat="54.1211682" lon="18.7883508"/>
  <node id="3534219901" lat="54.1381681" lon="18.8046938"/>
  <node id="3534351606" lat="54.1058833" lon="18.7563213"/>
  <node id="3534351607" lat="54.0980404" lon="18.7478906"/>
  <node id="3534359429" lat="54.1036776" lon="18.7531976"/>
  <node id="3534359431" lat="54.1021244" lon="18.7520809"/>
  <node id="3534359433" lat="54.1017019" lon="18.7519166"/>
  <node id="3534359436" lat="54.1007696" lon="18.7512430"/>
  <node id="3534361970" lat="54.0912256" lon="18.7442627"/>
  <node id="3534361973" lat="54.0919415" lon="18.7446343"/>
  <node id="3534361974" lat="54.0915783" lon="18.7444458"/>
  <node id="3579300202" lat="54.3418562" lon="18.6544569"/>
  <node id="3579300204" lat="54.3420560" lon="18.6546857"/>
  <node id="3669181211" lat="54.3462015" lon="18.6465711"/>
  <node id="3673965826" lat="54.3445479" lon="18.6640084"/>
  <node id="3673965827" lat="54.3445555" lon="18.6637924"/>
  <node id="3673965828" lat="54.3445739" lon="18.6625610"/>
  <node id="3673965829" lat="54.3453310" lon="18.6675856"/>
  <node id="3673965830" lat="54.3453519" lon="18.6675387"/>
  <node id="3673965832" lat="54.3455619" lon="18.6680509"/>
  <node id="3673965833" lat="54.3456005" lon="18.6680302"/>
  <node id="3673965837" lat="54.3473111" lon="18.6614640"/>
  <node id="3673965838" lat="54.3475215" lon="18.6692921"/>
  <node id="3673965839" lat="54.3475617" lon="18.6693652"/>
  <node id="3688380570" lat="54.3462668" lon="18.6476027"/>
  <node id="3688380571" lat="54.3464126" lon="18.6472604"/>
  <node id="3688380572" lat="54.3464860" lon="18.6473100"/>
  <node id="3688380573" lat="54.3465492" lon="18.6473231"/>
  <node id="3688380574" lat="54.3468725" lon="18.6475429"/>
  <node id="3688380575" lat="54.3469060" lon="18.6477059"/>
  <node id="3688380576" lat="54.3460102" lon="18.6466410"/>
  <node id="3688380577" lat="54.3460415" lon="18.6464855"/>
  <node id="3688380578" lat="54.3461072" lon="18.6465220"/>
  <node id="3688380579" lat="54.3461548" lon="18.6465474"/>
  <node id="3696172616" lat="54.3509093" lon="18.6570839">
    <tag k="bus" v="yes"/>
    <tag k="name" v="Żuraw 01"/>
    <tag k="network" v="ZTM Gdańsk"/>
    <tag k="network:wikidata" v="Q9387123"/>
    <tag k="public_transport" v="stop_position"/>
    <tag k="ref:ztm" v="1835"/>
  </node>
  <node id="3699868113" lat="54.3522339" lon="18.6491172"/>
  <node id="3699868114" lat="54.3523288" lon="18.6490630"/>
  <node id="3699868116" lat="54.3528871" lon="18.6514003"/>
  <node id="3715012954" lat="54.3464381" lon="18.6515858">
    <tag k="bus" v="yes"/>
    <tag k="name" v="Żabi Kruk"/>
    <tag k="public_transport" v="stop_position"/>
    <tag k="ref:ztm" v="1037"/>
  </node>
  <node id="3715012955" lat="54.3466630" lon="18.6516385">
    <tag k="bus" v="yes"/>
    <tag k="name" v="Żabi Kruk"/>
    <tag k="public_transport" v="stop_position"/>
    <tag k="ref:ztm" v="1038"/>
  </node>
  <node id="3717031059" lat="54.3505333" lon="18.6463073">
    <tag k="bus" v="yes"/>
    <tag k="name" v="Brama Wyżynna 05"/>
    <tag k="public_transport" v="stop_position"/>
    <tag k="ref:ztm" v="1028"/>
  </node>
  <node id="3717031060" lat="54.3506975" lon="18.6463662">
    <tag k="bus" v="yes"/>
    <tag k="name" v="Brama Wyżynna 03"/>
    <tag k="public_transport" v="stop_position"/>
    <tag k="ref:ztm" v="1030"/>
  </node>
  <node id="3735223769" lat="54.3532879" lon="18.6453377"/>
  <node id="3735223771" lat="54.3537464" lon="18.6451815"/>
  <node id="3735223772" lat="54.3537863" lon="18.6452444"/>
  <node id="3735223773" lat="54.3538709" lon="18.6451783"/>
  <node id="3735223774" lat="54.3539172" lon="18.6452456">
    <tag k="railway" v="tram_level_crossing"/>
  </node>
  <node id="3735223775" lat="54.3540379" lon="18.6452006"/>
  <node id="3738842739" lat="54.3504658" lon="18.6476937">
    <tag k="name" v="Katownia"/>
    <tag k="public_transport" v="stop_position"/>
    <tag k="ref:ztm" v="1829"/>
  </node>
  <node id="3738842752" lat="54.3484051" lon="18.6472579"/>
  <node id="3741454874" lat="54.3460604" lon="18.6538158"/>
  <node id="3741454887" lat="54.3472935" lon="18.6491944"/>
  <node id="3741454894" lat="54.3475107" lon="18.6490045"/>
  <node id="3741454907" lat="54.3468744" lon="18.6508394"/>
  <node id="3741457642" lat="54.3465632" lon="18.6511128"/>
  <node id="3741457645" lat="54.3476972" lon="18.6458911"/>
  <node id="3741457658" lat="54.3469443" lon="18.6511918"/>
  <node id="3741457670" lat="54.3467644" lon="18.6512681"/>
  <node id="3741518898" lat="54.3444582" lon="18.6625557"/>
  <node id="3741546586" lat="54.3446358" lon="18.6632550"/>
  <node id="3741546591" lat="54.3446333" lon="18.6629174"/>
  <node id="3741591211" lat="54.3457399" lon="18.6557475"/>
  <node id="3753416893" lat="54.3443113" lon="18.6629430">
    <tag k="barrier" v="bollard"/>
  </node>
  <node id="3753416897" lat="54.3431940" lon="18.6623657"/>
  <node id="3754883828" lat="54.3493551" lon="18.6534613">
    <tag k="barrier" v="bollard"/>
    <tag k="bollard" v="fixed"/>
    <tag k="maxwidth:physical" v="1.5"/>
  </node>
  <node id="3759493324" lat="54.3388780" lon="18.6517517"/>
  <node id="3759493325" lat="54.3388899" lon="18.6517902"/>
  <node id="3759493328" lat="54.3391641" lon="18.6519658"/>
  <node id="3759493329" lat="54.3391723" lon="18.6519028"/>
  <node id="3759493330" lat="54.3392046" lon="18.6520492"/>
  <node id="3759493331" lat="54.3392305" lon="18.6519268"/>
  <node id="3759493332" lat="54.3395193" lon="18.6517542"/>
  <node id="3769677322" lat="54.3505726" lon="18.6603428">
    <tag k="barrier" v="gate"/>
  </node>
  <node id="3770387017" lat="54.3515414" lon="18.6599506"/>
  <node id="3830237041" lat="54.1417105" lon="18.8051364"/>
  <node id="3861571092" lat="54.3497167" lon="18.6475906"/>
  <node id="3874401752" lat="54.3454308" lon="18.6617730"/>
  <node id="3874401756" lat="54.3459732" lon="18.6621660"/>
  <node id="3874401757" lat="54.3463481" lon="18.6620935"/>
  <node id="3874401759" lat="54.3464639" lon="18.6627992"/>
  <node id="3890564646" lat="54.2935930" lon="18.7179995"/>
  <node id="3890564648" lat="54.2941369" lon="18.7175984"/>
  <node id="3890564649" lat="54.2944720" lon="18.7173063"/>
  <node id="3890564650" lat="54.2950108" lon="18.7171316"/>
  <node id="3890564651" lat="54.2951875" lon="18.7171027"/>
  <node id="3890564652" lat="54.2956204" lon="18.7172074"/>
  <node id="3898561889" lat="54.3474621" lon="18.6517816"/>
  <node id="3909604227" lat="54.1103760" lon="18.7630211"/>
  <node id="3909604978" lat="54.1105985" lon="18.7634015"/>
  <node id="3909605028" lat="54.1138366" lon="18.7686347"/>
  <node id="3909605047" lat="54.1127052" lon="18.7666970"/>
  <node id="4142926499" lat="54.3466768" lon="18.6453782"/>
  <node id="4142926502" lat="54.3493370" lon="18.6454126"/>
  <node id="4142926504" lat="54.3494862" lon="18.6455866"/>
  <node id="4142926509" lat="54.3475333" lon="18.6458264"/>
  <node id="4142926510" lat="54.3474854" lon="18.6461932"/>
  <node id="4169554490" lat="54.3474224" lon="18.6456465"/>
  <node id="4202403268" lat="54.3464055" lon="18.6556347"/>
  <node id="4202403269" lat="54.3467089" lon="18.6558693"/>
  <node id="4202403270" lat="54.3466811" lon="18.6558552"/>
  <node id="4202403271" lat="54.3461836" lon="18.6554417"/>
  <node id="4202403272" lat="54.3468110" lon="18.6559312"/>
  <node id="4202403274" lat="54.3537744" lon="18.6619708"/>
  <node id="4202403275" lat="54.3539294" lon="18.6634230"/>
  <node id="4202403276" lat="54.3540197" lon="18.6649486"/>
  <node id="4202403277" lat="54.3539956" lon="18.6649156"/>
  <node id="4202403279" lat="54.3542220" lon="18.6648306"/>
  <node id="4202403280" lat="54.3542069" lon="18.6649383"/>
  <node id="4202423988" lat="54.3526520" lon="18.6607742"/>
  <node id="4284199710" lat="54.3520167" lon="18.6472352"/>
  <node id="4285080089" lat="54.3523791" lon="18.6489578"/>
  <node id="4285080091" lat="54.3524533" lon="18.6493106"/>
  <node id="4285080094" lat="54.3525403" lon="18.6489601">
    <tag k="crossing" v="uncontrolled"/>
    <tag k="crossing:island" v="no"/>
    <tag k="crossing:markings" v="zebra"/>
    <tag k="crossing_ref" v="zebra"/>
    <tag k="highway" v="crossing"/>
    <tag k="kerb" v="flush"/>
    <tag k="tactile_paving" v="no"/>
  </node>
  <node id="4285080095" lat="54.3523843" lon="18.6488613"/>
  <node id="4285080097" lat="54.3523849" lon="18.6489158"/>
  <node id="4285080099" lat="54.3517745" lon="18.6483077">
    <tag k="crossing" v="uncontrolled"/>
    <tag k="crossing:island" v="no"/>
    <tag k="crossing:markings" v="zebra"/>
    <tag k="crossing_ref" v="zebra"/>
    <tag k="highway" v="crossing"/>
    <tag k="kerb" v="flush"/>
    <tag k="tactile_paving" v="no"/>
  </node>
  <node id="4285080102" lat="54.3515997" lon="18.6483708">
    <tag k="crossing" v="uncontrolled"/>
    <tag k="crossing:island" v="no"/>
    <tag k="crossing:markings" v="zebra"/>
    <tag k="crossing_ref" v="zebra"/>
    <tag k="highway" v="crossing"/>
    <tag k="kerb" v="flush"/>
    <tag k="tactile_paving" v="no"/>
  </node>
  <node id="4285080103" lat="54.3516207" lon="18.6486503">
    <tag k="crossing" v="unmarked"/>
    <tag k="crossing:island" v="no"/>
    <tag k="crossing:markings" v="no"/>
    <tag k="highway" v="crossing"/>
    <tag k="kerb" v="flush"/>
    <tag k="tactile_paving" v="no"/>
  </node>
  <node id="4321107294" lat="54.0962204" lon="18.7469555"/>
  <node id="4321107295" lat="54.1024952" lon="18.7522141"/>
  <node id="4326634114" lat="54.3450461" lon="18.6570343"/>
  <node id="4326634116" lat="54.3451932" lon="18.6562994"/>
  <node id="4326634323" lat="54.3450039" lon="18.6572452"/>
  <node id="4332099594" lat="54.3486935" lon="18.6458659"/>
  <node id="4332105010" lat="54.3484860" lon="18.6469363"/>
  <node id="4335308898" lat="54.3502918" lon="18.6485710"/>
  <node id="4336248341" lat="54.3508300" lon="18.6484331"/>
  <node id="4336248343" lat="54.3517535" lon="18.6484271"/>
  <node id="4336248344" lat="54.3523594" lon="18.6490195"/>
  <node id="4336248345" lat="54.3522699" lon="18.6491068"/>
  <node id="4336248348" lat="54.3521141" lon="18.6475805"/>
  <node id="4338786308" lat="54.3480988" lon="18.6492040"/>
  <node id="4339495025" lat="54.3479021" lon="18.6493161">
    <tag k="crossing:island" v="no"/>
    <tag k="crossing:markings" v="no"/>
    <tag k="crossing:signals" v="no"/>
    <tag k="highway" v="crossing"/>
    <tag k="tactile_paving" v="no"/>
  </node>
  <node id="4339495027" lat="54.3480504" lon="18.6493719">
    <tag k="crossing" v="unmarked"/>
    <tag k="highway" v="crossing"/>
    <tag k="kerb" v="lowered"/>
    <tag k="tactile_paving" v="no"/>
  </node>
  <node id="4341353151" lat="54.3500148" lon="18.6478992"/>
  <node id="4347826918" lat="54.3524772" lon="18.6607649">
    <tag k="crossing" v="uncontrolled"/>
    <tag k="crossing_ref" v="zebra"/>
    <tag k="highway" v="crossing"/>
    <tag k="tactile_paving" v="no"/>
  </node>
  <node id="4353623647" lat="54.3465074" lon="18.6548974"/>
  <node id="4388732058" lat="54.3440364" lon="18.6477326"/>
  <node id="4388732059" lat="54.3440119" lon="18.6477094"/>
  <node id="4388732061" lat="54.3438093" lon="18.6475760"/>
  <node id="4388732062" lat="54.3436543" lon="18.6476934"/>
  <node id="4388732079" lat="54.3428999" lon="18.6480522"/>
  <node id="4398619273" lat="54.3477944" lon="18.6450561"/>
  <node id="4403887792" lat="54.3572807" lon="18.6657298"/>
  <node id="4460336023" lat="54.3481598" lon="18.6446854"/>
  <node id="4564273066" lat="54.3564030" lon="18.6658669"/>
  <node id="4570094768" lat="54.3479253" lon="18.6453163"/>
  <node id="4570107777" lat="54.3460612" lon="18.6535618"/>
  <node id="4570107778" lat="54.3458922" lon="18.6542328"/>
  <node id="4570109354" lat="54.3445491" lon="18.6636809"/>
  <node id="4570214906" lat="54.3520640" lon="18.6464156"/>
  <node id="4570214909" lat="54.3512746" lon="18.6464099"/>
  <node id="4570214913" lat="54.3521200" lon="18.6463748"/>
  <node id="4570214914" lat="54.3518889" lon="18.6459979">
    <tag k="railway" v="tram_level_crossing"/>
  </node>
  <node id="4570214920" lat="54.3511746" lon="18.6463147"/>
  <node id="4570214922" lat="54.3517377" lon="18.6465084"/>
  <node id="4570214924" lat="54.3516561" lon="18.6464385"/>
  <node id="4570216605" lat="54.3565395" lon="18.6458058"/>
  <node id="4745686846" lat="54.3458326" lon="18.6481219"/>
  <node id="4745686847" lat="54.3453669" lon="18.6500898"/>
  <node id="4769796434" lat="54.3503622" lon="18.6534792"/>
  <node id="4769796436" lat="54.3502189" lon="18.6534176"/>
  <node id="4769796444" lat="54.3502575" lon="18.6524974"/>
  <node id="4769796452" lat="54.3502534" lon="18.6545606"/>
  <node id="4886288154" lat="54.3502359" lon="18.6545514"/>
  <node id="4888424454" lat="54.3499466" lon="18.6569052"/>
  <node id="4888424456" lat="54.3505665" lon="18.6524472"/>
  <node id="4888424457" lat="54.3501569" lon="18.6556449">
    <tag k="crossing" v="unmarked"/>
    <tag k="crossing:island" v="no"/>
    <tag k="highway" v="crossing"/>
    <tag k="kerb" v="lowered"/>
    <tag k="tactile_paving" v="no"/>
  </node>
  <node id="4910917436" lat="54.3475405" lon="18.6449946">
    <tag k="highway" v="traffic_signals"/>
    <tag k="traffic_signals" v="signal"/>
    <tag k="traffic_signals:direction" v="forward"/>
  </node>
  <node id="4911147466" lat="54.3476711" lon="18.6448985"/>
  <node id="4911147467" lat="54.3476153" lon="18.6450584"/>
  <node id="4924972303" lat="54.3534011" lon="18.6607662"/>
  <node id="4924997933" lat="54.3539921" lon="18.6640412"/>
  <node id="4924997957" lat="54.3520793" lon="18.6602122">
    <tag k="barrier" v="lift_gate"/>
    <tag k="lift_gate:type" v="single"/>
  </node>
  <node id="4924997958" lat="54.3532985" lon="18.6632512"/>
  <node id="4924997960" lat="54.3506969" lon="18.6594037"/>
  <node id="4924997961" lat="54.3506188" lon="18.6594846"/>
  <node id="4925004026" lat="54.3504802" lon="18.6598507"/>
  <node id="4925004027" lat="54.3505979" lon="18.6596016"/>
  <node id="4925004034" lat="54.3505873" lon="18.6606852"/>
  <node id="4925042781" lat="54.3549793" lon="18.6647308"/>
  <node id="4925042782" lat="54.3550388" lon="18.6646131"/>
  <node id="4925042783" lat="54.3550859" lon="18.6646649"/>
  <node id="4925042784" lat="54.3550443" lon="18.6647823"/>
  <node id="4925042785" lat="54.3551627" lon="18.6649314"/>
  <node id="4925042786" lat="54.3551504" lon="18.6649831"/>
  <node id="4925042787" lat="54.3578965" lon="18.6655373"/>
  <node id="4946171029" lat="54.3513524" lon="18.6532605"/>
  <node id="4960386479" lat="54.3528017" lon="18.6598878"/>
  <node id="4960386518" lat="54.3601632" lon="18.6630188"/>
  <node id="4960386947" lat="54.3550517" lon="18.6646278"/>
  <node id="4961773923" lat="54.3457699" lon="18.6536852"/>
  <node id="4972311277" lat="54.3502476" lon="18.6588330"/>
  <node id="4972311280" lat="54.3474759" lon="18.6601842"/>
  <node id="4972311281" lat="54.3463498" lon="18.6601727"/>
  <node id="4972311282" lat="54.3452763" lon="18.6599089"/>
  <node id="4972311283" lat="54.3447366" lon="18.6596302"/>
  <node id="4972311284" lat="54.3440577" lon="18.6589333"/>
  <node id="4972311285" lat="54.3435122" lon="18.6582564"/>
  <node id="4972311286" lat="54.3428332" lon="18.6570220"/>
  <node id="5046649795" lat="54.3302770" lon="18.6561241"/>
  <node id="5046649796" lat="54.3310839" lon="18.6567914"/>
  <node id="5046649797" lat="54.3294674" lon="18.6555036"/>
  <node id="5046649798" lat="54.3278202" lon="18.6553220"/>
  <node id="5046649799" lat="54.3331290" lon="18.6565337"/>
  <node id="5139637826" lat="54.3498006" lon="18.6593322"/>
  <node id="5139637827" lat="54.3471014" lon="18.6602734"/>
  <node id="5139637828" lat="54.3476140" lon="18.6601237"/>
  <node id="5139637829" lat="54.3485366" lon="18.6597173"/>
  <node id="5139637839" lat="54.3467434" lon="18.6633472"/>
  <node id="5139637845" lat="54.3466897" lon="18.6630983"/>
  <node id="5139637846" lat="54.3467070" lon="18.6630593"/>
  <node id="5139637847" lat="54.3468818" lon="18.6627643"/>
  <node id="5139637855" lat="54.3464552" lon="18.6612666"/>
  <node id="5139637857" lat="54.3465126" lon="18.6609508"/>
  <node id="5221200379" lat="54.3455335" lon="18.6627079"/>
  <node id="5221200383" lat="54.3455554" lon="18.6629265"/>
  <node id="5221200388" lat="54.3455656" lon="18.6630228"/>
  <node id="5221200400" lat="54.3454880" lon="18.6622410"/>
  <node id="5278202459" lat="54.3504467" lon="18.6524557"/>
  <node id="5376779411" lat="54.3436080" lon="18.6541024"/>
  <node id="5376779420" lat="54.3433144" lon="18.6534609"/>
  <node id="5387504964" lat="54.3493037" lon="18.6478309"/>
  <node id="5390798899" lat="54.3467055" lon="18.6539641"/>
  <node id="5390798900" lat="54.3466306" lon="18.6539488"/>
  <node id="5390798901" lat="54.3465165" lon="18.6543369"/>
  <node id="5394254189" lat="54.3477515" lon="18.6519819">
    <tag k="crossing" v="unmarked"/>
    <tag k="crossing:island" v="no"/>
    <tag k="highway" v="crossing"/>
    <tag k="kerb" v="flush"/>
    <tag k="tactile_paving" v="no"/>
  </node>
  <node id="5394254190" lat="54.3481213" lon="18.6507010"/>
  <node id="5394254191" lat="54.3479893" lon="18.6511787"/>
  <node id="5394254192" lat="54.3480145" lon="18.6511987">
    <tag k="access" v="private"/>
    <tag k="barrier" v="gate"/>
  </node>
  <node id="5394254193" lat="54.3481109" lon="18.6512751">
    <tag k="access" v="private"/>
    <tag k="barrier" v="gate"/>
  </node>
  <node id="5416237150" lat="54.3467326" lon="18.6558890"/>
  <node id="5416237151" lat="54.3468588" lon="18.6552583"/>
  <node id="5416237152" lat="54.3468810" lon="18.6552743"/>
  <node id="5423252373" lat="54.3491922" lon="18.6584212">
    <tag k="crossing:island" v="no"/>
    <tag k="crossing:markings" v="no"/>
    <tag k="crossing:signals" v="no"/>
    <tag k="highway" v="crossing"/>
    <tag k="tactile_paving" v="no"/>
  </node>
  <node id="5474830778" lat="54.3478446" lon="18.6448715">
    <tag k="highway" v="traffic_signals"/>
    <tag k="traffic_signals" v="signal"/>
    <tag k="traffic_signals:direction" v="forward"/>
  </node>
  <node id="5493377584" lat="54.3474237" lon="18.6455414">
    <tag k="highway" v="traffic_signals"/>
    <tag k="traffic_signals" v="signal"/>
    <tag k="traffic_signals:direction" v="forward"/>
  </node>
  <node id="5493854275" lat="54.3474334" lon="18.6448795"/>
  <node id="5504836541" lat="54.3440530" lon="18.6567501"/>
  <node id="5504836542" lat="54.3439977" lon="18.6567088"/>
  <node id="5504836543" lat="54.3438974" lon="18.6566321"/>
  <node id="5504836559" lat="54.3434272" lon="18.6559996"/>
  <node id="5504836561" lat="54.3430106" lon="18.6566462"/>
  <node id="5504836562" lat="54.3436475" lon="18.6578247"/>
  <node id="5504836563" lat="54.3437269" lon="18.6578340"/>
  <node id="5504836578" lat="54.3420532" lon="18.6547841"/>
  <node id="5504955028" lat="54.3429200" lon="18.6575809"/>
  <node id="5504955029" lat="54.3427998" lon="18.6573502"/>
  <node id="5504955032" lat="54.3432884" lon="18.6582511"/>
  <node id="5504955033" lat="54.3431650" lon="18.6580240"/>
  <node id="5504955036" lat="54.3425631" lon="18.6569006"/>
  <node id="5504955037" lat="54.3424489" lon="18.6566596"/>
  <node id="5504955040" lat="54.3422563" lon="18.6562314"/>
  <node id="5504955041" lat="54.3421454" lon="18.6559841"/>
  <node id="5504955043" lat="54.3418941" lon="18.6554104"/>
  <node id="5504955044" lat="54.3417843" lon="18.6551631"/>
  <node id="5657180114" lat="54.3451279" lon="18.6465293"/>
  <node id="5657180115" lat="54.3451643" lon="18.6465468">
    <tag k="barrier" v="gate"/>
    <tag k="motor_vehicle" v="private"/>
  </node>
  <node id="5657180116" lat="54.3457366" lon="18.6468364"/>
  <node id="5660261596" lat="54.3519290" lon="18.6444692">
    <tag k="bus" v="yes"/>
    <tag k="name" v="Hucisko 04"/>
    <tag k="public_transport" v="stop_position"/>
    <tag k="ref:ztm" v="1025"/>
  </node>
  <node id="5661871975" lat="54.3519016" lon="18.6438164">
    <tag k="highway" v="traffic_signals"/>
  </node>
  <node id="5682717870" lat="54.3497507" lon="18.6559435"/>
  <node id="5782109260" lat="54.3478337" lon="18.6565897"/>
  <node id="5782109261" lat="54.3478217" lon="18.6566498"/>
  <node id="5782128772" lat="54.3483647" lon="18.6596464"/>
  <node id="5859683517" lat="54.3390763" lon="18.6517192"/>
  <node id="5859683518" lat="54.3390656" lon="18.6518057"/>
  <node id="5859683520" lat="54.3390710" lon="18.6517624">
    <tag k="seamark:type" v="gate"/>
    <tag k="waterway" v="lock_gate"/>
  </node>
  <node id="5859757087" lat="54.3448280" lon="18.6510008"/>
  <node id="5909470581" lat="54.3503460" lon="18.6541132"/>
  <node id="5914375959" lat="54.3473422" lon="18.6535587">
    <tag k="crossing" v="unmarked"/>
    <tag k="crossing:island" v="no"/>
    <tag k="highway" v="crossing"/>
    <tag k="kerb" v="lowered"/>
    <tag k="tactile_paving" v="no"/>
  </node>
  <node id="5914376521" lat="54.3483011" lon="18.6496294">
    <tag k="crossing:island" v="no"/>
    <tag k="crossing:markings" v="no"/>
    <tag k="crossing:signals" v="no"/>
    <tag k="highway" v="crossing"/>
    <tag k="tactile_paving" v="no"/>
  </node>
  <node id="5914376528" lat="54.3469396" lon="18.6546537">
    <tag k="crossing:markings" v="no"/>
    <tag k="crossing:signals" v="no"/>
    <tag k="highway" v="crossing"/>
  </node>
  <node id="5914376529" lat="54.3470497" lon="18.6547326">
    <tag k="crossing:island" v="no"/>
    <tag k="crossing:signals" v="no"/>
    <tag k="highway" v="crossing"/>
  </node>
  <node id="5918625368" lat="54.3467125" lon="18.6536623"/>
  <node id="5918625369" lat="54.3466643" lon="18.6538327">
    <tag k="barrier" v="gate"/>
  </node>
  <node id="5918625383" lat="54.3483918" lon="18.6496988">
    <tag k="crossing:island" v="no"/>
    <tag k="crossing:markings" v="no"/>
    <tag k="crossing:signals" v="no"/>
    <tag k="highway" v="crossing"/>
    <tag k="tactile_paving" v="no"/>
  </node>
  <node id="5971319210" lat="54.3449460" lon="18.6509742"/>
  <node id="6042571321" lat="54.3457127" lon="18.6559599"/>
  <node id="6042571322" lat="54.3452054" lon="18.6579279"/>
  <node id="6042571327" lat="54.3456829" lon="18.6562008">
    <tag k="crossing" v="traffic_signals"/>
    <tag k="crossing:island" v="no"/>
    <tag k="highway" v="crossing"/>
  </node>
  <node id="6042571328" lat="54.3456163" lon="18.6561682">
    <tag k="crossing" v="traffic_signals"/>
    <tag k="railway" v="tram_crossing"/>
  </node>
  <node id="6042571329" lat="54.3455812" lon="18.6561508">
    <tag k="crossing" v="traffic_signals"/>
    <tag k="railway" v="tram_crossing"/>
  </node>
  <node id="6042571330" lat="54.3454986" lon="18.6561100">
    <tag k="crossing" v="traffic_signals"/>
    <tag k="crossing:island" v="no"/>
    <tag k="highway" v="crossing"/>
  </node>
  <node id="6042571331" lat="54.3456154" lon="18.6555250">
    <tag k="highway" v="traffic_signals"/>
    <tag k="traffic_signals" v="signal"/>
    <tag k="traffic_signals:direction" v="forward"/>
  </node>
  <node id="6042571332" lat="54.3456747" lon="18.6562654">
    <tag k="highway" v="traffic_signals"/>
    <tag k="traffic_signals" v="signal"/>
    <tag k="traffic_signals:direction" v="forward"/>
  </node>
  <node id="6042571337" lat="54.3458470" lon="18.6560678">
    <tag k="highway" v="traffic_signals"/>
    <tag k="traffic_signals" v="signal"/>
    <tag k="traffic_signals:direction" v="forward"/>
  </node>
  <node id="6042571339" lat="54.3451775" lon="18.6556089"/>
  <node id="6049900430" lat="54.3465966" lon="18.6634219">
    <tag k="access" v="no"/>
    <tag k="barrier" v="gate"/>
  </node>
  <node id="6049900521" lat="54.3461271" lon="18.6629034"/>
  <node id="6058614417" lat="54.3536095" lon="18.6613717"/>
  <node id="6058772362" lat="54.3520894" lon="18.6512564">
    <tag k="crossing:markings" v="no"/>
    <tag k="crossing:signals" v="no"/>
    <tag k="highway" v="crossing"/>
    <tag k="tactile_paving" v="yes"/>
  </node>
  <node id="6073567483" lat="54.3438960" lon="18.6459215">
    <tag k="access" v="no"/>
    <tag k="barrier" v="gate"/>
  </node>
  <node id="6073567484" lat="54.3438993" lon="18.6460382"/>
  <node id="6078514222" lat="54.3508236" lon="18.6511933"/>
  <node id="6089923892" lat="54.3520151" lon="18.6523259">
    <tag k="barrier" v="gate"/>
  </node>
  <node id="6089923985" lat="54.3520228" lon="18.6519049">
    <tag k="barrier" v="gate"/>
  </node>
  <node id="6093636117" lat="54.3513967" lon="18.6525930">
    <tag k="crossing" v="unmarked"/>
    <tag k="highway" v="crossing"/>
  </node>
  <node id="6093636118" lat="54.3515746" lon="18.6515114">
    <tag k="crossing" v="unmarked"/>
    <tag k="crossing:island" v="no"/>
    <tag k="highway" v="crossing"/>
    <tag k="tactile_paving" v="no"/>
  </node>
  <node id="6106977251" lat="54.3505314" lon="18.6593019"/>
  <node id="6106977252" lat="54.3505564" lon="18.6595356"/>
  <node id="6106977257" lat="54.3506115" lon="18.6596233"/>
  <node id="6106977258" lat="54.3504919" lon="18.6598667"/>
  <node id="6106977259" lat="54.3505402" lon="18.6595098"/>
  <node id="6601946712" lat="54.0940985" lon="18.7457687"/>
  <node id="6604984413" lat="54.1039935" lon="18.7536449"/>
  <node id="6604984414" lat="54.1039005" lon="18.7535133"/>
  <node id="6635336007" lat="54.3490269" lon="18.6632181">
    <tag k="traffic_calming" v="table"/>
  </node>
  <node id="6635336008" lat="54.3489762" lon="18.6614496"/>
  <node id="6635336010" lat="54.3490114" lon="18.6626774"/>
  <node id="6635336011" lat="54.3487739" lon="18.6627170">
    <tag k="amenity" v="parking_entrance"/>
    <tag k="parking" v="underground"/>
  </node>
  <node id="6635601473" lat="54.3495006" lon="18.6577732"/>
  <node id="6635609728" lat="54.3544168" lon="18.6617725"/>
  <node id="6651842521" lat="54.3494543" lon="18.6504901">
    <tag k="barrier" v="bollard"/>
    <tag k="bollard" v="rising"/>
  </node>
  <node id="6733323809" lat="54.3479204" lon="18.6521625"/>
  <node id="6739883071" lat="54.3474481" lon="18.6518264">
    <tag k="access" v="private"/>
    <tag k="barrier" v="gate"/>
  </node>
  <node id="6775544978" lat="54.3436123" lon="18.6448572"/>
  <node id="6775544981" lat="54.3440759" lon="18.6451796"/>
  <node id="6838666058" lat="54.3445797" lon="18.6548345"/>
  <node id="6838666059" lat="54.3447302" lon="18.6549390"/>
  <node id="6838666060" lat="54.3445364" lon="18.6548044"/>
  <node id="6838681854" lat="54.3444841" lon="18.6547686"/>
  <node id="6838681855" lat="54.3444948" lon="18.6549778">
    <tag k="barrier" v="lift_gate"/>
    <tag k="motor_vehicle" v="private"/>
  </node>
  <node id="6858680092" lat="54.3511529" lon="18.6529243"/>
  <node id="6858700458" lat="54.3507640" lon="18.6559601">
    <tag k="crossing:island" v="no"/>
    <tag k="crossing:markings" v="no"/>
    <tag k="crossing:signals" v="no"/>
    <tag k="highway" v="crossing"/>
    <tag k="tactile_paving" v="no"/>
  </node>
  <node id="6858700463" lat="54.3503710" lon="18.6555378"/>
  <node id="6879294132" lat="54.3495919" lon="18.6509647"/>
  <node id="6879294137" lat="54.3495440" lon="18.6512139"/>
  <node id="6879294138" lat="54.3496174" lon="18.6508508"/>
  <node id="6879294139" lat="54.3494662" lon="18.6507027"/>
  <node id="6879294140" lat="54.3495068" lon="18.6507794"/>
  <node id="6879294141" lat="54.3498405" lon="18.6507738"/>
  <node id="6879311394" lat="54.3494855" lon="18.6507486"/>
  <node id="6879311395" lat="54.3496652" lon="18.6508755"/>
  <node id="6879311396" lat="54.3497193" lon="18.6508956"/>
  <node id="6879311397" lat="54.3497532" lon="18.6508961"/>
  <node id="6957357093" lat="54.3482567" lon="18.6513906">
    <tag k="access" v="private"/>
    <tag k="barrier" v="gate"/>
  </node>
  <node id="6957357096" lat="54.3480283" lon="18.6522780"/>
  <node id="7074384003" lat="54.3524398" lon="18.6603840"/>
  <node id="7074384004" lat="54.3524511" lon="18.6604447"/>
  <node id="7074387490" lat="54.3527169" lon="18.6603956"/>
  <node id="7153440471" lat="54.3438672" lon="18.6450579"/>
  <node id="7175229118" lat="54.3483232" lon="18.6566054"/>
  <node id="7178626221" lat="54.3432125" lon="18.6467370"/>
  <node id="7178626224" lat="54.3436259" lon="18.6469402"/>
  <node id="7180929986" lat="54.3438893" lon="18.6579124"/>
  <node id="7180929995" lat="54.3436712" lon="18.6578350"/>
  <node id="7180929996" lat="54.3436279" lon="18.6578053"/>
  <node id="7180929999" lat="54.3439852" lon="18.6560688">
    <tag k="amenity" v="parking_entrance"/>
    <tag k="level" v="-1"/>
  </node>
  <node id="7180930000" lat="54.3442128" lon="18.6560972"/>
  <node id="7180930001" lat="54.3440161" lon="18.6559576"/>
  <node id="7180930004" lat="54.3440475" lon="18.6548221"/>
  <node id="7180930005" lat="54.3438207" lon="18.6557017"/>
  <node id="7180930010" lat="54.3430130" lon="18.6567822"/>
  <node id="7184071077" lat="54.3479726" lon="18.6467505"/>
  <node id="7184148944" lat="54.3486335" lon="18.6449385"/>
  <node id="7184148945" lat="54.3487675" lon="18.6450218"/>
  <node id="7184148946" lat="54.3474415" lon="18.6470719"/>
  <node id="7184148947" lat="54.3473903" lon="18.6476941"/>
  <node id="7184148948" lat="54.3474152" lon="18.6474466"/>
  <node id="7184148950" lat="54.3470461" lon="18.6491185"/>
  <node id="7185154304" lat="54.3510415" lon="18.6448933"/>
  <node id="7192104120" lat="54.3436687" lon="18.6564155"/>
  <node id="7206970909" lat="54.3477197" lon="18.6574256"/>
  <node id="7206970910" lat="54.3477381" lon="18.6573506">
    <tag k="access" v="yes"/>
    <tag k="amenity" v="parking_entrance"/>
    <tag k="level" v="0"/>
    <tag k="maxheight" v="1.9"/>
    <tag k="maxspeed" v="10"/>
    <tag k="parking" v="underground"/>
  </node>
  <node id="7208536914" lat="54.3504874" lon="18.6575709"/>
  <node id="7215639751" lat="54.3476595" lon="18.6518884">
    <tag k="crossing" v="unmarked"/>
    <tag k="crossing:island" v="no"/>
    <tag k="highway" v="crossing"/>
    <tag k="tactile_paving" v="no"/>
  </node>
  <node id="7216094814" lat="54.3473690" lon="18.6571138"/>
  <node id="7216094815" lat="54.3473238" lon="18.6574411"/>
  <node id="7216094816" lat="54.3473483" lon="18.6572332">
    <tag k="access" v="private"/>
    <tag k="amenity" v="parking_entrance"/>
    <tag k="level" v="0"/>
    <tag k="parking" v="underground"/>
  </node>
  <node id="7404822630" lat="54.3503293" lon="18.6556612"/>
  <node id="7681005490" lat="54.3477746" lon="18.6453445">
    <tag k="railway" v="tram_level_crossing"/>
  </node>
  <node id="7681005491" lat="54.3477647" lon="18.6454123">
    <tag k="railway" v="tram_level_crossing"/>
  </node>
  <node id="7681005492" lat="54.3476259" lon="18.6456653">
    <tag k="railway" v="tram_level_crossing"/>
  </node>
  <node id="7681005493" lat="54.3475950" lon="18.6456626">
    <tag k="railway" v="tram_level_crossing"/>
  </node>
  <node id="7681005494" lat="54.3476547" lon="18.6447945">
    <tag k="railway" v="tram_level_crossing"/>
  </node>
  <node id="7681005495" lat="54.3475846" lon="18.6456615">
    <tag k="railway" v="tram_level_crossing"/>
  </node>
  <node id="7681005496" lat="54.3476915" lon="18.6447835">
    <tag k="railway" v="tram_level_crossing"/>
  </node>
  <node id="7681005497" lat="54.3476186" lon="18.6456644">
    <tag k="railway" v="tram_level_crossing"/>
  </node>
  <node id="7681005498" lat="54.3477013" lon="18.6447813">
    <tag k="railway" v="tram_level_crossing"/>
  </node>
  <node id="7681005499" lat="54.3478062" lon="18.6451280">
    <tag k="railway" v="tram_level_crossing"/>
  </node>
  <node id="7681005500" lat="54.3476630" lon="18.6447919">
    <tag k="railway" v="tram_level_crossing"/>
  </node>
  <node id="7689494732" lat="54.3530678" lon="18.6629041"/>
  <node id="7689494733" lat="54.3530612" lon="18.6629980"/>
  <node id="7689494734" lat="54.3530760" lon="18.6632599"/>
  <node id="7689494735" lat="54.3529790" lon="18.6632627"/>
  <node id="7689494736" lat="54.3529743" lon="18.6630124"/>
  <node id="7689494737" lat="54.3531047" lon="18.6634937"/>
  <node id="7744520408" lat="54.3464065" lon="18.6598667"/>
  <node id="7744520409" lat="54.3462792" lon="18.6604204"/>
  <node id="7765344307" lat="54.3463059" lon="18.6454624"/>
  <node id="7765344308" lat="54.3460423" lon="18.6454968"/>
  <node id="7777572493" lat="54.3443781" lon="18.6632199"/>
  <node id="7777572494" lat="54.3446388" lon="18.6633450"/>
  <node id="7778350274" lat="54.3446330" lon="18.6630387">
    <tag k="button_operated" v="no"/>
    <tag k="crossing" v="traffic_signals"/>
    <tag k="crossing_ref" v="zebra"/>
    <tag k="highway" v="crossing"/>
    <tag k="tactile_paving" v="yes"/>
  </node>
  <node id="7778350275" lat="54.3445388" lon="18.6629900">
    <tag k="crossing" v="traffic_signals"/>
    <tag k="railway" v="tram_crossing"/>
  </node>
  <node id="7778350276" lat="54.3445015" lon="18.6629708">
    <tag k="crossing" v="traffic_signals"/>
    <tag k="railway" v="tram_crossing"/>
  </node>
  <node id="7778350277" lat="54.3444011" lon="18.6629190">
    <tag k="button_operated" v="no"/>
    <tag k="crossing" v="traffic_signals"/>
    <tag k="crossing_ref" v="zebra"/>
    <tag k="highway" v="crossing"/>
    <tag k="tactile_paving" v="yes"/>
  </node>
  <node id="7778383300" lat="54.3445077" lon="18.6635082">
    <tag k="crossing" v="traffic_signals"/>
    <tag k="railway" v="tram_crossing"/>
  </node>
  <node id="7778383301" lat="54.3445423" lon="18.6635128">
    <tag k="crossing" v="traffic_signals"/>
    <tag k="railway" v="tram_crossing"/>
  </node>
  <node id="7812419923" lat="54.3454771" lon="18.6570021">
    <tag k="crossing" v="traffic_signals"/>
    <tag k="railway" v="tram_crossing"/>
  </node>
  <node id="7819606530" lat="54.3463277" lon="18.6464498"/>
  <node id="7819606531" lat="54.3466958" lon="18.6464950">
    <tag k="barrier" v="lift_gate"/>
  </node>
  <node id="7819606532" lat="54.3463309" lon="18.6475740"/>
  <node id="7819606534" lat="54.3468089" lon="18.6480014"/>
  <node id="7819606535" lat="54.3468802" lon="18.6478372">
    <tag k="barrier" v="lift_gate"/>
  </node>
  <node id="7819606536" lat="54.3467611" lon="18.6482782"/>
  <node id="7819606544" lat="54.3475052" lon="18.6449430"/>
  <node id="7819606552" lat="54.3475976" lon="18.6451019"/>
  <node id="7819606554" lat="54.3477053" lon="18.6454085"/>
  <node id="7838222406" lat="54.3528924" lon="18.6613370"/>
  <node id="7838222407" lat="54.3529537" lon="18.6615239"/>
  <node id="7838222408" lat="54.3523057" lon="18.6615570"/>
  <node id="7838222409" lat="54.3531083" lon="18.6635447"/>
  <node id="7838222423" lat="54.3537991" lon="18.6601015"/>
  <node id="7838244907" lat="54.3507767" lon="18.6607925">
    <tag k="barrier" v="bollard"/>
  </node>
  <node id="7838244920" lat="54.3521892" lon="18.6581075"/>
  <node id="7838244921" lat="54.3506831" lon="18.6576677"/>
  <node id="7838244929" lat="54.3467595" lon="18.6559123"/>
  <node id="7838253103" lat="54.3451319" lon="18.6520942"/>
  <node id="7838253104" lat="54.3454195" lon="18.6512798"/>
  <node id="7838253105" lat="54.3460845" lon="18.6523502"/>
  <node id="7847405570" lat="54.3530677" lon="18.6509160"/>
  <node id="7847405574" lat="54.3531481" lon="18.6512205">
    <tag k="highway" v="mini_roundabout"/>
  </node>
  <node id="7847435285" lat="54.3530721" lon="18.6512789">
    <tag k="direction" v="forward"/>
    <tag k="highway" v="give_way"/>
  </node>
  <node id="7847435286" lat="54.3531178" lon="18.6510919">
    <tag k="direction" v="forward"/>
    <tag k="highway" v="give_way"/>
  </node>
  <node id="7847435291" lat="54.3523073" lon="18.6478773"/>
  <node id="7847435293" lat="54.3523308" lon="18.6480722"/>
  <node id="7847468571" lat="54.3484403" lon="18.6446935"/>
  <node id="7847468573" lat="54.3486717" lon="18.6447874"/>
  <node id="7847468574" lat="54.3500781" lon="18.6457423">
    <tag k="bicycle" v="yes"/>
    <tag k="button_operated" v="no"/>
    <tag k="crossing" v="traffic_signals"/>
    <tag k="highway" v="crossing"/>
    <tag k="tactile_paving" v="yes"/>
    <tag k="traffic_signals:sound" v="yes"/>
    <tag k="traffic_signals:vibration" v="no"/>
  </node>
  <node id="7847468575" lat="54.3509054" lon="18.6460388"/>
  <node id="7847468576" lat="54.3514498" lon="18.6460614"/>
  <node id="7847468577" lat="54.3518772" lon="18.6460004">
    <tag k="railway" v="tram_level_crossing"/>
  </node>
  <node id="7847468579" lat="54.3520716" lon="18.6462710">
    <tag k="railway" v="tram_level_crossing"/>
  </node>
  <node id="7847468581" lat="54.3518876" lon="18.6466687"/>
  <node id="7847468582" lat="54.3520316" lon="18.6473805"/>
  <node id="7847468583" lat="54.3520635" lon="18.6474863"/>
  <node id="7847478785" lat="54.3523922" lon="18.6491890">
    <tag k="direction" v="backward"/>
    <tag k="highway" v="give_way"/>
  </node>
  <node id="7847478786" lat="54.3517580" lon="18.6483703"/>
  <node id="7847478788" lat="54.3523038" lon="18.6490870"/>
  <node id="7856578948" lat="54.3472361" lon="18.6526186"/>
  <node id="7856578949" lat="54.3470503" lon="18.6524639"/>
  <node id="8000545510" lat="54.3475820" lon="18.6461349"/>
  <node id="8000545512" lat="54.3474846" lon="18.6472532"/>
  <node id="8000545513" lat="54.3474736" lon="18.6474349"/>
  <node id="8000545514" lat="54.3475050" lon="18.6474550"/>
  <node id="8000545515" lat="54.3445135" lon="18.6627907"/>
  <node id="8000545516" lat="54.3445421" lon="18.6625454"/>
  <node id="8000545517" lat="54.3445441" lon="18.6628797"/>
  <node id="8000545520" lat="54.3445016" lon="18.6632201"/>
  <node id="8000545521" lat="54.3445655" lon="18.6638939"/>
  <node id="8000545522" lat="54.3445204" lon="18.6637840"/>
  <node id="8375501998" lat="54.3478980" lon="18.6562928"/>
  <node id="8394736116" lat="54.3456232" lon="18.6558943">
    <tag k="railway" v="tram_level_crossing"/>
  </node>
  <node id="8394775717" lat="54.3456540" lon="18.6559169">
    <tag k="railway" v="tram_level_crossing"/>
  </node>
  <node id="8394786696" lat="54.3445039" lon="18.6632833">
    <tag k="railway" v="tram_level_crossing"/>
  </node>
  <node id="8394786699" lat="54.3445377" lon="18.6632999">
    <tag k="railway" v="tram_level_crossing"/>
  </node>
  <node id="8440123295" lat="54.3489862" lon="18.6618005"/>
  <node id="8440123296" lat="54.3489902" lon="18.6619386"/>
  <node id="8440130422" lat="54.3490093" lon="18.6626056"/>
  <node id="8496738962" lat="54.3435248" lon="18.6445763"/>
  <node id="8496738965" lat="54.3437496" lon="18.6448018"/>
  <node id="8496738966" lat="54.3439549" lon="18.6449538"/>
  <node id="8496758457" lat="54.3456684" lon="18.6454760">
    <tag k="bus" v="yes"/>
    <tag k="name" v="Toruńska 01"/>
    <tag k="network" v="ZTM Gdańsk"/>
    <tag k="old_name" v="Thornscher Weg"/>
    <tag k="operator" v="ZTM Gdańsk"/>
    <tag k="public_transport" v="stop_position"/>
    <tag k="ref:ztm" v="1004"/>
  </node>
  <node id="8496880799" lat="54.3441572" lon="18.6450617"/>
  <node id="8497549853" lat="54.3498242" lon="18.6458825">
    <tag k="railway" v="tram_level_crossing"/>
  </node>
  <node id="8497549854" lat="54.3498307" lon="18.6458200">
    <tag k="railway" v="tram_level_crossing"/>
  </node>
  <node id="8497736983" lat="54.3491313" lon="18.6459169"/>
  <node id="8497736986" lat="54.3500808" lon="18.6471502"/>
  <node id="8497736987" lat="54.3502041" lon="18.6470154"/>
  <node id="8497797244" lat="54.3516869" lon="18.6464050">
    <tag k="railway" v="tram_level_crossing"/>
  </node>
  <node id="8497797245" lat="54.3516939" lon="18.6464429">
    <tag k="railway" v="tram_level_crossing"/>
  </node>
  <node id="8497797246" lat="54.3516979" lon="18.6464643">
    <tag k="railway" v="tram_level_crossing"/>
  </node>
  <node id="8497797247" lat="54.3517066" lon="18.6465037">
    <tag k="railway" v="tram_level_crossing"/>
  </node>
  <node id="8497797248" lat="54.3520714" lon="18.6464092">
    <tag k="railway" v="tram_level_crossing"/>
  </node>
  <node id="8497797262" lat="54.3518527" lon="18.6460053">
    <tag k="railway" v="tram_level_crossing"/>
  </node>
  <node id="8497797263" lat="54.3518402" lon="18.6460063">
    <tag k="railway" v="tram_level_crossing"/>
  </node>
  <node id="8497797264" lat="54.3521489" lon="18.6462844">
    <tag k="railway" v="tram_crossing"/>
  </node>
  <node id="8497797265" lat="54.3521565" lon="18.6463462">
    <tag k="railway" v="tram_crossing"/>
  </node>
  <node id="8497797268" lat="54.3519563" lon="18.6450696"/>
  <node id="8497942963" lat="54.3539178" lon="18.6451828">
    <tag k="railway" v="tram_level_crossing"/>
  </node>
  <node id="8501404790" lat="54.3465129" lon="18.6455086"/>
  <node id="8501404792" lat="54.3462657" lon="18.6464816"/>
  <node id="8541582801" lat="54.3503838" lon="18.6534882"/>
  <node id="8554539089" lat="54.3470156" lon="18.6625007"/>
  <node id="8554539090" lat="54.3470636" lon="18.6624610"/>
  <node id="8554539091" lat="54.3470924" lon="18.6623413"/>
  <node id="8554539092" lat="54.3470615" lon="18.6627949"/>
  <node id="8560624779" lat="54.3476077" lon="18.6542475"/>
  <node id="8560624780" lat="54.3476679" lon="18.6537216"/>
  <node id="8560702185" lat="54.3475375" lon="18.6537039"/>
  <node id="8560702186" lat="54.3480114" lon="18.6535191"/>
  <node id="8570122871" lat="54.3477110" lon="18.6448783"/>
  <node id="8570122872" lat="54.3477440" lon="18.6450089"/>
  <node id="8570122875" lat="54.3476778" lon="18.6449469">
    <tag k="railway" v="railway_crossing"/>
  </node>
  <node id="8570122876" lat="54.3477191" lon="18.6450990"/>
  <node id="8570122877" lat="54.3477685" lon="18.6452067"/>
  <node id="8570122879" lat="54.3478902" lon="18.6453132"/>
  <node id="8570122880" lat="54.3479601" lon="18.6453242"/>
  <node id="8570122881" lat="54.3478718" lon="18.6453346"/>
  <node id="8570122882" lat="54.3476172" lon="18.6457145"/>
  <node id="8570122884" lat="54.3476106" lon="18.6455968"/>
  <node id="8570122885" lat="54.3476449" lon="18.6455056"/>
  <node id="8570122889" lat="54.3478332" lon="18.6453770"/>
  <node id="8570122890" lat="54.3479113" lon="18.6453743"/>
  <node id="8570122891" lat="54.3479425" lon="18.6453803"/>
  <node id="8570122996" lat="54.3509160" lon="18.6462191">
    <tag k="railway" v="tram_crossing"/>
  </node>
  <node id="8570122997" lat="54.3509092" lon="18.6462783">
    <tag k="railway" v="tram_crossing"/>
  </node>
  <node id="8570123008" lat="54.3515390" lon="18.6464134">
    <tag k="bicycle" v="yes"/>
    <tag k="railway" v="tram_crossing"/>
  </node>
  <node id="8570123009" lat="54.3515363" lon="18.6464719">
    <tag k="bicycle" v="yes"/>
    <tag k="railway" v="tram_crossing"/>
  </node>
  <node id="8570123014" lat="54.3476306" lon="18.6455397">
    <tag k="railway" v="railway_crossing"/>
  </node>
  <node id="8590051548" lat="54.3550218" lon="18.6455039"/>
  <node id="8590051549" lat="54.3557260" lon="18.6456100"/>
  <node id="8590051550" lat="54.3539756" lon="18.6452535"/>
  <node id="8590051551" lat="54.3537217" lon="18.6452482"/>
  <node id="8590051552" lat="54.3535729" lon="18.6452138"/>
  <node id="8590051553" lat="54.3534375" lon="18.6452626"/>
  <node id="8590051554" lat="54.3534474" lon="18.6453231"/>
  <node id="8590051555" lat="54.3535898" lon="18.6452724"/>
  <node id="8590051556" lat="54.3531729" lon="18.6454790"/>
  <node id="8590051557" lat="54.3533299" lon="18.6453811"/>
  <node id="8590051558" lat="54.3524521" lon="18.6458666"/>
  <node id="8590051559" lat="54.3525079" lon="18.6458452"/>
  <node id="8590051561" lat="54.3533895" lon="18.6454623"/>
  <node id="8727689998" lat="54.3444520" lon="18.6451577"/>
  <node id="8727690013" lat="54.3448662" lon="18.6453620">
    <tag k="highway" v="traffic_signals"/>
    <tag k="traffic_signals:direction" v="forward"/>
  </node>
  <node id="8727697117" lat="54.3459281" lon="18.6454944"/>
  <node id="8735779677" lat="54.3448513" lon="18.6451991">
    <tag k="button_operated" v="no"/>
    <tag k="crossing" v="traffic_signals"/>
    <tag k="crossing:markings" v="zebra"/>
    <tag k="highway" v="crossing"/>
    <tag k="tactile_paving" v="yes"/>
    <tag k="traffic_signals:sound" v="yes"/>
    <tag k="traffic_signals:vibration" v="no"/>
  </node>
  <node id="8735779681" lat="54.3449144" lon="18.6453692">
    <tag k="button_operated" v="no"/>
    <tag k="crossing" v="traffic_signals"/>
    <tag k="crossing:markings" v="zebra"/>
    <tag k="highway" v="crossing"/>
    <tag k="tactile_paving" v="yes"/>
    <tag k="traffic_signals:sound" v="yes"/>
    <tag k="traffic_signals:vibration" v="no"/>
  </node>
  <node id="8872360050" lat="54.2101604" lon="18.7627583"/>
  <node id="8872360051" lat="54.2098807" lon="18.7629585"/>
  <node id="8872360052" lat="54.2098223" lon="18.7632400"/>
  <node id="8880549524" lat="54.3476232" lon="18.6451582">
    <tag k="railway" v="tram_level_crossing"/>
  </node>
  <node id="8880549525" lat="54.3476518" lon="18.6452512">
    <tag k="railway" v="tram_level_crossing"/>
  </node>
  <node id="8880549526" lat="54.3477021" lon="18.6454145">
    <tag k="railway" v="tram_level_crossing"/>
  </node>
  <node id="8880549527" lat="54.3477171" lon="18.6454633">
    <tag k="railway" v="tram_level_crossing"/>
  </node>
  <node id="8882818419" lat="54.1975298" lon="18.7681259"/>
  <node id="8883810674" lat="54.2186151" lon="18.7580038"/>
  <node id="8883810675" lat="54.2201547" lon="18.7581513"/>
  <node id="8883905560" lat="54.2164464" lon="18.7595729"/>
  <node id="8883905561" lat="54.2152928" lon="18.7598505"/>
  <node id="8883905562" lat="54.2107244" lon="18.7632880"/>
  <node id="8888289044" lat="54.1905855" lon="18.7696808"/>
  <node id="8888289045" lat="54.1874312" lon="18.7718145"/>
  <node id="8888289046" lat="54.1869910" lon="18.7720618"/>
  <node id="8888289047" lat="54.1853876" lon="18.7726802"/>
  <node id="8888329882" lat="54.2009906" lon="18.7671163"/>
  <node id="8892736653" lat="54.2496139" lon="18.7474294"/>
  <node id="8906730627" lat="54.3452693" lon="18.6554890">
    <tag k="amenity" v="parking_entrance"/>
  </node>
  <node id="8908209782" lat="54.3454285" lon="18.6517977">
    <tag k="noexit" v="yes"/>
  </node>
  <node id="8908209784" lat="54.3457875" lon="18.6520844"/>
  <node id="8908209785" lat="54.3458411" lon="18.6517339"/>
  <node id="8908209786" lat="54.3458448" lon="18.6516577"/>
  <node id="8908209787" lat="54.3458131" lon="18.6515973"/>
  <node id="8908209788" lat="54.3455535" lon="18.6514123"/>
  <node id="8908209791" lat="54.3449584" lon="18.6519171"/>
  <node id="8908209792" lat="54.3442150" lon="18.6515167"/>
  <node id="8908209793" lat="54.3442398" lon="18.6515295"/>
  <node id="8908209794" lat="54.3442606" lon="18.6515558"/>
  <node id="8908209795" lat="54.3442751" lon="18.6515925"/>
  <node id="8908209796" lat="54.3442795" lon="18.6516778"/>
  <node id="8908209797" lat="54.3442696" lon="18.6517169"/>
  <node id="8908209798" lat="54.3442529" lon="18.6517484"/>
  <node id="8908209799" lat="54.3442311" lon="18.6517690"/>
  <node id="8908209800" lat="54.3442065" lon="18.6517764"/>
  <node id="8908209801" lat="54.3441819" lon="18.6517699"/>
  <node id="8908209802" lat="54.3441406" lon="18.6517137"/>
  <node id="8908209803" lat="54.3441306" lon="18.6516676"/>
  <node id="8908209804" lat="54.3441312" lon="18.6516184"/>
  <node id="8908209805" lat="54.3441425" lon="18.6515732"/>
  <node id="8908209806" lat="54.3441628" lon="18.6515383"/>
  <node id="8908209807" lat="54.3441599" lon="18.6517502"/>
  <node id="8908209808" lat="54.3441892" lon="18.6515188"/>
  <node id="8908209809" lat="54.3442816" lon="18.6516353"/>
  <node id="8908209810" lat="54.3442652" lon="18.6518452"/>
  <node id="8908209811" lat="54.3445887" lon="18.6521490"/>
  <node id="8908209812" lat="54.3445875" lon="18.6528764">
    <tag k="barrier" v="gate"/>
  </node>
  <node id="8908209813" lat="54.3444409" lon="18.6526091"/>
  <node id="8908209814" lat="54.3446374" lon="18.6529268"/>
  <node id="8913471977" lat="54.3474697" lon="18.6449049"/>
  <node id="8913471978" lat="54.3475688" lon="18.6450424"/>
  <node id="8913471984" lat="54.3477003" lon="18.6458668">
    <tag k="highway" v="traffic_signals"/>
    <tag k="traffic_signals" v="signal"/>
    <tag k="traffic_signals:direction" v="forward"/>
  </node>
  <node id="8913471997" lat="54.3461763" lon="18.6454870"/>
  <node id="8913472003" lat="54.3465880" lon="18.6455278"/>
  <node id="8922103362" lat="54.2043220" lon="18.7657512"/>
  <node id="8922888954" lat="54.2168437" lon="18.7592559"/>
  <node id="8922888955" lat="54.2161652" lon="18.7597330"/>
  <node id="8940045404" lat="54.3489801" lon="18.6615846"/>
  <node id="8940045405" lat="54.3498014" lon="18.6631461"/>
  <node id="8940045406" lat="54.3497903" lon="18.6626862">
    <tag k="amenity" v="parking_entrance"/>
    <tag k="parking" v="underground"/>
  </node>
  <node id="8940045407" lat="54.3497764" lon="18.6618564">
    <tag k="amenity" v="parking_entrance"/>
    <tag k="parking" v="underground"/>
  </node>
  <node id="8940045408" lat="54.3497653" lon="18.6613995"/>
  <node id="8940045409" lat="54.3504573" lon="18.6613275">
    <tag k="noexit" v="yes"/>
  </node>
  <node id="8975571500" lat="54.3449418" lon="18.6456675"/>
  <node id="8975596441" lat="54.3437346" lon="18.6456826"/>
  <node id="8975596476" lat="54.3429454" lon="18.6466058">
    <tag k="crossing" v="unmarked"/>
    <tag k="highway" v="crossing"/>
    <tag k="traffic_calming" v="table"/>
  </node>
  <node id="8975596500" lat="54.3438929" lon="18.6457920"/>
  <node id="9064618877" lat="54.3451516" lon="18.6520386"/>
  <node id="9064618880" lat="54.3454080" lon="18.6513125"/>
  <node id="9064618905" lat="54.3457754" lon="18.6520198"/>
  <node id="9064618906" lat="54.3445431" lon="18.6512238"/>
  <node id="9068792921" lat="54.3474924" lon="18.6598817"/>
  <node id="9068792946" lat="54.3477238" lon="18.6574088"/>
  <node id="9068816348" lat="54.3497958" lon="18.6556373">
    <tag k="barrier" v="bollard"/>
    <tag k="bollard" v="foldable"/>
  </node>
  <node id="9068816350" lat="54.3498170" lon="18.6554942">
    <tag k="barrier" v="gate"/>
  </node>
  <node id="9068847705" lat="54.3489376" lon="18.6614503"/>
  <node id="9068849750" lat="54.3489066" lon="18.6613675"/>
  <node id="9068849762" lat="54.3490118" lon="18.6626929"/>
  <node id="9071305265" lat="54.3478270" lon="18.6566248"/>
  <node id="9071305293" lat="54.3466517" lon="18.6558339"/>
  <node id="9071305294" lat="54.3459362" lon="18.6553343"/>
  <node id="9071372218" lat="54.3456691" lon="18.6586073"/>
  <node id="9132877445" lat="54.3521791" lon="18.6534885"/>
  <node id="9132877446" lat="54.3521412" lon="18.6533897">
    <tag k="barrier" v="bollard"/>
    <tag k="bicycle" v="yes"/>
    <tag k="bollard" v="foldable"/>
  </node>
  <node id="9132877448" lat="54.3521812" lon="18.6534604">
    <tag k="barrier" v="gate"/>
  </node>
  <node id="9142926469" lat="54.3467503" lon="18.6594514"/>
  <node id="9142926470" lat="54.3467819" lon="18.6594220"/>
  <node id="9146383890" lat="54.3499682" lon="18.6544673">
    <tag k="barrier" v="gate"/>
  </node>
  <node id="9146383893" lat="54.3492535" lon="18.6540790">
    <tag k="access" v="permissive"/>
    <tag k="barrier" v="gate"/>
    <tag k="locked" v="no"/>
  </node>
  <node id="9146383894" lat="54.3493500" lon="18.6553185">
    <tag k="access" v="permissive"/>
    <tag k="barrier" v="gate"/>
    <tag k="locked" v="no"/>
  </node>
  <node id="9146383896" lat="54.3494466" lon="18.6550943"/>
  <node id="9146383897" lat="54.3493875" lon="18.6550687"/>
  <node id="9146383898" lat="54.3493449" lon="18.6553600"/>
  <node id="9146418302" lat="54.3511800" lon="18.6526558">
    <tag k="barrier" v="gate"/>
  </node>
  <node id="9161237757" lat="54.3473882" lon="18.6597988"/>
  <node id="9161237758" lat="54.3473114" lon="18.6603421"/>
  <node id="9161237761" lat="54.3477536" lon="18.6603979"/>
  <node id="9170007622" lat="54.3521539" lon="18.6505163"/>
  <node id="9170171882" lat="54.3490480" lon="18.6497013"/>
  <node id="9170171887" lat="54.3493648" lon="18.6478793"/>
  <node id="9170171888" lat="54.3494119" lon="18.6480035">
    <tag k="barrier" v="gate"/>
  </node>
  <node id="9170171890" lat="54.3489514" lon="18.6479538"/>
  <node id="9170171891" lat="54.3490246" lon="18.6476084"/>
  <node id="9170171892" lat="54.3492810" lon="18.6479156">
    <tag k="barrier" v="gate"/>
  </node>
  <node id="9170171904" lat="54.3482861" lon="18.6486530"/>
  <node id="9170171913" lat="54.3489201" lon="18.6500553"/>
  <node id="9170196323" lat="54.3510442" lon="18.6567224"/>
  <node id="9174388472" lat="54.3526044" lon="18.6534894">
    <tag k="crossing:island" v="no"/>
    <tag k="crossing:markings" v="no"/>
    <tag k="crossing:signals" v="no"/>
    <tag k="highway" v="crossing"/>
    <tag k="tactile_paving" v="no"/>
  </node>
  <node id="9174388473" lat="54.3524869" lon="18.6556106">
    <tag k="barrier" v="gate"/>
  </node>
  <node id="9174388474" lat="54.3526376" lon="18.6556518"/>
  <node id="9174388475" lat="54.3524174" lon="18.6555919"/>
  <node id="9174495678" lat="54.3443025" lon="18.6595158"/>
  <node id="9174495679" lat="54.3439620" lon="18.6592324"/>
  <node id="9174495680" lat="54.3440127" lon="18.6592773"/>
  <node id="9174495681" lat="54.3445824" lon="18.6597688"/>
  <node id="9174495690" lat="54.3435842" lon="18.6587033"/>
  <node id="9177950339" lat="54.3482408" lon="18.6625922"/>
  <node id="9177950340" lat="54.3480623" lon="18.6627713"/>
  <node id="9177950341" lat="54.3479824" lon="18.6627969"/>
  <node id="9177950342" lat="54.3478576" lon="18.6620405"/>
  <node id="9177950343" lat="54.3479884" lon="18.6620281"/>
  <node id="9177950344" lat="54.3479941" lon="18.6622219"/>
  <node id="9177950345" lat="54.3479757" lon="18.6623374"/>
  <node id="9177950354" lat="54.3477924" lon="18.6615396"/>
  <node id="9183916584" lat="54.3435002" lon="18.6612596">
    <tag k="crossing" v="unmarked"/>
    <tag k="highway" v="crossing"/>
  </node>
  <node id="9222512658" lat="54.3366507" lon="18.6508856"/>
  <node id="9294369787" lat="54.3517879" lon="18.6451060"/>
  <node id="9396091419" lat="54.3504115" lon="18.6510297">
    <tag k="barrier" v="gate"/>
  </node>
  <node id="9403170325" lat="54.3511289" lon="18.6501173"/>
  <node id="9404252795" lat="54.3477438" lon="18.6637671">
    <tag k="bus" v="yes"/>
    <tag k="name" v="Długie Ogrody 01"/>
    <tag k="public_transport" v="stop_position"/>
    <tag k="ref:ztm" v="1041"/>
  </node>
  <node id="9415764213" lat="54.3498424" lon="18.6507649">
    <tag k="barrier" v="lift_gate"/>
  </node>
  <node id="9415769717" lat="54.3494474" lon="18.6506078">
    <tag k="barrier" v="lift_gate"/>
  </node>
  <node id="9415775829" lat="54.3442111" lon="18.6599312"/>
  <node id="9415775831" lat="54.3442018" lon="18.6600008"/>
  <node id="9415775836" lat="54.3437139" lon="18.6597039"/>
  <node id="9415775844" lat="54.3436247" lon="18.6587631"/>
  <node id="9415775845" lat="54.3437656" lon="18.6589618"/>
  <node id="9416033909" lat="54.3398461" lon="18.6521828"/>
  <node id="9416033910" lat="54.3397160" lon="18.6521710"/>
  <node id="9416033911" lat="54.3396026" lon="18.6521775"/>
  <node id="9416033913" lat="54.3392434" lon="18.6520973"/>
  <node id="9416034273" lat="54.3399876" lon="18.6522092"/>
  <node id="9416034274" lat="54.3400692" lon="18.6522416"/>
  <node id="9416034275" lat="54.3399238" lon="18.6522022"/>
  <node id="9416034286" lat="54.3401208" lon="18.6522711"/>
  <node id="9416034287" lat="54.3413513" lon="18.6542839"/>
  <node id="9416034290" lat="54.3412345" lon="18.6540436"/>
  <node id="9416034293" lat="54.3410485" lon="18.6536665"/>
  <node id="9416034294" lat="54.3405895" lon="18.6527875"/>
  <node id="9416034295" lat="54.3406124" lon="18.6528253"/>
  <node id="9416034298" lat="54.3407374" lon="18.6530484"/>
  <node id="9416157677" lat="54.3448001" lon="18.6558121"/>
  <node id="9416157678" lat="54.3452351" lon="18.6560903"/>
  <node id="9416157685" lat="54.3447335" lon="18.6585989"/>
  <node id="9416157686" lat="54.3444441" lon="18.6584659"/>
  <node id="9416157687" lat="54.3444157" lon="18.6584338"/>
  <node id="9416157688" lat="54.3443423" lon="18.6583078"/>
  <node id="9427897859" lat="54.3134010" lon="18.7152076"/>
  <node id="9427897860" lat="54.3133773" lon="18.7153392"/>
  <node id="9427897861" lat="54.3135968" lon="18.7109895"/>
  <node id="9427897862" lat="54.3136160" lon="18.7101540"/>
  <node id="9427897863" lat="54.3134122" lon="18.7084290"/>
  <node id="9427897864" lat="54.3133103" lon="18.7079728"/>
  <node id="9427897876" lat="54.3127485" lon="18.7060121"/>
  <node id="9463697196" lat="54.3432325" lon="18.6512321"/>
  <node id="9463697197" lat="54.3429483" lon="18.6507629"/>
  <node id="9463697215" lat="54.3440921" lon="18.6503859"/>
  <node id="9463697243" lat="54.3439308" lon="18.6546683"/>
  <node id="9463697244" lat="54.3438317" lon="18.6549459">
    <tag k="access" v="customers"/>
    <tag k="addr:city" v="Gdańsk"/>
    <tag k="addr:housenumber" v="72"/>
    <tag k="addr:postcode" v="80-748"/>
    <tag k="addr:street" v="Chmielna"/>
    <tag k="amenity" v="parking_entrance"/>
    <tag k="level" v="-1"/>
    <tag k="maxheight" v="2"/>
    <tag k="maxspeed" v="10"/>
    <tag k="parking" v="underground"/>
  </node>
  <node id="9463697245" lat="54.3438895" lon="18.6547918">
    <tag k="crossing" v="unmarked"/>
    <tag k="highway" v="crossing"/>
    <tag k="tactile_paving" v="no"/>
  </node>
  <node id="9466681445" lat="54.3440227" lon="18.6549206"/>
  <node id="9466681449" lat="54.3444705" lon="18.6551554"/>
  <node id="9466681452" lat="54.3445054" lon="18.6551782"/>
  <node id="9466681454" lat="54.3440227" lon="18.6567275"/>
  <node id="9466681455" lat="54.3441865" lon="18.6560786"/>
  <node id="9466681461" lat="54.3448663" lon="18.6555112">
    <tag k="crossing" v="informal"/>
  </node>
  <node id="9473567277" lat="54.3446440" lon="18.6625989"/>
  <node id="9473567278" lat="54.3446350" lon="18.6628317"/>
  <node id="9473567288" lat="54.3443869" lon="18.6630516"/>
  <node id="9473568862" lat="54.3466007" lon="18.6634412"/>
  <node id="9545832958" lat="54.3510622" lon="18.6585366"/>
  <node id="9545832959" lat="54.3511022" lon="18.6584937"/>
  <node id="9545832960" lat="54.3510950" lon="18.6585796"/>
  <node id="9545832962" lat="54.3518365" lon="18.6587354"/>
  <node id="9545832963" lat="54.3515530" lon="18.6587556"/>
  <node id="9545832964" lat="54.3515713" lon="18.6585634"/>
  <node id="9607379560" lat="54.3504492" lon="18.6508580">
    <tag k="barrier" v="gate"/>
  </node>
  <node id="9607379587" lat="54.3494515" lon="18.6504233"/>
  <node id="9607379597" lat="54.3496743" lon="18.6503134">
    <tag k="barrier" v="gate"/>
  </node>
  <node id="9634291437" lat="54.3490985" lon="18.6548705"/>
  <node id="9634291440" lat="54.3496145" lon="18.6542367"/>
  <node id="9634291442" lat="54.3492912" lon="18.6549622"/>
  <node id="9634291448" lat="54.3493637" lon="18.6549967"/>
  <node id="9634291449" lat="54.3493546" lon="18.6550531"/>
  <node id="9634291450" lat="54.3495855" lon="18.6542190"/>
  <node id="9634291451" lat="54.3495410" lon="18.6544399"/>
  <node id="9634291452" lat="54.3495218" lon="18.6544638"/>
  <node id="9634291453" lat="54.3494808" lon="18.6544762"/>
  <node id="9634291454" lat="54.3492715" lon="18.6543669"/>
  <node id="9634291456" lat="54.3493044" lon="18.6540468"/>
  <node id="9634291457" lat="54.3491218" lon="18.6547360"/>
  <node id="9634320685" lat="54.3490302" lon="18.6592450"/>
  <node id="9634334316" lat="54.3462299" lon="18.6541224"/>
  <node id="9634340227" lat="54.3467895" lon="18.6565338">
    <tag k="barrier" v="lift_gate"/>
  </node>
  <node id="9634340230" lat="54.3468197" lon="18.6563889"/>
  <node id="9634340231" lat="54.3467632" lon="18.6566757"/>
  <node id="9634340232" lat="54.3472261" lon="18.6568716"/>
  <node id="9634340240" lat="54.3467838" lon="18.6565609"/>
  <node id="9634340244" lat="54.3472548" lon="18.6567437">
    <tag k="amenity" v="parking_entrance"/>
    <tag k="parking" v="underground"/>
  </node>
  <node id="9634340245" lat="54.3472012" lon="18.6569825"/>
  <node id="9634368078" lat="54.3469660" lon="18.6537608"/>
  <node id="9634368079" lat="54.3468781" lon="18.6540939"/>
  <node id="9634368080" lat="54.3467741" lon="18.6545296"/>
  <node id="9634368087" lat="54.3477008" lon="18.6551167">
    <tag k="barrier" v="gate"/>
  </node>
  <node id="9634368088" lat="54.3477460" lon="18.6549220"/>
  <node id="9634368089" lat="54.3476894" lon="18.6551658"/>
  <node id="9634368090" lat="54.3473683" lon="18.6548817">
    <tag k="amenity" v="parking_entrance"/>
    <tag k="maxheight" v="2"/>
    <tag k="parking" v="underground"/>
  </node>
  <node id="9634368091" lat="54.3473532" lon="18.6549397"/>
  <node id="9634368092" lat="54.3475625" lon="18.6548690"/>
  <node id="9634368093" lat="54.3475307" lon="18.6549999"/>
  <node id="9634368094" lat="54.3474230" lon="18.6549218"/>
  <node id="9634368095" lat="54.3474544" lon="18.6547927"/>
  <node id="9634368096" lat="54.3474093" lon="18.6549780"/>
  <node id="9634368097" lat="54.3474614" lon="18.6547639"/>
  <node id="9634368100" lat="54.3475693" lon="18.6548412"/>
  <node id="9634368101" lat="54.3475180" lon="18.6550519"/>
  <node id="9634368103" lat="54.3472272" lon="18.6547901"/>
  <node id="9634368104" lat="54.3472143" lon="18.6548450"/>
  <node id="9634368105" lat="54.3473881" lon="18.6541029"/>
  <node id="9634368106" lat="54.3474175" lon="18.6540359"/>
  <node id="9634382919" lat="54.3483427" lon="18.6557772">
    <tag k="barrier" v="gate"/>
  </node>
  <node id="9634382927" lat="54.3482383" lon="18.6558144"/>
  <node id="9634382928" lat="54.3483655" lon="18.6556631"/>
  <node id="9634382929" lat="54.3483233" lon="18.6558730"/>
  <node id="9634382937" lat="54.3485006" lon="18.6545602"/>
  <node id="9634382940" lat="54.3486067" lon="18.6544963"/>
  <node id="9668539298" lat="54.3500326" lon="18.6461119">
    <tag k="bicycle" v="yes"/>
    <tag k="button_operated" v="no"/>
    <tag k="crossing" v="traffic_signals"/>
    <tag k="highway" v="crossing"/>
    <tag k="tactile_paving" v="yes"/>
    <tag k="traffic_signals:sound" v="yes"/>
    <tag k="traffic_signals:vibration" v="no"/>
  </node>
  <node id="9668569038" lat="54.3503897" lon="18.6481078"/>
  <node id="9668569091" lat="54.3507185" lon="18.6483510"/>
  <node id="9668569092" lat="54.3508404" lon="18.6478633"/>
  <node id="9668569093" lat="54.3505944" lon="18.6482593"/>
  <node id="9668569094" lat="54.3507138" lon="18.6478051"/>
  <node id="9668569095" lat="54.3504792" lon="18.6481740"/>
  <node id="9668569097" lat="54.3503594" lon="18.6480854"/>
  <node id="9668569098" lat="54.3502469" lon="18.6480021"/>
  <node id="9668569099" lat="54.3503425" lon="18.6476267"/>
  <node id="9668569100" lat="54.3501315" lon="18.6479167"/>
  <node id="9668569101" lat="54.3502176" lon="18.6475586"/>
  <node id="9668569102" lat="54.3500152" lon="18.6478311"/>
  <node id="9668569103" lat="54.3500999" lon="18.6474944"/>
  <node id="9668569108" lat="54.3498340" lon="18.6476889"/>
  <node id="9668569181" lat="54.3500507" lon="18.6459647">
    <tag k="bicycle" v="yes"/>
    <tag k="railway" v="tram_crossing"/>
  </node>
  <node id="9668569182" lat="54.3500581" lon="18.6459049">
    <tag k="bicycle" v="yes"/>
    <tag k="railway" v="tram_crossing"/>
  </node>
  <node id="9668569217" lat="54.3503226" lon="18.6474107">
    <tag k="noexit" v="yes"/>
  </node>
  <node id="9668569218" lat="54.3503702" lon="18.6470676"/>
  <node id="9668569219" lat="54.3504665" lon="18.6471013"/>
  <node id="9668569249" lat="54.3502477" lon="18.6470246"/>
  <node id="9668569250" lat="54.3507270" lon="18.6469229">
    <tag k="noexit" v="yes"/>
  </node>
  <node id="9668569251" lat="54.3506378" lon="18.6476767"/>
  <node id="9668569252" lat="54.3506273" lon="18.6477654"/>
  <node id="9668569253" lat="54.3506966" lon="18.6471802"/>
  <node id="9668926692" lat="54.3513436" lon="18.6451184"/>
  <node id="9674430677" lat="54.3503284" lon="18.6522346"/>
  <node id="9674430682" lat="54.3514237" lon="18.6514445"/>
  <node id="9674430683" lat="54.3513857" lon="18.6515155">
    <tag k="barrier" v="gate"/>
  </node>
  <node id="9674430691" lat="54.3485214" lon="18.6515074">
    <tag k="barrier" v="gate"/>
  </node>
  <node id="9674430697" lat="54.3483839" lon="18.6508794">
    <tag k="barrier" v="gate"/>
  </node>
  <node id="9674430714" lat="54.3482494" lon="18.6525637">
    <tag k="barrier" v="gate"/>
  </node>
  <node id="9674430715" lat="54.3481782" lon="18.6528756"/>
  <node id="9674430716" lat="54.3482591" lon="18.6525249"/>
  <node id="9674436624" lat="54.3481077" lon="18.6491731"/>
  <node id="9674436637" lat="54.3503417" lon="18.6555945">
    <tag k="access" v="private"/>
    <tag k="barrier" v="gate"/>
  </node>
  <node id="9674436641" lat="54.3490738" lon="18.6529662"/>
  <node id="9674436642" lat="54.3491674" lon="18.6526848"/>
  <node id="9674436645" lat="54.3492027" lon="18.6543322"/>
  <node id="9676063816" lat="54.3483151" lon="18.6513603">
    <tag k="barrier" v="gate"/>
  </node>
  <node id="9676065317" lat="54.3483569" lon="18.6511986"/>
  <node id="9676065318" lat="54.3482986" lon="18.6514239"/>
  <node id="9676065324" lat="54.3485326" lon="18.6501429"/>
  <node id="9676065325" lat="54.3485468" lon="18.6502423"/>
  <node id="9676065326" lat="54.3485147" lon="18.6502224"/>
  <node id="9676065327" lat="54.3485652" lon="18.6501630"/>
  <node id="9676065328" lat="54.3485852" lon="18.6499890"/>
  <node id="9676065329" lat="54.3486150" lon="18.6498577"/>
  <node id="9676065330" lat="54.3485593" lon="18.6500243">
    <tag k="barrier" v="gate"/>
    <tag k="temporary" v="yes"/>
  </node>
  <node id="9676065331" lat="54.3485925" lon="18.6500448">
    <tag k="barrier" v="gate"/>
    <tag k="temporary" v="yes"/>
  </node>
  <node id="9676065351" lat="54.3488725" lon="18.6493099"/>
  <node id="9676065352" lat="54.3487242" lon="18.6491903"/>
  <node id="9676065355" lat="54.3489885" lon="18.6499619"/>
  <node id="9676065364" lat="54.3484290" lon="18.6521562"/>
  <node id="9676065369" lat="54.3485231" lon="18.6517473"/>
  <node id="9676065375" lat="54.3485227" lon="18.6517117"/>
  <node id="9676065376" lat="54.3484456" lon="18.6515403"/>
  <node id="9676078432" lat="54.3503277" lon="18.6473739"/>
  <node id="9677860245" lat="54.3496976" lon="18.6456305"/>
  <node id="9678424411" lat="54.3473559" lon="18.6571903"/>
  <node id="9678424412" lat="54.3471530" lon="18.6570385">
    <tag k="crossing" v="unmarked"/>
    <tag k="crossing:markings" v="no"/>
    <tag k="highway" v="crossing"/>
    <tag k="kerb" v="flush"/>
    <tag k="tactile_paving" v="no"/>
  </node>
  <node id="9678424413" lat="54.3466969" lon="18.6567463">
    <tag k="crossing:signals" v="no"/>
    <tag k="highway" v="crossing"/>
  </node>
  <node id="9711554955" lat="54.3453179" lon="18.6593635"/>
  <node id="9711554959" lat="54.3449013" lon="18.6591792"/>
  <node id="9711554960" lat="54.3449705" lon="18.6592293"/>
  <node id="9711554961" lat="54.3451394" lon="18.6593307"/>
  <node id="9711875146" lat="54.3455516" lon="18.6596944"/>
  <node id="9711875147" lat="54.3473250" lon="18.6611119"/>
  <node id="9711900732" lat="54.3509975" lon="18.6567509"/>
  <node id="9712123897" lat="54.3603721" lon="18.6644591"/>
  <node id="9712123898" lat="54.3603126" lon="18.6643978"/>
  <node id="9712123905" lat="54.3466659" lon="18.6569136"/>
  <node id="9712123906" lat="54.3465780" lon="18.6575436"/>
  <node id="9712123907" lat="54.3465370" lon="18.6579688"/>
  <node id="9712123908" lat="54.3465998" lon="18.6573881"/>
  <node id="9741199440" lat="54.3520762" lon="18.6511534"/>
  <node id="9741199442" lat="54.3524003" lon="18.6527081">
    <tag k="crossing" v="informal"/>
  </node>
  <node id="9747558158" lat="54.3530481" lon="18.6531809"/>
  <node id="9747558159" lat="54.3526838" lon="18.6531252"/>
  <node id="9747558160" lat="54.3519441" lon="18.6518980"/>
  <node id="9747558161" lat="54.3520628" lon="18.6519001"/>
  <node id="9747558162" lat="54.3518472" lon="18.6523127"/>
  <node id="9747558163" lat="54.3520578" lon="18.6523286"/>
  <node id="9747558170" lat="54.3530322" lon="18.6526372"/>
  <node id="9747558182" lat="54.3522204" lon="18.6539448"/>
  <node id="9747558183" lat="54.3522618" lon="18.6539561"/>
  <node id="9747558188" lat="54.3525771" lon="18.6536904">
    <tag k="barrier" v="gate"/>
  </node>
  <node id="9747558194" lat="54.3525244" lon="18.6536760"/>
  <node id="9747558195" lat="54.3523152" lon="18.6536187"/>
  <node id="9747558196" lat="54.3526244" lon="18.6537034"/>
  <node id="9749219977" lat="54.3517969" lon="18.6553434"/>
  <node id="9749219981" lat="54.3518817" lon="18.6553714">
    <tag k="noexit" v="yes"/>
  </node>
  <node id="9749219982" lat="54.3517531" lon="18.6553293"/>
  <node id="9749219984" lat="54.3518367" lon="18.6545050"/>
  <node id="9749219986" lat="54.3517032" lon="18.6546769"/>
  <node id="9749219987" lat="54.3517638" lon="18.6546995">
    <tag k="barrier" v="gate"/>
  </node>
  <node id="9749219988" lat="54.3516980" lon="18.6546750"/>
  <node id="9749219989" lat="54.3516414" lon="18.6545695"/>
  <node id="9749278462" lat="54.3399046" lon="18.6521995"/>
  <node id="9752003105" lat="54.3549480" lon="18.6661284"/>
  <node id="9752003106" lat="54.3563910" lon="18.6666995"/>
  <node id="9752003107" lat="54.3556690" lon="18.6664065"/>
  <node id="9752006719" lat="54.3557624" lon="18.6664408"/>
  <node id="9752006720" lat="54.3553925" lon="18.6663049"/>
  <node id="9752006852" lat="54.3550620" lon="18.6646390"/>
  <node id="9759362735" lat="54.3465265" lon="18.6473184"/>
  <node id="9778074298" lat="54.3437979" lon="18.6456790">
    <tag k="crossing" v="marked"/>
    <tag k="highway" v="crossing"/>
    <tag k="tactile_paving" v="yes"/>
  </node>
  <node id="9778119520" lat="54.3527883" lon="18.6452753"/>
  <node id="9778119525" lat="54.3527256" lon="18.6453311"/>
  <node id="9778119526" lat="54.3527616" lon="18.6453002"/>
  <node id="9778119527" lat="54.3528132" lon="18.6452337"/>
  <node id="9778119528" lat="54.3528375" lon="18.6451808"/>
  <node id="9778119529" lat="54.3528603" lon="18.6451029"/>
  <node id="9778119530" lat="54.3528735" lon="18.6449707"/>
  <node id="9787038040" lat="54.3481166" lon="18.6467321"/>
  <node id="9787038053" lat="54.3481236" lon="18.6466858">
    <tag k="barrier" v="gate"/>
  </node>
  <node id="9787038054" lat="54.3482644" lon="18.6463929"/>
  <node id="9787038055" lat="54.3482277" lon="18.6465534"/>
  <node id="9787038056" lat="54.3481473" lon="18.6465260"/>
  <node id="9787038057" lat="54.3481056" lon="18.6468056"/>
  <node id="9787038067" lat="54.3485053" lon="18.6468832"/>
  <node id="9787038092" lat="54.3477418" lon="18.6491855"/>
  <node id="9787038096" lat="54.3485176" lon="18.6470140"/>
  <node id="9790962598" lat="54.3520302" lon="18.6523266"/>
  <node id="9790962599" lat="54.3520386" lon="18.6518997"/>
  <node id="9790962600" lat="54.3525845" lon="18.6536924"/>
  <node id="9823998500" lat="54.3435952" lon="18.6625724"/>
  <node id="9823998506" lat="54.3431143" lon="18.6623247"/>
  <node id="9823999508" lat="54.3439589" lon="18.6617895"/>
  <node id="9823999514" lat="54.3439589" lon="18.6620394"/>
  <node id="9823999516" lat="54.3438054" lon="18.6622854"/>
  <node id="9823999517" lat="54.3438907" lon="18.6623246"/>
  <node id="9823999518" lat="54.3436946" lon="18.6620608"/>
  <node id="9823999519" lat="54.3437140" lon="18.6619729"/>
  <node id="9823999520" lat="54.3437507" lon="18.6619075"/>
  <node id="9823999521" lat="54.3442668" lon="18.6620739">
    <tag k="noexit" v="yes"/>
  </node>
  <node id="9823999522" lat="54.3439856" lon="18.6619277"/>
  <node id="9823999524" lat="54.3439966" lon="18.6615514"/>
  <node id="9823999525" lat="54.3435973" lon="18.6613052"/>
  <node id="9823999527" lat="54.3439522" lon="18.6618316"/>
  <node id="9823999528" lat="54.3440053" lon="18.6614968"/>
  <node id="9823999685" lat="54.3440358" lon="18.6600228"/>
  <node id="9823999805" lat="54.3441174" lon="18.6615494">
    <tag k="highway" v="crossing"/>
  </node>
  <node id="9823999817" lat="54.3439704" lon="18.6601725"/>
  <node id="9823999829" lat="54.3444153" lon="18.6607653"/>
  <node id="9823999831" lat="54.3442137" lon="18.6615946"/>
  <node id="9823999832" lat="54.3442324" lon="18.6614414"/>
  <node id="9823999834" lat="54.3445002" lon="18.6606335"/>
  <node id="9823999835" lat="54.3445258" lon="18.6605499"/>
  <node id="9823999836" lat="54.3445258" lon="18.6604893"/>
  <node id="9823999837" lat="54.3445130" lon="18.6602418"/>
  <node id="9823999838" lat="54.3445201" lon="18.6601555"/>
  <node id="9823999841" lat="54.3445115" lon="18.6603841"/>
  <node id="9823999842" lat="54.3443884" lon="18.6603524"/>
  <node id="9823999843" lat="54.3443414" lon="18.6603243"/>
  <node id="9823999844" lat="54.3443305" lon="18.6602825"/>
  <node id="9823999845" lat="54.3443365" lon="18.6601647"/>
  <node id="9823999846" lat="54.3443473" lon="18.6600718"/>
  <node id="9823999847" lat="54.3438919" lon="18.6601787"/>
  <node id="9823999848" lat="54.3439498" lon="18.6601780"/>
  <node id="9823999849" lat="54.3439797" lon="18.6601701"/>
  <node id="9823999850" lat="54.3440086" lon="18.6601246"/>
  <node id="9823999851" lat="54.3440602" lon="18.6599313"/>
  <node id="9824944622" lat="54.3431465" lon="18.6530874"/>
  <node id="9824949200" lat="54.3419346" lon="18.6495242"/>
  <node id="9824949201" lat="54.3417897" lon="18.6493496"/>
  <node id="9825071079" lat="54.3444509" lon="18.6474341"/>
  <node id="9825071080" lat="54.3442307" lon="18.6481490"/>
  <node id="9825071087" lat="54.3440742" lon="18.6486575"/>
  <node id="9825087272" lat="54.3442008" lon="18.6472935">
    <tag k="highway" v="crossing"/>
  </node>
  <node id="9825087275" lat="54.3444093" lon="18.6475692"/>
  <node id="9825087279" lat="54.3442645" lon="18.6480392"/>
  <node id="9825087281" lat="54.3453895" lon="18.6480052">
    <tag k="barrier" v="gate"/>
  </node>
  <node id="9825087294" lat="54.3453434" lon="18.6465981"/>
  <node id="9825087295" lat="54.3456600" lon="18.6467597"/>
  <node id="9825087296" lat="54.3453793" lon="18.6466027"/>
  <node id="9825087298" lat="54.3451002" lon="18.6475302"/>
  <node id="9825087299" lat="54.3450900" lon="18.6472917"/>
  <node id="9825087300" lat="54.3447077" lon="18.6475021">
    <tag k="crossing" v="marked"/>
    <tag k="highway" v="crossing"/>
  </node>
  <node id="9825087301" lat="54.3448056" lon="18.6478046">
    <tag k="crossing" v="marked"/>
    <tag k="crossing:island" v="no"/>
    <tag k="highway" v="crossing"/>
    <tag k="tactile_paving" v="no"/>
  </node>
  <node id="9825087309" lat="54.3461493" lon="18.6504294"/>
  <node id="9825087314" lat="54.3455456" lon="18.6501352"/>
  <node id="9825087316" lat="54.3450470" lon="18.6498773">
    <tag k="crossing" v="marked"/>
    <tag k="crossing:island" v="no"/>
    <tag k="highway" v="crossing"/>
    <tag k="tactile_paving" v="no"/>
    <tag k="traffic_calming" v="table"/>
  </node>
  <node id="9848922064" lat="54.3518796" lon="18.6603491"/>
  <node id="9848922070" lat="54.3521595" lon="18.6606946">
    <tag k="access" v="no"/>
    <tag k="barrier" v="bollard"/>
    <tag k="material" v="metal"/>
  </node>
  <node id="9856702766" lat="54.3604255" lon="18.6645697"/>
  <node id="9856702767" lat="54.3604385" lon="18.6645375"/>
  <node id="9887906950" lat="54.3468908" lon="18.6552823"/>
  <node id="9887906951" lat="54.3467449" lon="18.6558985"/>
  <node id="9887906952" lat="54.3474008" lon="18.6562927"/>
  <node id="9887906957" lat="54.3474112" lon="18.6562988"/>
  <node id="9887984778" lat="54.3504438" lon="18.6560853"/>
  <node id="9887984781" lat="54.3504047" lon="18.6562963"/>
  <node id="9887984787" lat="54.3504858" lon="18.6558573"/>
  <node id="9887984795" lat="54.3505201" lon="18.6572217"/>
  <node id="9887984799" lat="54.3507300" lon="18.6570055">
    <tag k="crossing" v="unmarked"/>
    <tag k="highway" v="crossing"/>
    <tag k="tactile_paving" v="no"/>
  </node>
  <node id="9887984801" lat="54.3510209" lon="18.6553887">
    <tag k="crossing" v="unmarked"/>
    <tag k="highway" v="crossing"/>
    <tag k="tactile_paving" v="no"/>
  </node>
  <node id="9887984802" lat="54.3477324" lon="18.6573737"/>
  <node id="9896161460" lat="54.3589926" lon="18.6654642"/>
  <node id="9907154256" lat="54.3440736" lon="18.6568506"/>
  <node id="9907154295" lat="54.3447009" lon="18.6585839"/>
  <node id="9907154296" lat="54.3449561" lon="18.6572764"/>
  <node id="9907154299" lat="54.3448309" lon="18.6579182"/>
  <node id="9907154300" lat="54.3444070" lon="18.6575922"/>
  <node id="9907154302" lat="54.3444441" lon="18.6574250"/>
  <node id="9907154303" lat="54.3444952" lon="18.6571948"/>
  <node id="9907154305" lat="54.3449931" lon="18.6572991"/>
  <node id="9907154306" lat="54.3445345" lon="18.6570178"/>
  <node id="9907154307" lat="54.3440349" lon="18.6568249"/>
  <node id="9907154308" lat="54.3441795" lon="18.6569208"/>
  <node id="9907154309" lat="54.3442945" lon="18.6569970"/>
  <node id="9907154310" lat="54.3443638" lon="18.6566322"/>
  <node id="9907154311" lat="54.3443589" lon="18.6565799"/>
  <node id="9907154312" lat="54.3442876" lon="18.6565359"/>
  <node id="9907154313" lat="54.3442592" lon="18.6565585"/>
  <node id="9907154314" lat="54.3441026" lon="18.6572704"/>
  <node id="9907154315" lat="54.3440728" lon="18.6573250"/>
  <node id="9907154316" lat="54.3440285" lon="18.6573797"/>
  <node id="9907272739" lat="54.3455487" lon="18.6525142"/>
  <node id="9907272740" lat="54.3453014" lon="18.6532108"/>
  <node id="9907272750" lat="54.3450797" lon="18.6537943"/>
  <node id="9907272751" lat="54.3452526" lon="18.6539535"/>
  <node id="9907272754" lat="54.3449873" lon="18.6537053"/>
  <node id="9907272762" lat="54.3448457" lon="18.6535516"/>
  <node id="9907272763" lat="54.3455123" lon="18.6541944"/>
  <node id="9907272780" lat="54.3453670" lon="18.6532772"/>
  <node id="9907272817" lat="54.3440043" lon="18.6574902"/>
  <node id="9907272818" lat="54.3440043" lon="18.6576114"/>
  <node id="9907272819" lat="54.3440354" lon="18.6577576"/>
  <node id="9907272820" lat="54.3441123" lon="18.6579192"/>
  <node id="9907272821" lat="54.3441816" lon="18.6580119"/>
  <node id="9907272825" lat="54.3437484" lon="18.6578313"/>
  <node id="9907272830" lat="54.3433118" lon="18.6561788"/>
  <node id="9907272832" lat="54.3434627" lon="18.6560621"/>
  <node id="9907272834" lat="54.3431019" lon="18.6565046"/>
  <node id="9907272835" lat="54.3437597" lon="18.6565145"/>
  <node id="9907272837" lat="54.3434496" lon="18.6560396"/>
  <node id="9907272849" lat="54.3420486" lon="18.6547260"/>
  <node id="9907272850" lat="54.3431056" lon="18.6571174"/>
  <node id="9907272851" lat="54.3430416" lon="18.6569971"/>
  <node id="9907272852" lat="54.3427748" lon="18.6564091"/>
  <node id="9907272853" lat="54.3426503" lon="18.6561426"/>
  <node id="9907272854" lat="54.3424023" lon="18.6556129"/>
  <node id="9907272855" lat="54.3423243" lon="18.6554225"/>
  <node id="9907272856" lat="54.3423656" lon="18.6555253"/>
  <node id="9907272898" lat="54.3430057" lon="18.6567237"/>
  <node id="9907272899" lat="54.3430454" lon="18.6568406"/>
  <node id="9907272901" lat="54.3431617" lon="18.6570443"/>
  <node id="9907272903" lat="54.3433088" lon="18.6572892"/>
  <node id="9907272905" lat="54.3434160" lon="18.6574676"/>
  <node id="9907272910" lat="54.3433203" lon="18.6573082"/>
  <node id="9907272911" lat="54.3434116" lon="18.6574602"/>
  <node id="9907272978" lat="54.3444208" lon="18.6552447">
    <tag k="crossing" v="unmarked"/>
    <tag k="crossing:island" v="no"/>
    <tag k="highway" v="crossing"/>
    <tag k="tactile_paving" v="no"/>
  </node>
  <node id="9907272979" lat="54.3444766" lon="18.6550395"/>
  <node id="9907272987" lat="54.3454097" lon="18.6557622">
    <tag k="highway" v="traffic_signals"/>
    <tag k="traffic_signals" v="signal"/>
    <tag k="traffic_signals:direction" v="forward"/>
  </node>
  <node id="9907273008" lat="54.3462930" lon="18.6563921"/>
  <node id="9910023903" lat="54.3535356" lon="18.6486018">
    <tag k="crossing:island" v="no"/>
    <tag k="crossing:markings" v="no"/>
    <tag k="crossing:signals" v="no"/>
    <tag k="highway" v="crossing"/>
    <tag k="tactile_paving" v="no"/>
  </node>
  <node id="9930294164" lat="54.3497684" lon="18.6615254"/>
  <node id="9930495604" lat="54.3506970" lon="18.6607821"/>
  <node id="9937677084" lat="54.3523542" lon="18.6513077">
    <tag k="crossing:markings" v="no"/>
    <tag k="crossing:signals" v="no"/>
    <tag k="highway" v="crossing"/>
    <tag k="tactile_paving" v="no"/>
  </node>
  <node id="9937677087" lat="54.3528187" lon="18.6514092"/>
  <node id="9950268497" lat="54.3453603" lon="18.6596231"/>
  <node id="9964225731" lat="54.3439830" lon="18.6501071"/>
  <node id="9964225732" lat="54.3440323" lon="18.6501802"/>
  <node id="9964225733" lat="54.3439506" lon="18.6500592"/>
  <node id="9964225734" lat="54.3440237" lon="18.6497240">
    <tag k="amenity" v="parking_entrance"/>
    <tag k="parking" v="underground"/>
  </node>
  <node id="9964235362" lat="54.3452444" lon="18.6465854"/>
  <node id="9964235399" lat="54.3437662" lon="18.6507138"/>
  <node id="9983286619" lat="54.3475512" lon="18.6509215"/>
  <node id="9983286620" lat="54.3476486" lon="18.6510022"/>
  <node id="9983286622" lat="54.3477854" lon="18.6504484"/>
  <node id="9983286623" lat="54.3477169" lon="18.6503987"/>
  <node id="9983286642" lat="54.3476153" lon="18.6514900"/>
  <node id="9983286643" lat="54.3474252" lon="18.6513286"/>
  <node id="9983286644" lat="54.3479829" lon="18.6494625"/>
  <node id="9983286655" lat="54.3480030" lon="18.6493968"/>
  <node id="9983427568" lat="54.3505307" lon="18.6608704">
    <tag k="highway" v="crossing"/>
  </node>
  <node id="9983427569" lat="54.3521847" lon="18.6626612">
    <tag k="crossing:signals" v="no"/>
    <tag k="highway" v="crossing"/>
  </node>
  <node id="9983427575" lat="54.3513593" lon="18.6629038">
    <tag k="barrier" v="lift_gate"/>
  </node>
  <node id="9983427576" lat="54.3513647" lon="18.6630106"/>
  <node id="9983427577" lat="54.3513653" lon="18.6629735"/>
  <node id="9983427578" lat="54.3513553" lon="18.6628570"/>
  <node id="9983430727" lat="54.3505663" lon="18.6607846">
    <tag k="highway" v="crossing"/>
  </node>
  <node id="9983430806" lat="54.3479577" lon="18.6651193">
    <tag k="crossing" v="uncontrolled"/>
    <tag k="highway" v="crossing"/>
    <tag k="tactile_paving" v="no"/>
    <tag k="traffic_calming" v="table"/>
  </node>
  <node id="9983430843" lat="54.3478935" lon="18.6647391"/>
  <node id="9983430844" lat="54.3483904" lon="18.6625195"/>
  <node id="9983430845" lat="54.3483073" lon="18.6625397"/>
  <node id="9983430846" lat="54.3480268" lon="18.6627893"/>
  <node id="9983430847" lat="54.3479904" lon="18.6620964"/>
  <node id="9983430848" lat="54.3478883" lon="18.6621963"/>
  <node id="9983430849" lat="54.3477476" lon="18.6611915"/>
  <node id="9983430850" lat="54.3477532" lon="18.6612830"/>
  <node id="9983430851" lat="54.3478779" lon="18.6615522"/>
  <node id="9983430852" lat="54.3479665" lon="18.6615427"/>
  <node id="9983430853" lat="54.3480503" lon="18.6615379"/>
  <node id="9983430854" lat="54.3480843" lon="18.6615629"/>
  <node id="9983430855" lat="54.3480974" lon="18.6616163"/>
  <node id="9983430856" lat="54.3481002" lon="18.6616995"/>
  <node id="9983430857" lat="54.3478179" lon="18.6617353"/>
  <node id="9983430858" lat="54.3481065" lon="18.6620168"/>
  <node id="9983430864" lat="54.3488636" lon="18.6611529">
    <tag k="barrier" v="lift_gate"/>
  </node>
  <node id="9983430875" lat="54.3487152" lon="18.6611643"/>
  <node id="9983430876" lat="54.3486037" lon="18.6611725"/>
  <node id="9983430878" lat="54.3489036" lon="18.6611498"/>
  <node id="9983430880" lat="54.3504039" lon="18.6604358"/>
  <node id="9983430881" lat="54.3502788" lon="18.6605473"/>
  <node id="9983430882" lat="54.3502890" lon="18.6605426"/>
  <node id="9983430883" lat="54.3503074" lon="18.6605301"/>
  <node id="9983430884" lat="54.3503330" lon="18.6605076"/>
  <node id="9983430885" lat="54.3503804" lon="18.6604611"/>
  <node id="9983430891" lat="54.3494204" lon="18.6603022"/>
  <node id="9983430896" lat="54.3489754" lon="18.6603592"/>
  <node id="9983430899" lat="54.3494225" lon="18.6603863">
    <tag k="barrier" v="lift_gate"/>
  </node>
  <node id="9983430900" lat="54.3494287" lon="18.6606383"/>
  <node id="9983430901" lat="54.3494168" lon="18.6602316"/>
  <node id="9983430910" lat="54.3489771" lon="18.6604374">
    <tag k="barrier" v="lift_gate"/>
  </node>
  <node id="9983430912" lat="54.3494724" lon="18.6608581"/>
  <node id="9983430913" lat="54.3490949" lon="18.6609009"/>
  <node id="9983430914" lat="54.3490547" lon="18.6609021"/>
  <node id="9983430915" lat="54.3490270" lon="18.6608688"/>
  <node id="9983430916" lat="54.3490003" lon="18.6607821"/>
  <node id="9983430917" lat="54.3489896" lon="18.6607351"/>
  <node id="9983430918" lat="54.3489827" lon="18.6606900"/>
  <node id="9983430919" lat="54.3489740" lon="18.6602938"/>
  <node id="9983430933" lat="54.3489673" lon="18.6626974"/>
  <node id="9983430953" lat="54.3479931" lon="18.6631250"/>
  <node id="9983430954" lat="54.3479686" lon="18.6626657"/>
  <node id="9983430956" lat="54.3479906" lon="18.6630866"/>
  <node id="9983430957" lat="54.3480001" lon="18.6632318"/>
  <node id="9983430959" lat="54.3498001" lon="18.6630408"/>
  <node id="9983430963" lat="54.3490237" lon="18.6631082"/>
  <node id="9983430970" lat="54.3506829" lon="18.6632609">
    <tag k="highway" v="crossing"/>
  </node>
  <node id="9983430972" lat="54.3506022" lon="18.6629301">
    <tag k="highway" v="crossing"/>
  </node>
  <node id="9983431097" lat="54.3489187" lon="18.6619452">
    <tag k="barrier" v="bollard"/>
    <tag k="bollard" v="fixed"/>
  </node>
  <node id="9983447596" lat="54.3530038" lon="18.6632719"/>
  <node id="9983447597" lat="54.3529559" lon="18.6632985"/>
  <node id="9983447598" lat="54.3529884" lon="18.6632605"/>
  <node id="9983447599" lat="54.3530633" lon="18.6632620"/>
  <node id="9983447600" lat="54.3527824" lon="18.6627025"/>
  <node id="9983447601" lat="54.3529569" lon="18.6631476"/>
  <node id="9983447602" lat="54.3529890" lon="18.6630100"/>
  <node id="9983447604" lat="54.3527783" lon="18.6633687">
    <tag k="crossing:signals" v="no"/>
    <tag k="highway" v="crossing"/>
  </node>
  <node id="9983467305" lat="54.3525050" lon="18.6572253"/>
  <node id="9983467306" lat="54.3525333" lon="18.6569343"/>
  <node id="9983467307" lat="54.3525676" lon="18.6569442"/>
  <node id="9983467308" lat="54.3526989" lon="18.6569109"/>
  <node id="9983467309" lat="54.3526279" lon="18.6563909"/>
  <node id="9983467310" lat="54.3526799" lon="18.6564123"/>
  <node id="9983467311" lat="54.3527000" lon="18.6564444"/>
  <node id="9983467312" lat="54.3527041" lon="18.6564908"/>
  <node id="9983467313" lat="54.3526778" lon="18.6568057"/>
  <node id="9983467314" lat="54.3526834" lon="18.6568853"/>
  <node id="9983467315" lat="54.3527183" lon="18.6569257"/>
  <node id="9983467316" lat="54.3527408" lon="18.6569406"/>
  <node id="9983490039" lat="54.3524117" lon="18.6605892"/>
  <node id="9983490040" lat="54.3522886" lon="18.6606329"/>
  <node id="9983490049" lat="54.3526285" lon="18.6608520"/>
  <node id="9983490056" lat="54.3528972" lon="18.6613496"/>
  <node id="9983490141" lat="54.3532270" lon="18.6641452"/>
  <node id="9983490142" lat="54.3531810" lon="18.6639925"/>
  <node id="9983490143" lat="54.3531304" lon="18.6637929"/>
  <node id="9983490144" lat="54.3530867" lon="18.6632391"/>
  <node id="9983490145" lat="54.3529748" lon="18.6630215"/>
  <node id="9983490146" lat="54.3529663" lon="18.6630228"/>
  <node id="9983490147" lat="54.3530185" lon="18.6630051"/>
  <node id="9983490148" lat="54.3529891" lon="18.6632743"/>
  <node id="9983490153" lat="54.3530485" lon="18.6630001"/>
  <node id="9983519360" lat="54.3524741" lon="18.6553961"/>
  <node id="9983519361" lat="54.3524547" lon="18.6556018"/>
  <node id="9983519362" lat="54.3524341" lon="18.6558912">
    <tag k="highway" v="crossing"/>
  </node>
  <node id="9983519363" lat="54.3523050" lon="18.6571680"/>
  <node id="9983519370" lat="54.3522200" lon="18.6574146">
    <tag k="crossing:signals" v="no"/>
    <tag k="highway" v="crossing"/>
  </node>
  <node id="9983538221" lat="54.3523558" lon="18.6532078"/>
  <node id="9983538222" lat="54.3523907" lon="18.6532161"/>
  <node id="9983538223" lat="54.3524080" lon="18.6532369"/>
  <node id="9983538224" lat="54.3524195" lon="18.6534518"/>
  <node id="9983545317" lat="54.3528944" lon="18.6569727"/>
  <node id="9990485333" lat="54.3440153" lon="18.6549495">
    <tag k="barrier" v="gate"/>
  </node>
  <node id="9990485334" lat="54.3438549" lon="18.6484088"/>
  <node id="9990485336" lat="54.3441064" lon="18.6475057"/>
  <node id="9990559947" lat="54.3461819" lon="18.6606052">
    <tag k="traffic_calming" v="bump"/>
  </node>
  <node id="9990559948" lat="54.3461320" lon="18.6605969">
    <tag k="traffic_calming" v="bump"/>
  </node>
  <node id="9990599232" lat="54.3466025" lon="18.6485945"/>
  <node id="9990599234" lat="54.3451558" lon="18.6478192"/>
  <node id="9990599235" lat="54.3450856" lon="18.6480983"/>
  <node id="9990599236" lat="54.3451699" lon="18.6477631"/>
  <node id="9990599237" lat="54.3447662" lon="18.6484184"/>
  <node id="9990599239" lat="54.3452619" lon="18.6485383"/>
  <node id="9990599240" lat="54.3453129" lon="18.6483253"/>
  <node id="9990599241" lat="54.3453639" lon="18.6481122"/>
  <node id="9990599242" lat="54.3456581" lon="18.6483194"/>
  <node id="9990599243" lat="54.3451827" lon="18.6479846"/>
  <node id="9990599244" lat="54.3455999" lon="18.6485274"/>
  <node id="9990599245" lat="54.3451424" lon="18.6482052"/>
  <node id="9990599246" lat="54.3455443" lon="18.6487372"/>
  <node id="9990599247" lat="54.3450954" lon="18.6484210"/>
  <node id="9990599248" lat="54.3451038" lon="18.6491990"/>
  <node id="9990599249" lat="54.3450552" lon="18.6494021"/>
  <node id="9990599250" lat="54.3464447" lon="18.6501870"/>
  <node id="9990599251" lat="54.3464818" lon="18.6500263"/>
  <node id="9990599252" lat="54.3462823" lon="18.6498908"/>
  <node id="9990599254" lat="54.3465735" lon="18.6490775"/>
  <node id="9990599255" lat="54.3464977" lon="18.6490189"/>
  <node id="9990599256" lat="54.3462079" lon="18.6501921">
    <tag k="traffic_calming" v="bump"/>
  </node>
  <node id="9990599264" lat="54.3459862" lon="18.6482713"/>
  <node id="9990599266" lat="54.3454017" lon="18.6479541"/>
  <node id="9990599267" lat="54.3458171" lon="18.6480087">
    <tag k="crossing:island" v="no"/>
    <tag k="crossing:markings" v="no"/>
    <tag k="crossing:signals" v="no"/>
    <tag k="highway" v="crossing"/>
    <tag k="tactile_paving" v="no"/>
  </node>
  <node id="9990599268" lat="54.3467494" lon="18.6485172"/>
  <node id="9990599289" lat="54.3465431" lon="18.6459414"/>
  <node id="9990599290" lat="54.3465230" lon="18.6461624"/>
  <node id="9990599291" lat="54.3464731" lon="18.6464713"/>
  <node id="9990599293" lat="54.3468561" lon="18.6465071"/>
  <node id="9990599294" lat="54.3470709" lon="18.6465023"/>
  <node id="9990599295" lat="54.3469414" lon="18.6464880"/>
  <node id="9990599296" lat="54.3468714" lon="18.6465082"/>
  <node id="9990599297" lat="54.3463290" lon="18.6457947"/>
  <node id="9990599300" lat="54.3464143" lon="18.6454388"/>
  <node id="9990599302" lat="54.3463076" lon="18.6460056"/>
  <node id="10067772107" lat="54.3505650" lon="18.6602467"/>
  <node id="10067772116" lat="54.3505175" lon="18.6605945"/>
  <node id="10067801617" lat="54.3505805" lon="18.6605248"/>
  <node id="10067801618" lat="54.3504745" lon="18.6606421"/>
  <node id="10067801619" lat="54.3526764" lon="18.6620632"/>
  <node id="10067801620" lat="54.3528240" lon="18.6622890"/>
  <node id="10067801634" lat="54.3511356" lon="18.6594873">
    <tag k="highway" v="crossing"/>
  </node>
  <node id="10067801635" lat="54.3517378" lon="18.6597879"/>
  <node id="10067801646" lat="54.3520143" lon="18.6594243"/>
  <node id="10067801658" lat="54.3516286" lon="18.6597325"/>
  <node id="10067801660" lat="54.3518571" lon="18.6599974"/>
  <node id="10080638018" lat="54.3516918" lon="18.6461705"/>
  <node id="10080638019" lat="54.3503922" lon="18.6460898"/>
  <node id="10080638020" lat="54.3508212" lon="18.6461837"/>
  <node id="10141167487" lat="54.3459318" lon="18.6612243"/>
  <node id="10141167488" lat="54.3455225" lon="18.6615273"/>
  <node id="10141231345" lat="54.3460411" lon="18.6576006"/>
  <node id="10141231347" lat="54.3458325" lon="18.6586467"/>
  <node id="10141231356" lat="54.3473224" lon="18.6604590"/>
  <node id="10141231357" lat="54.3473318" lon="18.6601300"/>
  <node id="10141231358" lat="54.3474609" lon="18.6601376"/>
  <node id="10141231359" lat="54.3474549" lon="18.6604669"/>
  <node id="10141231360" lat="54.3473862" lon="18.6604628"/>
  <node id="10141231361" lat="54.3473931" lon="18.6601336"/>
  <node id="10141231366" lat="54.3458703" lon="18.6579246"/>
  <node id="10141231368" lat="54.3459598" lon="18.6579802"/>
  <node id="10141231369" lat="54.3459946" lon="18.6579659"/>
  <node id="10141231370" lat="54.3460148" lon="18.6579181"/>
  <node id="10141231371" lat="54.3460426" lon="18.6577033"/>
  <node id="10141231372" lat="54.3460454" lon="18.6576246"/>
  <node id="10141231374" lat="54.3469637" lon="18.6589473"/>
  <node id="10141231375" lat="54.3467651" lon="18.6586626"/>
  <node id="10141231376" lat="54.3460864" lon="18.6581974"/>
  <node id="10141231377" lat="54.3459696" lon="18.6581248"/>
  <node id="10141231378" lat="54.3458479" lon="18.6581132"/>
  <node id="10142855296" lat="54.3459404" lon="18.6612515"/>
  <node id="10142855298" lat="54.3460038" lon="18.6613020"/>
  <node id="10142855299" lat="54.3459539" lon="18.6612759"/>
  <node id="10142855633" lat="54.3451861" lon="18.6609770"/>
  <node id="10143590585" lat="54.3403321" lon="18.6519608"/>
  <node id="10143590586" lat="54.3400562" lon="18.6518204"/>
  <node id="10143590587" lat="54.3394236" lon="18.6517539"/>
  <node id="10143590588" lat="54.3393245" lon="18.6517683"/>
  <node id="10143590593" lat="54.3406599" lon="18.6523405"/>
  <node id="10143590594" lat="54.3408270" lon="18.6525865"/>
  <node id="10208437479" lat="54.3528665" lon="18.6569669"/>
  <node id="10208437480" lat="54.3517724" lon="18.6573265"/>
  <node id="10208437482" lat="54.3517673" lon="18.6556528">
    <tag k="crossing:markings" v="no"/>
    <tag k="crossing:signals" v="no"/>
    <tag k="highway" v="crossing"/>
    <tag k="tactile_paving" v="no"/>
  </node>
  <node id="10208437483" lat="54.3523822" lon="18.6559332">
    <tag k="highway" v="crossing"/>
  </node>
  <node id="10208437484" lat="54.3524831" lon="18.6544515">
    <tag k="crossing:island" v="no"/>
    <tag k="crossing:markings" v="no"/>
    <tag k="crossing:signals" v="no"/>
    <tag k="highway" v="crossing"/>
    <tag k="tactile_paving" v="no"/>
  </node>
  <node id="10208437487" lat="54.3512711" lon="18.6568449"/>
  <node id="10208437488" lat="54.3510644" lon="18.6567593"/>
  <node id="10208437489" lat="54.3515896" lon="18.6562798"/>
  <node id="10208437490" lat="54.3515552" lon="18.6562668">
    <tag k="barrier" v="gate"/>
  </node>
  <node id="10208437491" lat="54.3515620" lon="18.6562721"/>
  <node id="10208437492" lat="54.3515357" lon="18.6562519"/>
  <node id="10208437493" lat="54.3514079" lon="18.6562103"/>
  <node id="10208437494" lat="54.3516390" lon="18.6562936"/>
  <node id="10208437511" lat="54.3517231" lon="18.6555749">
    <tag k="crossing:markings" v="no"/>
    <tag k="crossing:signals" v="no"/>
    <tag k="highway" v="crossing"/>
    <tag k="tactile_paving" v="no"/>
  </node>
  <node id="10208448724" lat="54.3523956" lon="18.6558051">
    <tag k="highway" v="crossing"/>
  </node>
  <node id="10208448739" lat="54.3515289" lon="18.6572400">
    <tag k="crossing:markings" v="no"/>
    <tag k="crossing:signals" v="no"/>
    <tag k="highway" v="crossing"/>
    <tag k="tactile_paving" v="no"/>
  </node>
  <node id="10208448750" lat="54.3509000" lon="18.6570799"/>
  <node id="10208448761" lat="54.3509405" lon="18.6569655"/>
  <node id="10208448782" lat="54.3515819" lon="18.6573285">
    <tag k="crossing:markings" v="no"/>
    <tag k="crossing:signals" v="no"/>
    <tag k="highway" v="crossing"/>
    <tag k="tactile_paving" v="no"/>
  </node>
  <node id="10208448786" lat="54.3519337" lon="18.6546085"/>
  <node id="10208448793" lat="54.3514712" lon="18.6572954">
    <tag k="crossing:markings" v="no"/>
    <tag k="crossing:signals" v="no"/>
    <tag k="highway" v="crossing"/>
    <tag k="tactile_paving" v="no"/>
  </node>
  <node id="10208448798" lat="54.3518595" lon="18.6543137">
    <tag k="crossing:island" v="no"/>
    <tag k="crossing:markings" v="no"/>
    <tag k="crossing:signals" v="no"/>
    <tag k="highway" v="crossing"/>
    <tag k="tactile_paving" v="no"/>
  </node>
  <node id="10208448801" lat="54.3520080" lon="18.6533523">
    <tag k="crossing:island" v="no"/>
    <tag k="crossing:markings" v="no"/>
    <tag k="crossing:signals" v="no"/>
    <tag k="highway" v="crossing"/>
    <tag k="tactile_paving" v="no"/>
  </node>
  <node id="10208448807" lat="54.3521834" lon="18.6534336"/>
  <node id="10208448810" lat="54.3520795" lon="18.6526921"/>
  <node id="10208448815" lat="54.3525207" lon="18.6546132">
    <tag k="crossing:markings" v="no"/>
    <tag k="crossing:signals" v="no"/>
    <tag k="highway" v="crossing"/>
    <tag k="tactile_paving" v="no"/>
  </node>
  <node id="10208448819" lat="54.3523432" lon="18.6558564">
    <tag k="highway" v="crossing"/>
  </node>
  <node id="10208448825" lat="54.3518813" lon="18.6545911"/>
  <node id="10208448831" lat="54.3518920" lon="18.6545946">
    <tag k="barrier" v="gate"/>
  </node>
  <node id="10208448840" lat="54.3517674" lon="18.6573806"/>
  <node id="10208448841" lat="54.3517884" lon="18.6571550"/>
  <node id="10208448842" lat="54.3517739" lon="18.6573111">
    <tag k="barrier" v="gate"/>
  </node>
  <node id="10208448858" lat="54.3527075" lon="18.6561772"/>
  <node id="10208448859" lat="54.3523339" lon="18.6568961"/>
  <node id="10208448860" lat="54.3524327" lon="18.6569279"/>
  <node id="10208448861" lat="54.3522787" lon="18.6568783"/>
  <node id="10208448868" lat="54.3523232" lon="18.6571732">
    <tag k="barrier" v="gate"/>
  </node>
  <node id="10208480360" lat="54.3469615" lon="18.6589668">
    <tag k="traffic_calming" v="hump"/>
  </node>
  <node id="10212025457" lat="54.3470225" lon="18.6581089"/>
  <node id="10245849560" lat="54.3513640" lon="18.6480125"/>
  <node id="10245849561" lat="54.3510835" lon="18.6478661"/>
  <node id="10245849571" lat="54.3510937" lon="18.6477834">
    <tag k="barrier" v="lift_gate"/>
  </node>
  <node id="10245849572" lat="54.3509118" lon="18.6477384">
    <tag k="barrier" v="chain"/>
  </node>
  <node id="10245849573" lat="54.3509034" lon="18.6477860"/>
  <node id="10245849575" lat="54.3513802" lon="18.6478781">
    <tag k="barrier" v="lift_gate"/>
  </node>
  <node id="10245849578" lat="54.3509535" lon="18.6475031"/>
  <node id="10245849579" lat="54.3508860" lon="18.6478843"/>
  <node id="10245849580" lat="54.3513285" lon="18.6474368"/>
  <node id="10245849581" lat="54.3512245" lon="18.6470688"/>
  <node id="10245849582" lat="54.3511824" lon="18.6473851"/>
  <node id="10245849583" lat="54.3511115" lon="18.6476406"/>
  <node id="10245849584" lat="54.3513522" lon="18.6477287">
    <tag k="noexit" v="yes"/>
  </node>
  <node id="10245849585" lat="54.3509891" lon="18.6470668"/>
  <node id="10245849586" lat="54.3509523" lon="18.6473622"/>
  <node id="10245849587" lat="54.3511376" lon="18.6474300"/>
  <node id="10245849588" lat="54.3510703" lon="18.6479723"/>
  <node id="10245849589" lat="54.3514415" lon="18.6473698"/>
  <node id="10245849590" lat="54.3513461" lon="18.6481607"/>
  <node id="10250754976" lat="54.3494228" lon="18.6530992"/>
  <node id="10250754977" lat="54.3494187" lon="18.6530947"/>
  <node id="10269329571" lat="54.3521860" lon="18.6613649"/>
  <node id="10269329576" lat="54.3511955" lon="18.6601400"/>
  <node id="10269329580" lat="54.3520287" lon="18.6601359"/>
  <node id="10269329581" lat="54.3519170" lon="18.6603936"/>
  <node id="10269447272" lat="54.3513873" lon="18.6631092"/>
  <node id="10269456510" lat="54.3520526" lon="18.6629755"/>
  <node id="10283001182" lat="54.3501411" lon="18.6533077"/>
  <node id="10283004201" lat="54.3478442" lon="18.6490877">
    <tag k="crossing:island" v="no"/>
    <tag k="crossing:markings" v="no"/>
    <tag k="crossing:signals" v="no"/>
    <tag k="highway" v="crossing"/>
    <tag k="tactile_paving" v="no"/>
  </node>
  <node id="10283004204" lat="54.3479781" lon="18.6483864"/>
  <node id="10283004205" lat="54.3480353" lon="18.6484332"/>
  <node id="10283004206" lat="54.3479397" lon="18.6483548">
    <tag k="barrier" v="gate"/>
  </node>
  <node id="10283004207" lat="54.3480078" lon="18.6482858"/>
  <node id="10283004208" lat="54.3480648" lon="18.6483320"/>
  <node id="10283020510" lat="54.3479687" lon="18.6482538">
    <tag k="access" v="delivery"/>
    <tag k="barrier" v="gate"/>
  </node>
  <node id="10283020516" lat="54.3484357" lon="18.6469426"/>
  <node id="10283020523" lat="54.3490154" lon="18.6552567">
    <tag k="barrier" v="gate"/>
  </node>
  <node id="10283030552" lat="54.3496677" lon="18.6566486">
    <tag k="barrier" v="bollard"/>
    <tag k="bollard" v="foldable"/>
  </node>
  <node id="10283030554" lat="54.3497687" lon="18.6558215"/>
  <node id="10283030555" lat="54.3497671" lon="18.6560654"/>
  <node id="10283030556" lat="54.3496464" lon="18.6567741"/>
  <node id="10286778767" lat="54.3447397" lon="18.6602528"/>
  <node id="10286778774" lat="54.3451413" lon="18.6601414"/>
  <node id="10581217656" lat="54.1159796" lon="18.7718085"/>
  <node id="10719196017" lat="54.3469955" lon="18.6512429">
    <tag k="crossing:island" v="no"/>
    <tag k="crossing:markings" v="no"/>
    <tag k="crossing:signals" v="no"/>
    <tag k="highway" v="crossing"/>
    <tag k="tactile_paving" v="yes"/>
  </node>
  <node id="10738351340" lat="54.3497237" lon="18.6455235"/>
  <node id="10738351341" lat="54.3482262" lon="18.6451029"/>
  <node id="10738351518" lat="54.3602374" lon="18.6643709"/>
  <node id="10740239892" lat="54.3449476" lon="18.6476370">
    <tag k="crossing:island" v="no"/>
    <tag k="crossing:markings" v="no"/>
    <tag k="crossing:signals" v="no"/>
    <tag k="highway" v="crossing"/>
    <tag k="tactile_paving" v="no"/>
  </node>
  <node id="10740239893" lat="54.3440251" lon="18.6479281">
    <tag k="amenity" v="parking_entrance"/>
    <tag k="maxheight" v="1.9"/>
    <tag k="parking" v="underground"/>
  </node>
  <node id="10740239894" lat="54.3439032" lon="18.6483187"/>
  <node id="10740247516" lat="54.3436734" lon="18.6488559"/>
  <node id="10783295879" lat="54.3524918" lon="18.6548931"/>
  <node id="10783295886" lat="54.3518859" lon="18.6540845">
    <tag k="crossing" v="marked"/>
    <tag k="crossing:island" v="no"/>
    <tag k="highway" v="crossing"/>
    <tag k="tactile_paving" v="no"/>
  </node>
  <node id="10783295887" lat="54.3519565" lon="18.6542416">
    <tag k="crossing" v="marked"/>
    <tag k="crossing:island" v="no"/>
    <tag k="highway" v="crossing"/>
    <tag k="tactile_paving" v="no"/>
  </node>
  <node id="10822668325" lat="54.3437308" lon="18.6488166">
    <tag k="crossing:island" v="no"/>
    <tag k="crossing:markings" v="no"/>
    <tag k="crossing:signals" v="no"/>
    <tag k="highway" v="crossing"/>
    <tag k="tactile_paving" v="no"/>
  </node>
  <node id="10822668326" lat="54.3439537" lon="18.6490488"/>
  <node id="10822668336" lat="54.3439003" lon="18.6504612">
    <tag k="traffic_calming" v="island"/>
  </node>
  <node id="10822668380" lat="54.3437613" lon="18.6489463"/>
  <node id="10822668422" lat="54.3432740" lon="18.6484376"/>
  <node id="10822668498" lat="54.3445914" lon="18.6524918"/>
  <node id="10822668499" lat="54.3446881" lon="18.6525896">
    <tag k="barrier" v="gate"/>
  </node>
  <node id="10822668500" lat="54.3445669" lon="18.6528493"/>
  <node id="10822668501" lat="54.3445063" lon="18.6524056"/>
  <node id="10822668502" lat="54.3448537" lon="18.6527574"/>
  <node id="10822668503" lat="54.3446697" lon="18.6528299"/>
  <node id="10822668516" lat="54.3451097" lon="18.6530166"/>
  <node id="10822668517" lat="54.3446053" lon="18.6528944"/>
  <node id="10824369333" lat="54.3433707" lon="18.6515474"/>
  <node id="10824480890" lat="54.3528979" lon="18.6531579"/>
  <node id="10824480899" lat="54.3521448" lon="18.6533909">
    <tag k="crossing:island" v="no"/>
    <tag k="crossing:markings" v="no"/>
    <tag k="crossing:signals" v="no"/>
    <tag k="highway" v="crossing"/>
    <tag k="tactile_paving" v="no"/>
  </node>
  <node id="10824505920" lat="54.3494591" lon="18.6531395"/>
  <node id="10824505921" lat="54.3494603" lon="18.6533716"/>
  <node id="10824505923" lat="54.3499572" lon="18.6544220"/>
  <node id="10824505926" lat="54.3495837" lon="18.6537933">
    <tag k="barrier" v="block"/>
    <tag k="bicycle" v="yes"/>
    <tag k="foot" v="yes"/>
  </node>
  <node id="10824505927" lat="54.3495288" lon="18.6541196">
    <tag k="barrier" v="chain"/>
  </node>
  <node id="10824505928" lat="54.3495179" lon="18.6541775"/>
  <node id="10824505929" lat="54.3495533" lon="18.6539893"/>
  <node id="10824505930" lat="54.3495933" lon="18.6542237"/>
  <node id="10824505942" lat="54.3490450" lon="18.6550080"/>
  <node id="10824505943" lat="54.3490687" lon="18.6548568"/>
  <node id="10824505945" lat="54.3491716" lon="18.6544874"/>
  <node id="10824505947" lat="54.3492648" lon="18.6540225"/>
  <node id="10824505952" lat="54.3492087" lon="18.6539881"/>
  <node id="10824505954" lat="54.3493632" lon="18.6534682"/>
  <node id="10838405837" lat="54.3448982" lon="18.6476087">
    <tag k="direction" v="forward"/>
    <tag k="highway" v="stop"/>
    <tag k="stop" v="minor"/>
  </node>
  <node id="10838405838" lat="54.3447236" lon="18.6481021">
    <tag k="bus" v="yes"/>
    <tag k="name" v="Muzeum Narodowe 01"/>
    <tag k="network" v="ZTM Gdańsk"/>
    <tag k="public_transport" v="stop_position"/>
    <tag k="ref:ztm" v="1190"/>
  </node>
  <node id="10838405839" lat="54.3446439" lon="18.6483929"/>
  <node id="10838405845" lat="54.3450462" lon="18.6462606"/>
  <node id="10838405846" lat="54.3450265" lon="18.6464595"/>
  <node id="10838405901" lat="54.3449123" lon="18.6536310"/>
  <node id="10838407129" lat="54.3440905" lon="18.6470000"/>
  <node id="10838407226" lat="54.3397717" lon="18.6517701"/>
  <node id="10838407227" lat="54.3401353" lon="18.6518506"/>
  <node id="10838407228" lat="54.3400912" lon="18.6518303"/>
  <node id="10838407229" lat="54.3405350" lon="18.6521691"/>
  <node id="10838407232" lat="54.3408781" lon="18.6526733"/>
  <node id="10838407326" lat="54.3438101" lon="18.6506323"/>
  <node id="10838407341" lat="54.3423337" lon="18.6489960"/>
  <node id="10838407342" lat="54.3423473" lon="18.6491115"/>
  <node id="10838407404" lat="54.3440455" lon="18.6463822"/>
  <node id="10838407405" lat="54.3439307" lon="18.6463319"/>
  <node id="10838407406" lat="54.3439047" lon="18.6463205"/>
  <node id="10838407407" lat="54.3441378" lon="18.6464227"/>
  <node id="10838407408" lat="54.3440954" lon="18.6469736">
    <tag k="barrier" v="gate"/>
  </node>
  <node id="10838407409" lat="54.3450362" lon="18.6462610">
    <tag k="barrier" v="gate"/>
  </node>
  <node id="10838407410" lat="54.3449210" lon="18.6462633">
    <tag k="barrier" v="lift_gate"/>
  </node>
  <node id="10838407412" lat="54.3444874" lon="18.6462718"/>
  <node id="10838407413" lat="54.3444862" lon="18.6461346"/>
  <node id="10838407414" lat="54.3444902" lon="18.6466180"/>
  <node id="10838407415" lat="54.3444487" lon="18.6468467"/>
  <node id="10838407416" lat="54.3444319" lon="18.6468973"/>
  <node id="10838407417" lat="54.3444088" lon="18.6469314"/>
  <node id="10838407418" lat="54.3443741" lon="18.6469346"/>
  <node id="10838407419" lat="54.3441253" lon="18.6468105"/>
  <node id="10838407420" lat="54.3440623" lon="18.6471535"/>
  <node id="10838407421" lat="54.3441289" lon="18.6467912"/>
  <node id="10838407422" lat="54.3441444" lon="18.6461537"/>
  <node id="10838407426" lat="54.3449878" lon="18.6464481">
    <tag k="access" v="private"/>
    <tag k="barrier" v="lift_gate"/>
  </node>
  <node id="10838407427" lat="54.3447222" lon="18.6467530"/>
  <node id="10838407428" lat="54.3447890" lon="18.6464258"/>
  <node id="10838407429" lat="54.3446404" lon="18.6464310"/>
  <node id="10838407430" lat="54.3448993" lon="18.6464220"/>
  <node id="10961902467" lat="54.3467970" lon="18.6595446">
    <tag k="disused:barrier" v="lift_gate"/>
  </node>
  <node id="10961902479" lat="54.3473936" lon="18.6601161">
    <tag k="access" v="yes"/>
    <tag k="barrier" v="lift_gate"/>
    <tag k="locked" v="no"/>
  </node>
  <node id="10961933428" lat="54.3477092" lon="18.6613160">
    <tag k="barrier" v="gate"/>
    <tag k="locked" v="yes"/>
  </node>
  <node id="10962574521" lat="54.3486894" lon="18.6560823"/>
  <node id="10962574522" lat="54.3487092" lon="18.6559490"/>
  <node id="10962574523" lat="54.3499005" lon="18.6568802"/>
  <node id="10962574524" lat="54.3495681" lon="18.6567253">
    <tag k="barrier" v="bollard"/>
    <tag k="bollard" v="foldable"/>
  </node>
  <node id="10962574531" lat="54.3474975" lon="18.6596909"/>
  <node id="10962574540" lat="54.3474109" lon="18.6624616"/>
  <node id="10962574545" lat="54.3473090" lon="18.6604583"/>
  <node id="10962574553" lat="54.3469620" lon="18.6586055"/>
  <node id="10962574590" lat="54.3469216" lon="18.6587367">
    <tag k="barrier" v="bollard"/>
  </node>
  <node id="10972349836" lat="54.3451721" lon="18.6519805">
    <tag k="barrier" v="lift_gate"/>
  </node>
  <node id="10972349860" lat="54.3448750" lon="18.6512755"/>
  <node id="10972349861" lat="54.3449065" lon="18.6511656"/>
  <node id="10972349862" lat="54.3448502" lon="18.6509142"/>
  <node id="10972349864" lat="54.3449091" lon="18.6509511">
    <tag k="barrier" v="gate"/>
    <tag k="service" v="driveway"/>
  </node>
  <node id="10972349865" lat="54.3448782" lon="18.6510282">
    <tag k="barrier" v="gate"/>
  </node>
  <node id="10972349870" lat="54.3459987" lon="18.6517250">
    <tag k="barrier" v="bollard"/>
  </node>
  <node id="10972349871" lat="54.3460243" lon="18.6514962">
    <tag k="barrier" v="gate"/>
  </node>
  <node id="11013841552" lat="54.0905795" lon="18.7427402"/>
  <node id="11013841710" lat="54.0875311" lon="18.7307958"/>
  <node id="11074751561" lat="54.3527265" lon="18.6531317"/>
  <node id="11074751562" lat="54.3518303" lon="18.6541904">
    <tag k="crossing:island" v="no"/>
    <tag k="crossing:markings" v="no"/>
    <tag k="crossing:signals" v="no"/>
    <tag k="highway" v="crossing"/>
    <tag k="tactile_paving" v="no"/>
  </node>
  <node id="11074751564" lat="54.3517769" lon="18.6547044"/>
  <node id="11147294428" lat="54.3535848" lon="18.6615982"/>
  <node id="11147350624" lat="54.3490890" lon="18.6619642"/>
  <node id="11147350626" lat="54.3489911" lon="18.6619711"/>
  <node id="11147350894" lat="54.3534682" lon="18.6618552"/>
  <node id="11152003520" lat="54.3503326" lon="18.6514223"/>
  <node id="11152624768" lat="54.3462996" lon="18.6465034"/>
  <node id="11152624774" lat="54.3471149" lon="18.6470139"/>
  <node id="11163733066" lat="54.3492426" lon="18.6468131"/>
  <node id="11163733076" lat="54.3491840" lon="18.6470289">
    <tag k="barrier" v="gate"/>
  </node>
  <node id="11163733077" lat="54.3491702" lon="18.6471635"/>
  <node id="11163733078" lat="54.3492005" lon="18.6468641"/>
  <node id="11163733087" lat="54.3479364" lon="18.6511368"/>
  <node id="11164201155" lat="54.3503031" lon="18.6514443"/>
  <node id="11164201156" lat="54.3502318" lon="18.6514040"/>
  <node id="11164201157" lat="54.3503166" lon="18.6514519"/>
  <node id="11355734595" lat="54.3400319" lon="18.6522268"/>
  <node id="11355734599" lat="54.3402257" lon="18.6523514"/>
  <node id="11355734600" lat="54.3404023" lon="18.6525287"/>
  <node id="11355734601" lat="54.3416872" lon="18.6549535"/>
  <node id="11355734602" lat="54.3416334" lon="18.6548200"/>
  <node id="11355734603" lat="54.3416563" lon="18.6548536"/>
  <node id="11380591961" lat="54.3521862" lon="18.6580990"/>
  <node id="11380591962" lat="54.3506966" lon="18.6576721"/>
  <node id="11380591963" lat="54.3504086" lon="18.6575294"/>
  <node id="11383538522" lat="54.3496877" lon="18.6579294"/>
  <node id="11383538523" lat="54.3498433" lon="18.6572088"/>
  <node id="11466820972" lat="54.3448918" lon="18.6553114"/>
  <node id="11466820973" lat="54.3448656" lon="18.6554140"/>
  <node id="11466820974" lat="54.3449805" lon="18.6549654"/>
  <node id="11466820975" lat="54.3452594" lon="18.6555442"/>
  <node id="11466820976" lat="54.3452750" lon="18.6554572">
    <tag k="barrier" v="lift_gate"/>
  </node>
  <node id="11466820977" lat="54.3452406" lon="18.6556483"/>
  <node id="11466820978" lat="54.3452862" lon="18.6553950"/>
  <node id="11466820979" lat="54.3453096" lon="18.6554064"/>
  <node id="11466820980" lat="54.3453418" lon="18.6554033"/>
  <node id="11466820981" lat="54.3453723" lon="18.6553858"/>
  <node id="11466820982" lat="54.3453992" lon="18.6553552"/>
  <node id="11466820983" lat="54.3454204" lon="18.6553137"/>
  <node id="11466820984" lat="54.3454536" lon="18.6551824"/>
  <node id="11470542411" lat="54.3496229" lon="18.6554881">
    <tag k="direction" v="backward"/>
    <tag k="highway" v="stop"/>
  </node>
  <node id="11471565658" lat="54.3468494" lon="18.6545861"/>
  <node id="11471565659" lat="54.3470689" lon="18.6547458"/>
  <node id="11471565660" lat="54.3470112" lon="18.6546191">
    <tag k="crossing:markings" v="no"/>
    <tag k="crossing:signals" v="no"/>
    <tag k="highway" v="crossing"/>
    <tag k="tactile_paving" v="no"/>
  </node>
  <node id="11471565661" lat="54.3472428" lon="18.6537168"/>
  <node id="11471865545" lat="54.3482256" lon="18.6558054">
    <tag k="barrier" v="bollard"/>
  </node>
  <node id="11471870616" lat="54.3460129" lon="18.6545785"/>
  <node id="11471870619" lat="54.3457268" lon="18.6543923"/>
  <node id="11471870630" lat="54.3485552" lon="18.6497332">
    <tag k="access" v="yes"/>
    <tag k="barrier" v="gate"/>
  </node>
  <node id="11471870631" lat="54.3489735" lon="18.6500279">
    <tag k="access" v="private"/>
    <tag k="barrier" v="gate"/>
  </node>
  <node id="11471870653" lat="54.3482356" lon="18.6468595"/>
  <node id="11471870654" lat="54.3480043" lon="18.6471302"/>
  <node id="11471870656" lat="54.3482234" lon="18.6471974"/>
  <node id="11471872992" lat="54.3475986" lon="18.6509607">
    <tag k="barrier" v="jersey_barrier"/>
  </node>
  <node id="11471872993" lat="54.3475101" lon="18.6514007"/>
  <node id="11471872994" lat="54.3475520" lon="18.6513457"/>
  <node id="11496928049" lat="54.3246297" lon="18.6577357"/>
  <node id="11497981193" lat="54.3509626" lon="18.6568316"/>
  <node id="11497981197" lat="54.3522676" lon="18.6575220"/>
  <node id="11497981198" lat="54.3521464" lon="18.6574869"/>
  <node id="11497981213" lat="54.3498560" lon="18.6569031"/>
  <node id="11497981247" lat="54.3520122" lon="18.6574493"/>
  <node id="11497981263" lat="54.3512020" lon="18.6540910"/>
  <node id="11497981264" lat="54.3510980" lon="18.6546518"/>
  <node id="11497981276" lat="54.3504592" lon="18.6554433"/>
  <node id="11497981279" lat="54.3505608" lon="18.6542865"/>
  <node id="11497981280" lat="54.3505729" lon="18.6541890"/>
  <node id="11497981288" lat="54.3507157" lon="18.6541805"/>
  <node id="11497981304" lat="54.3504834" lon="18.6558703">
    <tag k="access" v="private"/>
    <tag k="barrier" v="gate"/>
    <tag k="check_date" v="2023-12-30"/>
  </node>
  <node id="11497981348" lat="54.3501251" lon="18.6555607"/>
  <node id="11497981408" lat="54.3498446" lon="18.6553071"/>
  <node id="11497981410" lat="54.3497851" lon="18.6555603"/>
  <node id="11508868212" lat="54.3479611" lon="18.6452261"/>
  <node id="11508868213" lat="54.3479159" lon="18.6452100"/>
  <node id="11508868214" lat="54.3476447" lon="18.6455943"/>
  <node id="11508868281" lat="54.3476621" lon="18.6447500"/>
  <node id="11508868282" lat="54.3476996" lon="18.6447429"/>
  <node id="11508868333" lat="54.3519915" lon="18.6455133"/>
  <node id="11508868334" lat="54.3520756" lon="18.6457492">
    <tag k="button_operated" v="no"/>
    <tag k="crossing" v="traffic_signals"/>
    <tag k="highway" v="crossing"/>
    <tag k="tactile_paving" v="yes"/>
    <tag k="traffic_signals:sound" v="yes"/>
    <tag k="traffic_signals:vibration" v="no"/>
  </node>
  <node id="11508868441" lat="54.3520231" lon="18.6457625">
    <tag k="bicycle" v="yes"/>
    <tag k="button_operated" v="no"/>
    <tag k="crossing" v="traffic_signals"/>
    <tag k="highway" v="crossing"/>
    <tag k="tactile_paving" v="no"/>
    <tag k="traffic_signals:sound" v="yes"/>
    <tag k="traffic_signals:vibration" v="no"/>
  </node>
  <node id="11508868448" lat="54.3521584" lon="18.6459414">
    <tag k="bicycle" v="yes"/>
    <tag k="button_operated" v="no"/>
    <tag k="crossing" v="traffic_signals"/>
    <tag k="highway" v="crossing"/>
    <tag k="tactile_paving" v="no"/>
    <tag k="traffic_signals:sound" v="yes"/>
    <tag k="traffic_signals:vibration" v="no"/>
  </node>
  <node id="11508868450" lat="54.3521539" lon="18.6458462">
    <tag k="button_operated" v="no"/>
    <tag k="crossing" v="traffic_signals"/>
    <tag k="highway" v="crossing"/>
    <tag k="tactile_paving" v="yes"/>
    <tag k="traffic_signals:sound" v="yes"/>
    <tag k="traffic_signals:vibration" v="no"/>
  </node>
  <node id="11508868521" lat="54.3488719" lon="18.6455333"/>
  <node id="11508868522" lat="54.3489176" lon="18.6455568"/>
  <node id="11508868523" lat="54.3487493" lon="18.6454731"/>
  <node id="11537680236" lat="54.3454352" lon="18.6549988"/>
  <node id="11537680237" lat="54.3455535" lon="18.6551001"/>
  <node id="11537680242" lat="54.3454888" lon="18.6550442"/>
  <node id="11537680245" lat="54.3440820" lon="18.6537260"/>
  <node id="11537680251" lat="54.3434947" lon="18.6575930"/>
  <node id="11537691876" lat="54.3452534" lon="18.6559986"/>
  <node id="11555110473" lat="54.3460132" lon="18.6574934"/>
  <node id="11555110474" lat="54.3458260" lon="18.6578624"/>
  <node id="11555110475" lat="54.3458720" lon="18.6577743"/>
  <node id="11555110476" lat="54.3460755" lon="18.6573268"/>
  <node id="11555110477" lat="54.3460484" lon="18.6574069"/>
  <node id="11555110478" lat="54.3460287" lon="18.6574574"/>
  <node id="11555110479" lat="54.3476565" lon="18.6573752"/>
  <node id="11565330135" lat="54.3473130" lon="18.6476657"/>
  <node id="11565330136" lat="54.3477434" lon="18.6455488"/>
  <node id="11571435635" lat="54.3452042" lon="18.6465660">
    <tag k="barrier" v="lift_gate"/>
  </node>
  <node id="11571435667" lat="54.3429032" lon="18.6575486"/>
  <node id="11571473471" lat="54.3429100" lon="18.6575618"/>
  <node id="11571473478" lat="54.3442137" lon="18.6599115">
    <tag k="barrier" v="gate"/>
  </node>
  <node id="11606227144" lat="54.3498277" lon="18.6508162"/>
  <node id="11634388195" lat="54.3496517" lon="18.6567427"/>
  <node id="11704838977" lat="54.1158244" lon="18.7716099"/>
  <node id="11704838978" lat="54.1158006" lon="18.7715763"/>
  <node id="11704838979" lat="54.1155772" lon="18.7712944"/>
  <node id="11704838980" lat="54.1156323" lon="18.7713641"/>
  <node id="11704838981" lat="54.1154862" lon="18.7711815"/>
  <node id="11704838983" lat="54.1150596" lon="18.7706549"/>
  <node id="11704838984" lat="54.1150278" lon="18.7706136"/>
  <node id="11704839406" lat="54.1142737" lon="18.7696725"/>
  <node id="11737812595" lat="54.3501567" lon="18.6530272"/>
  <node id="11753761204" lat="54.3493473" lon="18.6568917"/>
  <node id="11753761205" lat="54.3490966" lon="18.6567381"/>
  <node id="11753824800" lat="54.3466122" lon="18.6557994"/>
  <node id="11753824801" lat="54.3465329" lon="18.6557350"/>
  <node id="11753824802" lat="54.3469612" lon="18.6560238"/>
  <node id="11753824803" lat="54.3467547" lon="18.6559083"/>
  <node id="11753824804" lat="54.3467551" lon="18.6559058"/>
  <node id="11753824806" lat="54.3466577" lon="18.6558356"/>
  <node id="11753824807" lat="54.3466562" lon="18.6558379"/>
  <node id="11753824810" lat="54.3467012" lon="18.6558635"/>
  <node id="11870266158" lat="54.3503791" lon="18.6597311"/>
  <node id="11870266159" lat="54.3500629" lon="18.6591437"/>
  <node id="11870266160" lat="54.3503263" lon="18.6591246"/>
  <node id="11870266161" lat="54.3504142" lon="18.6597404"/>
  <node id="11870266162" lat="54.3504122" lon="18.6597461"/>
  <node id="11870266164" lat="54.3516113" lon="18.6597757">
    <tag k="barrier" v="gate"/>
  </node>
  <node id="11870266166" lat="54.3513454" lon="18.6596856"/>
  <node id="11870266167" lat="54.3515507" lon="18.6599273"/>
  <node id="11870274375" lat="54.3520216" lon="18.6580555"/>
  <node id="11870274402" lat="54.3513416" lon="18.6516264"/>
  <node id="11870274403" lat="54.3513495" lon="18.6516570"/>
  <node id="11870274404" lat="54.3513510" lon="18.6516915"/>
  <node id="11870274405" lat="54.3513709" lon="18.6515782"/>
  <node id="11870274410" lat="54.3496704" lon="18.6503331"/>
  <node id="11870274412" lat="54.3496458" lon="18.6504567"/>
  <node id="11870274427" lat="54.3483931" lon="18.6483079"/>
  <node id="11870274435" lat="54.3492449" lon="18.6480870"/>
  <node id="11897109938" lat="54.3510700" lon="18.6593992"/>
  <node id="11897109939" lat="54.3508784" lon="18.6593934"/>
  <node id="11905450544" lat="54.3519455" lon="18.6501266"/>
  <node id="11909210934" lat="54.3491817" lon="18.6470517"/>
  <node id="11953876311" lat="54.3517902" lon="18.6449895"/>
  <node id="11953876312" lat="54.3517814" lon="18.6452603"/>
  <node id="11953876314" lat="54.3519774" lon="18.6453874"/>
  <node id="11953876315" lat="54.3519658" lon="18.6452361"/>
  <node id="11953876316" lat="54.3519448" lon="18.6448263"/>
  <node id="11953876317" lat="54.3519103" lon="18.6440471"/>
  <node id="11963525179" lat="54.3456740" lon="18.6578811"/>
  <node id="11963525180" lat="54.3456892" lon="18.6578109"/>
  <node id="11963525181" lat="54.3458086" lon="18.6575509"/>
  <node id="11963525182" lat="54.3458762" lon="18.6573597"/>
  <node id="11963525183" lat="54.3459386" lon="18.6572673"/>
  <node id="11963525184" lat="54.3460169" lon="18.6572953"/>
  <node id="11963560169" lat="54.3438278" lon="18.6534020"/>
  <node id="11963560170" lat="54.3436307" lon="18.6539320"/>
  <node id="11963560171" lat="54.3435681" lon="18.6540182"/>
  <node id="11987861341" lat="54.3469750" lon="18.6611743">
    <tag k="barrier" v="lift_gate"/>
  </node>
  <node id="12031328822" lat="54.3498637" lon="18.6572219"/>
  <node id="12045974390" lat="54.3436640" lon="18.6613365"/>
  <node id="12045974392" lat="54.3435896" lon="18.6616604"/>
  <node id="12065032312" lat="54.3463604" lon="18.6518714"/>
  <node id="12090350010" lat="54.3442171" lon="18.6598859"/>
  <node id="12093034363" lat="54.3499433" lon="18.6460769">
    <tag k="highway" v="traffic_signals"/>
    <tag k="traffic_signals" v="pedestrian_crossing"/>
    <tag k="traffic_signals:direction" v="forward"/>
  </node>
  <node id="12093034364" lat="54.3501509" lon="18.6457663">
    <tag k="highway" v="traffic_signals"/>
    <tag k="traffic_signals" v="pedestrian_crossing"/>
    <tag k="traffic_signals:direction" v="forward"/>
  </node>
  <node id="12133151818" lat="54.3466367" lon="18.6595569">
    <tag k="noexit" v="yes"/>
  </node>
  <node id="12133151819" lat="54.3469383" lon="18.6595803"/>
  <node id="12133151820" lat="54.3460647" lon="18.6594824">
    <tag k="noexit" v="yes"/>
  </node>
  <node id="12133151822" lat="54.3472202" lon="18.6600979"/>
  <node id="12133151826" lat="54.3469898" lon="18.6599212"/>
  <node id="12133151827" lat="54.3480545" lon="18.6576772"/>
  <node id="12133151828" lat="54.3481565" lon="18.6577436"/>
  <node id="12133151830" lat="54.3489581" lon="18.6582486"/>
  <node id="12133151832" lat="54.3499731" lon="18.6581546"/>
  <node id="12133151833" lat="54.3499716" lon="18.6581622"/>
  <node id="12136595891" lat="54.3474773" lon="18.6601324"/>
  <node id="12136595895" lat="54.3475621" lon="18.6598625"/>
  <node id="12148563939" lat="54.3546418" lon="18.6453492">
    <tag k="crossing" v="traffic_signals"/>
    <tag k="railway" v="tram_crossing"/>
  </node>
  <node id="12148563940" lat="54.3546363" lon="18.6454093">
    <tag k="crossing" v="traffic_signals"/>
    <tag k="railway" v="tram_crossing"/>
  </node>
  <node id="12148567927" lat="54.3482094" lon="18.6495563"/>
  <node id="12148567928" lat="54.3482428" lon="18.6495830"/>
  <node id="12179862111" lat="54.3496053" lon="18.6474947"/>
  <node id="12179862117" lat="54.3494684" lon="18.6473123"/>
  <node id="12179862120" lat="54.3496210" lon="18.6472429"/>
  <node id="12179862137" lat="54.3498243" lon="18.6456250"/>
  <node id="12179862140" lat="54.3497443" lon="18.6460020"/>
  <node id="12179862148" lat="54.3498846" lon="18.6460541"/>
  <node id="12179862149" lat="54.3498510" lon="18.6461364">
    <tag k="direction" v="forward"/>
    <tag k="highway" v="give_way"/>
  </node>
  <node id="12179862153" lat="54.3497894" lon="18.6462571"/>
  <node id="12208849399" lat="54.3494911" lon="18.6592341"/>
  <node id="12208849400" lat="54.3498042" lon="18.6590688"/>
  <node id="12231619465" lat="54.3452387" lon="18.6593725"/>
  <node id="12231619466" lat="54.3463921" lon="18.6595083"/>
  <node id="12231619467" lat="54.3458290" lon="18.6594401"/>
  <node id="12239519777" lat="54.3528096" lon="18.6576842">
    <tag k="crossing" v="informal"/>
  </node>
  <node id="12239563413" lat="54.3501445" lon="18.6570134"/>
  <node id="12239563419" lat="54.3509768" lon="18.6577642"/>
  <node id="12239580147" lat="54.3489293" lon="18.6581728"/>
  <node id="12239580148" lat="54.3489189" lon="18.6582210"/>
  <node id="12239580149" lat="54.3489376" lon="18.6581345">
    <tag k="amenity" v="parking_entrance"/>
    <tag k="operator" v="Radisson"/>
    <tag k="parking" v="underground"/>
  </node>
  <node id="12239580150" lat="54.3487338" lon="18.6582162">
    <tag k="amenity" v="parking_entrance"/>
    <tag k="maxheight" v="2"/>
    <tag k="parking" v="underground"/>
  </node>
  <node id="12239580151" lat="54.3487494" lon="18.6581134"/>
  <node id="12239687129" lat="54.3486474" lon="18.6478007"/>
  <node id="12239687130" lat="54.3486517" lon="18.6477162"/>
  <node id="12239687131" lat="54.3486794" lon="18.6476163"/>
  <node id="12239687132" lat="54.3486439" lon="18.6475440"/>
  <node id="12239687140" lat="54.3474049" lon="18.6555787"/>
  <node id="12305483285" lat="54.3451048" lon="18.6462599"/>
  <node id="12307122144" lat="54.3522159" lon="18.6476732"/>
  <node id="12307132088" lat="54.3496058" lon="18.6526070"/>
  <node id="12307737718" lat="54.3464405" lon="18.6452745">
    <tag k="highway" v="traffic_signals"/>
    <tag k="traffic_signals" v="traffic_lights"/>
    <tag k="traffic_signals:direction" v="forward"/>
  </node>
  <node id="12307737719" lat="54.3472997" lon="18.6448821">
    <tag k="bicycle" v="yes"/>
    <tag k="crossing" v="traffic_signals"/>
    <tag k="highway" v="crossing"/>
    <tag k="tactile_paving" v="yes"/>
  </node>
  <node id="12307737720" lat="54.3467192" lon="18.6450365"/>
  <node id="12369903068" lat="54.3471114" lon="18.6629180"/>
  <node id="12369910107" lat="54.3468197" lon="18.6628692"/>
  <node id="12369910109" lat="54.3470848" lon="18.6624174"/>
  <node id="12369910215" lat="54.3467029" lon="18.6608901"/>
  <node id="12370112900" lat="54.3468694" lon="18.6614531"/>
  <node id="12370114501" lat="54.3467741" lon="18.6612815"/>
  <node id="12370215066" lat="54.3458152" lon="18.6629690"/>
  <node id="12370215070" lat="54.3465368" lon="18.6631322"/>
  <node id="12370215077" lat="54.3465437" lon="18.6631716"/>
  <node id="12370215080" lat="54.3465752" lon="18.6633204"/>
  <node id="12370215088" lat="54.3454945" lon="18.6623021"/>
  <node id="12370215089" lat="54.3452018" lon="18.6621610"/>
  <node id="12370215090" lat="54.3452329" lon="18.6621753"/>
  <node id="12403380826" lat="54.3451228" lon="18.6458335">
    <tag k="highway" v="traffic_signals"/>
    <tag k="traffic_signals" v="traffic_lights"/>
    <tag k="traffic_signals:direction" v="forward"/>
  </node>
  <node id="12403380827" lat="54.3451350" lon="18.6452269"/>
  <node id="12403380828" lat="54.3451418" lon="18.6448804"/>
  <node id="12403380829" lat="54.3450798" lon="18.6464929"/>
  <node id="12403380830" lat="54.3451391" lon="18.6450150">
    <tag k="highway" v="traffic_signals"/>
    <tag k="traffic_signals" v="traffic_lights"/>
    <tag k="traffic_signals:direction" v="backward"/>
  </node>
  <node id="12403380831" lat="54.3458283" lon="18.6453109"/>
  <node id="12403380832" lat="54.3460190" lon="18.6453152"/>
  <node id="12403380833" lat="54.3442635" lon="18.6452547"/>
  <node id="12403380834" lat="54.3443941" lon="18.6452896"/>
  <node id="12403380835" lat="54.3434455" lon="18.6446723"/>
  <node id="12403380836" lat="54.3424155" lon="18.6433414"/>
  <node id="12403380837" lat="54.3442714" lon="18.6451076"/>
  <node id="12403380840" lat="54.3463249" lon="18.6458975"/>
  <node id="12403380853" lat="54.3449833" lon="18.6456255">
    <tag k="bicycle" v="yes"/>
    <tag k="button_operated" v="no"/>
    <tag k="crossing" v="traffic_signals"/>
    <tag k="crossing:island" v="no"/>
    <tag k="crossing:markings" v="yes"/>
    <tag k="cycleway:crossing:markings" v="dots"/>
    <tag k="footway:crossing:markings" v="zebra"/>
    <tag k="highway" v="crossing"/>
    <tag k="kerb" v="flush"/>
    <tag k="tactile_paving" v="yes"/>
    <tag k="traffic_signals:sound" v="yes"/>
    <tag k="traffic_signals:vibration" v="no"/>
  </node>
  <node id="12403380865" lat="54.3451251" lon="18.6457134">
    <tag k="bicycle" v="yes"/>
    <tag k="button_operated" v="no"/>
    <tag k="crossing" v="traffic_signals"/>
    <tag k="crossing:island" v="yes"/>
    <tag k="crossing:markings" v="yes"/>
    <tag k="cycleway:crossing:markings" v="dots"/>
    <tag k="footway:crossing:markings" v="zebra"/>
    <tag k="highway" v="crossing"/>
    <tag k="kerb" v="flush"/>
    <tag k="tactile_paving" v="yes"/>
    <tag k="traffic_signals:sound" v="yes"/>
    <tag k="traffic_signals:vibration" v="no"/>
  </node>
  <node id="12403380868" lat="54.3451379" lon="18.6450798">
    <tag k="bicycle" v="yes"/>
    <tag k="button_operated" v="no"/>
    <tag k="crossing" v="traffic_signals"/>
    <tag k="crossing:island" v="yes"/>
    <tag k="crossing:markings" v="yes"/>
    <tag k="cycleway:crossing:markings" v="dots"/>
    <tag k="footway:crossing:markings" v="zebra"/>
    <tag k="highway" v="crossing"/>
    <tag k="kerb" v="flush"/>
    <tag k="tactile_paving" v="yes"/>
    <tag k="traffic_signals:sound" v="yes"/>
    <tag k="traffic_signals:vibration" v="no"/>
  </node>
  <node id="12403380869" lat="54.3453508" lon="18.6452507">
    <tag k="bicycle" v="yes"/>
    <tag k="button_operated" v="yes"/>
    <tag k="crossing" v="traffic_signals"/>
    <tag k="crossing:markings" v="yes"/>
    <tag k="cycleway:crossing:markings" v="dots"/>
    <tag k="footway:crossing:markings" v="zebra"/>
    <tag k="highway" v="crossing"/>
    <tag k="kerb" v="flush"/>
    <tag k="tactile_paving" v="yes"/>
    <tag k="traffic_signals:sound" v="yes"/>
    <tag k="traffic_signals:vibration" v="no"/>
  </node>
  <node id="12403380870" lat="54.3453426" lon="18.6454350">
    <tag k="bicycle" v="yes"/>
    <tag k="button_operated" v="yes"/>
    <tag k="crossing" v="traffic_signals"/>
    <tag k="crossing:markings" v="yes"/>
    <tag k="cycleway:crossing:markings" v="dots"/>
    <tag k="footway:crossing:markings" v="zebra"/>
    <tag k="highway" v="crossing"/>
    <tag k="kerb" v="flush"/>
    <tag k="tactile_paving" v="yes"/>
    <tag k="traffic_signals:sound" v="yes"/>
    <tag k="traffic_signals:vibration" v="no"/>
  </node>
  <node id="12445549829" lat="54.3524547" lon="18.6485936"/>
  <node id="12445549887" lat="54.3533088" lon="18.6487134"/>
  <node id="12445602296" lat="54.3525499" lon="18.6485757"/>
  <node id="12445602297" lat="54.3526994" lon="18.6482020"/>
  <node id="12445602298" lat="54.3527236" lon="18.6485334"/>
  <node id="12445602299" lat="54.3523694" lon="18.6486097"/>
  <node id="12457312688" lat="54.3501131" lon="18.6573728"/>
  <node id="12516378504" lat="54.3603452" lon="18.6644262"/>
  <node id="12516378505" lat="54.3604026" lon="18.6645124"/>
  <node id="12526336778" lat="54.3476987" lon="18.6447070">
    <tag k="railway" v="switch"/>
  </node>
  <node id="12526336781" lat="54.3476628" lon="18.6447086">
    <tag k="railway" v="switch"/>
    <tag k="railway:turnout_side" v="left"/>
  </node>
  <node id="12526336786" lat="54.3520715" lon="18.6463346">
    <tag k="railway" v="tram_level_crossing"/>
  </node>
  <node id="12526336787" lat="54.3520715" lon="18.6463416">
    <tag k="railway" v="tram_level_crossing"/>
  </node>
  <node id="12551734933" lat="54.3479778" lon="18.6592782">
    <tag k="amenity" v="parking_entrance"/>
    <tag k="parking" v="underground"/>
  </node>
  <node id="12551734934" lat="54.3479637" lon="18.6595680"/>
  <node id="12584491221" lat="54.3504050" lon="18.6554942"/>
  <node id="12618831034" lat="54.3511596" lon="18.6508517"/>
  <node id="12618831035" lat="54.3511728" lon="18.6510502"/>
  <node id="12677438216" lat="54.3448636" lon="18.6577502"/>
  <node id="12677438217" lat="54.3444317" lon="18.6574808"/>
  <node id="12677438218" lat="54.3448984" lon="18.6577719"/>
  <node id="12677438219" lat="54.3449133" lon="18.6574956"/>
  <node id="12677438220" lat="54.3449493" lon="18.6575175"/>
  <node id="12677438221" lat="54.3444860" lon="18.6572362"/>
  <node id="12677438222" lat="54.3443929" lon="18.6576556"/>
  <node id="12704729579" lat="54.3426899" lon="18.6478463"/>
  <node id="12757119668" lat="54.3526841" lon="18.6567301"/>
  <node id="12757119674" lat="54.3527016" lon="18.6564630"/>
  <node id="12757119683" lat="54.3526782" lon="18.6568011"/>
  <node id="12757119686" lat="54.3528593" lon="18.6569654">
    <tag k="access" v="yes"/>
    <tag k="barrier" v="gate"/>
  </node>
  <node id="12789801059" lat="54.3448115" lon="18.6475594">
    <tag k="direction" v="forward"/>
    <tag k="highway" v="stop"/>
    <tag k="stop" v="minor"/>
  </node>
  <node id="12789801060" lat="54.3463152" lon="18.6455880">
    <tag k="direction" v="backward"/>
    <tag k="highway" v="give_way"/>
  </node>
  <node id="12789801061" lat="54.3440784" lon="18.6503569">
    <tag k="direction" v="backward"/>
    <tag k="highway" v="give_way"/>
  </node>
  <node id="12831286587" lat="54.3524601" lon="18.6489797"/>
  <node id="12831286588" lat="54.3517549" lon="18.6484669"/>
  <node id="12831286589" lat="54.3517949" lon="18.6486084"/>
  <node id="12831286590" lat="54.3517700" lon="18.6485491"/>
  <node id="12851955896" lat="54.3473509" lon="18.6480076"/>
  <node id="12851955897" lat="54.3482580" lon="18.6448557"/>
  <node id="12858664960" lat="54.3452330" lon="18.6595712"/>
  <node id="12858664961" lat="54.3452756" lon="18.6602063"/>
  <node id="12867036071" lat="54.3446092" lon="18.6566795"/>
  <node id="12867036072" lat="54.3448608" lon="18.6555363"/>
  <node id="12898930923" lat="54.3472846" lon="18.6570478"/>
  <node id="12965275704" lat="54.3517398" lon="18.6526555">
    <tag k="bus" v="yes"/>
    <tag k="disused:public_transport" v="stop_position"/>
    <tag k="name" v="Szeroka 01"/>
    <tag k="network" v="ZTM Gdańsk"/>
    <tag k="network:wikidata" v="Q9387123"/>
    <tag k="ref:ztm" v="1877"/>
  </node>
  <node id="13011365755" lat="54.0948474" lon="18.7461876"/>
  <node id="13011365756" lat="54.0950672" lon="18.7463105"/>
  <node id="13014410766" lat="54.3492051" lon="18.6584303">
    <tag k="barrier" v="lift_gate"/>
    <tag k="motor_vehicle" v="private"/>
  </node>
  <node id="13046434006" lat="54.3497040" lon="18.6579427"/>
  <node id="13046434007" lat="54.3496689" lon="18.6579141"/>
  <node id="13046434008" lat="54.3498243" lon="18.6571964"/>
  <node id="13046462259" lat="54.3492498" lon="18.6600428"/>
  <node id="13046462261" lat="54.3488457" lon="18.6601056"/>
  <node id="13046462262" lat="54.3488068" lon="18.6601148"/>
  <node id="13046462263" lat="54.3488489" lon="18.6601456"/>
  <node id="13046462264" lat="54.3488100" lon="18.6601548"/>
  <node id="13047607588" lat="54.3514591" lon="18.6594057"/>
  <node id="13057688533" lat="54.3467898" lon="18.6578939"/>
  <node id="13057688552" lat="54.3468091" lon="18.6572359"/>
  <node id="13057688553" lat="54.3467904" lon="18.6572870"/>
  <node id="13057688554" lat="54.3467284" lon="18.6577826"/>
  <node id="13057688555" lat="54.3467149" lon="18.6577820"/>
  <node id="13057688556" lat="54.3467076" lon="18.6578117"/>
  <node id="13057688557" lat="54.3467110" lon="18.6578337"/>
  <node id="13057688558" lat="54.3467287" lon="18.6578455"/>
  <node id="13057688559" lat="54.3467711" lon="18.6578761"/>
  <node id="13057688560" lat="54.3468451" lon="18.6573476"/>
  <node id="13057688561" lat="54.3468132" lon="18.6573405"/>
  <node id="13057688562" lat="54.3467952" lon="18.6573048"/>
  <node id="13057688563" lat="54.3467921" lon="18.6572632"/>
  <node id="13057688564" lat="54.3468288" lon="18.6572300"/>
  <node id="13057688565" lat="54.3468576" lon="18.6572638"/>
  <node id="13057688566" lat="54.3468697" lon="18.6573102"/>
  <node id="13057688567" lat="54.3468652" lon="18.6573417"/>
  <node id="13057688568" lat="54.3467807" lon="18.6578310"/>
  <node id="13057688569" lat="54.3468167" lon="18.6578568"/>
  <node id="13057688570" lat="54.3468231" lon="18.6578972"/>
  <node id="13057688571" lat="54.3468175" lon="18.6579234"/>
  <node id="13057688572" lat="54.3468084" lon="18.6579311"/>
  <node id="13057688573" lat="54.3467994" lon="18.6579264"/>
  <node id="13057688574" lat="54.3467982" lon="18.6579050"/>
  <node id="13057688575" lat="54.3467353" lon="18.6579139"/>
  <node id="13057688576" lat="54.3467034" lon="18.6578949"/>
  <node id="13057688577" lat="54.3466889" lon="18.6578764"/>
  <node id="13057688578" lat="54.3466903" lon="18.6578562"/>
  <node id="13057688579" lat="54.3467090" lon="18.6578556"/>
  <node id="13057688580" lat="54.3467415" lon="18.6578818"/>
  <node id="13057688581" lat="54.3467436" lon="18.6578955"/>
  <node id="13057688582" lat="54.3467419" lon="18.6579115"/>
  <node id="13057688583" lat="54.3468830" lon="18.6583040"/>
  <node id="13057688584" lat="54.3469021" lon="18.6582023"/>
  <node id="13057688585" lat="54.3468860" lon="18.6574507"/>
  <node id="13057688586" lat="54.3468946" lon="18.6574017"/>
  <node id="13057688587" lat="54.3469019" lon="18.6573904"/>
  <node id="13057688588" lat="54.3469739" lon="18.6574344"/>
  <node id="13057688589" lat="54.3469854" lon="18.6574338"/>
  <node id="13057688590" lat="54.3469860" lon="18.6574213"/>
  <node id="13057688591" lat="54.3468963" lon="18.6573625"/>
  <node id="13057688592" lat="54.3469099" lon="18.6572959"/>
  <node id="13057688593" lat="54.3469208" lon="18.6572814"/>
  <node id="13057688594" lat="54.3469266" lon="18.6572903"/>
  <node id="13057688595" lat="54.3469770" lon="18.6573218"/>
  <node id="13057688596" lat="54.3469829" lon="18.6573200"/>
  <node id="13057688597" lat="54.3469860" lon="18.6572941"/>
  <node id="13057688598" lat="54.3469951" lon="18.6572439"/>
  <node id="13057688599" lat="54.3469881" lon="18.6572395"/>
  <node id="13057688600" lat="54.3469750" lon="18.6572986"/>
  <node id="13057701201" lat="54.3469464" lon="18.6572831"/>
  <node id="13057701202" lat="54.3469381" lon="18.6572718"/>
  <node id="13057701203" lat="54.3469608" lon="18.6571497"/>
  <node id="13057701204" lat="54.3469705" lon="18.6571432"/>
  <node id="13057701205" lat="54.3469845" lon="18.6571521"/>
  <node id="13057701206" lat="54.3469978" lon="18.6571622"/>
  <node id="13057701207" lat="54.3469945" lon="18.6572118"/>
  <node id="13057701208" lat="54.3469945" lon="18.6572187"/>
  <node id="13057701209" lat="54.3470011" lon="18.6572207"/>
  <node id="13057701210" lat="54.3470044" lon="18.6572139"/>
  <node id="13057701211" lat="54.3470068" lon="18.6572008"/>
  <node id="13057701212" lat="54.3470165" lon="18.6571628"/>
  <node id="13057701213" lat="54.3470293" lon="18.6571527"/>
  <node id="13057701214" lat="54.3470408" lon="18.6571598"/>
  <node id="13057701215" lat="54.3470567" lon="18.6571979"/>
  <node id="13057701216" lat="54.3470477" lon="18.6572377"/>
  <node id="13057701217" lat="54.3470373" lon="18.6572371"/>
  <node id="13057701218" lat="54.3470241" lon="18.6572395"/>
  <node id="13057701219" lat="54.3470228" lon="18.6572519"/>
  <node id="13057701220" lat="54.3470383" lon="18.6572597"/>
  <node id="13057701221" lat="54.3470520" lon="18.6572742"/>
  <node id="13057701222" lat="54.3470487" lon="18.6573137"/>
  <node id="13057701223" lat="54.3470408" lon="18.6573449"/>
  <node id="13057701224" lat="54.3470288" lon="18.6573446"/>
  <node id="13057701225" lat="54.3470195" lon="18.6573310"/>
  <node id="13057701226" lat="54.3470196" lon="18.6573191"/>
  <node id="13057701227" lat="54.3470228" lon="18.6572989"/>
  <node id="13057701228" lat="54.3470153" lon="18.6573039"/>
  <node id="13057701229" lat="54.3470079" lon="18.6573229"/>
  <node id="13057701230" lat="54.3470079" lon="18.6573387"/>
  <node id="13057701231" lat="54.3470188" lon="18.6573533"/>
  <node id="13057701232" lat="54.3470295" lon="18.6573625"/>
  <node id="13057701233" lat="54.3470397" lon="18.6573827"/>
  <node id="13057701234" lat="54.3470314" lon="18.6574445"/>
  <node id="13057701235" lat="54.3470179" lon="18.6574611"/>
  <node id="13057701236" lat="54.3469874" lon="18.6574670"/>
  <node id="13057701237" lat="54.3469525" lon="18.6574706"/>
  <node id="13057701238" lat="54.3469261" lon="18.6574670"/>
  <node id="13057701239" lat="54.3469448" lon="18.6577713"/>
  <node id="13057701240" lat="54.3469310" lon="18.6577534"/>
  <node id="13057701241" lat="54.3469237" lon="18.6577237"/>
  <node id="13057701242" lat="54.3469223" lon="18.6576988"/>
  <node id="13057701243" lat="54.3469369" lon="18.6576732"/>
  <node id="13057701244" lat="54.3469608" lon="18.6576649"/>
  <node id="13057701245" lat="54.3469774" lon="18.6576726"/>
  <node id="13057701246" lat="54.3469854" lon="18.6576899"/>
  <node id="13057701247" lat="54.3469767" lon="18.6577641"/>
  <node id="13057701248" lat="54.3469635" lon="18.6577808"/>
  <node id="13057701253" lat="54.3469272" lon="18.6582110"/>
  <node id="13057701254" lat="54.3469566" lon="18.6582330"/>
  <node id="13057701255" lat="54.3469611" lon="18.6582597"/>
  <node id="13057701256" lat="54.3469528" lon="18.6583138"/>
  <node id="13057701257" lat="54.3469369" lon="18.6583328"/>
  <node id="13057701258" lat="54.3468479" lon="18.6582853"/>
  <node id="13057701259" lat="54.3468350" lon="18.6582609"/>
  <node id="13057701260" lat="54.3468409" lon="18.6582324"/>
  <node id="13057701261" lat="54.3468503" lon="18.6582012"/>
  <node id="13057701262" lat="54.3468737" lon="18.6581926"/>
  <node id="13057701263" lat="54.3468153" lon="18.6584160"/>
  <node id="13057701264" lat="54.3468101" lon="18.6584041"/>
  <node id="13057701265" lat="54.3468070" lon="18.6583785"/>
  <node id="13057701266" lat="54.3468181" lon="18.6583191"/>
  <node id="13057701267" lat="54.3468347" lon="18.6583084"/>
  <node id="13057701268" lat="54.3469241" lon="18.6583583"/>
  <node id="13057701269" lat="54.3469374" lon="18.6583840"/>
  <node id="13057701270" lat="54.3469323" lon="18.6584336"/>
  <node id="13057701271" lat="54.3469187" lon="18.6584631"/>
  <node id="13057701272" lat="54.3469038" lon="18.6584712"/>
  <node id="13057701273" lat="54.3468522" lon="18.6584464"/>
  <node id="13057701285" lat="54.3476786" lon="18.6565298"/>
  <node id="13057701286" lat="54.3476425" lon="18.6565026"/>
  <node id="13057701290" lat="54.3476140" lon="18.6564599"/>
  <node id="13057701301" lat="54.3469160" lon="18.6595747"/>
  <node id="13057701308" lat="54.3470175" lon="18.6581499"/>
  <node id="13057701320" lat="54.3470283" lon="18.6580610"/>
  <node id="13115309455" lat="54.3514712" lon="18.6490745">
    <tag k="bus" v="yes"/>
    <tag k="name" v="Targ Drzewny 01"/>
    <tag k="network" v="ZTM Gdańsk"/>
    <tag k="network:wikidata" v="Q9387123"/>
    <tag k="public_transport" v="stop_position"/>
    <tag k="ref:ztm" v="1832"/>
  </node>
  <node id="13115309456" lat="54.3504610" lon="18.6529882">
    <tag k="bus" v="yes"/>
    <tag k="name" v="Targ Chlebowy 01"/>
    <tag k="network" v="ZTM Gdańsk"/>
    <tag k="network:wikidata" v="Q9387123"/>
    <tag k="public_transport" v="stop_position"/>
    <tag k="ref:ztm" v="1834"/>
  </node>
  <node id="13136696899" lat="54.3488595" lon="18.6457475"/>
  <node id="13136732378" lat="54.3480897" lon="18.6450748"/>
  <node id="13136732380" lat="54.3483850" lon="18.6451502"/>
  <node id="13136732382" lat="54.3485951" lon="18.6452318"/>
  <node id="13161941602" lat="54.3485486" lon="18.6470952"/>
  <node id="13161941603" lat="54.3486400" lon="18.6470447"/>
  <node id="13186842407" lat="54.3512436" lon="18.6593982"/>
  <node id="13186842474" lat="54.3516116" lon="18.6592175"/>
  <node id="13186842483" lat="54.3517719" lon="18.6590163">
    <tag k="noexit" v="yes"/>
  </node>
  <node id="13186842484" lat="54.3517489" lon="18.6592510"/>
  <node id="13186842485" lat="54.3516801" lon="18.6592403"/>
  <node id="13186842486" lat="54.3515064" lon="18.6591825"/>
  <node id="13188777001" lat="54.3471358" lon="18.6596301"/>
  <node id="13201428512" lat="54.2760155" lon="18.7341745"/>
  <node id="13201428539" lat="54.3071952" lon="18.7177643"/>
  <node id="13201428556" lat="54.3127712" lon="18.7155900"/>
  <node id="13205472072" lat="54.3170231" lon="18.6754129"/>
  <node id="13205472086" lat="54.3153685" lon="18.6947978"/>
  <node id="13205472087" lat="54.3153293" lon="18.6940644"/>
  <node id="13205499138" lat="54.3218727" lon="18.6709347"/>
  <node id="13231477893" lat="54.3598378" lon="18.6643770"/>
  <node id="13231477895" lat="54.3604353" lon="18.6646041"/>
  <node id="13276404378" lat="54.3453946" lon="18.6479839">
    <tag k="direction" v="backward"/>
    <tag k="highway" v="stop"/>
    <tag k="stop" v="minor"/>
  </node>
  <node id="13308361589" lat="54.3431863" lon="18.6531644"/>
  <node id="13308361592" lat="54.3432285" lon="18.6532543"/>
  <node id="13308361593" lat="54.3430546" lon="18.6529328"/>
  <node id="13308361596" lat="54.3442542" lon="18.6550078"/>
  <node id="13308361597" lat="54.3443819" lon="18.6550949"/>
  <node id="13308388563" lat="54.3488917" lon="18.6460278"/>
  <node id="13308388564" lat="54.3494332" lon="18.6461756"/>
  <node id="13308388565" lat="54.3494243" lon="18.6462859"/>
  <node id="13436425597" lat="54.3454020" lon="18.6454457"/>
  <node id="13436425598" lat="54.3467632" lon="18.6455689"/>
  <node id="13436469801" lat="54.3449659" lon="18.6452106"/>
  <node id="13436469802" lat="54.3445313" lon="18.6451671"/>
  <node id="13436469803" lat="54.3429027" lon="18.6437722"/>
  <node id="13436651985" lat="54.3446596" lon="18.6624181"/>
  <node id="13436651991" lat="54.3456357" lon="18.6565688"/>
  <node id="13436651992" lat="54.3456110" lon="18.6567504"/>
  <node id="13436651993" lat="54.3457749" lon="18.6560128">
    <tag k="cycleway" v="asl"/>
    <tag k="direction" v="forward"/>
  </node>
  <node id="13436651994" lat="54.3455140" lon="18.6558284">
    <tag k="cycleway" v="asl"/>
    <tag k="direction" v="forward"/>
  </node>
  <node id="13436651999" lat="54.3473626" lon="18.6488919"/>
  <node id="13436681402" lat="54.3475304" lon="18.6480281"/>
  <node id="13436681403" lat="54.3474514" lon="18.6484517"/>
  <node id="13436681404" lat="54.3473447" lon="18.6472855"/>
  <node id="13436681405" lat="54.3470699" lon="18.6490016"/>
  <node id="13436681406" lat="54.3469759" lon="18.6495680"/>
  <node id="13436681407" lat="54.3459972" lon="18.6533182"/>
  <node id="13436699857" lat="54.3502602" lon="18.6462007"/>
  <node id="13437526648" lat="54.3455574" lon="18.6571171"/>
  <node id="13437589990" lat="54.3509374" lon="18.6460466"/>
  <node id="13468386023" lat="54.3507026" lon="18.6471295"/>
  <node id="13468386033" lat="54.3506367" lon="18.6471611"/>
  <node id="13468386034" lat="54.3506005" lon="18.6471484"/>
  <node id="13524375683" lat="54.3440791" lon="18.6628215"/>
  <node id="13564120348" lat="54.1154521" lon="18.7711412"/>
  <node id="13596650642" lat="54.3523588" lon="18.6491226">
    <tag k="direction" v="backward"/>
    <tag k="highway" v="give_way"/>
  </node>
  <node id="13596650643" lat="54.3521624" lon="18.6491559">
    <tag k="direction" v="forward"/>
    <tag k="highway" v="give_way"/>
  </node>
  <node id="13596650644" lat="54.3516441" lon="18.6485937">
    <tag k="direction" v="backward"/>
    <tag k="highway" v="give_way"/>
  </node>
  <node id="13596650645" lat="54.3516814" lon="18.6484007">
    <tag k="direction" v="forward"/>
    <tag k="highway" v="give_way"/>
  </node>
  <node id="13596650646" lat="54.3524153" lon="18.6489676">
    <tag k="direction" v="forward"/>
    <tag k="highway" v="give_way"/>
  </node>
  <node id="13648266265" lat="54.3453360" lon="18.6578641"/>
  <node id="13648286968" lat="54.3453029" lon="18.6578511">
    <tag k="railway" v="signal"/>
    <tag k="railway:signal:direction" v="forward"/>
    <tag k="railway:signal:position" v="right"/>
    <tag k="railway:signal:speed_limit" v="PL-tram:bt-1"/>
    <tag k="railway:signal:speed_limit:form" v="sign"/>
    <tag k="railway:signal:speed_limit:speed" v="15"/>
    <tag k="traffic_sign" v="PL:B-T-1"/>
  </node>
  <node id="13648286969" lat="54.3446322" lon="18.6619716">
    <tag k="railway" v="signal"/>
    <tag k="railway:signal:speed_limit" v="PL-tram:bt-2"/>
    <tag k="railway:signal:speed_limit:form" v="sign"/>
    <tag k="traffic_sign" v="PL:B-T-2"/>
    <tag k="traffic_sign:direction" v="forward"/>
  </node>
  <node id="13651025836" lat="54.3502343" lon="18.6556831"/>
  <node id="13655273299" lat="54.3461560" lon="18.6562880"/>
  <node id="13686905588" lat="54.3455874" lon="18.6525532"/>
  <node id="13686905589" lat="54.3455408" lon="18.6526849"/>
  <node id="13701624928" lat="54.3497219" lon="18.6458526">
    <tag k="description" v="Sygnalizator SB bez tabliczki z napisem BUS (dla tramwajów)"/>
    <tag k="railway" v="signal"/>
    <tag k="railway:signal:direction" v="forward"/>
    <tag k="railway:signal:main" v="pl-tram:sb"/>
    <tag k="railway:signal:position" v="right"/>
  </node>
  <node id="13701624929" lat="54.3497057" lon="18.6459891">
    <tag k="description" v="S-3 sygnalizator kierunkowy dla zawracających"/>
    <tag k="highway" v="traffic_signals"/>
    <tag k="traffic_signals" v="signal"/>
  </node>
  <node id="13701624930" lat="54.3499821" lon="18.6459396">
    <tag k="traffic_sign" v="PL:D-6b"/>
    <tag k="traffic_sign:direction" v="forward"/>
  </node>
  <node id="13701624931" lat="54.3499661" lon="18.6460859">
    <tag k="traffic_sign" v="PL:D-6b"/>
    <tag k="traffic_sign:direction" v="forward"/>
  </node>
  <node id="13701624932" lat="54.3508623" lon="18.6462609">
    <tag k="traffic_sign" v="PL:D-6"/>
    <tag k="traffic_sign:direction" v="forward"/>
  </node>
  <node id="13701624933" lat="54.3510130" lon="18.6463160">
    <tag k="description:en" v="Radio-controlled switch"/>
    <tag k="description:pl" v="Radiowe sterowanie zwrotnicą"/>
    <tag k="image" v="https://i.imgur.com/8PRKbgQ.png"/>
    <tag k="railway" v="signal"/>
    <tag k="railway:signal:direction" v="forward"/>
    <tag k="railway:signal:position" v="right"/>
    <tag k="railway:signal:tram" v="switch_radio"/>
    <tag k="railway:signal:type" v="tram"/>
  </node>
  <node id="13701624934" lat="54.3514815" lon="18.6464602">
    <tag k="description:en" v="2 × STK directional tram signal (both 3 aspect) - one for left turns and one for straight ahead"/>
    <tag k="description:pl" v="2 × STK sygnalizator kierunkowy dla tramwajów (oba 3 komorowe) - jeden dla skręcających w lewo i jeden dla jadących prosto"/>
    <tag k="railway" v="signal"/>
    <tag k="railway:signal:direction" v="forward"/>
    <tag k="railway:signal:main" v="pl-tram:stk;pl-tram:stk"/>
    <tag k="railway:signal:position" v="right"/>
    <tag k="traffic_sign" v="PL:D-6b"/>
  </node>
  <node id="13705400808" lat="54.3574517" lon="18.6459177">
    <tag k="description" v="Sygnalizator SB bez tabliczki z napisem BUS (dla tramwajów)"/>
    <tag k="railway" v="signal"/>
    <tag k="railway:signal:direction" v="forward"/>
    <tag k="railway:signal:main" v="pl-tram:sb"/>
    <tag k="railway:signal:position" v="right"/>
  </node>
  <node id="13708723526" lat="54.3547265" lon="18.6453695">
    <tag k="description" v="Sygnalizator SB bez tabliczki z napisem BUS (dla tramwajów)"/>
    <tag k="railway" v="signal"/>
    <tag k="railway:signal:direction" v="forward"/>
    <tag k="railway:signal:main" v="pl-tram:sb"/>
    <tag k="railway:signal:position" v="right"/>
  </node>
  <node id="13708723527" lat="54.3540710" lon="18.6452088">
    <tag k="description" v="Sygnalizator SB bez tabliczki z napisem BUS (dla tramwajów)"/>
    <tag k="railway" v="signal"/>
    <tag k="railway:signal:direction" v="forward"/>
    <tag k="railway:signal:main" v="pl-tram:sb"/>
    <tag k="railway:signal:position" v="left"/>
  </node>
  <node id="13708723528" lat="54.3527693" lon="18.6457726">
    <tag k="description:en" v="Radio-controlled switch"/>
    <tag k="description:pl" v="Radiowe sterowanie zwrotnicą"/>
    <tag k="image" v="https://i.imgur.com/XRajjcg.png"/>
    <tag k="railway" v="signal"/>
    <tag k="railway:signal:direction" v="forward"/>
    <tag k="railway:signal:position" v="left"/>
    <tag k="railway:signal:tram" v="switch_radio"/>
    <tag k="railway:signal:type" v="tram"/>
  </node>
  <node id="13708723529" lat="54.3522067" lon="18.6462367">
    <tag k="description:en" v="STK directional tram signal (3 aspect) - for straight ahead"/>
    <tag k="description:pl" v="STK sygnalizator kierunkowy dla tramwajów (3 komorowy) - dla jadących prosto"/>
    <tag k="railway" v="signal"/>
    <tag k="railway:signal:direction" v="forward"/>
    <tag k="railway:signal:main" v="pl-tram:stk"/>
    <tag k="railway:signal:position" v="right"/>
  </node>
  <node id="13708723531" lat="54.3509353" lon="18.6462262">
    <tag k="traffic_sign" v="PL:D-6"/>
    <tag k="traffic_sign:direction" v="forward"/>
  </node>
  <node id="13708723532" lat="54.3499914" lon="18.6458799">
    <tag k="description" v="Sygnalizator SB bez tabliczki z napisem BUS (dla tramwajów)"/>
    <tag k="railway" v="signal"/>
    <tag k="railway:signal:direction" v="forward"/>
    <tag k="railway:signal:main" v="pl-tram:sb"/>
    <tag k="railway:signal:position" v="right"/>
  </node>
  <node id="13708723533" lat="54.3478565" lon="18.6453114">
    <tag k="description:en" v="STK directional tram signal (3 aspect) - for left turns"/>
    <tag k="description:pl" v="STK sygnalizator kierunkowy dla tramwajów (3 komorowy) - dla skręcających w lewo"/>
    <tag k="railway" v="signal"/>
    <tag k="railway:signal:direction" v="forward"/>
    <tag k="railway:signal:main" v="pl-tram:stk"/>
    <tag k="railway:signal:position" v="right"/>
  </node>
  <node id="13708723534" lat="54.3456575" lon="18.6556819">
    <tag k="description" v="Sygnalizator SB bez tabliczki z napisem BUS (dla tramwajów)"/>
    <tag k="railway" v="signal"/>
    <tag k="railway:signal:direction" v="forward"/>
    <tag k="railway:signal:main" v="pl-tram:sb"/>
    <tag k="railway:signal:position" v="bridge"/>
  </node>
  <node id="13708723536" lat="54.3455871" lon="18.6561149">
    <tag k="traffic_sign" v="PL:D-6"/>
    <tag k="traffic_sign:direction" v="forward"/>
  </node>
  <node id="13708723537" lat="54.3454526" lon="18.6569395">
    <tag k="description" v="Sygnalizator SB bez tabliczki z napisem BUS (dla tramwajów)"/>
    <tag k="railway" v="signal"/>
    <tag k="railway:signal:direction" v="forward"/>
    <tag k="railway:signal:main" v="pl-tram:sb"/>
    <tag k="railway:signal:position" v="right"/>
    <tag k="traffic_sign" v="PL:D-6"/>
    <tag k="traffic_sign:direction" v="forward"/>
  </node>
  <node id="13708723538" lat="54.3445049" lon="18.6629199">
    <tag k="description" v="Sygnalizator SB bez tabliczki z napisem BUS (dla tramwajów)"/>
    <tag k="railway" v="signal"/>
    <tag k="railway:signal:direction" v="forward"/>
    <tag k="railway:signal:main" v="pl-tram:sb"/>
    <tag k="railway:signal:position" v="right"/>
    <tag k="traffic_sign" v="PL:D-6"/>
    <tag k="traffic_sign:direction" v="forward"/>
  </node>
  <node id="13708729598" lat="54.3537954" lon="18.6452444">
    <tag k="description" v="Sygnalizator SB bez tabliczki z napisem BUS (dla tramwajów)"/>
    <tag k="railway" v="signal"/>
    <tag k="railway:signal:direction" v="forward"/>
    <tag k="railway:signal:main" v="pl-tram:sb"/>
    <tag k="railway:signal:position" v="right"/>
  </node>
  <node id="13708729599" lat="54.3545995" lon="18.6454003">
    <tag k="description" v="Sygnalizator SB bez tabliczki z napisem BUS (dla tramwajów)"/>
    <tag k="railway" v="signal"/>
    <tag k="railway:signal:direction" v="forward"/>
    <tag k="railway:signal:main" v="pl-tram:sb"/>
    <tag k="railway:signal:position" v="right"/>
  </node>
  <node id="13708729600" lat="54.3558148" lon="18.6456937">
    <tag k="railway" v="signal"/>
    <tag k="railway:signal:direction" v="forward"/>
    <tag k="railway:signal:position" v="overhead"/>
    <tag k="railway:signal:stop" v="PL-tram:bt-3"/>
    <tag k="railway:signal:stop:form" v="sign"/>
    <tag k="railway:signal:stop:type" v="switch_block"/>
    <tag k="traffic_sign" v="PL:B-T-3"/>
  </node>
  <node id="13716794770" lat="54.3454363" lon="18.6557807"/>
  <node id="13813974249" lat="54.3450630" lon="18.6598421"/>
  <node id="13818261106" lat="54.3495812" lon="18.6473988"/>
  <node id="13818261107" lat="54.3498756" lon="18.6477238"/>
  <way id="23684146">
    <nd ref="1868665018"/>
    <nd ref="9983430901"/>
    <nd ref="9983430919"/>
    <nd ref="1127880923"/>
    <tag k="agricultural" v="no"/>
    <tag k="hgv" v="no"/>
    <tag k="hgv:conditional" v="yes @ marked"/>
    <tag k="highway" v="residential"/>
    <tag k="lit" v="yes"/>
    <tag k="maxspeed" v="30"/>
    <tag k="name" v="Szafarnia"/>
    <tag k="note:hgv" v="Nie dotyczy posiadaczy identyfikatorów wydanych przez ZDiZ w Gdańsku"/>
    <tag k="old_name:de" v="Schäferei"/>
    <tag k="source:hgv" v="PL:sign_B-5"/>
    <tag k="source:maxspeed" v="PL:zone30"/>
    <tag k="surface" v="sett"/>
  </way>
  <way id="27475584">
    <nd ref="301672248"/>
    <nd ref="13186842407"/>
    <nd ref="1868665054"/>
    <nd ref="819158773"/>
    <nd ref="1868665070"/>
    <nd ref="2617194426"/>
    <nd ref="1868665100"/>
    <nd ref="1868665118"/>
    <nd ref="10067801635"/>
    <tag k="highway" v="residential"/>
    <tag k="lit" v="yes"/>
    <tag k="maxspeed" v="30"/>
    <tag k="name" v="Ołowianka"/>
    <tag k="old_name:de" v="Teerhof"/>
    <tag k="source:maxspeed" v="PL:zone30"/>
    <tag k="surface" v="cobblestone"/>
  </way>
  <way id="27475914">
    <nd ref="301671736"/>
    <nd ref="9910023903"/>
    <nd ref="2617643109"/>
    <nd ref="12445549887"/>
    <nd ref="1521392445"/>
    <nd ref="1118907573"/>
    <nd ref="4285080094"/>
    <nd ref="12831286587"/>
    <nd ref="13596650646"/>
    <nd ref="4285080089"/>
    <tag k="highway" v="residential"/>
    <tag k="lit" v="yes"/>
    <tag k="maxspeed" v="30"/>
    <tag k="name" v="Kowalska"/>
    <tag k="old_name:de" v="Schmiedegasse"/>
    <tag k="source:maxspeed" v="PL:zone30"/>
    <tag k="surface" v="asphalt"/>
  </way>
  <way id="27475922">
    <nd ref="2964089393"/>
    <nd ref="9712123907"/>
    <nd ref="1127284082"/>
    <nd ref="9712123906"/>
    <nd ref="9712123908"/>
    <nd ref="9712123905"/>
    <nd ref="9678424413"/>
    <nd ref="301669412"/>
    <tag k="agricultural" v="no"/>
    <tag k="hgv" v="no"/>
    <tag k="highway" v="living_street"/>
    <tag k="maxspeed" v="20"/>
    <tag k="name" v="Żytnia"/>
    <tag k="old_name:de" v="Münchengasse"/>
    <tag k="source" v="UMP-PL, ./UMP-Gdansk/src/GDANSK.ulice.txt"/>
    <tag k="source:hgv" v="PL:sign_B-5"/>
    <tag k="source:maxspeed" v="PL:living_street"/>
    <tag k="surface" v="sett"/>
  </way>
  <way id="27475970">
    <nd ref="1582534463"/>
    <nd ref="2103407269"/>
    <nd ref="1521392212"/>
    <tag k="cycleway:left" v="lane"/>
    <tag k="cycleway:left:oneway" v="-1"/>
    <tag k="highway" v="residential"/>
    <tag k="lanes" v="1"/>
    <tag k="lit" v="yes"/>
    <tag k="maxspeed" v="30"/>
    <tag k="name" v="Garncarska"/>
    <tag k="old_name:de" v="Töpfergasse"/>
    <tag k="oneway" v="yes"/>
    <tag k="oneway:bicycle" v="no"/>
    <tag k="sidewalk:both" v="separate"/>
    <tag k="source:maxspeed" v="PL:zone30"/>
    <tag k="surface" v="asphalt"/>
  </way>
  <way id="27475985">
    <nd ref="2355742505"/>
    <nd ref="9787038096"/>
    <nd ref="13161941602"/>
    <tag k="highway" v="service"/>
    <tag k="maxspeed" v="30"/>
    <tag k="old_name:de" v="Reitbahn"/>
    <tag k="source:maxspeed" v="PL:zone30"/>
  </way>
  <way id="27476572">
    <nd ref="301679410"/>
    <nd ref="10080638018"/>
    <nd ref="2617308497"/>
    <nd ref="2617308498"/>
    <nd ref="8497797244"/>
    <nd ref="8497797245"/>
    <nd ref="8497797246"/>
    <nd ref="8497797247"/>
    <nd ref="301679412"/>
    <tag k="cycleway:right" v="lane"/>
    <tag k="dual_carriageway" v="yes"/>
    <tag k="highway" v="secondary"/>
    <tag k="lanes" v="3"/>
    <tag k="lit" v="yes"/>
    <tag k="maxspeed" v="50"/>
    <tag k="name" v="Hucisko"/>
    <tag k="old_name:de" v="Silberhütte"/>
    <tag k="oneway" v="yes"/>
    <tag k="parking:condition:both" v="no_stopping"/>
    <tag k="smoothness" v="good"/>
    <tag k="source" v="UMP-PL, ./UMP-Gdansk/src/GDANSK.ulice.txt"/>
    <tag k="source:maxspeed" v="PL:urban"/>
    <tag k="surface" v="asphalt"/>
    <tag k="turn:lanes" v="left|left;through|through"/>
  </way>
  <way id="27476938">
    <nd ref="8913472003"/>
    <nd ref="13436425598"/>
    <nd ref="1644193658"/>
    <nd ref="2616256561"/>
    <nd ref="4169554490"/>
    <tag k="destination" v="Gdynia;Szczecin;Łódź;Port Lotniczy"/>
    <tag k="destination:ref" v="A1;S7;S6"/>
    <tag k="foot" v="no"/>
    <tag k="highway" v="primary_link"/>
    <tag k="lanes" v="2"/>
    <tag k="lit" v="yes"/>
    <tag k="maxspeed" v="50"/>
    <tag k="name" v="Okopowa"/>
    <tag k="old_name:de" v="Karrenwall"/>
    <tag k="oneway" v="yes"/>
    <tag k="source" v="UMP-PL, ./UMP-Gdansk/src/GDANSK.ulice.txt"/>
    <tag k="surface" v="asphalt"/>
    <tag k="turn:lanes" v="left|left;through;right"/>
  </way>
  <way id="27476963">
    <nd ref="1391202945"/>
    <nd ref="4769796436"/>
    <nd ref="4769796434"/>
    <nd ref="8541582801"/>
    <nd ref="1963711775"/>
    <tag k="bicycle" v="yes"/>
    <tag k="highway" v="living_street"/>
    <tag k="horse" v="no"/>
    <tag k="maxspeed" v="20"/>
    <tag k="name" v="Podkramarska"/>
    <tag k="note:access" v="Nie dotyczy posiadaczy identyfikatorów typu GM wydanych przez GZDiZ oraz pojazdów wymienionych w Zarządzeniu nr 34/14 Prezydenta Miasta Gdańska z dn. 10.01.2014 r. Informacje: PN-PT w godz. 7.00-15.00 tel. 58 52-44-627, 58 55-89-571"/>
    <tag k="oneway" v="yes"/>
    <tag k="oneway:bicycle" v="no"/>
    <tag k="source:access" v="https://gzd.gda.pl/zalatw-sprawe/strefa-ograniczonej-dostepnosci-na-glownym-miescie,a,3141"/>
    <tag k="source:maxspeed" v="PL:living_street"/>
    <tag k="surface" v="sett"/>
    <tag k="taxi" v="yes"/>
    <tag k="vehicle" v="permit"/>
  </way>
  <way id="27476996">
    <nd ref="301672020"/>
    <nd ref="1578644348"/>
    <nd ref="1121896358"/>
    <nd ref="1121896612"/>
    <nd ref="1121896353"/>
    <nd ref="9607379587"/>
    <nd ref="1568383541"/>
    <tag k="bicycle" v="yes"/>
    <tag k="highway" v="living_street"/>
    <tag k="horse" v="no"/>
    <tag k="lit" v="yes"/>
    <tag k="maxspeed" v="20"/>
    <tag k="name" v="Lektykarska"/>
    <tag k="note:access" v="Nie dotyczy posiadaczy identyfikatorów typu GM wydanych przez GZDiZ oraz pojazdów wymienionych w Zarządzeniu nr 34/14 Prezydenta Miasta Gdańska z dn. 10.01.2014 r. Informacje: PN-PT w godz. 7.00-15.00 tel. 58 52-44-627, 58 55-89-571"/>
    <tag k="old_name:de" v="Portechaisengasse"/>
    <tag k="source" v="gis gdansk"/>
    <tag k="source:access" v="https://gzd.gda.pl/zalatw-sprawe/strefa-ograniczonej-dostepnosci-na-glownym-miescie,a,3141"/>
    <tag k="source:maxspeed" v="PL:living_street"/>
    <tag k="surface" v="sett"/>
    <tag k="taxi" v="yes"/>
    <tag k="vehicle" v="permit"/>
  </way>
  <way id="27477008">
    <nd ref="5918625383"/>
    <nd ref="1120414172"/>
    <nd ref="9676065329"/>
    <nd ref="9170171913"/>
    <nd ref="1120414195"/>
    <tag k="highway" v="residential"/>
    <tag k="lit" v="yes"/>
    <tag k="maxspeed" v="30"/>
    <tag k="name" v="Pocztowa"/>
    <tag k="old_name:de" v="Postgasse"/>
    <tag k="source:maxspeed" v="PL:zone30"/>
    <tag k="surface" v="sett"/>
  </way>
  <way id="27477063">
    <nd ref="301671164"/>
    <nd ref="2617308389"/>
    <nd ref="1849057282"/>
    <tag k="bicycle" v="yes"/>
    <tag k="highway" v="residential"/>
    <tag k="horse" v="no"/>
    <tag k="maxspeed" v="30"/>
    <tag k="name" v="Ogarna"/>
    <tag k="note:access" v="Nie dotyczy posiadaczy identyfikatorów typu GM wydanych przez GZDiZ oraz pojazdów wymienionych w Zarządzeniu nr 34/14 Prezydenta Miasta Gdańska z dn. 10.01.2014 r. Informacje: PN-PT w godz. 7.00-15.00 tel. 58 52-44-627, 58 55-89-571"/>
    <tag k="old_name:de" v="Hundegasse"/>
    <tag k="old_name:la" v="platea canum"/>
    <tag k="source:access" v="https://gzd.gda.pl/zalatw-sprawe/strefa-ograniczonej-dostepnosci-na-glownym-miescie,a,3141"/>
    <tag k="source:maxspeed" v="PL:zone30"/>
    <tag k="surface" v="sett"/>
    <tag k="taxi" v="yes"/>
    <tag k="vehicle" v="permit"/>
  </way>
  <way id="27477099">
    <nd ref="1119413903"/>
    <nd ref="1119354422"/>
    <nd ref="9674430682"/>
    <nd ref="6093636118"/>
    <nd ref="301671968"/>
    <tag k="bicycle" v="yes"/>
    <tag k="highway" v="residential"/>
    <tag k="horse" v="no"/>
    <tag k="lit" v="yes"/>
    <tag k="maxspeed" v="30"/>
    <tag k="name" v="Kozia"/>
    <tag k="note:access" v="Nie dotyczy posiadaczy identyfikatorów typu GM wydanych przez GZDiZ oraz pojazdów wymienionych w Zarządzeniu nr 34/14 Prezydenta Miasta Gdańska z dn. 10.01.2014 r. Informacje: PN-PT w godz. 7.00-15.00 tel. 58 52-44-627, 58 55-89-571"/>
    <tag k="old_name:de" v="Ziegengasse"/>
    <tag k="old_name:la" v="platea caprarum"/>
    <tag k="source:access" v="https://gzd.gda.pl/zalatw-sprawe/strefa-ograniczonej-dostepnosci-na-glownym-miescie,a,3141"/>
    <tag k="source:maxspeed" v="PL:zone30"/>
    <tag k="surface" v="asphalt"/>
    <tag k="taxi" v="yes"/>
    <tag k="vehicle" v="permit"/>
  </way>
  <way id="27477135">
    <nd ref="10962574524"/>
    <nd ref="10283030556"/>
    <nd ref="2617194210"/>
    <nd ref="2617194212"/>
    <tag k="bicycle" v="yes"/>
    <tag k="highway" v="living_street"/>
    <tag k="horse" v="no"/>
    <tag k="lit" v="yes"/>
    <tag k="maxspeed" v="20"/>
    <tag k="name" v="Mydlarska"/>
    <tag k="note:access" v="Nie dotyczy posiadaczy identyfikatorów typu GM wydanych przez GZDiZ oraz pojazdów wymienionych w Zarządzeniu nr 34/14 Prezydenta Miasta Gdańska z dn. 10.01.2014 r. Informacje: PN-PT w godz. 7.00-15.00 tel. 58 52-44-627, 58 55-89-571"/>
    <tag k="old_name:de" v="Seifengasse"/>
    <tag k="source:access" v="https://gzd.gda.pl/zalatw-sprawe/strefa-ograniczonej-dostepnosci-na-glownym-miescie,a,3141"/>
    <tag k="source:maxspeed" v="PL:living_street"/>
    <tag k="surface" v="sett"/>
    <tag k="taxi" v="yes"/>
    <tag k="vehicle" v="permit"/>
  </way>
  <way id="27477283">
    <nd ref="595795110"/>
    <nd ref="10822668380"/>
    <nd ref="2632154408"/>
    <nd ref="10740247516"/>
    <nd ref="1876250849"/>
    <nd ref="10822668422"/>
    <nd ref="4388732079"/>
    <nd ref="12704729579"/>
    <nd ref="1876250845"/>
    <tag k="highway" v="residential"/>
    <tag k="maxspeed" v="30"/>
    <tag k="name" v="Żabi Kruk"/>
    <tag k="old_name:de" v="Poggenpfuhl"/>
    <tag k="oneway" v="yes"/>
    <tag k="oneway:bicycle" v="no"/>
    <tag k="smoothness" v="intermediate"/>
    <tag k="source:maxspeed" v="PL:zone30"/>
    <tag k="surface" v="unhewn_cobblestone"/>
  </way>
  <way id="27477372">
    <nd ref="301672028"/>
    <nd ref="301672057"/>
    <tag k="bicycle" v="yes"/>
    <tag k="highway" v="living_street"/>
    <tag k="horse" v="no"/>
    <tag k="lit" v="yes"/>
    <tag k="maxspeed" v="20"/>
    <tag k="name" v="Chlebnicka"/>
    <tag k="note:access" v="Nie dotyczy posiadaczy identyfikatorów typu GM wydanych przez GZDiZ oraz pojazdów wymienionych w Zarządzeniu nr 34/14 Prezydenta Miasta Gdańska z dn. 10.01.2014 r. Informacje: PN-PT w godz. 7.00-15.00 tel. 58 52-44-627, 58 55-89-571"/>
    <tag k="old_name:de" v="Brotbänkengasse"/>
    <tag k="source:access" v="https://gzd.gda.pl/zalatw-sprawe/strefa-ograniczonej-dostepnosci-na-glownym-miescie,a,3141"/>
    <tag k="source:maxspeed" v="PL:living_street"/>
    <tag k="surface" v="sett"/>
    <tag k="taxi" v="yes"/>
    <tag k="vehicle" v="permit"/>
    <tag k="wikidata" v="Q9365031"/>
    <tag k="wikipedia" v="pl:Ulica Chlebnicka w Gdańsku"/>
  </way>
  <way id="27477379">
    <nd ref="9677860245"/>
    <nd ref="4142926502"/>
    <tag k="cycleway:right" v="no"/>
    <tag k="destination" v="Warszawa;Sztokholm;Stogi;Sobieszewo"/>
    <tag k="foot" v="no"/>
    <tag k="highway" v="primary_link"/>
    <tag k="lanes" v="1"/>
    <tag k="lit" v="yes"/>
    <tag k="maxspeed" v="50"/>
    <tag k="name" v="Węzeł Unii Europejskiej"/>
    <tag k="name:etymology:wikidata" v="Q458"/>
    <tag k="old_name:de" v="Karrenwall"/>
    <tag k="oneway" v="yes"/>
    <tag k="sidewalk" v="no"/>
    <tag k="source" v="survey"/>
    <tag k="source:maxspeed" v="PL:urban"/>
    <tag k="surface" v="asphalt"/>
  </way>
  <way id="27477437">
    <nd ref="301672028"/>
    <nd ref="1570145557"/>
    <nd ref="10824505952"/>
    <nd ref="10824505947"/>
    <nd ref="9634291456"/>
    <nd ref="10824505928"/>
    <nd ref="9634291450"/>
    <nd ref="10824505930"/>
    <nd ref="9634291440"/>
    <nd ref="301672052"/>
    <tag k="bicycle" v="yes"/>
    <tag k="highway" v="living_street"/>
    <tag k="horse" v="no"/>
    <tag k="maxspeed" v="20"/>
    <tag k="name" v="Klesza"/>
    <tag k="note:access" v="Nie dotyczy posiadaczy identyfikatorów typu GM wydanych przez GZDiZ oraz pojazdów wymienionych w Zarządzeniu nr 34/14 Prezydenta Miasta Gdańska z dn. 10.01.2014 r. Informacje: PN-PT w godz. 7.00-15.00 tel. 58 52-44-627, 58 55-89-571"/>
    <tag k="old_name:de" v="Pfaffengasse"/>
    <tag k="old_name:la" v="platea sacerdotum"/>
    <tag k="oneway" v="yes"/>
    <tag k="source:access" v="https://gzd.gda.pl/zalatw-sprawe/strefa-ograniczonej-dostepnosci-na-glownym-miescie,a,3141"/>
    <tag k="source:maxspeed" v="PL:living_street"/>
    <tag k="surface" v="sett"/>
    <tag k="taxi" v="yes"/>
    <tag k="vehicle" v="permit"/>
  </way>
  <way id="27477478">
    <nd ref="301672052"/>
    <nd ref="10824505923"/>
    <nd ref="1570145753"/>
    <nd ref="1570145779"/>
    <nd ref="4886288154"/>
    <nd ref="4769796452"/>
    <nd ref="1849057294"/>
    <tag k="bicycle" v="yes"/>
    <tag k="highway" v="living_street"/>
    <tag k="horse" v="no"/>
    <tag k="maxspeed" v="20"/>
    <tag k="name" v="Krowia"/>
    <tag k="note:access" v="Nie dotyczy posiadaczy identyfikatorów typu GM wydanych przez GZDiZ oraz pojazdów wymienionych w Zarządzeniu nr 34/14 Prezydenta Miasta Gdańska z dn. 10.01.2014 r. Informacje: PN-PT w godz. 7.00-15.00 tel. 58 52-44-627, 58 55-89-571"/>
    <tag k="old_name:de" v="Kuhgasse"/>
    <tag k="oneway" v="yes"/>
    <tag k="smoothness" v="very_bad"/>
    <tag k="source:access" v="https://gzd.gda.pl/zalatw-sprawe/strefa-ograniczonej-dostepnosci-na-glownym-miescie,a,3141"/>
    <tag k="source:maxspeed" v="PL:living_street"/>
    <tag k="surface" v="sett"/>
    <tag k="taxi" v="yes"/>
    <tag k="vehicle" v="permit"/>
  </way>
  <way id="27477496">
    <nd ref="10962574522"/>
    <nd ref="1567964237"/>
    <nd ref="1570145491"/>
    <nd ref="1567964272"/>
    <nd ref="301672051"/>
    <tag k="bicycle" v="yes"/>
    <tag k="highway" v="living_street"/>
    <tag k="horse" v="no"/>
    <tag k="lit" v="yes"/>
    <tag k="maxspeed" v="20"/>
    <tag k="name" v="Dziana"/>
    <tag k="note:access" v="Nie dotyczy posiadaczy identyfikatorów typu GM wydanych przez GZDiZ oraz pojazdów wymienionych w Zarządzeniu nr 34/14 Prezydenta Miasta Gdańska z dn. 10.01.2014 r. Informacje: PN-PT w godz. 7.00-15.00 tel. 58 52-44-627, 58 55-89-571"/>
    <tag k="old_name:de" v="Kleine Hosennähergasse"/>
    <tag k="source:access" v="https://gzd.gda.pl/zalatw-sprawe/strefa-ograniczonej-dostepnosci-na-glownym-miescie,a,3141"/>
    <tag k="source:maxspeed" v="PL:living_street"/>
    <tag k="surface" v="sett"/>
    <tag k="taxi" v="yes"/>
    <tag k="vehicle" v="permit"/>
  </way>
  <way id="27477514">
    <nd ref="1868665018"/>
    <nd ref="9983430880"/>
    <nd ref="10067801618"/>
    <nd ref="1868665024"/>
    <nd ref="9983427568"/>
    <nd ref="1890705212"/>
    <nd ref="1743179917"/>
    <nd ref="9983430972"/>
    <nd ref="1890705213"/>
    <tag k="highway" v="residential"/>
    <tag k="lit" v="yes"/>
    <tag k="maxspeed" v="30"/>
    <tag k="name" v="Angielska Grobla"/>
    <tag k="old_name:de" v="Englischer Damm"/>
    <tag k="source:maxspeed" v="PL:zone30"/>
  </way>
  <way id="27477545">
    <nd ref="301679527"/>
    <nd ref="3039299095"/>
    <nd ref="2643945611"/>
    <nd ref="2632144640"/>
    <nd ref="1840853988"/>
    <nd ref="10838405839"/>
    <nd ref="10838405838"/>
    <nd ref="9825087301"/>
    <nd ref="1876259335"/>
    <tag k="highway" v="tertiary"/>
    <tag k="lanes" v="2"/>
    <tag k="lit" v="yes"/>
    <tag k="maxspeed" v="50"/>
    <tag k="name" v="Toruńska"/>
    <tag k="old_name:de" v="Thornscher Weg"/>
    <tag k="oneway" v="no"/>
    <tag k="sidewalk" v="separate"/>
    <tag k="source:maxspeed" v="PL:urban"/>
    <tag k="surface" v="asphalt"/>
  </way>
  <way id="27477637">
    <nd ref="301679543"/>
    <nd ref="9678424412"/>
    <nd ref="13057701320"/>
    <nd ref="10212025457"/>
    <nd ref="13057701308"/>
    <nd ref="10962574553"/>
    <nd ref="301679540"/>
    <nd ref="10141231374"/>
    <nd ref="10208480360"/>
    <nd ref="301679539"/>
    <tag k="highway" v="living_street"/>
    <tag k="maxspeed" v="20"/>
    <tag k="name" v="Spichrzowa"/>
    <tag k="note" v="renamed in 1936"/>
    <tag k="old_name:de" v="Judengasse"/>
    <tag k="oneway" v="yes"/>
    <tag k="oneway:bicycle" v="no"/>
    <tag k="source" v="UMP-PL, ./UMP-Gdansk/src/GDANSK.ulice.txt"/>
    <tag k="source:maxspeed" v="PL:living_street"/>
    <tag k="surface" v="concrete"/>
  </way>
  <way id="27477761">
    <nd ref="301672057"/>
    <nd ref="1568383478"/>
    <nd ref="10962574522"/>
    <nd ref="10962574521"/>
    <tag k="bicycle" v="yes"/>
    <tag k="highway" v="living_street"/>
    <tag k="horse" v="no"/>
    <tag k="lit" v="yes"/>
    <tag k="maxspeed" v="20"/>
    <tag k="name" v="Chlebnicka"/>
    <tag k="note:access" v="Nie dotyczy posiadaczy identyfikatorów typu GM wydanych przez GZDiZ oraz pojazdów wymienionych w Zarządzeniu nr 34/14 Prezydenta Miasta Gdańska z dn. 10.01.2014 r. Informacje: PN-PT w godz. 7.00-15.00 tel. 58 52-44-627, 58 55-89-571"/>
    <tag k="old_name:de" v="Brotbänkengasse"/>
    <tag k="source:access" v="https://gzd.gda.pl/zalatw-sprawe/strefa-ograniczonej-dostepnosci-na-glownym-miescie,a,3141"/>
    <tag k="source:maxspeed" v="PL:living_street"/>
    <tag k="surface" v="sett"/>
    <tag k="taxi" v="yes"/>
    <tag k="vehicle" v="permit"/>
    <tag k="wikidata" v="Q9365031"/>
    <tag k="wikipedia" v="pl:Ulica Chlebnicka w Gdańsku"/>
  </way>
  <way id="27477832">
    <nd ref="2616256566"/>
    <nd ref="2440142193"/>
    <tag k="dual_carriageway" v="yes"/>
    <tag k="highway" v="primary"/>
    <tag k="highway:category:pl" v="2"/>
    <tag k="lanes" v="4"/>
    <tag k="lit" v="yes"/>
    <tag k="name" v="Węzeł Unii Europejskiej"/>
    <tag k="name:etymology:wikidata" v="Q458"/>
    <tag k="oneway" v="yes"/>
    <tag k="placement" v="left_of:4"/>
    <tag k="ref" v="501"/>
    <tag k="sidewalk:left" v="no"/>
    <tag k="sidewalk:right" v="separate"/>
    <tag k="source" v="UMP-PL, ./UMP-Gdansk/src/GDANSK.ulice.txt"/>
    <tag k="surface" v="asphalt"/>
    <tag k="turn:lanes" v="left|left|through|through"/>
  </way>
  <way id="27477899">
    <nd ref="301679410"/>
    <nd ref="301679662"/>
    <nd ref="7847468576"/>
    <nd ref="1582534063"/>
    <nd ref="1582534011"/>
    <nd ref="1582533974"/>
    <nd ref="1582533908"/>
    <tag k="cycleway:right" v="separate"/>
    <tag k="dual_carriageway" v="yes"/>
    <tag k="highway" v="primary"/>
    <tag k="highway:category:pl" v="1"/>
    <tag k="int_ref" v="E 75"/>
    <tag k="lanes" v="3"/>
    <tag k="lit" v="yes"/>
    <tag k="maxaxleload" v="11.5"/>
    <tag k="maxspeed" v="50"/>
    <tag k="name" v="Wały Jagiellońskie"/>
    <tag k="old_name:de" v="Dominikswall"/>
    <tag k="oneway" v="yes"/>
    <tag k="parking:condition:both" v="no_stopping"/>
    <tag k="ref" v="91"/>
    <tag k="source" v="survey"/>
    <tag k="source:maxaxleload" v="Dz.U. 2011 nr 222 poz. 1321 Art. 2 pkt. 11"/>
    <tag k="source:maxspeed" v="PL:urban"/>
    <tag k="source:ref" v="Zarządzenie nr 46 Generalnego Dyrektora Dróg Krajowych i Autostrad z dnia 17 grudnia 2012 r."/>
    <tag k="source:ref:url" v="https://www.archiwum.gddkia.gov.pl/userfiles/articles/z/zarzadzenia-generalnego-dyrektor_10385/zarzadzenie%2046.pdf"/>
    <tag k="surface" v="asphalt"/>
  </way>
  <way id="27478001">
    <nd ref="11565330136"/>
    <nd ref="8880549527"/>
    <nd ref="8880549526"/>
    <nd ref="8880549525"/>
    <nd ref="8880549524"/>
    <nd ref="7819606552"/>
    <nd ref="8913471978"/>
    <nd ref="4910917436"/>
    <nd ref="7819606544"/>
    <nd ref="8913471977"/>
    <nd ref="5493854275"/>
    <nd ref="2616256566"/>
    <tag k="foot" v="no"/>
    <tag k="highway" v="primary_link"/>
    <tag k="lanes" v="2"/>
    <tag k="lit" v="yes"/>
    <tag k="maxheight" v="default"/>
    <tag k="maxspeed" v="50"/>
    <tag k="motor_vehicle" v="yes"/>
    <tag k="name" v="Węzeł Unii Europejskiej"/>
    <tag k="name:etymology:wikidata" v="Q458"/>
    <tag k="oneway" v="yes"/>
    <tag k="source" v="UMP-PL, ./UMP-Gdansk/src/GDANSK.ulice.txt"/>
    <tag k="surface" v="asphalt"/>
    <tag k="turn:lanes" v="reverse|left"/>
  </way>
  <way id="27478105">
    <nd ref="301671319"/>
    <nd ref="2986447228"/>
    <nd ref="1577024301"/>
    <nd ref="301671320"/>
    <tag k="bicycle" v="yes"/>
    <tag k="check_date" v="2022-07-18"/>
    <tag k="foot" v="yes"/>
    <tag k="highway" v="residential"/>
    <tag k="horse" v="no"/>
    <tag k="lit" v="yes"/>
    <tag k="maxspeed" v="30"/>
    <tag k="name" v="Węglarska"/>
    <tag k="note:access" v="Nie dotyczy posiadaczy identyfikatorów typu GM wydanych przez GZDiZ oraz pojazdów wymienionych w Zarządzeniu nr 34/14 Prezydenta Miasta Gdańska z dn. 10.01.2014 r. Informacje: PN-PT w godz. 7.00-15.00 tel. 58 52-44-627, 58 55-89-571"/>
    <tag k="old_name:de" v="Kohlengasse"/>
    <tag k="oneway" v="yes"/>
    <tag k="oneway:bicycle" v="no"/>
    <tag k="smoothness" v="good"/>
    <tag k="source:access" v="https://gzd.gda.pl/zalatw-sprawe/strefa-ograniczonej-dostepnosci-na-glownym-miescie,a,3141"/>
    <tag k="source:maxspeed" v="PL:zone30"/>
    <tag k="surface" v="sett"/>
    <tag k="taxi" v="yes"/>
    <tag k="vehicle" v="permit"/>
  </way>
  <way id="27478113">
    <nd ref="9668569108"/>
    <nd ref="13818261107"/>
    <nd ref="1582533227"/>
    <tag k="bicycle" v="yes"/>
    <tag k="highway" v="service"/>
    <tag k="horse" v="no"/>
    <tag k="psv" v="yes"/>
    <tag k="surface" v="sett"/>
    <tag k="vehicle" v="no"/>
  </way>
  <way id="27478142">
    <nd ref="13436469801"/>
    <nd ref="8735779677"/>
    <nd ref="1113468913"/>
    <nd ref="13436469802"/>
    <tag k="bus_bay" v="right"/>
    <tag k="bus_bay:surface" v="sett"/>
    <tag k="dual_carriageway" v="yes"/>
    <tag k="foot" v="no"/>
    <tag k="highway" v="primary"/>
    <tag k="int_ref" v="E 75"/>
    <tag k="lanes" v="2"/>
    <tag k="lit" v="yes"/>
    <tag k="maxaxleload" v="11.5"/>
    <tag k="maxspeed" v="50"/>
    <tag k="name" v="Trakt Świętego Wojciecha"/>
    <tag k="name:etymology:wikidata" v="Q243427"/>
    <tag k="oneway" v="yes"/>
    <tag k="ref" v="91"/>
    <tag k="source:maxaxleload" v="Dz.U. 2011 nr 222 poz. 1321 Art. 2 pkt. 11"/>
    <tag k="source:ref" v="Zarządzenie nr 46 Generalnego Dyrektora Dróg Krajowych i Autostrad z dnia 17 grudnia 2012 r."/>
    <tag k="source:ref:url" v="https://www.gddkia.gov.pl/userfiles/articles/z/zarzadzenia-generalnego-dyrektor_10385/zarzadzenie%2046.pdf"/>
    <tag k="surface" v="asphalt"/>
  </way>
  <way id="27478195">
    <nd ref="13436699857"/>
    <nd ref="3717031059"/>
    <nd ref="3717031060"/>
    <nd ref="2912683686"/>
    <tag k="bus_bay" v="right"/>
    <tag k="bus_bay:surface" v="sett"/>
    <tag k="dual_carriageway" v="yes"/>
    <tag k="highway" v="primary"/>
    <tag k="highway:category:pl" v="1"/>
    <tag k="int_ref" v="E 75"/>
    <tag k="lanes" v="3"/>
    <tag k="lit" v="yes"/>
    <tag k="maxaxleload" v="11.5"/>
    <tag k="maxspeed" v="50"/>
    <tag k="name" v="Wały Jagiellońskie"/>
    <tag k="old_name:de" v="Dominikswall"/>
    <tag k="oneway" v="yes"/>
    <tag k="ref" v="91"/>
    <tag k="source" v="survey"/>
    <tag k="source:maxaxleload" v="Dz.U. 2011 nr 222 poz. 1321 Art. 2 pkt. 11"/>
    <tag k="source:maxspeed" v="PL:urban"/>
    <tag k="source:ref" v="Zarządzenie nr 46 Generalnego Dyrektora Dróg Krajowych i Autostrad z dnia 17 grudnia 2012 r."/>
    <tag k="source:ref:url" v="https://www.archiwum.gddkia.gov.pl/userfiles/articles/z/zarzadzenia-generalnego-dyrektor_10385/zarzadzenie%2046.pdf"/>
    <tag k="surface" v="asphalt"/>
  </way>
  <way id="27478209">
    <nd ref="301679400"/>
    <nd ref="8497797248"/>
    <nd ref="12526336787"/>
    <nd ref="12526336786"/>
    <nd ref="7847468579"/>
    <nd ref="301679655"/>
    <tag k="cycleway:right" v="lane"/>
    <tag k="dual_carriageway" v="yes"/>
    <tag k="highway" v="secondary"/>
    <tag k="lanes" v="3"/>
    <tag k="maxspeed" v="50"/>
    <tag k="name" v="Hucisko"/>
    <tag k="old_name:de" v="Silberhütte"/>
    <tag k="oneway" v="yes"/>
    <tag k="parking:condition:both" v="no_stopping"/>
    <tag k="source" v="UMP-PL, ./UMP-Gdansk/src/GDANSK.ulice.txt"/>
    <tag k="source:maxspeed" v="PL:urban"/>
    <tag k="surface" v="asphalt"/>
    <tag k="turn:lanes" v="left|left;through|through"/>
  </way>
  <way id="27478270">
    <nd ref="746799985"/>
    <nd ref="12179862137"/>
    <nd ref="10738351340"/>
    <nd ref="1968774683"/>
    <nd ref="7847468573"/>
    <nd ref="301679733"/>
    <nd ref="7847468571"/>
    <nd ref="301679727"/>
    <nd ref="4460336023"/>
    <tag k="destination" v="Kartuzy;Gdynia;Łódź;Szczecin;Port Lotniczy;Chełm"/>
    <tag k="destination:ref" v="A1"/>
    <tag k="foot" v="no"/>
    <tag k="highway" v="primary_link"/>
    <tag k="lanes" v="2"/>
    <tag k="lit" v="yes"/>
    <tag k="maxspeed" v="50"/>
    <tag k="name" v="Węzeł Unii Europejskiej"/>
    <tag k="name:etymology:wikidata" v="Q458"/>
    <tag k="old_name:de" v="Karrenwall"/>
    <tag k="oneway" v="yes"/>
    <tag k="parking:condition:both" v="no_stopping"/>
    <tag k="source" v="UMP-PL, ./UMP-Gdansk/src/GDANSK.ulice.txt"/>
    <tag k="source:maxspeed" v="PL:urban"/>
    <tag k="surface" v="asphalt"/>
    <tag k="turn:lanes" v="right|right"/>
  </way>
  <way id="27478278">
    <nd ref="1947567873"/>
    <nd ref="11905450544"/>
    <nd ref="2103407253"/>
    <nd ref="13596650643"/>
    <nd ref="1582534349"/>
    <tag k="agricultural" v="no"/>
    <tag k="hgv" v="no"/>
    <tag k="hgv:conditional" v="yes @ marked"/>
    <tag k="highway" v="residential"/>
    <tag k="lit" v="yes"/>
    <tag k="maxspeed" v="30"/>
    <tag k="name" v="Szeroka"/>
    <tag k="note" v="Jednokierunkowa na czas wakacji"/>
    <tag k="note:hgv" v="Nie dotyczy samochodów ciężarowych o dopuszczalnej masie całkowitej nieprzekraczającej 12 ton w godzinach 21 - 10"/>
    <tag k="old_name:de" v="Breite Gasse"/>
    <tag k="old_name:la" v="ampla platea"/>
    <tag k="source:hgv" v="PL:sign_B-5"/>
    <tag k="source:maxspeed" v="PL:zone30"/>
    <tag k="surface" v="asphalt"/>
  </way>
  <way id="27478290">
    <nd ref="301672186"/>
    <nd ref="4332099594"/>
    <nd ref="2355742507"/>
    <tag k="highway" v="primary_link"/>
    <tag k="lanes" v="2"/>
    <tag k="lit" v="yes"/>
    <tag k="maxspeed" v="50"/>
    <tag k="name" v="Okopowa"/>
    <tag k="old_name:de" v="Karrenwall"/>
    <tag k="oneway" v="yes"/>
    <tag k="parking:condition:both" v="no_stopping"/>
    <tag k="source" v="survey"/>
    <tag k="source:maxspeed" v="PL:urban"/>
    <tag k="surface" v="asphalt"/>
    <tag k="turn:lanes" v="merge_to_right|"/>
  </way>
  <way id="27478299">
    <nd ref="12898930923"/>
    <nd ref="9634340245"/>
    <nd ref="301679543"/>
    <nd ref="9634340231"/>
    <nd ref="301669412"/>
    <nd ref="301679137"/>
    <tag k="bicycle" v="yes"/>
    <tag k="highway" v="living_street"/>
    <tag k="lanes" v="2"/>
    <tag k="lit" v="yes"/>
    <tag k="maxspeed" v="20"/>
    <tag k="name" v="Chmielna"/>
    <tag k="old_name:de" v="Hopfengasse"/>
    <tag k="sidewalk:both" v="separate"/>
    <tag k="smoothness" v="good"/>
    <tag k="source" v="UMP-PL, ./UMP-Gdansk/src/GDANSK.ulice.txt"/>
    <tag k="source:maxspeed" v="PL:living_street"/>
    <tag k="surface" v="sett"/>
  </way>
  <way id="27478309">
    <nd ref="1849057304"/>
    <nd ref="1560933137"/>
    <nd ref="12965275704"/>
    <nd ref="1560933113"/>
    <nd ref="1560933100"/>
    <nd ref="301671969"/>
    <tag k="highway" v="residential"/>
    <tag k="lit" v="yes"/>
    <tag k="maxspeed" v="30"/>
    <tag k="name" v="Szklary"/>
    <tag k="old_name:de" v="Scheibenrittergasse"/>
    <tag k="oneway" v="yes"/>
    <tag k="oneway:bicycle" v="no"/>
    <tag k="source:maxspeed" v="PL:zone30"/>
    <tag k="surface" v="asphalt"/>
  </way>
  <way id="27478337">
    <nd ref="301671990"/>
    <nd ref="9887984799"/>
    <nd ref="10208448750"/>
    <nd ref="3696172616"/>
    <nd ref="1120105343"/>
    <nd ref="1570146095"/>
    <nd ref="10208448793"/>
    <nd ref="301672006"/>
    <tag k="highway" v="residential"/>
    <tag k="maxspeed" v="30"/>
    <tag k="name" v="Tokarska"/>
    <tag k="note" v="Dwukierunkowa na czas wakacji"/>
    <tag k="old_name:de" v="Drehergasse"/>
    <tag k="oneway" v="yes"/>
    <tag k="oneway:bicycle" v="no"/>
    <tag k="source:maxspeed" v="PL:zone30"/>
    <tag k="surface" v="asphalt"/>
  </way>
  <way id="27478340">
    <nd ref="13651025836"/>
    <nd ref="2617194272"/>
    <nd ref="2617194277"/>
    <nd ref="1570145843"/>
    <nd ref="2617194308"/>
    <nd ref="2617194325"/>
    <nd ref="6858700458"/>
    <nd ref="301671985"/>
    <tag k="bicycle" v="yes"/>
    <tag k="bus" v="yes"/>
    <tag k="cycleway" v="no"/>
    <tag k="highway" v="residential"/>
    <tag k="horse" v="no"/>
    <tag k="lit" v="yes"/>
    <tag k="maxspeed" v="30"/>
    <tag k="name" v="Przędzalnicza"/>
    <tag k="note:access" v="Nie dotyczy posiadaczy identyfikatorów typu GM wydanych przez GZDiZ oraz pojazdów wymienionych w Zarządzeniu nr 34/14 Prezydenta Miasta Gdańska z dn. 10.01.2014 r. Informacje: PN-PT w godz. 7.00-15.00 tel. 58 52-44-627, 58 55-89-571"/>
    <tag k="old_name:de" v="Zwirngasse"/>
    <tag k="sidewalk:both" v="separate"/>
    <tag k="source:access" v="https://gzd.gda.pl/zalatw-sprawe/strefa-ograniczonej-dostepnosci-na-glownym-miescie,a,3141"/>
    <tag k="source:maxspeed" v="PL:zone30"/>
    <tag k="surface" v="sett"/>
    <tag k="taxi" v="yes"/>
    <tag k="vehicle" v="permit"/>
  </way>
  <way id="27478344">
    <nd ref="2619757974"/>
    <nd ref="8975596476"/>
    <nd ref="7178626221"/>
    <nd ref="3029019042"/>
    <nd ref="7178626224"/>
    <nd ref="10838407420"/>
    <nd ref="2632154416"/>
    <tag k="highway" v="residential"/>
    <tag k="maxspeed" v="30"/>
    <tag k="name" v="Rzeźnicka"/>
    <tag k="old_name:de" v="Fleischergasse"/>
    <tag k="oneway" v="yes"/>
    <tag k="oneway:bicycle" v="no"/>
    <tag k="source" v="https://gzdiz.gda.pl/drogi/zmiana-organizacji-ruchu-na-ul-okopowej-przy-urzedzie-marszalkowskim,a,3388"/>
    <tag k="source:maxspeed" v="PL:zone30"/>
    <tag k="surface" v="cobblestone"/>
  </way>
  <way id="27478348">
    <nd ref="2103407204"/>
    <nd ref="1947567862"/>
    <nd ref="2103407192"/>
    <nd ref="301671319"/>
    <tag k="agricultural" v="no"/>
    <tag k="bicycle" v="yes"/>
    <tag k="bus" v="yes"/>
    <tag k="hgv" v="no"/>
    <tag k="hgv:conditional" v="yes @ marked"/>
    <tag k="highway" v="residential"/>
    <tag k="horse" v="no"/>
    <tag k="lit" v="yes"/>
    <tag k="maxspeed" v="30"/>
    <tag k="name" v="Świętego Ducha"/>
    <tag k="note:access" v="Nie dotyczy posiadaczy identyfikatorów typu GM wydanych przez GZDiZ oraz pojazdów wymienionych w Zarządzeniu nr 34/14 Prezydenta Miasta Gdańska z dn. 10.01.2014 r. Informacje: PN-PT w godz. 7.00-15.00 tel. 58 52-44-627, 58 55-89-571"/>
    <tag k="note:hgv" v="Nie dotyczy samochodów ciężarowych o dopuszczalnej masie całkowitej nieprzekraczającej 12 ton w godzinach 21 - 10"/>
    <tag k="old_name:de" v="Heiliggeistgasse"/>
    <tag k="old_name:la" v="Platea Sancti Spiritus"/>
    <tag k="oneway" v="yes"/>
    <tag k="oneway:bicycle" v="no"/>
    <tag k="source:access" v="https://gzd.gda.pl/zalatw-sprawe/strefa-ograniczonej-dostepnosci-na-glownym-miescie,a,3141"/>
    <tag k="source:hgv" v="PL:sign_B-5"/>
    <tag k="source:maxspeed" v="PL:zone30"/>
    <tag k="surface" v="sett"/>
    <tag k="taxi" v="yes"/>
    <tag k="vehicle" v="permit"/>
    <tag k="wikidata" v="Q9366365"/>
    <tag k="wikipedia" v="pl:Ulica Świętego Ducha w Gdańsku"/>
  </way>
  <way id="27478370">
    <nd ref="301672005"/>
    <nd ref="2617194435"/>
    <nd ref="10208437482"/>
    <nd ref="1566155703"/>
    <nd ref="1391177323"/>
    <nd ref="10208448819"/>
    <nd ref="301672012"/>
    <tag k="highway" v="residential"/>
    <tag k="lit" v="yes"/>
    <tag k="maxspeed" v="30"/>
    <tag k="name" v="Minogi"/>
    <tag k="old_name:de" v="Neunaugengasse"/>
    <tag k="oneway" v="yes"/>
    <tag k="oneway:bicycle" v="no"/>
    <tag k="source:maxspeed" v="PL:zone30"/>
  </way>
  <way id="27478378">
    <nd ref="301671975"/>
    <nd ref="1565596059"/>
    <nd ref="9747558170"/>
    <nd ref="1387576105"/>
    <nd ref="1849057308"/>
    <tag k="highway" v="residential"/>
    <tag k="lit" v="yes"/>
    <tag k="maxspeed" v="30"/>
    <tag k="name" v="Lawendowa"/>
    <tag k="old_name:de" v="Lavendelgasse"/>
    <tag k="oneway" v="yes"/>
    <tag k="oneway:bicycle" v="no"/>
    <tag k="source:maxspeed" v="PL:zone30"/>
    <tag k="surface" v="asphalt"/>
  </way>
  <way id="27478390">
    <nd ref="301672012"/>
    <nd ref="10208448724"/>
    <nd ref="9174388475"/>
    <nd ref="1566156217"/>
    <nd ref="1565594890"/>
    <nd ref="10783295879"/>
    <nd ref="10208448815"/>
    <nd ref="301672015"/>
    <tag k="highway" v="residential"/>
    <tag k="lit" v="yes"/>
    <tag k="maxspeed" v="30"/>
    <tag k="name" v="Straganiarska"/>
    <tag k="old_name:de" v="Häkergasse"/>
    <tag k="old_name:la" v="platea campensium"/>
    <tag k="oneway" v="yes"/>
    <tag k="oneway:bicycle" v="no"/>
    <tag k="source:maxspeed" v="PL:zone30"/>
    <tag k="surface" v="sett"/>
  </way>
  <way id="27478392">
    <nd ref="301679400"/>
    <nd ref="2617308522"/>
    <nd ref="2104575784"/>
    <nd ref="2617643060"/>
    <nd ref="301679627"/>
    <nd ref="2617643101"/>
    <nd ref="8590051561"/>
    <nd ref="1521392497"/>
    <nd ref="301679809"/>
    <nd ref="2617643131"/>
    <tag k="dual_carriageway" v="yes"/>
    <tag k="highway" v="primary"/>
    <tag k="highway:category:pl" v="1"/>
    <tag k="int_ref" v="E 75"/>
    <tag k="lanes" v="3"/>
    <tag k="lit" v="yes"/>
    <tag k="maxaxleload" v="11.5"/>
    <tag k="maxspeed" v="50"/>
    <tag k="maxweightrating:hgv" v="27"/>
    <tag k="maxweightrating:hgv:conditional" v="none @ marked"/>
    <tag k="name" v="Wały Jagiellońskie"/>
    <tag k="note:maxweightrating:hgv" v="Nie dotyczy posiadaczy identyfikatorów Gdańskiego Zarządu Dróg i Zieleni 58 52 44 500"/>
    <tag k="old_name:de" v="Elisabethwall"/>
    <tag k="oneway" v="yes"/>
    <tag k="ref" v="91"/>
    <tag k="source" v="survey"/>
    <tag k="source:maxaxleload" v="Dz.U. 2011 nr 222 poz. 1321 Art. 2 pkt. 11"/>
    <tag k="source:maxspeed" v="PL:urban"/>
    <tag k="source:maxweightrating:hgv" v="PL:sign_B-5"/>
    <tag k="source:ref" v="Zarządzenie nr 46 Generalnego Dyrektora Dróg Krajowych i Autostrad z dnia 17 grudnia 2012 r."/>
    <tag k="source:ref:url" v="https://www.archiwum.gddkia.gov.pl/userfiles/articles/z/zarzadzenia-generalnego-dyrektor_10385/zarzadzenie%2046.pdf"/>
    <tag k="surface" v="asphalt"/>
  </way>
  <way id="27478405">
    <nd ref="1721167983"/>
    <nd ref="9711554959"/>
    <nd ref="9711554960"/>
    <nd ref="2276607322"/>
    <nd ref="9711554961"/>
    <nd ref="2276607327"/>
    <nd ref="12231619465"/>
    <nd ref="301672194"/>
    <nd ref="9711554955"/>
    <nd ref="301672193"/>
    <nd ref="2964089209"/>
    <nd ref="1127323523"/>
    <nd ref="2964089214"/>
    <nd ref="301672192"/>
    <nd ref="2539677547"/>
    <nd ref="2539677584"/>
    <nd ref="301672191"/>
    <nd ref="301672190"/>
    <nd ref="2964089222"/>
    <nd ref="301672208"/>
    <tag k="agricultural" v="no"/>
    <tag k="hgv" v="no"/>
    <tag k="hgv:conditional" v="yes @ marked"/>
    <tag k="highway" v="residential"/>
    <tag k="lanes" v="2"/>
    <tag k="maxheight" v="3.5"/>
    <tag k="maxspeed" v="30"/>
    <tag k="name" v="Pszenna"/>
    <tag k="note:hgv" v="Nie dotyczy posiadaczy identyfikatorów typu T wydanych przez GZDiZ"/>
    <tag k="old_name:de" v="Adebargasse"/>
    <tag k="sidewalk" v="separate"/>
    <tag k="source" v="UMP-PL, ./UMP-Gdansk/src/GDANSK.ulice.txt"/>
    <tag k="source:hgv" v="PL:sign_B-5"/>
    <tag k="source:maxspeed" v="PL:zone30"/>
    <tag k="surface" v="asphalt"/>
  </way>
  <way id="27478419">
    <nd ref="1890705078"/>
    <nd ref="9161237757"/>
    <nd ref="480151737"/>
    <tag k="bicycle" v="yes"/>
    <tag k="highway" v="living_street"/>
    <tag k="lit" v="yes"/>
    <tag k="maxspeed" v="20"/>
    <tag k="maxweight" v="3.5"/>
    <tag k="maxweight:conditional" v="none @ marked"/>
    <tag k="name" v="Stągiewna"/>
    <tag k="note:maxweight" v="Nie dotyczy służb komunalnych oraz posiadaczy identyfikatórw wydanych przez GZDiZ"/>
    <tag k="old_name:de" v="Milchkannenbrücke"/>
    <tag k="smoothness" v="bad"/>
    <tag k="source:maxspeed" v="PL:living_street"/>
    <tag k="source:maxweight" v="PL:sign_B-18"/>
    <tag k="surface" v="sett"/>
  </way>
  <way id="31360666">
    <nd ref="301679707"/>
    <nd ref="12403380832"/>
    <nd ref="12403380831"/>
    <nd ref="1559178656"/>
    <nd ref="12403380869"/>
    <nd ref="12403380827"/>
    <tag k="dual_carriageway" v="yes"/>
    <tag k="foot" v="no"/>
    <tag k="highway" v="primary"/>
    <tag k="highway:category:pl" v="1"/>
    <tag k="int_ref" v="E 75"/>
    <tag k="lanes" v="4"/>
    <tag k="lit" v="yes"/>
    <tag k="maxaxleload" v="11.5"/>
    <tag k="maxspeed" v="50"/>
    <tag k="name" v="Okopowa"/>
    <tag k="old_name:de" v="Wiebenwall"/>
    <tag k="oneway" v="yes"/>
    <tag k="ref" v="91"/>
    <tag k="source" v="UMP-PL, ./UMP-Gdansk/src/GDANSK.ulice.txt"/>
    <tag k="source:maxaxleload" v="Dz.U. 2011 nr 222 poz. 1321 Art. 2 pkt. 11"/>
    <tag k="source:ref" v="Zarządzenie nr 46 Generalnego Dyrektora Dróg Krajowych i Autostrad z dnia 17 grudnia 2012 r."/>
    <tag k="source:ref:url" v="https://www.archiwum.gddkia.gov.pl/userfiles/articles/z/zarzadzenia-generalnego-dyrektor_10385/zarzadzenie%2046.pdf"/>
    <tag k="surface" v="asphalt"/>
    <tag k="turn:lanes" v="left|through|through|right"/>
  </way>
  <way id="31360671">
    <nd ref="13436681406"/>
    <nd ref="301679769"/>
    <nd ref="3741457642"/>
    <nd ref="3715012954"/>
    <nd ref="12065032312"/>
    <tag k="dual_carriageway" v="yes"/>
    <tag k="highway" v="primary"/>
    <tag k="highway:category:pl" v="2"/>
    <tag k="lanes" v="3"/>
    <tag k="lit" v="yes"/>
    <tag k="maxspeed" v="50"/>
    <tag k="name" v="Podwale Przedmiejskie"/>
    <tag k="old_name:de" v="Vorstädtischer Graben"/>
    <tag k="old_name:de_1" v="Vorstädtischer Graben"/>
    <tag k="oneway" v="yes"/>
    <tag k="ref" v="501"/>
    <tag k="sidewalk:left" v="no"/>
    <tag k="sidewalk:right" v="separate"/>
    <tag k="source:maxspeed" v="PL:urban"/>
    <tag k="surface" v="asphalt"/>
  </way>
  <way id="34159311">
    <nd ref="301679794"/>
    <nd ref="13136696899"/>
    <tag k="cutting" v="yes"/>
    <tag k="cycleway:right" v="no"/>
    <tag k="dual_carriageway" v="yes"/>
    <tag k="foot" v="no"/>
    <tag k="highway" v="primary"/>
    <tag k="highway:category:pl" v="1"/>
    <tag k="int_ref" v="E 75"/>
    <tag k="lanes" v="2"/>
    <tag k="lit" v="yes"/>
    <tag k="maxaxleload" v="11.5"/>
    <tag k="maxspeed" v="50"/>
    <tag k="name" v="Okopowa"/>
    <tag k="old_name:de" v="Karrenwall"/>
    <tag k="oneway" v="yes"/>
    <tag k="ref" v="91"/>
    <tag k="sidewalk" v="no"/>
    <tag k="source" v="UMP-PL, ./UMP-Gdansk/src/GDANSK.ulice.txt"/>
    <tag k="source:maxaxleload" v="Dz.U. 2011 nr 222 poz. 1321 Art. 2 pkt. 11"/>
    <tag k="source:maxspeed" v="PL:urban"/>
    <tag k="source:ref" v="Zarządzenie nr 46 Generalnego Dyrektora Dróg Krajowych i Autostrad z dnia 17 grudnia 2012 r."/>
    <tag k="source:ref:url" v="https://www.archiwum.gddkia.gov.pl/userfiles/articles/z/zarzadzenia-generalnego-dyrektor_10385/zarzadzenie%2046.pdf"/>
    <tag k="surface" v="asphalt"/>
  </way>
  <way id="39358369">
    <nd ref="471566089"/>
    <nd ref="9825087309"/>
    <nd ref="9990599256"/>
    <nd ref="9990599252"/>
    <nd ref="9990599255"/>
    <nd ref="2963907341"/>
    <nd ref="2963907345"/>
    <nd ref="9990599232"/>
    <nd ref="595819450"/>
    <tag k="highway" v="service"/>
    <tag k="maxspeed" v="30"/>
    <tag k="oneway" v="yes"/>
    <tag k="service" v="alley"/>
    <tag k="source:maxspeed" v="PL:zone30"/>
  </way>
  <way id="39970046">
    <nd ref="301672251"/>
    <nd ref="301672250"/>
    <tag k="bridge" v="yes"/>
    <tag k="highway" v="residential"/>
    <tag k="layer" v="1"/>
    <tag k="lit" v="yes"/>
    <tag k="maxspeed" v="30"/>
    <tag k="maxweight" v="2.5"/>
    <tag k="name" v="Szafarnia"/>
    <tag k="old_name:de" v="Schäferei"/>
    <tag k="source" v="UMP-PL, ./UMP-Gdansk/src/GDANSK.ulice.txt"/>
    <tag k="source:maxspeed" v="PL:zone30"/>
    <tag k="source:maxweight" v="PL:sign_B-18"/>
    <tag k="surface" v="sett"/>
  </way>
  <way id="39970047">
    <nd ref="2617194398"/>
    <nd ref="2617194400"/>
    <nd ref="10269329576"/>
    <nd ref="301672247"/>
    <nd ref="1868665066"/>
    <nd ref="1868665244"/>
    <nd ref="10269329571"/>
    <nd ref="7838222408"/>
    <nd ref="10067801619"/>
    <nd ref="10067801620"/>
    <nd ref="1868665461"/>
    <nd ref="1868665502"/>
    <tag k="highway" v="residential"/>
    <tag k="lit" v="yes"/>
    <tag k="maxspeed" v="30"/>
    <tag k="name" v="Ołowianka"/>
    <tag k="old_name:de" v="Bleihof"/>
    <tag k="source:maxspeed" v="PL:zone30"/>
    <tag k="surface" v="cobblestone"/>
  </way>
  <way id="39970049">
    <nd ref="480151642"/>
    <nd ref="10141231359"/>
    <nd ref="10141231360"/>
    <nd ref="10141231356"/>
    <nd ref="10962574545"/>
    <nd ref="9161237758"/>
    <nd ref="480151644"/>
    <nd ref="2896192709"/>
    <nd ref="2896192704"/>
    <nd ref="2896192702"/>
    <nd ref="2896192396"/>
    <nd ref="764323560"/>
    <nd ref="480151646"/>
    <nd ref="2964089382"/>
    <nd ref="2964089381"/>
    <nd ref="2964089378"/>
    <nd ref="7744520409"/>
    <nd ref="2964089375"/>
    <nd ref="2964089206"/>
    <nd ref="12858664961"/>
    <nd ref="10286778774"/>
    <nd ref="480151649"/>
    <nd ref="9174495681"/>
    <nd ref="9174495678"/>
    <nd ref="9174495680"/>
    <nd ref="9174495679"/>
    <nd ref="480151651"/>
    <nd ref="9415775845"/>
    <nd ref="9415775844"/>
    <nd ref="9174495690"/>
    <nd ref="480151653"/>
    <nd ref="5504955032"/>
    <nd ref="5504955033"/>
    <nd ref="5504955028"/>
    <nd ref="11571473471"/>
    <nd ref="11571435667"/>
    <nd ref="5504955029"/>
    <nd ref="5504955036"/>
    <nd ref="5504955037"/>
    <nd ref="5504955040"/>
    <nd ref="5504955041"/>
    <nd ref="5504955043"/>
    <nd ref="5504955044"/>
    <nd ref="11355734601"/>
    <nd ref="11355734603"/>
    <nd ref="11355734602"/>
    <nd ref="1743214005"/>
    <nd ref="9416034287"/>
    <nd ref="9416034290"/>
    <nd ref="9416034293"/>
    <nd ref="480151657"/>
    <nd ref="9416034298"/>
    <nd ref="9416034295"/>
    <nd ref="9416034294"/>
    <nd ref="480151659"/>
    <nd ref="11355734600"/>
    <nd ref="480151660"/>
    <nd ref="11355734599"/>
    <nd ref="9416034286"/>
    <nd ref="9416034274"/>
    <nd ref="11355734595"/>
    <nd ref="9416034273"/>
    <nd ref="480151662"/>
    <nd ref="9416034275"/>
    <nd ref="9749278462"/>
    <nd ref="9416033909"/>
    <nd ref="9416033910"/>
    <nd ref="9416033911"/>
    <nd ref="480151664"/>
    <nd ref="9416033913"/>
    <nd ref="1429424657"/>
    <nd ref="3759493330"/>
    <nd ref="1429424655"/>
    <nd ref="1429424588"/>
    <nd ref="353971329"/>
    <nd ref="762214282"/>
    <nd ref="3759493324"/>
    <nd ref="3759493325"/>
    <nd ref="480151683"/>
    <nd ref="3759493329"/>
    <nd ref="3759493331"/>
    <nd ref="480151685"/>
    <nd ref="5859683518"/>
    <nd ref="5859683520"/>
    <nd ref="5859683517"/>
    <nd ref="480151687"/>
    <nd ref="10143590588"/>
    <nd ref="10143590587"/>
    <nd ref="3759493332"/>
    <nd ref="10838407226"/>
    <nd ref="480151688"/>
    <nd ref="10143590586"/>
    <nd ref="10838407228"/>
    <nd ref="10838407227"/>
    <nd ref="480151690"/>
    <nd ref="10143590585"/>
    <nd ref="480151691"/>
    <nd ref="10838407229"/>
    <nd ref="10143590593"/>
    <nd ref="10143590594"/>
    <nd ref="10838407232"/>
    <nd ref="480151693"/>
    <nd ref="3579300202"/>
    <nd ref="480151694"/>
    <nd ref="762214220"/>
    <nd ref="3579300204"/>
    <nd ref="9907272849"/>
    <nd ref="480151699"/>
    <nd ref="5504836578"/>
    <nd ref="9907272855"/>
    <nd ref="9907272856"/>
    <nd ref="9907272854"/>
    <nd ref="9907272853"/>
    <nd ref="9907272852"/>
    <nd ref="764323622"/>
    <nd ref="480151701"/>
    <nd ref="9907272851"/>
    <nd ref="9907272850"/>
    <nd ref="3037672685"/>
    <nd ref="480151703"/>
    <nd ref="3037672686"/>
    <nd ref="480151705"/>
    <nd ref="12858664960"/>
    <nd ref="764323646"/>
    <nd ref="9950268497"/>
    <nd ref="9711875146"/>
    <nd ref="764323449"/>
    <nd ref="2964089379"/>
    <nd ref="2964089384"/>
    <nd ref="7744520408"/>
    <nd ref="2964089385"/>
    <nd ref="12133151826"/>
    <nd ref="480151708"/>
    <nd ref="764323645"/>
    <nd ref="2874334562"/>
    <nd ref="12133151822"/>
    <nd ref="764323481"/>
    <nd ref="2874334574"/>
    <nd ref="764323451"/>
    <nd ref="10141231357"/>
    <nd ref="10141231361"/>
    <nd ref="10141231358"/>
    <nd ref="764323579"/>
  </way>
  <way id="39970053">
    <nd ref="1876140356"/>
    <nd ref="13308361593"/>
    <nd ref="9824944622"/>
    <nd ref="13308361589"/>
    <nd ref="13308361592"/>
    <nd ref="5376779420"/>
    <nd ref="11963560171"/>
    <nd ref="5376779411"/>
    <nd ref="9463697243"/>
    <nd ref="764323538"/>
    <nd ref="7180930004"/>
    <nd ref="275996703"/>
    <nd ref="13308361596"/>
    <nd ref="13308361597"/>
    <nd ref="301671785"/>
    <tag k="highway" v="residential"/>
    <tag k="lanes" v="2"/>
    <tag k="lit" v="yes"/>
    <tag k="maxspeed" v="30"/>
    <tag k="maxweight" v="3.5"/>
    <tag k="maxweight:conditional" v="none @ marked"/>
    <tag k="name" v="Chmielna"/>
    <tag k="note:maxweight" v="Nie dotyczy posiadaczy identyfikatorów wydanych przez GZDiZ"/>
    <tag k="old_name:de" v="Hopfengasse"/>
    <tag k="oneway" v="no"/>
    <tag k="source:maxspeed" v="PL:zone30"/>
    <tag k="source:maxweight" v="PL:sign_B-18"/>
    <tag k="surface" v="unhewn_cobblestone"/>
  </way>
  <way id="39970056">
    <nd ref="301679764"/>
    <nd ref="114087100"/>
    <tag k="bridge" v="yes"/>
    <tag k="cycleway:right" v="no"/>
    <tag k="dual_carriageway" v="yes"/>
    <tag k="highway" v="primary"/>
    <tag k="highway:category:pl" v="2"/>
    <tag k="lanes" v="3"/>
    <tag k="layer" v="1"/>
    <tag k="lit" v="yes"/>
    <tag k="maxspeed" v="50"/>
    <tag k="maxweight:signed" v="no"/>
    <tag k="maxweightrating:hgv" v="27"/>
    <tag k="maxweightrating:hgv:conditional" v="none @ marked"/>
    <tag k="name" v="Podwale Przedmiejskie"/>
    <tag k="note:maxweightrating:hgv" v="Nie dotyczy posiadaczy identyfikatorów Gdańskiego Zarządu Dróg i Zieleni 58 52 44 500"/>
    <tag k="old_name:de" v="Vorstädtischer Graben"/>
    <tag k="oneway" v="yes"/>
    <tag k="ref" v="501"/>
    <tag k="shoulder" v="no"/>
    <tag k="sidewalk" v="no"/>
    <tag k="source:maxspeed" v="PL:urban"/>
    <tag k="source:maxweightrating:hgv" v="PL:sign_B-5"/>
    <tag k="surface" v="asphalt"/>
    <tag k="turn:lanes" v="reverse;left|through|through;right"/>
  </way>
  <way id="39970057">
    <nd ref="114087100"/>
    <nd ref="6042571331"/>
    <nd ref="2964089216"/>
    <tag k="cycleway:right" v="lane"/>
    <tag k="dual_carriageway" v="yes"/>
    <tag k="highway" v="primary"/>
    <tag k="highway:category:pl" v="2"/>
    <tag k="lanes" v="3"/>
    <tag k="lit" v="yes"/>
    <tag k="maxspeed" v="50"/>
    <tag k="maxweightrating:hgv" v="27"/>
    <tag k="maxweightrating:hgv:conditional" v="none @ marked"/>
    <tag k="name" v="Podwale Przedmiejskie"/>
    <tag k="note:maxweightrating:hgv" v="Nie dotyczy posiadaczy identyfikatorów Gdańskiego Zarządu Dróg i Zieleni 58 52 44 500"/>
    <tag k="old_name:de" v="Brandgasse"/>
    <tag k="old_name:de_1" v="Vorstädtischer Graben"/>
    <tag k="oneway" v="yes"/>
    <tag k="ref" v="501"/>
    <tag k="sidewalk" v="no"/>
    <tag k="source:maxspeed" v="PL:urban"/>
    <tag k="source:maxweightrating:hgv" v="PL:sign_B-5"/>
    <tag k="surface" v="asphalt"/>
    <tag k="turn:lanes" v="reverse;left|through|through;right"/>
  </way>
  <way id="39970059">
    <nd ref="301672177"/>
    <nd ref="3741454874"/>
    <nd ref="2964003355"/>
    <nd ref="301672175"/>
    <nd ref="3715012955"/>
    <nd ref="3741457670"/>
    <nd ref="301672173"/>
    <tag k="bus:lanes" v="yes|yes|designated"/>
    <tag k="dual_carriageway" v="yes"/>
    <tag k="highway" v="primary"/>
    <tag k="highway:category:pl" v="2"/>
    <tag k="lanes" v="3"/>
    <tag k="lanes:bus" v="1"/>
    <tag k="lit" v="yes"/>
    <tag k="maxspeed" v="50"/>
    <tag k="name" v="Podwale Przedmiejskie"/>
    <tag k="note:lanes" v="||Znak D-11: prawy pas tylko dla: BUS."/>
    <tag k="old_name:de" v="Vorstädtischer Graben"/>
    <tag k="old_name:de_1" v="Vorstädtischer Graben"/>
    <tag k="oneway" v="yes"/>
    <tag k="parking:condition:both" v="no_stopping"/>
    <tag k="placement" v="left_of:2"/>
    <tag k="ref" v="501"/>
    <tag k="sidewalk" v="no"/>
    <tag k="source:maxspeed" v="PL:urban"/>
    <tag k="surface" v="asphalt"/>
    <tag k="vehicle:lanes" v="yes|yes|no"/>
  </way>
  <way id="39970060">
    <nd ref="114087098"/>
    <nd ref="480151731"/>
    <tag k="bridge" v="yes"/>
    <tag k="cycleway:right" v="lane"/>
    <tag k="dual_carriageway" v="yes"/>
    <tag k="highway" v="primary"/>
    <tag k="highway:category:pl" v="2"/>
    <tag k="lanes" v="2"/>
    <tag k="layer" v="1"/>
    <tag k="lit" v="yes"/>
    <tag k="maxspeed" v="50"/>
    <tag k="maxweight:signed" v="no"/>
    <tag k="name" v="Podwale Przedmiejskie"/>
    <tag k="old_name:de" v="Vorstädtischer Graben"/>
    <tag k="oneway" v="yes"/>
    <tag k="ref" v="501"/>
    <tag k="sidewalk:left" v="no"/>
    <tag k="sidewalk:right" v="separate"/>
    <tag k="smoothness" v="excellent"/>
    <tag k="source:maxspeed" v="PL:urban"/>
    <tag k="surface" v="asphalt"/>
  </way>
  <way id="39970061">
    <nd ref="480151731"/>
    <nd ref="2619757990"/>
    <tag k="cycleway:right" v="lane"/>
    <tag k="dual_carriageway" v="yes"/>
    <tag k="highway" v="primary"/>
    <tag k="highway:category:pl" v="2"/>
    <tag k="lanes" v="2"/>
    <tag k="lit" v="yes"/>
    <tag k="maxspeed" v="50"/>
    <tag k="name" v="Podwale Przedmiejskie"/>
    <tag k="old_name" v="Reitergasse"/>
    <tag k="old_name:de" v="Vorstädtischer Graben"/>
    <tag k="oneway" v="yes"/>
    <tag k="ref" v="501"/>
    <tag k="sidewalk:left" v="no"/>
    <tag k="sidewalk:right" v="separate"/>
    <tag k="smoothness" v="excellent"/>
    <tag k="source:maxspeed" v="PL:urban"/>
    <tag k="surface" v="asphalt"/>
  </way>
  <way id="39970062">
    <nd ref="480151735"/>
    <nd ref="13813974249"/>
    <nd ref="480151733"/>
    <tag k="bridge" v="yes"/>
    <tag k="bus:lanes" v="yes|yes|designated"/>
    <tag k="cycleway:right" v="lane"/>
    <tag k="dual_carriageway" v="yes"/>
    <tag k="highway" v="primary"/>
    <tag k="highway:category:pl" v="2"/>
    <tag k="lanes" v="3"/>
    <tag k="lanes:bus" v="1"/>
    <tag k="lanes:mofa" v="1"/>
    <tag k="lanes:moped" v="1"/>
    <tag k="lanes:motorcycle" v="1"/>
    <tag k="lanes:taxi" v="1"/>
    <tag k="layer" v="1"/>
    <tag k="lit" v="yes"/>
    <tag k="maxspeed" v="50"/>
    <tag k="maxweight:signed" v="no"/>
    <tag k="mofa:lanes" v="yes|yes|designated"/>
    <tag k="moped:lanes" v="yes|yes|designated"/>
    <tag k="motorcycle:lanes" v="yes|yes|designated"/>
    <tag k="name" v="Podwale Przedmiejskie"/>
    <tag k="note:lanes" v="||Znak D-11: prawy pas tylko dla: BUS, TAXI, służby miejskie, motocykle i motorowery."/>
    <tag k="old_name:de" v="Vorstädtischer Graben"/>
    <tag k="oneway" v="yes"/>
    <tag k="placement" v="left_of:2"/>
    <tag k="ref" v="501"/>
    <tag k="source:maxspeed" v="PL:urban"/>
    <tag k="surface" v="asphalt"/>
    <tag k="taxi:lanes" v="yes|yes|designated"/>
    <tag k="vehicle:lanes" v="yes|yes|no"/>
  </way>
  <way id="39970065">
    <nd ref="10141231360"/>
    <nd ref="480151736"/>
    <tag k="bicycle" v="yes"/>
    <tag k="highway" v="residential"/>
    <tag k="lit" v="yes"/>
    <tag k="maxspeed" v="30"/>
    <tag k="name" v="Stągiewna"/>
    <tag k="old_name:de" v="Milchkannenbrücke"/>
    <tag k="source:maxspeed" v="PL:zone30"/>
    <tag k="surface" v="asphalt"/>
  </way>
  <way id="46608526">
    <nd ref="301672226"/>
    <nd ref="1902192060"/>
    <nd ref="9711875147"/>
    <nd ref="3673965837"/>
    <nd ref="301672225"/>
    <nd ref="10962574540"/>
    <nd ref="1967344947"/>
    <nd ref="301672224"/>
    <tag k="dual_carriageway" v="yes"/>
    <tag k="highway" v="residential"/>
    <tag k="lit" v="yes"/>
    <tag k="maxspeed" v="30"/>
    <tag k="name" v="Długie Ogrody"/>
    <tag k="old_name:de" v="Langgarten"/>
    <tag k="oneway" v="yes"/>
    <tag k="sidewalk:left" v="no"/>
    <tag k="sidewalk:right" v="separate"/>
    <tag k="smoothness" v="good"/>
    <tag k="source:maxspeed" v="PL:zone30"/>
    <tag k="surface" v="asphalt"/>
  </way>
  <way id="46625716">
    <nd ref="595795110"/>
    <nd ref="10822668326"/>
    <nd ref="9825071087"/>
    <nd ref="9825071080"/>
    <nd ref="9825087279"/>
    <nd ref="9825087275"/>
    <nd ref="9825071079"/>
    <nd ref="595795111"/>
    <tag k="highway" v="service"/>
    <tag k="maxspeed" v="30"/>
    <tag k="oneway" v="yes"/>
    <tag k="oneway:bicycle" v="no"/>
    <tag k="source:maxspeed" v="PL:zone30"/>
    <tag k="surface" v="concrete:plates"/>
  </way>
  <way id="49588384">
    <nd ref="630642421"/>
    <nd ref="11508868522"/>
    <nd ref="11508868521"/>
    <nd ref="2964003661"/>
    <nd ref="11508868523"/>
    <nd ref="2964003660"/>
    <nd ref="11508868212"/>
    <nd ref="11508868213"/>
    <nd ref="630642473"/>
    <nd ref="2964003659"/>
    <nd ref="7681005499"/>
    <nd ref="630642470"/>
    <nd ref="2964003657"/>
    <nd ref="8570122872"/>
    <nd ref="2964003654"/>
    <nd ref="8570122871"/>
    <nd ref="630642468"/>
    <nd ref="7681005498"/>
    <nd ref="11508868282"/>
    <nd ref="12526336778"/>
    <tag k="electrified" v="contact_line"/>
    <tag k="frequency" v="0"/>
    <tag k="gauge" v="1435"/>
    <tag k="maxspeed" v="50"/>
    <tag k="oneway" v="yes"/>
    <tag k="railway" v="tram"/>
    <tag k="voltage" v="600"/>
  </way>
  <way id="60064070">
    <nd ref="1568383280"/>
    <nd ref="1120279634"/>
    <nd ref="8560624780"/>
    <nd ref="1568383139"/>
    <nd ref="1568383130"/>
    <nd ref="5914375959"/>
    <nd ref="480411789"/>
    <tag k="bicycle" v="yes"/>
    <tag k="highway" v="residential"/>
    <tag k="horse" v="no"/>
    <tag k="lit" v="yes"/>
    <tag k="maxspeed" v="30"/>
    <tag k="name" v="Mieszczańska"/>
    <tag k="note:access" v="Nie dotyczy posiadaczy identyfikatorów typu GM wydanych przez GZDiZ oraz pojazdów wymienionych w Zarządzeniu nr 34/14 Prezydenta Miasta Gdańska z dn. 10.01.2014 r. Informacje: PN-PT w godz. 7.00-15.00 tel. 58 52-44-627, 58 55-89-571"/>
    <tag k="old_name:de" v="Berholdsche Gasse"/>
    <tag k="sidewalk" v="both"/>
    <tag k="source:access" v="https://gzd.gda.pl/zalatw-sprawe/strefa-ograniczonej-dostepnosci-na-glownym-miescie,a,3141"/>
    <tag k="source:maxspeed" v="PL:zone30"/>
    <tag k="surface" v="sett"/>
    <tag k="taxi" v="yes"/>
    <tag k="vehicle" v="permit"/>
  </way>
  <way id="60064078">
    <nd ref="1568383448"/>
    <nd ref="301672057"/>
    <tag k="bicycle" v="yes"/>
    <tag k="highway" v="living_street"/>
    <tag k="horse" v="no"/>
    <tag k="lit" v="yes"/>
    <tag k="maxspeed" v="20"/>
    <tag k="name" v="Kuśnierska"/>
    <tag k="note:access" v="Nie dotyczy posiadaczy identyfikatorów typu GM wydanych przez GZDiZ oraz pojazdów wymienionych w Zarządzeniu nr 34/14 Prezydenta Miasta Gdańska z dn. 10.01.2014 r. Informacje: PN-PT w godz. 7.00-15.00 tel. 58 52-44-627, 58 55-89-571"/>
    <tag k="old_name:de" v="Kürschnergasse"/>
    <tag k="old_name:la" v="platea pellificum"/>
    <tag k="smoothness" v="very_bad"/>
    <tag k="source" v="UMP-PL, ./UMP-Gdansk/src/GDANSK.ulice.txt"/>
    <tag k="source:access" v="https://gzd.gda.pl/zalatw-sprawe/strefa-ograniczonej-dostepnosci-na-glownym-miescie,a,3141"/>
    <tag k="source:maxspeed" v="PL:living_street"/>
    <tag k="surface" v="sett"/>
    <tag k="taxi" v="yes"/>
    <tag k="vehicle" v="permit"/>
  </way>
  <way id="60064087">
    <nd ref="11471865545"/>
    <nd ref="9634382927"/>
    <nd ref="9634382929"/>
    <nd ref="1568383344"/>
    <nd ref="1568383372"/>
    <nd ref="457065870"/>
    <nd ref="1567964197"/>
    <nd ref="10962574521"/>
    <tag k="bicycle" v="yes"/>
    <tag k="highway" v="living_street"/>
    <tag k="horse" v="no"/>
    <tag k="lit" v="yes"/>
    <tag k="maxspeed" v="20"/>
    <tag k="name" v="Pończoszników"/>
    <tag k="note:access" v="Nie dotyczy posiadaczy identyfikatorów typu GM wydanych przez GZDiZ oraz pojazdów wymienionych w Zarządzeniu nr 34/14 Prezydenta Miasta Gdańska z dn. 10.01.2014 r. Informacje: PN-PT w godz. 7.00-15.00 tel. 58 52-44-627, 58 55-89-571"/>
    <tag k="old_name:de" v="Große Hosennähergasse"/>
    <tag k="source:access" v="https://gzd.gda.pl/zalatw-sprawe/strefa-ograniczonej-dostepnosci-na-glownym-miescie,a,3141"/>
    <tag k="source:maxspeed" v="PL:living_street"/>
    <tag k="surface" v="sett"/>
    <tag k="taxi" v="yes"/>
    <tag k="vehicle" v="permit"/>
  </way>
  <way id="60105687">
    <nd ref="2104575753"/>
    <nd ref="1118941837"/>
    <nd ref="746496072"/>
    <nd ref="2617308508"/>
    <nd ref="1582534226"/>
    <tag k="cycleway:right" v="lane"/>
    <tag k="dual_carriageway" v="yes"/>
    <tag k="highway" v="tertiary"/>
    <tag k="lanes" v="2"/>
    <tag k="lit" v="yes"/>
    <tag k="maxspeed" v="30"/>
    <tag k="name" v="Targ Drzewny"/>
    <tag k="old_name:de" v="Holzmarkt"/>
    <tag k="oneway" v="yes"/>
    <tag k="source" v="UMP-PL, ./UMP-Gdansk/src/GDANSK.ulice.txt"/>
    <tag k="source:maxspeed" v="PL:zone30"/>
    <tag k="surface" v="asphalt"/>
  </way>
  <way id="60105689">
    <nd ref="1739522390"/>
    <nd ref="11508868333"/>
    <nd ref="11953876314"/>
    <nd ref="11953876315"/>
    <nd ref="8497797268"/>
    <nd ref="11953876316"/>
    <nd ref="5660261596"/>
    <nd ref="11953876317"/>
    <nd ref="5661871975"/>
    <nd ref="301671787"/>
    <tag k="cycleway:right" v="shared_lane"/>
    <tag k="dual_carriageway" v="yes"/>
    <tag k="highway" v="secondary"/>
    <tag k="lanes" v="2"/>
    <tag k="lit" v="yes"/>
    <tag k="maxspeed" v="50"/>
    <tag k="name" v="Hucisko"/>
    <tag k="old_name:de" v="Silberhütte"/>
    <tag k="oneway" v="yes"/>
    <tag k="parking:condition:both" v="no_stopping"/>
    <tag k="source" v="UMP-PL, ./UMP-Gdansk/src/GDANSK.ulice.txt"/>
    <tag k="source:maxspeed" v="PL:urban"/>
    <tag k="surface" v="asphalt"/>
  </way>
  <way id="60105690">
    <nd ref="1582534566"/>
    <nd ref="11508868450"/>
    <nd ref="11508868334"/>
    <nd ref="1739522390"/>
    <tag k="bicycle" v="use_sidepath"/>
    <tag k="highway" v="primary_link"/>
    <tag k="lanes" v="1"/>
    <tag k="oneway" v="yes"/>
    <tag k="surface" v="asphalt"/>
    <tag k="turn:lanes" v="right"/>
  </way>
  <way id="60105691">
    <nd ref="301679711"/>
    <nd ref="4398619273"/>
    <nd ref="4911147467"/>
    <nd ref="1840848479"/>
    <tag k="dual_carriageway" v="yes"/>
    <tag k="foot" v="no"/>
    <tag k="highway" v="primary"/>
    <tag k="highway:category:pl" v="1"/>
    <tag k="int_ref" v="E 75"/>
    <tag k="lanes" v="2"/>
    <tag k="layer" v="-1"/>
    <tag k="lit" v="yes"/>
    <tag k="maxaxleload" v="11.5"/>
    <tag k="maxheight" v="3.9"/>
    <tag k="maxspeed" v="50"/>
    <tag k="name" v="Okopowa"/>
    <tag k="oneway" v="yes"/>
    <tag k="ref" v="91"/>
    <tag k="source:maxaxleload" v="Dz.U. 2011 nr 222 poz. 1321 Art. 2 pkt. 11"/>
    <tag k="source:maxspeed" v="PL:urban"/>
    <tag k="source:ref" v="Zarządzenie nr 46 Generalnego Dyrektora Dróg Krajowych i Autostrad z dnia 17 grudnia 2012 r."/>
    <tag k="source:ref:url" v="https://www.archiwum.gddkia.gov.pl/userfiles/articles/z/zarzadzenia-generalnego-dyrektor_10385/zarzadzenie%2046.pdf"/>
    <tag k="surface" v="asphalt"/>
    <tag k="tunnel" v="yes"/>
  </way>
  <way id="60900787">
    <nd ref="762214282"/>
    <nd ref="3759493328"/>
    <tag k="boat" v="yes"/>
    <tag k="name" v="Motława"/>
    <tag k="waterway" v="river"/>
  </way>
  <way id="61051793">
    <nd ref="764323459"/>
    <nd ref="2867427373"/>
    <tag k="bridge" v="yes"/>
    <tag k="construction" v="minor"/>
    <tag k="cycleway:right" v="no"/>
    <tag k="disused:bus:lanes" v="yes|yes|designated"/>
    <tag k="disused:lanes" v="3"/>
    <tag k="disused:lanes:bus" v="1"/>
    <tag k="disused:lanes:mofa" v="1"/>
    <tag k="disused:lanes:moped" v="1"/>
    <tag k="disused:lanes:motorcycle" v="1"/>
    <tag k="disused:lanes:taxi" v="1"/>
    <tag k="disused:mofa:lanes" v="yes|yes|designated"/>
    <tag k="disused:moped:lanes" v="yes|yes|designated"/>
    <tag k="disused:motorcycle:lanes" v="yes|yes|designated"/>
    <tag k="disused:note:lanes" v="||Znak D-11: prawy pas tylko dla: BUS, TAXI, służby miejskie, motocykle i motorowery."/>
    <tag k="disused:placement" v="left_of:2"/>
    <tag k="disused:taxi:lanes" v="yes|yes|designated"/>
    <tag k="disused:vehicle:lanes" v="yes|yes|no"/>
    <tag k="dual_carriageway" v="yes"/>
    <tag k="highway" v="primary"/>
    <tag k="highway:category:pl" v="2"/>
    <tag k="lanes" v="2"/>
    <tag k="layer" v="1"/>
    <tag k="lit" v="yes"/>
    <tag k="maxspeed" v="50"/>
    <tag k="maxweight:signed" v="no"/>
    <tag k="maxweightrating:hgv" v="27"/>
    <tag k="maxweightrating:hgv:conditional" v="none @ marked"/>
    <tag k="name" v="Podwale Przedmiejskie"/>
    <tag k="note:lanes" v="Buspas zamknięty ze względu na zły stan mostu."/>
    <tag k="note:maxweightrating:hgv" v="Nie dotyczy posiadaczy identyfikatorów Gdańskiego Zarządu Dróg i Zieleni 58 52 44 500"/>
    <tag k="old_name:de" v="Vorstädtischer Graben"/>
    <tag k="oneway" v="yes"/>
    <tag k="ref" v="501"/>
    <tag k="source:maxspeed" v="PL:urban"/>
    <tag k="source:maxweightrating:hgv" v="PL:sign_B-5"/>
    <tag k="surface" v="asphalt"/>
  </way>
  <way id="61051799">
    <nd ref="301677859"/>
    <nd ref="9142926470"/>
    <nd ref="301677846"/>
    <tag k="access" v="customers"/>
    <tag k="highway" v="service"/>
    <tag k="service" v="parking_aisle"/>
  </way>
  <way id="61302541">
    <nd ref="301679412"/>
    <nd ref="1582534208"/>
    <nd ref="7847468581"/>
    <nd ref="1118941824"/>
    <nd ref="301679400"/>
    <tag k="cycleway:right" v="no"/>
    <tag k="dual_carriageway" v="yes"/>
    <tag k="foot" v="no"/>
    <tag k="highway" v="primary"/>
    <tag k="highway:category:pl" v="1"/>
    <tag k="int_ref" v="E 75"/>
    <tag k="lanes" v="4"/>
    <tag k="lit" v="yes"/>
    <tag k="maxaxleload" v="11.5"/>
    <tag k="maxspeed" v="50"/>
    <tag k="name" v="Wały Jagiellońskie"/>
    <tag k="old_name:de" v="Silberhütte"/>
    <tag k="oneway" v="yes"/>
    <tag k="ref" v="91"/>
    <tag k="shoulder" v="no"/>
    <tag k="sidewalk" v="no"/>
    <tag k="source" v="survey"/>
    <tag k="source:maxaxleload" v="Dz.U. 2011 nr 222 poz. 1321 Art. 2 pkt. 11"/>
    <tag k="source:maxspeed" v="PL:urban"/>
    <tag k="source:ref" v="Zarządzenie nr 46 Generalnego Dyrektora Dróg Krajowych i Autostrad z dnia 17 grudnia 2012 r."/>
    <tag k="source:ref:url" v="https://www.archiwum.gddkia.gov.pl/userfiles/articles/z/zarzadzenia-generalnego-dyrektor_10385/zarzadzenie%2046.pdf"/>
    <tag k="surface" v="asphalt"/>
    <tag k="turn:lanes" v="left|through|through|through"/>
  </way>
  <way id="61302557">
    <nd ref="1582534566"/>
    <nd ref="11508868448"/>
    <nd ref="301679655"/>
    <tag k="bicycle" v="use_sidepath"/>
    <tag k="bus:lanes" v="yes|yes|yes|designated"/>
    <tag k="dual_carriageway" v="yes"/>
    <tag k="highway" v="primary"/>
    <tag k="highway:category:pl" v="1"/>
    <tag k="int_ref" v="E 75"/>
    <tag k="lanes" v="4"/>
    <tag k="lanes:bus" v="1"/>
    <tag k="lanes:mofa" v="1"/>
    <tag k="lanes:moped" v="1"/>
    <tag k="lanes:motorcycle" v="1"/>
    <tag k="lanes:taxi" v="1"/>
    <tag k="lit" v="yes"/>
    <tag k="maxaxleload" v="11.5"/>
    <tag k="maxspeed" v="50"/>
    <tag k="mofa:lanes" v="yes|yes|yes|designated"/>
    <tag k="moped:lanes" v="yes|yes|yes|designated"/>
    <tag k="motorcycle:lanes" v="yes|yes|yes|designated"/>
    <tag k="name" v="Wały Jagiellońskie"/>
    <tag k="note:lanes" v="|||Znak D-11: prawy pas tylko dla: BUS, TAXI, służby miejskie, motocykle i motorowery. Znak F-10: dopuszcza jazdę prosto tylko dla: BUS."/>
    <tag k="old_name:de" v="Elisabethwall"/>
    <tag k="oneway" v="yes"/>
    <tag k="parking:condition:both" v="no_stopping"/>
    <tag k="ref" v="91"/>
    <tag k="source" v="UMP-PL, ./UMP-Gdansk/src/GDANSK.ulice.txt"/>
    <tag k="source:maxaxleload" v="Dz.U. 2011 nr 222 poz. 1321 Art. 2 pkt. 11"/>
    <tag k="source:maxspeed" v="PL:urban"/>
    <tag k="source:ref" v="Zarządzenie nr 46 Generalnego Dyrektora Dróg Krajowych i Autostrad z dnia 17 grudnia 2012 r."/>
    <tag k="source:ref:url" v="https://www.archiwum.gddkia.gov.pl/userfiles/articles/z/zarzadzenia-generalnego-dyrektor_10385/zarzadzenie%2046.pdf"/>
    <tag k="surface" v="asphalt"/>
    <tag k="taxi:lanes" v="yes|yes|yes|designated"/>
    <tag k="turn:lanes" v="left|through|through|through"/>
    <tag k="vehicle:lanes" v="yes|yes|yes|no"/>
  </way>
  <way id="61412012">
    <nd ref="1925302803"/>
    <nd ref="7681005497"/>
    <nd ref="8570123014"/>
    <nd ref="8880549525"/>
    <nd ref="8570122875"/>
    <nd ref="7681005496"/>
    <nd ref="12526336778"/>
    <tag k="electrified" v="contact_line"/>
    <tag k="frequency" v="0"/>
    <tag k="gauge" v="1435"/>
    <tag k="maxspeed" v="50"/>
    <tag k="oneway" v="yes"/>
    <tag k="railway" v="tram"/>
    <tag k="voltage" v="600"/>
  </way>
  <way id="61412126">
    <nd ref="630642421"/>
    <nd ref="8570122880"/>
    <nd ref="4570094768"/>
    <nd ref="8570122879"/>
    <nd ref="13708723533"/>
    <nd ref="622327410"/>
    <nd ref="622327411"/>
    <nd ref="7681005490"/>
    <nd ref="2964003656"/>
    <nd ref="7819606554"/>
    <nd ref="8880549526"/>
    <nd ref="2964003653"/>
    <nd ref="8570122885"/>
    <nd ref="8570123014"/>
    <nd ref="8570122884"/>
    <nd ref="7681005493"/>
    <nd ref="622327413"/>
    <nd ref="2371734539"/>
    <tag k="electrified" v="contact_line"/>
    <tag k="frequency" v="0"/>
    <tag k="gauge" v="1435"/>
    <tag k="maxspeed" v="50"/>
    <tag k="oneway" v="yes"/>
    <tag k="railway" v="tram"/>
    <tag k="voltage" v="600"/>
  </way>
  <way id="61412127">
    <nd ref="595795182"/>
    <nd ref="3673965838"/>
    <nd ref="595795180"/>
    <nd ref="595795179"/>
    <nd ref="595795178"/>
    <nd ref="595795177"/>
    <nd ref="595795176"/>
    <nd ref="3673965833"/>
    <nd ref="595795175"/>
    <nd ref="3673965830"/>
    <nd ref="595795174"/>
    <nd ref="595795173"/>
    <nd ref="595795172"/>
    <nd ref="595795171"/>
    <nd ref="2619757987"/>
    <nd ref="8000545521"/>
    <nd ref="3673965827"/>
    <nd ref="4570109354"/>
    <nd ref="7778383301"/>
    <nd ref="8394786699"/>
    <nd ref="2619757986"/>
    <nd ref="595795169"/>
    <nd ref="7778350275"/>
    <nd ref="8000545517"/>
    <nd ref="1127418465"/>
    <nd ref="3673965828"/>
    <nd ref="595795168"/>
    <tag k="electrified" v="contact_line"/>
    <tag k="frequency" v="0"/>
    <tag k="gauge" v="1435"/>
    <tag k="oneway" v="yes"/>
    <tag k="operator" v="ZTM Gdańsk"/>
    <tag k="railway" v="tram"/>
    <tag k="voltage" v="600"/>
  </way>
  <way id="61412306">
    <nd ref="622327402"/>
    <nd ref="8570123008"/>
    <nd ref="622327403"/>
    <nd ref="1523267808"/>
    <nd ref="4570214920"/>
    <nd ref="13708723531"/>
    <nd ref="8570122996"/>
    <nd ref="10080638020"/>
    <nd ref="622327405"/>
    <nd ref="9668569182"/>
    <nd ref="13708723532"/>
    <nd ref="622327406"/>
    <nd ref="8497549854"/>
    <nd ref="1523267701"/>
    <nd ref="622327407"/>
    <nd ref="630642421"/>
    <tag k="electrified" v="contact_line"/>
    <tag k="frequency" v="0"/>
    <tag k="gauge" v="1435"/>
    <tag k="maxspeed" v="50"/>
    <tag k="oneway" v="yes"/>
    <tag k="railway" v="tram"/>
    <tag k="voltage" v="600"/>
  </way>
  <way id="61412374">
    <nd ref="1523267973"/>
    <nd ref="13708723529"/>
    <nd ref="8497797264"/>
    <nd ref="1925471855"/>
    <nd ref="12526336787"/>
    <nd ref="622327400"/>
    <nd ref="1523267926"/>
    <nd ref="1523267914"/>
    <nd ref="622327401"/>
    <nd ref="1523267892"/>
    <nd ref="1925471676"/>
    <nd ref="8497797245"/>
    <nd ref="4570214924"/>
    <nd ref="622327402"/>
    <tag k="electrified" v="contact_line"/>
    <tag k="frequency" v="0"/>
    <tag k="gauge" v="1435"/>
    <tag k="maxspeed" v="50"/>
    <tag k="oneway" v="yes"/>
    <tag k="railway" v="tram"/>
    <tag k="voltage" v="600"/>
  </way>
  <way id="61412703">
    <nd ref="622327387"/>
    <nd ref="13705400808"/>
    <nd ref="2618621911"/>
    <nd ref="1739250264"/>
    <nd ref="622327389"/>
    <nd ref="4570216605"/>
    <nd ref="8590051549"/>
    <nd ref="1739250196"/>
    <nd ref="13708723526"/>
    <nd ref="12148563939"/>
    <nd ref="622327393"/>
    <nd ref="13708723527"/>
    <nd ref="3735223775"/>
    <nd ref="622327394"/>
    <nd ref="8497942963"/>
    <nd ref="3735223773"/>
    <nd ref="1739250202"/>
    <nd ref="3735223771"/>
    <nd ref="622327395"/>
    <nd ref="8590051552"/>
    <nd ref="1521392508"/>
    <nd ref="8590051553"/>
    <nd ref="622327396"/>
    <nd ref="3735223769"/>
    <nd ref="1521392439"/>
    <nd ref="622327397"/>
    <nd ref="13708723528"/>
    <nd ref="622327398"/>
    <nd ref="1523267973"/>
    <tag k="electrified" v="contact_line"/>
    <tag k="frequency" v="0"/>
    <tag k="gauge" v="1435"/>
    <tag k="maxspeed" v="50"/>
    <tag k="oneway" v="yes"/>
    <tag k="railway" v="tram"/>
    <tag k="voltage" v="600"/>
  </way>
  <way id="61787781">
    <nd ref="301679655"/>
    <nd ref="4570214914"/>
    <nd ref="7847468577"/>
    <nd ref="8497797262"/>
    <nd ref="8497797263"/>
    <nd ref="301679410"/>
    <tag k="bicycle" v="use_sidepath"/>
    <tag k="dual_carriageway" v="yes"/>
    <tag k="highway" v="primary"/>
    <tag k="highway:category:pl" v="1"/>
    <tag k="int_ref" v="E 75"/>
    <tag k="lanes" v="4"/>
    <tag k="lit" v="yes"/>
    <tag k="maxaxleload" v="11.5"/>
    <tag k="maxspeed" v="50"/>
    <tag k="name" v="Wały Jagiellońskie"/>
    <tag k="old_name:de" v="Silberhütte"/>
    <tag k="oneway" v="yes"/>
    <tag k="parking:condition:both" v="no_stopping"/>
    <tag k="ref" v="91"/>
    <tag k="source:maxaxleload" v="Dz.U. 2011 nr 222 poz. 1321 Art. 2 pkt. 11"/>
    <tag k="source:maxspeed" v="PL:urban"/>
    <tag k="source:ref" v="Zarządzenie nr 46 Generalnego Dyrektora Dróg Krajowych i Autostrad z dnia 17 grudnia 2012 r."/>
    <tag k="source:ref:url" v="https://www.archiwum.gddkia.gov.pl/userfiles/articles/z/zarzadzenia-generalnego-dyrektor_10385/zarzadzenie%2046.pdf"/>
    <tag k="surface" v="asphalt"/>
    <tag k="turn:lanes" v="left|through|through|through"/>
  </way>
  <way id="61787844">
    <nd ref="301679717"/>
    <nd ref="2355742508"/>
    <nd ref="13701624929"/>
    <nd ref="12179862140"/>
    <tag k="dual_carriageway" v="yes"/>
    <tag k="highway" v="primary"/>
    <tag k="highway:category:pl" v="1"/>
    <tag k="int_ref" v="E 75"/>
    <tag k="lanes" v="4"/>
    <tag k="lit" v="yes"/>
    <tag k="maxaxleload" v="11.5"/>
    <tag k="maxspeed" v="50"/>
    <tag k="name" v="Okopowa"/>
    <tag k="old_name:de" v="Karrenwall"/>
    <tag k="oneway" v="yes"/>
    <tag k="ref" v="91"/>
    <tag k="source" v="survey"/>
    <tag k="source:maxaxleload" v="Dz.U. 2011 nr 222 poz. 1321 Art. 2 pkt. 11"/>
    <tag k="source:maxspeed" v="PL:urban"/>
    <tag k="source:ref" v="Zarządzenie nr 46 Generalnego Dyrektora Dróg Krajowych i Autostrad z dnia 17 grudnia 2012 r."/>
    <tag k="source:ref:url" v="https://www.archiwum.gddkia.gov.pl/userfiles/articles/z/zarzadzenia-generalnego-dyrektor_10385/zarzadzenie%2046.pdf"/>
    <tag k="surface" v="asphalt"/>
    <tag k="turn:lanes" v="reverse|through|through|through;right"/>
  </way>
  <way id="61787871">
    <nd ref="9677860245"/>
    <nd ref="4142926504"/>
    <nd ref="1675309975"/>
    <tag k="cycleway:right" v="no"/>
    <tag k="destination" v="Pruszcz Gdański;Orunia"/>
    <tag k="destination:ref" v="91"/>
    <tag k="dual_carriageway" v="yes"/>
    <tag k="foot" v="no"/>
    <tag k="highway" v="primary"/>
    <tag k="highway:category:pl" v="1"/>
    <tag k="int_ref" v="E 75"/>
    <tag k="lanes" v="2"/>
    <tag k="lit" v="yes"/>
    <tag k="maxaxleload" v="11.5"/>
    <tag k="maxspeed" v="50"/>
    <tag k="name" v="Okopowa"/>
    <tag k="old_name:de" v="Karrenwall"/>
    <tag k="oneway" v="yes"/>
    <tag k="parking:condition:both" v="no_stopping"/>
    <tag k="ref" v="91"/>
    <tag k="sidewalk" v="no"/>
    <tag k="smoothness" v="excellent"/>
    <tag k="source" v="UMP-PL, ./UMP-Gdansk/src/GDANSK.ulice.txt"/>
    <tag k="source:maxaxleload" v="Dz.U. 2011 nr 222 poz. 1321 Art. 2 pkt. 11"/>
    <tag k="source:maxspeed" v="PL:urban"/>
    <tag k="source:ref" v="Zarządzenie nr 46 Generalnego Dyrektora Dróg Krajowych i Autostrad z dnia 17 grudnia 2012 r."/>
    <tag k="source:ref:url" v="https://www.archiwum.gddkia.gov.pl/userfiles/articles/z/zarzadzenia-generalnego-dyrektor_10385/zarzadzenie%2046.pdf"/>
    <tag k="surface" v="asphalt"/>
  </way>
  <way id="66517718">
    <nd ref="2902660044"/>
    <nd ref="2902660040"/>
    <nd ref="2902660039"/>
    <nd ref="2902660034"/>
    <nd ref="5221200388"/>
    <nd ref="5221200383"/>
    <nd ref="2902660021"/>
    <nd ref="5221200379"/>
    <nd ref="2902660012"/>
    <nd ref="12370215088"/>
    <nd ref="5221200400"/>
    <nd ref="1879840350"/>
    <tag k="highway" v="service"/>
    <tag k="maxspeed" v="30"/>
    <tag k="old_name:de" v="Kasernengasse"/>
    <tag k="source:maxspeed" v="PL:zone30"/>
  </way>
  <way id="70037898">
    <nd ref="836756411"/>
    <nd ref="2963906896"/>
    <nd ref="836756353"/>
    <nd ref="9825087299"/>
    <tag k="highway" v="service"/>
    <tag k="service" v="driveway"/>
  </way>
  <way id="82202377">
    <nd ref="12403380836"/>
    <nd ref="12403380835"/>
    <nd ref="6775544978"/>
    <nd ref="7153440471"/>
    <nd ref="6775544981"/>
    <tag k="bridge" v="viaduct"/>
    <tag k="bridge:name" v="Wiadukt Zaroślak"/>
    <tag k="bus:lanes" v="yes|yes|designated"/>
    <tag k="dual_carriageway" v="yes"/>
    <tag k="foot" v="no"/>
    <tag k="highway" v="primary"/>
    <tag k="highway:category:pl" v="1"/>
    <tag k="int_ref" v="E 75"/>
    <tag k="lanes" v="3"/>
    <tag k="lanes:bus" v="1"/>
    <tag k="lanes:mofa" v="1"/>
    <tag k="lanes:moped" v="1"/>
    <tag k="lanes:motorcycle" v="1"/>
    <tag k="lanes:taxi" v="1"/>
    <tag k="layer" v="1"/>
    <tag k="lit" v="yes"/>
    <tag k="maxaxleload" v="11.5"/>
    <tag k="maxspeed" v="50"/>
    <tag k="mofa:lanes" v="yes|yes|designated"/>
    <tag k="moped:lanes" v="yes|yes|designated"/>
    <tag k="motorcycle:lanes" v="yes|yes|designated"/>
    <tag k="name" v="Trakt Świętego Wojciecha"/>
    <tag k="name:etymology:wikidata" v="Q243427"/>
    <tag k="note:lanes" v="||Znak D-11: prawy pas tylko dla: BUS, TAXI, służby miejskie, motocykle i motorowery."/>
    <tag k="oneway" v="yes"/>
    <tag k="placement" v="left_of:2"/>
    <tag k="ref" v="91"/>
    <tag k="source:maxaxleload" v="Dz.U. 2011 nr 222 poz. 1321 Art. 2 pkt. 11"/>
    <tag k="source:ref" v="Zarządzenie nr 46 Generalnego Dyrektora Dróg Krajowych i Autostrad z dnia 17 grudnia 2012 r."/>
    <tag k="source:ref:url" v="https://www.gddkia.gov.pl/userfiles/articles/z/zarzadzenia-generalnego-dyrektor_10385/zarzadzenie%2046.pdf"/>
    <tag k="surface" v="asphalt"/>
    <tag k="taxi:lanes" v="yes|yes|designated"/>
    <tag k="vehicle:lanes" v="yes|yes|no"/>
    <tag k="wikidata" v="Q9372426"/>
    <tag k="wikipedia" v="pl:Wiadukt Biskupia Górka"/>
  </way>
  <way id="82202379">
    <nd ref="12403380837"/>
    <nd ref="8496880799"/>
    <nd ref="8496738966"/>
    <nd ref="8496738965"/>
    <nd ref="8496738962"/>
    <nd ref="13436469803"/>
    <tag k="bridge" v="viaduct"/>
    <tag k="bus:lanes" v="yes|yes|designated"/>
    <tag k="dual_carriageway" v="yes"/>
    <tag k="foot" v="no"/>
    <tag k="highway" v="primary"/>
    <tag k="highway:category:pl" v="1"/>
    <tag k="int_ref" v="E 75"/>
    <tag k="lanes" v="3"/>
    <tag k="lanes:bus" v="1"/>
    <tag k="layer" v="1"/>
    <tag k="lit" v="yes"/>
    <tag k="maxaxleload" v="11.5"/>
    <tag k="maxspeed" v="50"/>
    <tag k="name" v="Trakt Świętego Wojciecha"/>
    <tag k="name:etymology:wikidata" v="Q243427"/>
    <tag k="oneway" v="yes"/>
    <tag k="placement" v="left_of:2"/>
    <tag k="ref" v="91"/>
    <tag k="source:maxaxleload" v="Dz.U. 2011 nr 222 poz. 1321 Art. 2 pkt. 11"/>
    <tag k="source:ref" v="Zarządzenie nr 46 Generalnego Dyrektora Dróg Krajowych i Autostrad z dnia 17 grudnia 2012 r."/>
    <tag k="source:ref:url" v="https://www.gddkia.gov.pl/userfiles/articles/z/zarzadzenia-generalnego-dyrektor_10385/zarzadzenie%2046.pdf"/>
    <tag k="surface" v="asphalt"/>
    <tag k="vehicle:lanes" v="yes|yes|no"/>
    <tag k="wikidata" v="Q9372426"/>
    <tag k="wikipedia" v="pl:Wiadukt Biskupia Górka"/>
  </way>
  <way id="96645487">
    <nd ref="1119354426"/>
    <nd ref="11870274404"/>
    <nd ref="11870274403"/>
    <nd ref="11870274402"/>
    <tag k="access" v="permissive"/>
    <tag k="highway" v="service"/>
    <tag k="motor_vehicle" v="private"/>
    <tag k="service" v="driveway"/>
  </way>
  <way id="96645489">
    <nd ref="1119354437"/>
    <nd ref="1582534028"/>
    <nd ref="11870274402"/>
    <nd ref="1119354427"/>
    <nd ref="11870274405"/>
    <nd ref="9674430683"/>
    <tag k="access" v="permissive"/>
    <tag k="highway" v="service"/>
    <tag k="motor_vehicle" v="private"/>
    <tag k="service" v="driveway"/>
  </way>
  <way id="96645492">
    <nd ref="1119354440"/>
    <nd ref="9174388472"/>
    <nd ref="1574722866"/>
    <nd ref="9983538224"/>
    <nd ref="1574722808"/>
    <nd ref="10824480899"/>
    <nd ref="9132877446"/>
    <tag k="highway" v="residential"/>
    <tag k="lit" v="yes"/>
    <tag k="maxspeed" v="30"/>
    <tag k="name" v="Słomiana"/>
    <tag k="old_name:de" v="Priestergasse"/>
    <tag k="source:maxspeed" v="PL:zone30"/>
    <tag k="surface" v="sett"/>
  </way>
  <way id="96645496">
    <nd ref="9146418302"/>
    <nd ref="1574722772"/>
    <nd ref="6858680092"/>
    <nd ref="2617308464"/>
    <nd ref="1574722771"/>
    <nd ref="1119354480"/>
    <nd ref="2617308449"/>
    <nd ref="2617308448"/>
    <nd ref="1574722710"/>
    <tag k="access" v="private"/>
    <tag k="highway" v="service"/>
    <tag k="motor_vehicle" v="private"/>
    <tag k="service" v="driveway"/>
  </way>
  <way id="96648706">
    <nd ref="301671977"/>
    <nd ref="11074751562"/>
    <nd ref="1560933026"/>
    <nd ref="301671993"/>
    <tag k="highway" v="residential"/>
    <tag k="lit" v="yes"/>
    <tag k="maxspeed" v="30"/>
    <tag k="name" v="Grobla II"/>
    <tag k="old_name:de" v="II. Damm"/>
    <tag k="parking:left" v="no"/>
    <tag k="parking:right" v="street_side"/>
    <tag k="parking:right:orientation" v="parallel"/>
    <tag k="source:maxspeed" v="PL:zone30"/>
    <tag k="surface" v="asphalt"/>
  </way>
  <way id="96648707">
    <nd ref="301671993"/>
    <nd ref="1388960010"/>
    <tag k="cycleway:both" v="no"/>
    <tag k="highway" v="residential"/>
    <tag k="lane_markings" v="no"/>
    <tag k="lit" v="yes"/>
    <tag k="name" v="Grobla I"/>
    <tag k="old_name:de" v="I. Damm"/>
    <tag k="parking:both" v="no"/>
    <tag k="surface" v="sett"/>
  </way>
  <way id="96648753">
    <nd ref="1119413893"/>
    <nd ref="1119413895"/>
    <nd ref="12618831034"/>
    <nd ref="12618831035"/>
    <nd ref="1119413903"/>
    <tag k="highway" v="service"/>
    <tag k="service" v="driveway"/>
  </way>
  <way id="96652567">
    <nd ref="9749219987"/>
    <nd ref="9749219986"/>
    <nd ref="9749219988"/>
    <nd ref="9749219989"/>
    <nd ref="1119454990"/>
    <tag k="access" v="private"/>
    <tag k="highway" v="service"/>
    <tag k="service" v="driveway"/>
  </way>
  <way id="96700351">
    <nd ref="1119861582"/>
    <nd ref="9983467305"/>
    <nd ref="10208448868"/>
    <tag k="access" v="private"/>
    <tag k="highway" v="service"/>
    <tag k="motor_vehicle" v="private"/>
  </way>
  <way id="96755225">
    <nd ref="2617308395"/>
    <nd ref="1120414163"/>
    <nd ref="1120414164"/>
    <nd ref="1120414167"/>
    <nd ref="2617308395"/>
    <nd ref="1120414170"/>
    <nd ref="9676065352"/>
    <nd ref="11471870630"/>
    <tag k="bicycle" v="yes"/>
    <tag k="highway" v="service"/>
    <tag k="motor_vehicle" v="private"/>
    <tag k="service" v="driveway"/>
  </way>
  <way id="96755226">
    <nd ref="11471870631"/>
    <nd ref="9676065355"/>
    <nd ref="9170171882"/>
    <nd ref="1120414209"/>
    <nd ref="1578644232"/>
    <nd ref="1578644231"/>
    <nd ref="1578644230"/>
    <nd ref="1120414170"/>
    <tag k="bicycle" v="yes"/>
    <tag k="highway" v="service"/>
    <tag k="motor_vehicle" v="private"/>
    <tag k="service" v="driveway"/>
  </way>
  <way id="96758366">
    <nd ref="1120435676"/>
    <nd ref="9983286619"/>
    <nd ref="9983286643"/>
    <nd ref="2478708568"/>
    <nd ref="301672032"/>
    <tag k="bicycle" v="yes"/>
    <tag k="highway" v="residential"/>
    <tag k="horse" v="no"/>
    <tag k="lane_markings" v="no"/>
    <tag k="name" v="Za Murami"/>
    <tag k="note:access" v="Nie dotyczy posiadaczy identyfikatorów typu GM wydanych przez GZDiZ oraz pojazdów wymienionych w Zarządzeniu nr 34/14 Prezydenta Miasta Gdańska z dn. 10.01.2014 r. Informacje: PN-PT w godz. 7.00-15.00 tel. 58 52-44-627, 58 55-89-571"/>
    <tag k="old_name:de" v="Hintergasse"/>
    <tag k="source" v="UMP-PL, ./UMP-Gdansk/src/GDANSK.ulice.txt"/>
    <tag k="source:access" v="https://gzd.gda.pl/zalatw-sprawe/strefa-ograniczonej-dostepnosci-na-glownym-miescie,a,3141"/>
    <tag k="surface" v="sett"/>
    <tag k="taxi" v="yes"/>
    <tag k="vehicle" v="permit"/>
  </way>
  <way id="96827357">
    <nd ref="1121896353"/>
    <nd ref="6651842521"/>
    <nd ref="9415769717"/>
    <nd ref="1121896356"/>
    <nd ref="6879294139"/>
    <nd ref="6879311394"/>
    <nd ref="6879294140"/>
    <nd ref="1568383605"/>
    <nd ref="6879294138"/>
    <nd ref="6879311395"/>
    <nd ref="6879311396"/>
    <nd ref="6879311397"/>
    <nd ref="1121896360"/>
    <nd ref="11606227144"/>
    <nd ref="6879294141"/>
    <nd ref="9415764213"/>
    <nd ref="1121896358"/>
    <tag k="highway" v="service"/>
    <tag k="motor_vehicle" v="private"/>
    <tag k="oneway" v="yes"/>
    <tag k="source" v="survey"/>
  </way>
  <way id="96827375">
    <nd ref="9607379597"/>
    <nd ref="1578644267"/>
    <nd ref="1121896626"/>
    <nd ref="1121896629"/>
    <nd ref="1121896630"/>
    <nd ref="1578644364"/>
    <nd ref="1578644322"/>
    <tag k="access" v="private"/>
    <tag k="highway" v="service"/>
    <tag k="service" v="driveway"/>
  </way>
  <way id="97340025">
    <nd ref="1127380417"/>
    <nd ref="9990599268"/>
    <nd ref="1127380434"/>
    <nd ref="7819606536"/>
    <nd ref="1127380436"/>
    <nd ref="7819606534"/>
    <nd ref="7819606535"/>
    <nd ref="1127380440"/>
    <nd ref="2963907476"/>
    <nd ref="2963907485"/>
    <tag k="highway" v="service"/>
    <tag k="surface" v="paving_stones"/>
  </way>
  <way id="97341685">
    <nd ref="301672226"/>
    <nd ref="2874334566"/>
    <nd ref="1890705064"/>
    <nd ref="1919765957"/>
    <nd ref="301672283"/>
    <nd ref="1919765945"/>
    <nd ref="1127880013"/>
    <nd ref="9990559947"/>
    <nd ref="9990559948"/>
    <nd ref="1127880025"/>
    <nd ref="1127879961"/>
    <tag k="highway" v="residential"/>
    <tag k="lanes" v="2"/>
    <tag k="lit" v="yes"/>
    <tag k="maxspeed" v="30"/>
    <tag k="maxweight" v="3.5"/>
    <tag k="maxweight:conditional" v="none @ marked"/>
    <tag k="name" v="Szopy"/>
    <tag k="note:maxweight" v="Nie dotyczy posiadaczy identyfikatorów wydanych przez GZDiZ"/>
    <tag k="old_name:de" v="Mattenbuden"/>
    <tag k="sidewalk" v="separate"/>
    <tag k="smoothness" v="intermediate"/>
    <tag k="source:maxspeed" v="PL:zone30"/>
    <tag k="source:maxweight" v="PL:sign_B-18"/>
    <tag k="surface" v="paving_stones"/>
  </way>
  <way id="97379000">
    <nd ref="1127879961"/>
    <nd ref="2874354314"/>
    <nd ref="10142855633"/>
    <nd ref="1127879973"/>
    <nd ref="3874401752"/>
    <nd ref="1127879975"/>
    <nd ref="10141167488"/>
    <tag k="highway" v="service"/>
    <tag k="maxspeed" v="30"/>
    <tag k="source:maxspeed" v="PL:zone30"/>
  </way>
  <way id="97379002">
    <nd ref="12370215088"/>
    <nd ref="12370215090"/>
    <nd ref="12370215089"/>
    <nd ref="1127879988"/>
    <nd ref="1879840350"/>
    <nd ref="1127879676"/>
    <tag k="highway" v="service"/>
    <tag k="service" v="parking_aisle"/>
  </way>
  <way id="97379004">
    <nd ref="1127880016"/>
    <nd ref="5139637855"/>
    <nd ref="5139637857"/>
    <nd ref="2896164075"/>
    <nd ref="1127880013"/>
    <tag k="highway" v="service"/>
    <tag k="maxspeed" v="30"/>
    <tag k="service" v="driveway"/>
    <tag k="source:maxspeed" v="PL:zone30"/>
  </way>
  <way id="97379007">
    <nd ref="10142855298"/>
    <nd ref="10142855299"/>
    <nd ref="10142855296"/>
    <nd ref="10141167487"/>
    <nd ref="2874354326"/>
    <nd ref="1127880025"/>
    <tag k="highway" v="service"/>
    <tag k="maxspeed" v="30"/>
    <tag k="service" v="driveway"/>
    <tag k="source:maxspeed" v="PL:zone30"/>
  </way>
  <way id="97379082">
    <nd ref="1127880884"/>
    <nd ref="9983430957"/>
    <nd ref="9983430953"/>
    <nd ref="9983430956"/>
    <nd ref="9177950341"/>
    <nd ref="9983430954"/>
    <nd ref="3047508207"/>
    <nd ref="3047508206"/>
    <nd ref="9983430848"/>
    <nd ref="3047508201"/>
    <tag k="highway" v="service"/>
    <tag k="surface" v="paved"/>
  </way>
  <way id="97379084">
    <nd ref="1127880949"/>
    <nd ref="9983430878"/>
    <nd ref="2617194102"/>
    <nd ref="1127880923"/>
    <tag k="foot" v="yes"/>
    <tag k="highway" v="service"/>
    <tag k="maxspeed" v="30"/>
    <tag k="source:maxspeed" v="PL:zone30"/>
    <tag k="surface" v="sett"/>
  </way>
  <way id="99486773">
    <nd ref="301672212"/>
    <nd ref="1967344951"/>
    <nd ref="301672227"/>
    <nd ref="1902192062"/>
    <nd ref="301672226"/>
    <tag k="dual_carriageway" v="yes"/>
    <tag k="highway" v="residential"/>
    <tag k="lit" v="yes"/>
    <tag k="maxspeed" v="30"/>
    <tag k="name" v="Długie Ogrody"/>
    <tag k="old_name:de" v="Langgarten"/>
    <tag k="oneway" v="yes"/>
    <tag k="sidewalk:left" v="no"/>
    <tag k="sidewalk:right" v="separate"/>
    <tag k="smoothness" v="good"/>
    <tag k="source:maxspeed" v="PL:zone30"/>
    <tag k="surface" v="asphalt"/>
  </way>
  <way id="104745805">
    <nd ref="1208155715"/>
    <nd ref="10972349862"/>
    <nd ref="5859757087"/>
    <tag k="highway" v="residential"/>
    <tag k="name" v="Świętego Piotra"/>
    <tag k="old_name:de" v="Pumpengasse"/>
  </way>
  <way id="104785828">
    <nd ref="3027522404"/>
    <nd ref="7180929986"/>
    <nd ref="3027522408"/>
    <nd ref="301672183"/>
    <nd ref="3027522417"/>
    <nd ref="1721167980"/>
    <nd ref="1721167982"/>
    <tag k="highway" v="residential"/>
    <tag k="lanes" v="2"/>
    <tag k="lit" v="yes"/>
    <tag k="maxspeed" v="30"/>
    <tag k="name" v="Pszenna"/>
    <tag k="old_name:de" v="Neue Mottlau"/>
    <tag k="sidewalk" v="separate"/>
    <tag k="source:maxspeed" v="PL:zone30"/>
    <tag k="surface" v="asphalt"/>
  </way>
  <way id="124550430">
    <nd ref="4285080091"/>
    <nd ref="747169639"/>
    <nd ref="2616535150"/>
    <nd ref="2103407317"/>
    <nd ref="747169632"/>
    <nd ref="747169628"/>
    <nd ref="747169622"/>
    <nd ref="1523268132"/>
    <nd ref="7847405570"/>
    <nd ref="1967307912"/>
    <nd ref="7847435286"/>
    <nd ref="7847405574"/>
    <tag k="highway" v="tertiary"/>
    <tag k="lanes" v="2"/>
    <tag k="lit" v="yes"/>
    <tag k="maxspeed" v="30"/>
    <tag k="name" v="Podwale Staromiejskie"/>
    <tag k="old_name:de" v="Altstädtischer Graben"/>
    <tag k="oneway" v="no"/>
    <tag k="smoothness" v="excellent"/>
    <tag k="source" v="UMP-PL, ./UMP-Gdansk/src/GDANSK.ulice.txt"/>
    <tag k="source:maxspeed" v="PL:zone30"/>
    <tag k="surface" v="asphalt"/>
  </way>
  <way id="124815842">
    <nd ref="2617643030"/>
    <nd ref="746800003"/>
    <nd ref="489259386"/>
    <tag k="layer" v="-1"/>
    <tag k="name" v="Kanał Raduni"/>
    <tag k="name:de" v="Radaune"/>
    <tag k="name:pl" v="Kanał Raduni"/>
    <tag k="tunnel" v="yes"/>
    <tag k="waterway" v="canal"/>
  </way>
  <way id="125199669">
    <nd ref="1391177296"/>
    <nd ref="9545832959"/>
    <nd ref="1854233926"/>
    <nd ref="9545832958"/>
    <nd ref="9545832960"/>
    <nd ref="1391177258"/>
    <nd ref="1391177259"/>
    <nd ref="1391177301"/>
    <nd ref="9545832963"/>
    <nd ref="1391177291"/>
    <nd ref="1854233929"/>
    <nd ref="1854233928"/>
    <nd ref="9545832962"/>
    <nd ref="1854233927"/>
    <nd ref="1854233930"/>
    <nd ref="1391177308"/>
    <nd ref="9545832964"/>
    <nd ref="1391177283"/>
    <nd ref="1391177243"/>
    <nd ref="1391177296"/>
    <tag k="building" v="ship"/>
    <tag k="fee" v="yes"/>
    <tag k="height" v="5.80 m"/>
    <tag k="historic" v="ship"/>
    <tag k="man_made" v="ship"/>
    <tag k="min_height" v="0"/>
    <tag k="name" v="SS Sołdek"/>
    <tag k="opening_hours" v="Mo-Su 10:00-18:00"/>
    <tag k="ref:ckkp" v="PM00846"/>
    <tag k="ship:type" v="cargo_ship"/>
    <tag k="start_date" v="1949"/>
    <tag k="tourism" v="museum"/>
    <tag k="wheelchair" v="no"/>
    <tag k="wikidata" v="Q455096"/>
    <tag k="wikimedia_commons" v="Category:Sołdek (ship, 1949)"/>
    <tag k="wikipedia" v="pl:SS Sołdek"/>
  </way>
  <way id="125202335">
    <nd ref="1391202934"/>
    <nd ref="11737812595"/>
    <nd ref="10283001182"/>
    <nd ref="1391202945"/>
    <tag k="bicycle" v="yes"/>
    <tag k="highway" v="living_street"/>
    <tag k="horse" v="no"/>
    <tag k="lit" v="yes"/>
    <tag k="maxspeed" v="20"/>
    <tag k="note:access" v="Nie dotyczy posiadaczy identyfikatorów typu GM wydanych przez GZDiZ oraz pojazdów wymienionych w Zarządzeniu nr 34/14 Prezydenta Miasta Gdańska z dn. 10.01.2014 r. Informacje: PN-PT w godz. 7.00-15.00 tel. 58 52-44-627, 58 55-89-571"/>
    <tag k="old_name:de" v="Pfarrhof"/>
    <tag k="oneway" v="yes"/>
    <tag k="oneway:bicycle" v="no"/>
    <tag k="source:access" v="https://gzd.gda.pl/zalatw-sprawe/strefa-ograniczonej-dostepnosci-na-glownym-miescie,a,3141"/>
    <tag k="source:maxspeed" v="PL:living_street"/>
    <tag k="surface" v="sett"/>
    <tag k="taxi" v="yes"/>
    <tag k="vehicle" v="permit"/>
  </way>
  <way id="125202336">
    <nd ref="1391202942"/>
    <nd ref="12307132088"/>
    <nd ref="1577023874"/>
    <nd ref="1577023871"/>
    <nd ref="1391202935"/>
    <tag k="highway" v="service"/>
    <tag k="lit" v="yes"/>
    <tag k="service" v="parking_aisle"/>
    <tag k="surface" v="sett"/>
  </way>
  <way id="125202337">
    <nd ref="1391202935"/>
    <nd ref="10824505921"/>
    <nd ref="1577023869"/>
    <nd ref="1391202941"/>
    <tag k="bicycle" v="yes"/>
    <tag k="highway" v="living_street"/>
    <tag k="horse" v="no"/>
    <tag k="lit" v="yes"/>
    <tag k="maxspeed" v="20"/>
    <tag k="name" v="Plebania"/>
    <tag k="note:access" v="Nie dotyczy posiadaczy identyfikatorów typu GM wydanych przez GZDiZ oraz pojazdów wymienionych w Zarządzeniu nr 34/14 Prezydenta Miasta Gdańska z dn. 10.01.2014 r. Informacje: PN-PT w godz. 7.00-15.00 tel. 58 52-44-627, 58 55-89-571"/>
    <tag k="old_name:de" v="Pfarrhof"/>
    <tag k="source:access" v="https://gzd.gda.pl/zalatw-sprawe/strefa-ograniczonej-dostepnosci-na-glownym-miescie,a,3141"/>
    <tag k="source:maxspeed" v="PL:living_street"/>
    <tag k="surface" v="sett"/>
    <tag k="taxi" v="yes"/>
    <tag k="vehicle" v="permit"/>
  </way>
  <way id="125202339">
    <nd ref="1849057297"/>
    <nd ref="5278202459"/>
    <nd ref="4769796444"/>
    <nd ref="1391202934"/>
    <tag k="bicycle" v="yes"/>
    <tag k="highway" v="living_street"/>
    <tag k="horse" v="no"/>
    <tag k="lit" v="yes"/>
    <tag k="maxspeed" v="20"/>
    <tag k="name" v="Szewska"/>
    <tag k="note:access" v="Nie dotyczy posiadaczy identyfikatorów typu GM wydanych przez GZDiZ oraz pojazdów wymienionych w Zarządzeniu nr 34/14 Prezydenta Miasta Gdańska z dn. 10.01.2014 r. Informacje: PN-PT w godz. 7.00-15.00 tel. 58 52-44-627, 58 55-89-571"/>
    <tag k="old_name:de" v="Korkenmachergasse"/>
    <tag k="oneway" v="yes"/>
    <tag k="oneway:bicycle" v="no"/>
    <tag k="source" v="UMP-PL, ./UMP-Gdansk/src/GDANSK.ulice.txt"/>
    <tag k="source:access" v="https://gzd.gda.pl/zalatw-sprawe/strefa-ograniczonej-dostepnosci-na-glownym-miescie,a,3141"/>
    <tag k="source:maxspeed" v="PL:living_street"/>
    <tag k="surface" v="sett"/>
    <tag k="taxi" v="yes"/>
    <tag k="vehicle" v="permit"/>
  </way>
  <way id="125391428">
    <nd ref="4336248341"/>
    <nd ref="9668569091"/>
    <nd ref="1582533620"/>
    <nd ref="9668569093"/>
    <nd ref="9668569095"/>
    <nd ref="9668569038"/>
    <nd ref="9668569097"/>
    <nd ref="9668569098"/>
    <nd ref="9668569100"/>
    <nd ref="2355742510"/>
    <nd ref="9668569102"/>
    <nd ref="1582533227"/>
    <tag k="bicycle" v="yes"/>
    <tag k="highway" v="service"/>
    <tag k="name" v="Targ Węglowy"/>
    <tag k="smoothness" v="intermediate"/>
    <tag k="surface" v="sett"/>
    <tag k="vehicle" v="designated"/>
  </way>
  <way id="125391434">
    <nd ref="1582533620"/>
    <nd ref="2355742515"/>
    <nd ref="1582533587"/>
    <nd ref="1582533523"/>
    <nd ref="4335308898"/>
    <nd ref="1582533435"/>
    <nd ref="1582533233"/>
    <nd ref="1568383716"/>
    <tag k="bicycle" v="yes"/>
    <tag k="highway" v="service"/>
    <tag k="motor_vehicle" v="private"/>
    <tag k="name" v="Wełniarska"/>
    <tag k="old_name:de" v="Kleine Wollwebergasse"/>
  </way>
  <way id="127207403">
    <nd ref="4972311277"/>
    <nd ref="1868665023"/>
    <nd ref="1868665033"/>
    <nd ref="1408521667"/>
    <nd ref="1408521680"/>
    <nd ref="1408521686"/>
    <nd ref="9983447600"/>
    <nd ref="9983447601"/>
    <nd ref="1408521683"/>
    <nd ref="1408521670"/>
    <nd ref="1408521675"/>
    <nd ref="1868665835"/>
    <nd ref="1868665846"/>
    <nd ref="1868665849"/>
    <tag k="name" v="Kanał na Stępce"/>
    <tag k="name:de" v="Kielgraben"/>
    <tag k="name:pl" v="Kanał na Stępce"/>
    <tag k="waterway" v="canal"/>
  </way>
  <way id="129228600">
    <nd ref="301679407"/>
    <nd ref="4336248348"/>
    <nd ref="1426217379"/>
    <nd ref="7847468583"/>
    <nd ref="2616535099"/>
    <nd ref="7847468582"/>
    <nd ref="2616535094"/>
    <nd ref="4284199710"/>
    <nd ref="2616535089"/>
    <nd ref="2617643033"/>
    <nd ref="2104575771"/>
    <nd ref="301679400"/>
    <tag k="cycleway:right" v="lane"/>
    <tag k="dual_carriageway" v="yes"/>
    <tag k="foot" v="no"/>
    <tag k="highway" v="tertiary"/>
    <tag k="lanes" v="3"/>
    <tag k="lit" v="yes"/>
    <tag k="maxspeed" v="50"/>
    <tag k="name" v="Targ Drzewny"/>
    <tag k="old_name:de" v="Holzmarkt"/>
    <tag k="oneway" v="yes"/>
    <tag k="source" v="UMP-PL, ./UMP-Gdansk/src/GDANSK.ulice.txt"/>
    <tag k="source:maxspeed" v="PL:urban"/>
    <tag k="surface" v="asphalt"/>
    <tag k="turn:lanes" v="left|left;through|through;right"/>
  </way>
  <way id="129228614">
    <nd ref="1426217347"/>
    <nd ref="2103407216"/>
    <nd ref="1583811624"/>
    <nd ref="1583811621"/>
    <nd ref="2111305276"/>
    <nd ref="301671824"/>
    <tag k="highway" v="service"/>
    <tag k="service" v="parking_aisle"/>
  </way>
  <way id="142643202">
    <nd ref="1560933038"/>
    <nd ref="1560933043"/>
    <nd ref="1560933058"/>
    <nd ref="1560933062"/>
    <nd ref="1560933072"/>
    <nd ref="1560933077"/>
    <nd ref="1560933074"/>
    <nd ref="1560933068"/>
    <nd ref="1560933066"/>
    <nd ref="1560933060"/>
    <nd ref="1560933053"/>
    <nd ref="1560933045"/>
    <nd ref="1560933047"/>
    <nd ref="1560933049"/>
    <nd ref="1560933041"/>
    <nd ref="1560933038"/>
    <tag k="natural" v="water"/>
  </way>
  <way id="143069477">
    <nd ref="1565594890"/>
    <nd ref="9983519360"/>
    <nd ref="1565594950"/>
    <nd ref="1565595161"/>
    <tag k="highway" v="service"/>
    <tag k="service" v="driveway"/>
  </way>
  <way id="143108662">
    <nd ref="10208448831"/>
    <nd ref="10208448786"/>
    <nd ref="1566156111"/>
    <nd ref="1566156103"/>
    <tag k="highway" v="service"/>
    <tag k="motor_vehicle" v="private"/>
    <tag k="service" v="parking_aisle"/>
    <tag k="surface" v="asphalt"/>
  </way>
  <way id="143317490">
    <nd ref="1568383443"/>
    <nd ref="1568383448"/>
    <nd ref="1568383452"/>
    <tag k="bicycle" v="yes"/>
    <tag k="highway" v="service"/>
    <tag k="service" v="driveway"/>
    <tag k="surface" v="sett"/>
    <tag k="vehicle" v="no"/>
  </way>
  <way id="143317492">
    <nd ref="1568383567"/>
    <nd ref="1568383564"/>
    <tag k="highway" v="service"/>
    <tag k="service" v="driveway"/>
  </way>
  <way id="143317494">
    <nd ref="1568383544"/>
    <nd ref="1568383530"/>
    <tag k="bicycle" v="yes"/>
    <tag k="highway" v="service"/>
    <tag k="service" v="driveway"/>
    <tag k="tunnel" v="building_passage"/>
  </way>
  <way id="143317498">
    <nd ref="1568383562"/>
    <nd ref="1568383544"/>
    <tag k="bicycle" v="yes"/>
    <tag k="highway" v="service"/>
    <tag k="service" v="driveway"/>
  </way>
  <way id="143317505">
    <nd ref="1568383438"/>
    <nd ref="1568383443"/>
    <tag k="access" v="private"/>
    <tag k="bicycle" v="yes"/>
    <tag k="highway" v="service"/>
    <tag k="service" v="driveway"/>
    <tag k="tunnel" v="building_passage"/>
    <tag k="vehicle" v="no"/>
  </way>
  <way id="143317509">
    <nd ref="1568383573"/>
    <nd ref="1568383567"/>
    <tag k="access" v="private"/>
    <tag k="highway" v="service"/>
    <tag k="service" v="driveway"/>
    <tag k="tunnel" v="building_passage"/>
  </way>
  <way id="143317510">
    <nd ref="1568383452"/>
    <nd ref="1568383457"/>
    <tag k="access" v="permissive"/>
    <tag k="bicycle" v="yes"/>
    <tag k="highway" v="service"/>
    <tag k="service" v="driveway"/>
    <tag k="tunnel" v="building_passage"/>
    <tag k="vehicle" v="no"/>
  </way>
  <way id="143317511">
    <nd ref="1568383603"/>
    <nd ref="1568383573"/>
    <tag k="access" v="private"/>
    <tag k="highway" v="service"/>
    <tag k="service" v="driveway"/>
  </way>
  <way id="143317512">
    <nd ref="1568383457"/>
    <nd ref="1568383467"/>
    <tag k="access" v="permissive"/>
    <tag k="bicycle" v="yes"/>
    <tag k="highway" v="service"/>
    <tag k="service" v="driveway"/>
    <tag k="vehicle" v="no"/>
  </way>
  <way id="143317516">
    <nd ref="1849057282"/>
    <nd ref="2617308391"/>
    <nd ref="9170171891"/>
    <nd ref="2617308402"/>
    <nd ref="5387504964"/>
    <nd ref="9170171887"/>
    <nd ref="2617308420"/>
    <tag k="bicycle" v="yes"/>
    <tag k="highway" v="residential"/>
    <tag k="horse" v="no"/>
    <tag k="maxspeed" v="30"/>
    <tag k="name" v="Podgarbary"/>
    <tag k="note:access" v="Nie dotyczy posiadaczy identyfikatorów typu GM wydanych przez GZDiZ oraz pojazdów wymienionych w Zarządzeniu nr 34/14 Prezydenta Miasta Gdańska z dn. 10.01.2014 r. Informacje: PN-PT w godz. 7.00-15.00 tel. 58 52-44-627, 58 55-89-571"/>
    <tag k="source:access" v="https://gzd.gda.pl/zalatw-sprawe/strefa-ograniczonej-dostepnosci-na-glownym-miescie,a,3141"/>
    <tag k="source:maxspeed" v="PL:zone30"/>
    <tag k="taxi" v="yes"/>
    <tag k="vehicle" v="permit"/>
  </way>
  <way id="143317525">
    <nd ref="1568383530"/>
    <nd ref="9674436642"/>
    <nd ref="1568383521"/>
    <nd ref="1568383534"/>
    <nd ref="1568383535"/>
    <tag k="bicycle" v="yes"/>
    <tag k="highway" v="service"/>
    <tag k="service" v="driveway"/>
  </way>
  <way id="143317530">
    <nd ref="1568383109"/>
    <nd ref="1568383112"/>
    <nd ref="1568383114"/>
    <nd ref="1568383135"/>
    <nd ref="8560624779"/>
    <nd ref="1568383169"/>
    <nd ref="1568383193"/>
    <nd ref="1568383204"/>
    <tag k="highway" v="service"/>
    <tag k="service" v="driveway"/>
  </way>
  <way id="143492571">
    <nd ref="9068816348"/>
    <nd ref="1120105333"/>
    <nd ref="9068816350"/>
    <tag k="highway" v="service"/>
    <tag k="lit" v="yes"/>
    <tag k="service" v="parking_aisle"/>
  </way>
  <way id="143492589">
    <nd ref="11497981304"/>
    <nd ref="9887984778"/>
    <nd ref="9887984781"/>
    <nd ref="2617194278"/>
    <nd ref="2617194274"/>
    <nd ref="1570145801"/>
    <tag k="access" v="permissive"/>
    <tag k="highway" v="service"/>
    <tag k="motor_vehicle" v="private"/>
    <tag k="service" v="parking_aisle"/>
  </way>
  <way id="143492600">
    <nd ref="1120105343"/>
    <nd ref="10208448761"/>
    <nd ref="11497981193"/>
    <nd ref="2617194381"/>
    <tag k="foot" v="yes"/>
    <tag k="highway" v="service"/>
    <tag k="motor_vehicle" v="private"/>
    <tag k="service" v="parking_aisle"/>
  </way>
  <way id="143911589">
    <nd ref="1574722798"/>
    <nd ref="10208448801"/>
    <nd ref="1391294778"/>
    <tag k="highway" v="residential"/>
    <tag k="lit" v="yes"/>
    <tag k="maxspeed" v="30"/>
    <tag k="name" v="Słomiana"/>
    <tag k="old_name:de" v="Priestergasse"/>
    <tag k="source:maxspeed" v="PL:zone30"/>
    <tag k="surface" v="sett"/>
  </way>
  <way id="143911593">
    <nd ref="1574722806"/>
    <nd ref="1574722798"/>
    <tag k="highway" v="residential"/>
    <tag k="lit" v="yes"/>
    <tag k="maxspeed" v="30"/>
    <tag k="name" v="Słomiana"/>
    <tag k="source:maxspeed" v="PL:zone30"/>
    <tag k="tunnel" v="building_passage"/>
  </way>
  <way id="143911601">
    <nd ref="9132877448"/>
    <nd ref="9132877445"/>
    <nd ref="2617308523"/>
    <nd ref="1574722810"/>
    <nd ref="9747558182"/>
    <nd ref="9747558183"/>
    <tag k="access" v="private"/>
    <tag k="highway" v="service"/>
    <tag k="service" v="driveway"/>
  </way>
  <way id="144123155">
    <nd ref="6078514222"/>
    <nd ref="1577024223"/>
    <nd ref="1577024156"/>
    <nd ref="1577024146"/>
    <nd ref="3027805251"/>
    <nd ref="301672020"/>
    <tag k="bicycle" v="yes"/>
    <tag k="highway" v="living_street"/>
    <tag k="horse" v="no"/>
    <tag k="lit" v="yes"/>
    <tag k="maxspeed" v="20"/>
    <tag k="name" v="Kozia"/>
    <tag k="note:access" v="Nie dotyczy posiadaczy identyfikatorów typu GM wydanych przez GZDiZ oraz pojazdów wymienionych w Zarządzeniu nr 34/14 Prezydenta Miasta Gdańska z dn. 10.01.2014 r. Informacje: PN-PT w godz. 7.00-15.00 tel. 58 52-44-627, 58 55-89-571"/>
    <tag k="old_name:de" v="Ziegengasse"/>
    <tag k="old_name:la" v="platea caprarum"/>
    <tag k="source" v="UMP-PL, ./UMP-Gdansk/src/GDANSK.ulice.txt"/>
    <tag k="source:access" v="https://gzd.gda.pl/zalatw-sprawe/strefa-ograniczonej-dostepnosci-na-glownym-miescie,a,3141"/>
    <tag k="source:maxspeed" v="PL:living_street"/>
    <tag k="surface" v="asphalt"/>
    <tag k="taxi" v="yes"/>
    <tag k="vehicle" v="permit"/>
  </way>
  <way id="144123164">
    <nd ref="9396091419"/>
    <nd ref="1577024112"/>
    <nd ref="11152003520"/>
    <nd ref="11164201157"/>
    <nd ref="1577024097"/>
    <nd ref="1577024071"/>
    <tag k="access" v="private"/>
    <tag k="bicycle" v="yes"/>
    <tag k="highway" v="service"/>
    <tag k="service" v="driveway"/>
    <tag k="vehicle" v="private"/>
  </way>
  <way id="144123165">
    <nd ref="1577024225"/>
    <nd ref="1577024224"/>
    <tag k="access" v="private"/>
    <tag k="highway" v="service"/>
    <tag k="service" v="driveway"/>
    <tag k="tunnel" v="building_passage"/>
  </way>
  <way id="144123167">
    <nd ref="1577024198"/>
    <nd ref="1577024159"/>
    <tag k="bicycle" v="yes"/>
    <tag k="highway" v="service"/>
    <tag k="service" v="driveway"/>
    <tag k="vehicle" v="private"/>
  </way>
  <way id="144123168">
    <nd ref="1577024224"/>
    <nd ref="1577024223"/>
    <tag k="highway" v="service"/>
    <tag k="service" v="driveway"/>
    <tag k="surface" v="sett"/>
  </way>
  <way id="144123169">
    <nd ref="1577024159"/>
    <nd ref="1577024133"/>
    <tag k="access" v="private"/>
    <tag k="bicycle" v="yes"/>
    <tag k="highway" v="service"/>
    <tag k="service" v="driveway"/>
    <tag k="tunnel" v="building_passage"/>
    <tag k="vehicle" v="private"/>
  </way>
  <way id="144123170">
    <nd ref="1577024269"/>
    <nd ref="1577024266"/>
    <tag k="highway" v="service"/>
    <tag k="service" v="driveway"/>
  </way>
  <way id="144123171">
    <nd ref="1577024175"/>
    <nd ref="1577024194"/>
    <nd ref="1577024227"/>
    <nd ref="1577024225"/>
    <tag k="access" v="private"/>
    <tag k="highway" v="service"/>
    <tag k="service" v="driveway"/>
  </way>
  <way id="144123173">
    <nd ref="1577024133"/>
    <nd ref="3047510081"/>
    <nd ref="9674430677"/>
    <tag k="access" v="private"/>
    <tag k="bicycle" v="yes"/>
    <tag k="highway" v="service"/>
    <tag k="service" v="driveway"/>
    <tag k="vehicle" v="private"/>
  </way>
  <way id="144319830">
    <nd ref="9674430691"/>
    <nd ref="1578644219"/>
    <nd ref="2478708625"/>
    <tag k="access" v="private"/>
    <tag k="highway" v="service"/>
    <tag k="service" v="driveway"/>
  </way>
  <way id="144731964">
    <nd ref="12831286588"/>
    <nd ref="12831286590"/>
    <nd ref="12831286589"/>
    <nd ref="1582534283"/>
    <nd ref="1582534349"/>
    <tag k="highway" v="tertiary"/>
    <tag k="junction" v="roundabout"/>
    <tag k="lanes" v="3"/>
    <tag k="lit" v="yes"/>
    <tag k="maxspeed" v="30"/>
    <tag k="name" v="Targ Drzewny"/>
    <tag k="old_name:de" v="Holzmarkt"/>
    <tag k="placement" v="right_of:1"/>
    <tag k="source:maxspeed" v="PL:zone30"/>
    <tag k="surface" v="asphalt"/>
    <tag k="turn:lanes" v="left|through|right"/>
  </way>
  <way id="144731966">
    <nd ref="1582533346"/>
    <nd ref="1582533356"/>
    <nd ref="1582533397"/>
    <nd ref="8497736987"/>
    <nd ref="9668569249"/>
    <nd ref="9668569218"/>
    <nd ref="9668569219"/>
    <nd ref="13468386034"/>
    <tag k="highway" v="service"/>
    <tag k="motor_vehicle" v="private"/>
    <tag k="service" v="driveway"/>
  </way>
  <way id="144731980">
    <nd ref="3699868114"/>
    <nd ref="13596650642"/>
    <nd ref="7847478785"/>
    <nd ref="4285080091"/>
    <tag k="highway" v="tertiary"/>
    <tag k="lanes" v="3"/>
    <tag k="lanes:backward" v="2"/>
    <tag k="lanes:forward" v="1"/>
    <tag k="lit" v="yes"/>
    <tag k="maxspeed" v="30"/>
    <tag k="name" v="Podwale Staromiejskie"/>
    <tag k="source:maxspeed" v="PL:zone30"/>
    <tag k="surface" v="asphalt"/>
    <tag k="turn:lanes:backward" v="through|right"/>
  </way>
  <way id="145013472">
    <nd ref="1210259538"/>
    <nd ref="1210268731"/>
    <nd ref="1210268732"/>
    <nd ref="1210268733"/>
    <nd ref="1210268742"/>
    <nd ref="1210268743"/>
    <nd ref="2686392937"/>
    <nd ref="2686392924"/>
    <nd ref="2686392903"/>
    <nd ref="2686392883"/>
    <nd ref="1210268745"/>
    <nd ref="2686392875"/>
    <nd ref="1210268746"/>
    <nd ref="2686392874"/>
    <nd ref="1210268747"/>
    <nd ref="2338038671"/>
    <nd ref="2685898760"/>
    <nd ref="1210268748"/>
    <nd ref="1210268749"/>
    <nd ref="2685898831"/>
    <nd ref="2685898909"/>
    <nd ref="1210268750"/>
    <nd ref="2685898999"/>
    <nd ref="1210268751"/>
    <nd ref="2685899054"/>
    <nd ref="1210268752"/>
    <nd ref="2685899091"/>
    <nd ref="1210268753"/>
    <nd ref="2685899124"/>
    <nd ref="1210268754"/>
    <nd ref="2670366862"/>
    <nd ref="2670366895"/>
    <nd ref="2670366918"/>
    <nd ref="1210268756"/>
    <nd ref="1434998423"/>
    <nd ref="1434998440"/>
    <nd ref="1434998447"/>
    <nd ref="1434998453"/>
    <nd ref="2670367009"/>
    <nd ref="2670367036"/>
    <nd ref="1434998462"/>
    <nd ref="1210268759"/>
    <nd ref="2670367140"/>
    <nd ref="746800003"/>
    <tag k="layer" v="-2"/>
    <tag k="name" v="Potok Siedlecki"/>
    <tag k="tunnel" v="yes"/>
    <tag k="waterway" v="stream"/>
  </way>
  <way id="155066661">
    <nd ref="12403380833"/>
    <nd ref="12403380834"/>
    <nd ref="8727690013"/>
    <nd ref="8735779681"/>
    <nd ref="1840854022"/>
    <tag k="bus:lanes" v="yes|yes|designated"/>
    <tag k="dual_carriageway" v="yes"/>
    <tag k="foot" v="no"/>
    <tag k="highway" v="primary"/>
    <tag k="highway:category:pl" v="1"/>
    <tag k="int_ref" v="E 75"/>
    <tag k="lanes" v="3"/>
    <tag k="lanes:bus" v="1"/>
    <tag k="lanes:mofa" v="1"/>
    <tag k="lanes:moped" v="1"/>
    <tag k="lanes:motorcycle" v="1"/>
    <tag k="lanes:taxi" v="1"/>
    <tag k="lit" v="yes"/>
    <tag k="maxaxleload" v="11.5"/>
    <tag k="maxspeed" v="50"/>
    <tag k="mofa:lanes" v="yes|yes|designated"/>
    <tag k="moped:lanes" v="yes|yes|designated"/>
    <tag k="motorcycle:lanes" v="yes|yes|designated"/>
    <tag k="name" v="Trakt Świętego Wojciecha"/>
    <tag k="name:etymology:wikidata" v="Q243427"/>
    <tag k="note:lanes" v="||Znak D-11: prawy pas wyznaczony dla: BUS, TAXI, służby miejskie, motocykle i motorowery. Znak F-10: dopuszcza jazdę prosto tylko dla: BUS."/>
    <tag k="oneway" v="yes"/>
    <tag k="ref" v="91"/>
    <tag k="source" v="UMP-PL, ./UMP-Gdansk/src/GDANSK.ulice.txt"/>
    <tag k="source:maxaxleload" v="Dz.U. 2011 nr 222 poz. 1321 Art. 2 pkt. 11"/>
    <tag k="source:ref" v="Zarządzenie nr 46 Generalnego Dyrektora Dróg Krajowych i Autostrad z dnia 17 grudnia 2012 r."/>
    <tag k="source:ref:url" v="https://www.gddkia.gov.pl/userfiles/articles/z/zarzadzenia-generalnego-dyrektor_10385/zarzadzenie%2046.pdf"/>
    <tag k="surface" v="asphalt"/>
    <tag k="taxi:lanes" v="yes|yes|designated"/>
    <tag k="turn:bus:lanes" v="through|through|through;right"/>
    <tag k="turn:lanes" v="through|through|right"/>
    <tag k="vehicle:lanes" v="yes|yes|yes"/>
  </way>
  <way id="155097698">
    <nd ref="301684796"/>
    <nd ref="7184148945"/>
    <nd ref="7184148944"/>
    <nd ref="301684797"/>
    <nd ref="2616256615"/>
    <nd ref="301684798"/>
    <nd ref="12851955897"/>
    <nd ref="301684799"/>
    <nd ref="301684792"/>
    <nd ref="2440142203"/>
    <nd ref="2440142202"/>
    <nd ref="1840848526"/>
    <nd ref="2440142200"/>
    <nd ref="2440142199"/>
    <nd ref="2440142196"/>
    <nd ref="1840848518"/>
    <nd ref="4142926509"/>
    <nd ref="1840848492"/>
    <nd ref="4142926510"/>
    <nd ref="2097885225"/>
    <nd ref="7184148946"/>
    <nd ref="7184148948"/>
    <nd ref="7184148947"/>
    <tag k="bridge" v="viaduct"/>
    <tag k="destination" v="Warszawa;Sztokholm"/>
    <tag k="destination:ref" v="501;S7"/>
    <tag k="foot" v="no"/>
    <tag k="highway" v="primary_link"/>
    <tag k="lanes" v="1"/>
    <tag k="layer" v="1"/>
    <tag k="lit" v="yes"/>
    <tag k="maxspeed" v="50"/>
    <tag k="maxweight:signed" v="no"/>
    <tag k="name" v="Węzeł Unii Europejskiej"/>
    <tag k="name:etymology:wikidata" v="Q458"/>
    <tag k="oneway" v="yes"/>
    <tag k="sidewalk" v="no"/>
    <tag k="source" v="survey"/>
    <tag k="source:maxspeed" v="PL:urban"/>
    <tag k="surface" v="asphalt"/>
  </way>
  <way id="155097699">
    <nd ref="1675309975"/>
    <nd ref="13136732382"/>
    <nd ref="13136732380"/>
    <nd ref="10738351341"/>
    <nd ref="13136732378"/>
    <nd ref="301679711"/>
    <tag k="cutting" v="yes"/>
    <tag k="cycleway:right" v="no"/>
    <tag k="dual_carriageway" v="yes"/>
    <tag k="foot" v="no"/>
    <tag k="highway" v="primary"/>
    <tag k="highway:category:pl" v="1"/>
    <tag k="int_ref" v="E 75"/>
    <tag k="lanes" v="2"/>
    <tag k="lit" v="yes"/>
    <tag k="maxaxleload" v="11.5"/>
    <tag k="maxspeed" v="50"/>
    <tag k="name" v="Okopowa"/>
    <tag k="old_name:de" v="Karrenwall"/>
    <tag k="oneway" v="yes"/>
    <tag k="ref" v="91"/>
    <tag k="sidewalk" v="no"/>
    <tag k="source" v="UMP-PL, ./UMP-Gdansk/src/GDANSK.ulice.txt"/>
    <tag k="source:maxaxleload" v="Dz.U. 2011 nr 222 poz. 1321 Art. 2 pkt. 11"/>
    <tag k="source:maxspeed" v="PL:urban"/>
    <tag k="source:ref" v="Zarządzenie nr 46 Generalnego Dyrektora Dróg Krajowych i Autostrad z dnia 17 grudnia 2012 r."/>
    <tag k="source:ref:url" v="https://www.archiwum.gddkia.gov.pl/userfiles/articles/z/zarzadzenia-generalnego-dyrektor_10385/zarzadzenie%2046.pdf"/>
    <tag k="surface" v="asphalt"/>
  </way>
  <way id="155097914">
    <nd ref="1675319797"/>
    <nd ref="301679794"/>
    <tag k="dual_carriageway" v="yes"/>
    <tag k="foot" v="no"/>
    <tag k="highway" v="primary"/>
    <tag k="highway:category:pl" v="1"/>
    <tag k="int_ref" v="E 75"/>
    <tag k="lanes" v="2"/>
    <tag k="layer" v="-1"/>
    <tag k="lit" v="yes"/>
    <tag k="maxaxleload" v="11.5"/>
    <tag k="maxheight" v="3.9"/>
    <tag k="maxspeed" v="50"/>
    <tag k="name" v="Okopowa"/>
    <tag k="oneway" v="yes"/>
    <tag k="ref" v="91"/>
    <tag k="sidewalk" v="no"/>
    <tag k="source:maxaxleload" v="Dz.U. 2011 nr 222 poz. 1321 Art. 2 pkt. 11"/>
    <tag k="source:maxspeed" v="PL:urban"/>
    <tag k="source:ref" v="Zarządzenie nr 46 Generalnego Dyrektora Dróg Krajowych i Autostrad z dnia 17 grudnia 2012 r."/>
    <tag k="source:ref:url" v="https://www.archiwum.gddkia.gov.pl/userfiles/articles/z/zarzadzenia-generalnego-dyrektor_10385/zarzadzenie%2046.pdf"/>
    <tag k="surface" v="asphalt"/>
    <tag k="tunnel" v="yes"/>
  </way>
  <way id="160054187">
    <nd ref="301671785"/>
    <nd ref="9907272978"/>
    <nd ref="7180930000"/>
    <nd ref="5504836541"/>
    <nd ref="9907154307"/>
    <nd ref="3027522416"/>
    <nd ref="3027522409"/>
    <nd ref="3027522405"/>
    <nd ref="3027522403"/>
    <nd ref="1721167978"/>
    <nd ref="3027522404"/>
    <tag k="highway" v="residential"/>
    <tag k="lanes" v="2"/>
    <tag k="lit" v="yes"/>
    <tag k="maxspeed" v="30"/>
    <tag k="name" v="Jaglana"/>
    <tag k="old_name:de" v="Kiebitzgasse"/>
    <tag k="sidewalk" v="separate"/>
    <tag k="source:maxspeed" v="PL:zone30"/>
    <tag k="surface" v="asphalt"/>
  </way>
  <way id="160054188">
    <nd ref="2274728527"/>
    <nd ref="11537691876"/>
    <nd ref="9416157678"/>
    <nd ref="4326634116"/>
    <nd ref="2276607323"/>
    <nd ref="4326634114"/>
    <nd ref="1721167985"/>
    <nd ref="4326634323"/>
    <nd ref="9907154305"/>
    <nd ref="12677438220"/>
    <nd ref="12677438218"/>
    <nd ref="3027522440"/>
    <nd ref="9416157685"/>
    <nd ref="2964089196"/>
    <nd ref="1721167982"/>
    <tag k="highway" v="residential"/>
    <tag k="maxspeed" v="30"/>
    <tag k="name" v="Owsiana"/>
    <tag k="old_name" v="Mausegasse"/>
    <tag k="sidewalk" v="separate"/>
    <tag k="source:maxspeed" v="PL:zone30"/>
  </way>
  <way id="160054190">
    <nd ref="12867036071"/>
    <nd ref="1721167981"/>
    <nd ref="9907154306"/>
    <nd ref="9907154303"/>
    <nd ref="12677438221"/>
    <nd ref="9907154302"/>
    <nd ref="12677438217"/>
    <nd ref="9907154300"/>
    <nd ref="12677438222"/>
    <nd ref="3027522428"/>
    <nd ref="3027522425"/>
    <nd ref="1721167980"/>
    <tag k="highway" v="residential"/>
    <tag k="maxspeed" v="30"/>
    <tag k="name" v="Wspornikowa"/>
    <tag k="old_name:de" v="Stützengasse"/>
    <tag k="source:maxspeed" v="PL:zone30"/>
    <tag k="surface" v="unhewn_cobblestone"/>
  </way>
  <way id="160054192">
    <nd ref="1721167985"/>
    <nd ref="1721167981"/>
    <tag k="highway" v="service"/>
    <tag k="maxspeed" v="30"/>
    <tag k="source:maxspeed" v="PL:zone30"/>
  </way>
  <way id="161368647">
    <nd ref="1733459014"/>
    <nd ref="1868665410"/>
    <nd ref="1733459010"/>
    <nd ref="1733459008"/>
    <nd ref="1868665548"/>
    <nd ref="1733459033"/>
    <tag k="highway" v="service"/>
    <tag k="service" v="parking_aisle"/>
    <tag k="surface" v="paving_stones"/>
  </way>
  <way id="169433378">
    <nd ref="1806021296"/>
    <nd ref="10581217656"/>
    <nd ref="1806021391"/>
    <nd ref="1806021161"/>
    <nd ref="1806021051"/>
    <nd ref="2954781046"/>
    <nd ref="1806021454"/>
    <nd ref="3531427988"/>
    <nd ref="1806021266"/>
    <nd ref="3531082073"/>
    <nd ref="1806021118"/>
    <nd ref="1806021066"/>
    <nd ref="1806021114"/>
    <nd ref="1806021027"/>
    <nd ref="3534139391"/>
    <nd ref="1806021160"/>
    <nd ref="1857517383"/>
    <nd ref="1806021087"/>
    <nd ref="3534219857"/>
    <nd ref="1806021096"/>
    <nd ref="1806021415"/>
    <nd ref="2091200424"/>
    <tag k="name" v="Motława"/>
    <tag k="waterway" v="river"/>
  </way>
  <way id="169433385">
    <nd ref="1806021329"/>
    <nd ref="11704838984"/>
    <tag k="layer" v="-1"/>
    <tag k="name" v="Motława"/>
    <tag k="tunnel" v="yes"/>
    <tag k="waterway" v="river"/>
  </way>
  <way id="173230955">
    <nd ref="12403380827"/>
    <nd ref="1840854022"/>
    <tag k="foot" v="no"/>
    <tag k="highway" v="tertiary"/>
    <tag k="lit" v="yes"/>
    <tag k="maxspeed" v="50"/>
    <tag k="name" v="Toruńska"/>
    <tag k="source:maxspeed" v="PL:urban"/>
    <tag k="surface" v="asphalt"/>
  </way>
  <way id="174189307">
    <nd ref="301672015"/>
    <nd ref="10208437484"/>
    <nd ref="10783295887"/>
    <nd ref="301671977"/>
    <tag k="highway" v="residential"/>
    <tag k="lit" v="yes"/>
    <tag k="maxspeed" v="30"/>
    <tag k="name" v="Grobla III"/>
    <tag k="old_name:de" v="III. Damm"/>
    <tag k="oneway" v="no"/>
    <tag k="oneway:bicycle" v="no"/>
    <tag k="source:maxspeed" v="PL:zone30"/>
    <tag k="surface" v="asphalt"/>
  </way>
  <way id="174189308">
    <nd ref="1568383478"/>
    <nd ref="2617194111"/>
    <nd ref="9146383898"/>
    <nd ref="2617194159"/>
    <nd ref="2617194163"/>
    <nd ref="1849057287"/>
    <tag k="bicycle" v="yes"/>
    <tag k="highway" v="living_street"/>
    <tag k="horse" v="no"/>
    <tag k="lit" v="yes"/>
    <tag k="maxspeed" v="20"/>
    <tag k="name" v="Grząska"/>
    <tag k="note:access" v="Nie dotyczy posiadaczy identyfikatorów typu GM wydanych przez GZDiZ oraz pojazdów wymienionych w Zarządzeniu nr 34/14 Prezydenta Miasta Gdańska z dn. 10.01.2014 r. Informacje: PN-PT w godz. 7.00-15.00 tel. 58 52-44-627, 58 55-89-571"/>
    <tag k="source:access" v="https://gzd.gda.pl/zalatw-sprawe/strefa-ograniczonej-dostepnosci-na-glownym-miescie,a,3141"/>
    <tag k="source:maxspeed" v="PL:living_street"/>
    <tag k="surface" v="concrete"/>
    <tag k="taxi" v="yes"/>
    <tag k="vehicle" v="permit"/>
  </way>
  <way id="174189310">
    <nd ref="301683410"/>
    <nd ref="9983519362"/>
    <nd ref="301672012"/>
    <tag k="highway" v="residential"/>
    <tag k="maxspeed" v="30"/>
    <tag k="name" v="Różana"/>
    <tag k="old_name:de" v="Rosengasse"/>
    <tag k="source:maxspeed" v="PL:zone30"/>
  </way>
  <way id="174189312">
    <nd ref="301672015"/>
    <nd ref="2617308550"/>
    <nd ref="2617308556"/>
    <nd ref="9747558196"/>
    <nd ref="1119354440"/>
    <tag k="highway" v="residential"/>
    <tag k="lit" v="yes"/>
    <tag k="maxspeed" v="30"/>
    <tag k="name" v="Straganiarska"/>
    <tag k="old_name:de" v="Häkergasse"/>
    <tag k="old_name:la" v="platea campensium"/>
    <tag k="source:maxspeed" v="PL:zone30"/>
    <tag k="surface" v="sett"/>
  </way>
  <way id="174189313">
    <nd ref="7215639751"/>
    <nd ref="3324016697"/>
    <nd ref="301672032"/>
    <nd ref="10719196017"/>
    <nd ref="3741457658"/>
    <nd ref="301672173"/>
    <tag k="check_date:surface" v="2023-08-01"/>
    <tag k="highway" v="residential"/>
    <tag k="maxspeed" v="30"/>
    <tag k="name" v="Słodowników"/>
    <tag k="old_name:de" v="Metzergasse"/>
    <tag k="sidewalk" v="separate"/>
    <tag k="source:maxspeed" v="PL:zone30"/>
    <tag k="surface" v="asphalt"/>
  </way>
  <way id="174189314">
    <nd ref="301671996"/>
    <nd ref="9887984801"/>
    <nd ref="2617194404"/>
    <nd ref="2617194430"/>
    <nd ref="301672005"/>
    <tag k="highway" v="residential"/>
    <tag k="maxspeed" v="30"/>
    <tag k="name" v="Tandeta"/>
    <tag k="old_name:de" v="Tagnetergasse"/>
    <tag k="oneway" v="yes"/>
    <tag k="oneway:bicycle" v="no"/>
    <tag k="source:maxspeed" v="PL:zone30"/>
    <tag k="surface" v="sett"/>
  </way>
  <way id="174189320">
    <nd ref="301672006"/>
    <nd ref="10208448782"/>
    <nd ref="10208448840"/>
    <nd ref="11497981247"/>
    <nd ref="11497981198"/>
    <nd ref="1849057306"/>
    <tag k="highway" v="residential"/>
    <tag k="maxspeed" v="30"/>
    <tag k="name" v="Warzywnicza"/>
    <tag k="old_name:de" v="Petersiliengasse"/>
    <tag k="oneway" v="yes"/>
    <tag k="oneway:bicycle" v="no"/>
    <tag k="source:maxspeed" v="PL:zone30"/>
  </way>
  <way id="174189322">
    <nd ref="2617308382"/>
    <nd ref="11870274427"/>
    <nd ref="9170171904"/>
    <nd ref="2478708613"/>
    <nd ref="2478708611"/>
    <nd ref="9674436624"/>
    <nd ref="4338786308"/>
    <nd ref="4339495027"/>
    <nd ref="301672035"/>
    <tag k="bicycle" v="yes"/>
    <tag k="highway" v="residential"/>
    <tag k="horse" v="no"/>
    <tag k="lit" v="yes"/>
    <tag k="maxspeed" v="30"/>
    <tag k="name" v="Za Murami"/>
    <tag k="note:access" v="Nie dotyczy posiadaczy identyfikatorów typu GM wydanych przez GZDiZ oraz pojazdów wymienionych w Zarządzeniu nr 34/14 Prezydenta Miasta Gdańska z dn. 10.01.2014 r. Informacje: PN-PT w godz. 7.00-15.00 tel. 58 52-44-627, 58 55-89-571"/>
    <tag k="old_name:de" v="Hintergasse"/>
    <tag k="oneway" v="yes"/>
    <tag k="oneway:bicycle" v="no"/>
    <tag k="source:access" v="https://gzd.gda.pl/zalatw-sprawe/strefa-ograniczonej-dostepnosci-na-glownym-miescie,a,3141"/>
    <tag k="source:maxspeed" v="PL:zone30"/>
    <tag k="surface" v="unhewn_cobblestone"/>
    <tag k="taxi" v="yes"/>
    <tag k="vehicle" v="permit"/>
  </way>
  <way id="174189326">
    <nd ref="12148567928"/>
    <nd ref="12148567927"/>
    <nd ref="301672035"/>
    <nd ref="9983286655"/>
    <nd ref="4339495025"/>
    <nd ref="2563644248"/>
    <tag k="highway" v="residential"/>
    <tag k="lit" v="yes"/>
    <tag k="maxspeed" v="30"/>
    <tag k="name" v="Zbytki"/>
    <tag k="old_name:de" v="Ketterhagergasse"/>
    <tag k="source:maxspeed" v="PL:zone30"/>
    <tag k="surface" v="sett"/>
  </way>
  <way id="174189329">
    <nd ref="1849057289"/>
    <nd ref="13818261106"/>
    <nd ref="12179862111"/>
    <nd ref="3861571092"/>
    <tag k="bicycle" v="yes"/>
    <tag k="highway" v="service"/>
    <tag k="horse" v="no"/>
    <tag k="old_name:de" v="Stockturm"/>
    <tag k="psv" v="yes"/>
    <tag k="surface" v="sett"/>
    <tag k="vehicle" v="no"/>
  </way>
  <way id="174189330">
    <nd ref="1391294778"/>
    <nd ref="10783295886"/>
    <nd ref="301671977"/>
    <tag k="highway" v="residential"/>
    <tag k="lit" v="yes"/>
    <tag k="maxspeed" v="30"/>
    <tag k="name" v="Świętojańska"/>
    <tag k="note" v="Dwukierunkowa na czas wakacji"/>
    <tag k="old_name:de" v="Johannisgasse"/>
    <tag k="old_name:la" v="platea sancti Johannis"/>
    <tag k="oneway" v="yes"/>
    <tag k="oneway:bicycle" v="no"/>
    <tag k="source:maxspeed" v="PL:zone30"/>
    <tag k="surface" v="asphalt"/>
  </way>
  <way id="176327907">
    <nd ref="1868665388"/>
    <nd ref="1868665434"/>
    <nd ref="1868665467"/>
    <nd ref="1868665541"/>
    <nd ref="1868665569"/>
    <nd ref="1868665604"/>
    <nd ref="1868665622"/>
    <tag k="highway" v="service"/>
    <tag k="lit" v="yes"/>
    <tag k="surface" v="paving_stones"/>
  </way>
  <way id="176327910">
    <nd ref="9848922070"/>
    <nd ref="10269329581"/>
    <nd ref="9848922064"/>
    <nd ref="1868665153"/>
    <nd ref="1868665143"/>
    <nd ref="1868665141"/>
    <nd ref="1868665139"/>
    <nd ref="1868665145"/>
    <nd ref="10067801660"/>
    <nd ref="1868665158"/>
    <tag k="highway" v="service"/>
    <tag k="service" v="parking_aisle"/>
  </way>
  <way id="176327932">
    <nd ref="1868665388"/>
    <nd ref="4960386479"/>
    <nd ref="1868665419"/>
    <nd ref="1868665439"/>
    <nd ref="1868665434"/>
    <tag k="highway" v="service"/>
    <tag k="service" v="parking_aisle"/>
    <tag k="surface" v="paving_stones"/>
  </way>
  <way id="176327939">
    <nd ref="11870266164"/>
    <nd ref="1868665096"/>
    <nd ref="11870266167"/>
    <nd ref="3770387017"/>
    <tag k="highway" v="service"/>
    <tag k="service" v="driveway"/>
    <tag k="surface" v="paved"/>
  </way>
  <way id="176327940">
    <nd ref="1868665294"/>
    <nd ref="1868665258"/>
    <tag k="highway" v="service"/>
    <tag k="service" v="parking_aisle"/>
  </way>
  <way id="176327942">
    <nd ref="1868665084"/>
    <nd ref="13186842486"/>
    <nd ref="1868665076"/>
    <nd ref="1868665104"/>
    <tag k="access" v="private"/>
    <tag k="highway" v="service"/>
    <tag k="surface" v="cobblestone"/>
  </way>
  <way id="176327954">
    <nd ref="2617194457"/>
    <nd ref="2617194463"/>
    <nd ref="1967345026"/>
    <nd ref="1868665323"/>
    <nd ref="1868665331"/>
    <nd ref="7074384003"/>
    <nd ref="1868665336"/>
    <nd ref="7074384004"/>
    <nd ref="1868665339"/>
    <nd ref="1868665333"/>
    <nd ref="9983490039"/>
    <nd ref="1868665321"/>
    <tag k="highway" v="service"/>
    <tag k="service" v="driveway"/>
  </way>
  <way id="176327964">
    <nd ref="1868665234"/>
    <nd ref="1868665250"/>
    <nd ref="1868665269"/>
    <nd ref="1868665271"/>
    <nd ref="1868665267"/>
    <nd ref="1868665242"/>
    <nd ref="10067801646"/>
    <nd ref="1868665168"/>
    <nd ref="2617194446"/>
    <nd ref="2617194443"/>
    <nd ref="2617194441"/>
    <nd ref="1988299565"/>
    <nd ref="1868665133"/>
    <tag k="highway" v="service"/>
    <tag k="maxspeed" v="30"/>
    <tag k="oneway" v="yes"/>
    <tag k="service" v="driveway"/>
    <tag k="source:maxspeed" v="PL:zone30"/>
  </way>
  <way id="177175881">
    <nd ref="301671778"/>
    <nd ref="12789801061"/>
    <nd ref="9463697215"/>
    <nd ref="1208155717"/>
    <nd ref="1876250857"/>
    <nd ref="8908209791"/>
    <nd ref="2963906897"/>
    <nd ref="7838253103"/>
    <nd ref="9907272739"/>
    <nd ref="13686905588"/>
    <nd ref="1876250867"/>
    <tag k="highway" v="residential"/>
    <tag k="lanes" v="2"/>
    <tag k="lit" v="yes"/>
    <tag k="maxspeed" v="30"/>
    <tag k="name" v="Lastadia"/>
    <tag k="old_name:de" v="Lastadie"/>
    <tag k="source:maxspeed" v="PL:zone30"/>
    <tag k="surface" v="asphalt"/>
  </way>
  <way id="177175882">
    <nd ref="13686905588"/>
    <nd ref="13686905589"/>
    <nd ref="1876250863"/>
    <tag k="highway" v="residential"/>
    <tag k="maxspeed" v="30"/>
    <tag k="name" v="Targ Maślany"/>
    <tag k="old_name:de" v="Winterplatz"/>
    <tag k="old_name:de_1" v="Buttermarkt"/>
    <tag k="source:maxspeed" v="PL:zone30"/>
  </way>
  <way id="177208300">
    <nd ref="11152624774"/>
    <nd ref="11152624768"/>
    <nd ref="8501404792"/>
    <nd ref="1876587663"/>
    <tag k="highway" v="residential"/>
    <tag k="lit" v="yes"/>
    <tag k="maxspeed" v="30"/>
    <tag k="name" v="Kładki"/>
    <tag k="old_name:de" v="Holzgasse"/>
    <tag k="source:maxspeed" v="PL:zone30"/>
    <tag k="surface" v="asphalt"/>
  </way>
  <way id="177208312">
    <nd ref="7765344307"/>
    <nd ref="12789801060"/>
    <nd ref="1968927234"/>
    <nd ref="9990599297"/>
    <nd ref="12403380840"/>
    <nd ref="9990599302"/>
    <nd ref="1876587663"/>
    <nd ref="3669181211"/>
    <nd ref="1876587661"/>
    <nd ref="9990599267"/>
    <nd ref="1876587660"/>
    <tag k="highway" v="residential"/>
    <tag k="lit" v="yes"/>
    <tag k="maxspeed" v="30"/>
    <tag k="name" v="Świętej Trójcy"/>
    <tag k="old_name:de" v="Trinitatis-Kirchgasse"/>
    <tag k="source:maxspeed" v="PL:zone30"/>
    <tag k="surface" v="asphalt"/>
  </way>
  <way id="177208313">
    <nd ref="301679769"/>
    <nd ref="2867187595"/>
    <nd ref="2963907275"/>
    <nd ref="471566089"/>
    <nd ref="2963907006"/>
    <nd ref="1876259337"/>
    <nd ref="4745686847"/>
    <nd ref="2679477247"/>
    <nd ref="9825087316"/>
    <nd ref="1876250854"/>
    <tag k="highway" v="residential"/>
    <tag k="lanes" v="2"/>
    <tag k="lit" v="yes"/>
    <tag k="maxspeed" v="30"/>
    <tag k="name" v="Żabi Kruk"/>
    <tag k="old_name:de" v="Poggenpfuhl"/>
    <tag k="oneway:bicycle" v="no"/>
    <tag k="sidewalk" v="separate"/>
    <tag k="source:maxspeed" v="PL:zone30"/>
    <tag k="surface" v="asphalt"/>
  </way>
  <way id="178717443">
    <nd ref="301672219"/>
    <nd ref="11555110479"/>
    <nd ref="7206970909"/>
    <nd ref="2964089561"/>
    <nd ref="12133151827"/>
    <nd ref="12133151828"/>
    <nd ref="2964089568"/>
    <nd ref="12239580151"/>
    <nd ref="12239580148"/>
    <nd ref="12133151830"/>
    <nd ref="301672204"/>
    <tag k="highway" v="living_street"/>
    <tag k="maxspeed" v="20"/>
    <tag k="name" v="Chmielna"/>
    <tag k="old_name:de" v="Hopfengasse"/>
    <tag k="oneway" v="yes"/>
    <tag k="oneway:bicycle" v="no"/>
    <tag k="source:maxspeed" v="PL:living_street"/>
    <tag k="surface" v="sett"/>
  </way>
  <way id="178717445">
    <nd ref="1890705249"/>
    <nd ref="9983427569"/>
    <nd ref="1890705244"/>
    <nd ref="10269456510"/>
    <nd ref="1890705242"/>
    <nd ref="1890705237"/>
    <nd ref="1890705235"/>
    <nd ref="1890705234"/>
    <nd ref="1890705233"/>
    <nd ref="10269447272"/>
    <nd ref="1890705227"/>
    <nd ref="1890705226"/>
    <nd ref="1890705223"/>
    <nd ref="1890705222"/>
    <nd ref="1893636282"/>
    <nd ref="9983430970"/>
    <nd ref="1890705214"/>
    <tag k="agricultural" v="no"/>
    <tag k="hgv" v="no"/>
    <tag k="highway" v="residential"/>
    <tag k="maxspeed" v="30"/>
    <tag k="name" v="Jana Dziewanowskiego"/>
    <tag k="old_name:de" v="Plankengasse"/>
    <tag k="source:hgv" v="PL:sign_B-5"/>
    <tag k="source:maxspeed" v="PL:zone30"/>
  </way>
  <way id="178717449">
    <nd ref="301672204"/>
    <nd ref="9634320685"/>
    <tag k="highway" v="living_street"/>
    <tag k="maxspeed" v="20"/>
    <tag k="name" v="Pożarnicza"/>
    <tag k="old_name:de" v="Leitergasse"/>
    <tag k="oneway" v="yes"/>
    <tag k="oneway:bicycle" v="no"/>
    <tag k="source:maxspeed" v="PL:living_street"/>
    <tag k="surface" v="sett"/>
  </way>
  <way id="178717474">
    <nd ref="8554539089"/>
    <nd ref="8554539090"/>
    <nd ref="12369910109"/>
    <nd ref="8554539091"/>
    <nd ref="1919765952"/>
    <tag k="highway" v="service"/>
    <tag k="service" v="parking_aisle"/>
  </way>
  <way id="178717483">
    <nd ref="301677846"/>
    <nd ref="9142926469"/>
    <nd ref="1890704969"/>
    <nd ref="12133151820"/>
    <tag k="access" v="customers"/>
    <tag k="highway" v="service"/>
    <tag k="service" v="driveway"/>
  </way>
  <way id="178717489">
    <nd ref="10962574590"/>
    <nd ref="301677859"/>
    <nd ref="10141231375"/>
    <nd ref="301669410"/>
    <nd ref="10141231376"/>
    <nd ref="10141231377"/>
    <tag k="highway" v="service"/>
  </way>
  <way id="178717518">
    <nd ref="301672224"/>
    <nd ref="301672212"/>
    <tag k="cycleway:both" v="no"/>
    <tag k="highway" v="unclassified"/>
    <tag k="lane_markings" v="no"/>
    <tag k="maxspeed" v="30"/>
    <tag k="name" v="Łąkowa"/>
    <tag k="sidewalk:left" v="separate"/>
    <tag k="sidewalk:right" v="no"/>
    <tag k="smoothness" v="good"/>
    <tag k="source:maxspeed" v="PL:zone30"/>
    <tag k="surface" v="asphalt"/>
  </way>
  <way id="178775784">
    <nd ref="1890705041"/>
    <nd ref="5139637839"/>
    <nd ref="5139637845"/>
    <nd ref="2902660069"/>
    <nd ref="2902660068"/>
    <nd ref="2902660066"/>
    <nd ref="1891374024"/>
    <tag k="highway" v="service"/>
    <tag k="service" v="driveway"/>
  </way>
  <way id="178775786">
    <nd ref="1891373992"/>
    <nd ref="1891374019"/>
    <nd ref="1891374020"/>
    <nd ref="1891374016"/>
    <nd ref="1891374015"/>
    <nd ref="1891373988"/>
    <tag k="highway" v="service"/>
    <tag k="service" v="parking_aisle"/>
  </way>
  <way id="178775787">
    <nd ref="1127880062"/>
    <nd ref="9473568862"/>
    <nd ref="6049900430"/>
    <nd ref="12370215080"/>
    <nd ref="12370215077"/>
    <nd ref="12370215070"/>
    <nd ref="1891374031"/>
    <nd ref="2902660060"/>
    <nd ref="1891374018"/>
    <nd ref="3874401757"/>
    <nd ref="3874401756"/>
    <tag k="highway" v="service"/>
    <tag k="service" v="parking_aisle"/>
  </way>
  <way id="178775788">
    <nd ref="1891373990"/>
    <nd ref="1891374003"/>
    <nd ref="1891374001"/>
    <nd ref="1891373996"/>
    <nd ref="1127879676"/>
    <tag k="highway" v="service"/>
    <tag k="service" v="parking_aisle"/>
  </way>
  <way id="181565599">
    <nd ref="1919765945"/>
    <nd ref="2896164078"/>
    <nd ref="12369910215"/>
    <nd ref="1902192027"/>
    <tag k="highway" v="service"/>
    <tag k="maxspeed" v="30"/>
    <tag k="service" v="driveway"/>
    <tag k="source:maxspeed" v="PL:zone30"/>
  </way>
  <way id="181565600">
    <nd ref="1919765957"/>
    <nd ref="2896164081"/>
    <nd ref="1919765953"/>
    <nd ref="11987861341"/>
    <nd ref="1919765952"/>
    <tag k="highway" v="service"/>
  </way>
  <way id="182185655">
    <nd ref="1925302832"/>
    <nd ref="1925302845"/>
    <nd ref="1925302850"/>
    <nd ref="13701624928"/>
    <nd ref="8497549853"/>
    <nd ref="1925302857"/>
    <nd ref="13701624930"/>
    <nd ref="9668569181"/>
    <nd ref="10080638019"/>
    <nd ref="1925302734"/>
    <nd ref="13701624932"/>
    <nd ref="8570122997"/>
    <nd ref="13701624933"/>
    <nd ref="1925302866"/>
    <nd ref="4570214909"/>
    <nd ref="1925302870"/>
    <nd ref="13701624934"/>
    <nd ref="8570123009"/>
    <nd ref="1925302872"/>
    <tag k="electrified" v="contact_line"/>
    <tag k="frequency" v="0"/>
    <tag k="gauge" v="1435"/>
    <tag k="maxspeed" v="50"/>
    <tag k="oneway" v="yes"/>
    <tag k="railway" v="tram"/>
    <tag k="voltage" v="600"/>
  </way>
  <way id="182185656">
    <nd ref="1925302893"/>
    <nd ref="1925302897"/>
    <nd ref="1925302910"/>
    <nd ref="8590051556"/>
    <nd ref="1925302917"/>
    <nd ref="8590051557"/>
    <nd ref="1925302922"/>
    <nd ref="8590051554"/>
    <nd ref="1925302926"/>
    <nd ref="8590051555"/>
    <nd ref="1925302928"/>
    <nd ref="8590051551"/>
    <nd ref="3735223772"/>
    <nd ref="13708729598"/>
    <nd ref="1925302931"/>
    <nd ref="3735223774"/>
    <nd ref="8590051550"/>
    <nd ref="1925302932"/>
    <nd ref="1925302935"/>
    <nd ref="13708729599"/>
    <nd ref="12148563940"/>
    <nd ref="8590051548"/>
    <nd ref="1739250195"/>
    <nd ref="13708729600"/>
    <nd ref="1925302958"/>
    <tag k="electrified" v="contact_line"/>
    <tag k="frequency" v="0"/>
    <tag k="gauge" v="1435"/>
    <tag k="maxspeed" v="50"/>
    <tag k="oneway" v="yes"/>
    <tag k="railway" v="tram"/>
    <tag k="voltage" v="600"/>
  </way>
  <way id="182185661">
    <nd ref="12526336781"/>
    <nd ref="7681005494"/>
    <nd ref="8880549524"/>
    <nd ref="7681005495"/>
    <nd ref="2371734539"/>
    <tag k="electrified" v="contact_line"/>
    <tag k="frequency" v="0"/>
    <tag k="gauge" v="1435"/>
    <tag k="maxspeed" v="50"/>
    <tag k="oneway" v="yes"/>
    <tag k="railway" v="tram"/>
    <tag k="voltage" v="600"/>
  </way>
  <way id="182185665">
    <nd ref="2371734539"/>
    <nd ref="1925302797"/>
    <nd ref="1925302747"/>
    <nd ref="8000545512"/>
    <nd ref="8000545513"/>
    <nd ref="1925302795"/>
    <nd ref="1925302793"/>
    <nd ref="1925302792"/>
    <nd ref="2468521781"/>
    <nd ref="2964089536"/>
    <nd ref="2468521782"/>
    <nd ref="1925302790"/>
    <nd ref="1925302789"/>
    <nd ref="2964089400"/>
    <nd ref="1925303014"/>
    <nd ref="2964089377"/>
    <nd ref="1925302785"/>
    <nd ref="2964089365"/>
    <nd ref="2964089354"/>
    <nd ref="1925302781"/>
    <nd ref="4570107778"/>
    <tag k="electrified" v="contact_line"/>
    <tag k="frequency" v="0"/>
    <tag k="gauge" v="1435"/>
    <tag k="maxspeed" v="50"/>
    <tag k="oneway" v="yes"/>
    <tag k="railway" v="tram"/>
    <tag k="voltage" v="600"/>
  </way>
  <way id="182185667">
    <nd ref="1925302803"/>
    <nd ref="8570122882"/>
    <nd ref="7681005492"/>
    <nd ref="2964003650"/>
    <nd ref="11508868214"/>
    <nd ref="1925302806"/>
    <nd ref="8880549527"/>
    <nd ref="2964003655"/>
    <nd ref="7681005491"/>
    <nd ref="1925302815"/>
    <nd ref="8570122889"/>
    <nd ref="1925302822"/>
    <nd ref="8570122890"/>
    <nd ref="8570122891"/>
    <nd ref="1925302832"/>
    <tag k="electrified" v="contact_line"/>
    <tag k="frequency" v="0"/>
    <tag k="gauge" v="1435"/>
    <tag k="maxspeed" v="50"/>
    <tag k="oneway" v="yes"/>
    <tag k="railway" v="tram"/>
    <tag k="voltage" v="600"/>
  </way>
  <way id="182185668">
    <nd ref="1925302872"/>
    <nd ref="1925302883"/>
    <nd ref="8497797247"/>
    <nd ref="4570214922"/>
    <nd ref="1925302885"/>
    <nd ref="1925302887"/>
    <nd ref="1925302888"/>
    <nd ref="1925302891"/>
    <nd ref="1925302892"/>
    <nd ref="4570214906"/>
    <nd ref="8497797248"/>
    <nd ref="4570214913"/>
    <nd ref="8497797265"/>
    <nd ref="1925302893"/>
    <tag k="electrified" v="contact_line"/>
    <tag k="frequency" v="0"/>
    <tag k="gauge" v="1435"/>
    <tag k="maxspeed" v="50"/>
    <tag k="oneway" v="yes"/>
    <tag k="railway" v="tram"/>
    <tag k="voltage" v="600"/>
  </way>
  <way id="182185669">
    <nd ref="12526336781"/>
    <nd ref="11508868281"/>
    <nd ref="7681005500"/>
    <nd ref="1925302812"/>
    <nd ref="4911147466"/>
    <nd ref="8570122875"/>
    <nd ref="1925302813"/>
    <nd ref="8570122876"/>
    <nd ref="1925302814"/>
    <nd ref="8570122877"/>
    <nd ref="2964003658"/>
    <nd ref="1925302818"/>
    <nd ref="622327410"/>
    <nd ref="8570122881"/>
    <nd ref="1925302824"/>
    <nd ref="1925302832"/>
    <tag k="electrified" v="contact_line"/>
    <tag k="frequency" v="0"/>
    <tag k="gauge" v="1435"/>
    <tag k="maxspeed" v="50"/>
    <tag k="oneway" v="yes"/>
    <tag k="railway" v="tram"/>
    <tag k="voltage" v="600"/>
  </way>
  <way id="184295024">
    <nd ref="1947567873"/>
    <nd ref="2616535075"/>
    <nd ref="1947567869"/>
    <nd ref="2103407200"/>
    <nd ref="1947567862"/>
    <tag k="bicycle" v="yes"/>
    <tag k="highway" v="residential"/>
    <tag k="horse" v="no"/>
    <tag k="lit" v="yes"/>
    <tag k="maxspeed" v="30"/>
    <tag k="name" v="Latarniana"/>
    <tag k="note:access" v="Nie dotyczy posiadaczy identyfikatorów typu GM wydanych przez GZDiZ oraz pojazdów wymienionych w Zarządzeniu nr 34/14 Prezydenta Miasta Gdańska z dn. 10.01.2014 r. Informacje: PN-PT w godz. 7.00-15.00 tel. 58 52-44-627, 58 55-89-571"/>
    <tag k="old_name:de" v="Laternengasse"/>
    <tag k="oneway" v="yes"/>
    <tag k="sidewalk" v="both"/>
    <tag k="sidewalk:both:surface" v="paving_stones"/>
    <tag k="smoothness" v="bad"/>
    <tag k="source:access" v="https://gzd.gda.pl/zalatw-sprawe/strefa-ograniczonej-dostepnosci-na-glownym-miescie,a,3141"/>
    <tag k="source:maxspeed" v="PL:zone30"/>
    <tag k="surface" v="sett"/>
    <tag k="taxi" v="yes"/>
    <tag k="vehicle" v="permit"/>
  </way>
  <way id="184295039">
    <nd ref="4332105010"/>
    <nd ref="9787038067"/>
    <nd ref="1947567817"/>
    <tag k="highway" v="service"/>
    <tag k="motor_vehicle" v="private"/>
    <tag k="service" v="parking_aisle"/>
    <tag k="surface" v="asphalt"/>
  </way>
  <way id="188233960">
    <nd ref="3754883828"/>
    <nd ref="10824505954"/>
    <nd ref="2619758016"/>
    <nd ref="1391202941"/>
    <tag k="highway" v="service"/>
    <tag k="surface" v="sett"/>
    <tag k="vehicle" v="no"/>
  </way>
  <way id="199077034">
    <nd ref="2091200424"/>
    <nd ref="2091200422"/>
    <tag k="covered" v="yes"/>
    <tag k="waterway" v="river"/>
  </way>
  <way id="199077035">
    <nd ref="2091200422"/>
    <nd ref="1806021109"/>
    <nd ref="2954842381"/>
    <nd ref="1806021265"/>
    <nd ref="1806021219"/>
    <nd ref="1806021331"/>
    <nd ref="1806021005"/>
    <nd ref="1806021383"/>
    <nd ref="1806021392"/>
    <nd ref="1806021429"/>
    <nd ref="1806021332"/>
    <nd ref="1806021145"/>
    <nd ref="1806021232"/>
    <nd ref="1806021291"/>
    <nd ref="1806021452"/>
    <nd ref="2954842385"/>
    <nd ref="3531293229"/>
    <nd ref="1806021129"/>
    <nd ref="3531293225"/>
    <nd ref="1806021357"/>
    <nd ref="3531293222"/>
    <nd ref="1806021418"/>
    <nd ref="1806021355"/>
    <nd ref="1806020988"/>
    <nd ref="1806021349"/>
    <nd ref="1806021363"/>
    <nd ref="1806021150"/>
    <nd ref="1806021457"/>
    <nd ref="1806021394"/>
    <nd ref="1806021472"/>
    <nd ref="1806020998"/>
    <nd ref="1806021407"/>
    <nd ref="1806021262"/>
    <nd ref="2954881191"/>
    <nd ref="1806021261"/>
    <nd ref="1806021146"/>
    <nd ref="1806021286"/>
    <nd ref="1806021368"/>
    <nd ref="3534219901"/>
    <nd ref="2091377625"/>
    <tag k="name" v="Motława"/>
    <tag k="waterway" v="river"/>
  </way>
  <way id="199085370">
    <nd ref="1858081174"/>
    <nd ref="8882818419"/>
    <nd ref="1074013333"/>
    <nd ref="1074014181"/>
    <nd ref="1074013185"/>
    <nd ref="8888329882"/>
    <nd ref="1074013800"/>
    <nd ref="1074014149"/>
    <nd ref="1074013512"/>
    <nd ref="1074014338"/>
    <nd ref="1074014015"/>
    <nd ref="8922103362"/>
    <nd ref="1074013391"/>
    <nd ref="1074014221"/>
    <nd ref="1074013211"/>
    <nd ref="1074013655"/>
    <nd ref="1074014026"/>
    <nd ref="1074013677"/>
    <nd ref="1074013601"/>
    <nd ref="2091268917"/>
    <tag k="name" v="Motława"/>
    <tag k="waterway" v="river"/>
  </way>
  <way id="199085371">
    <nd ref="1074014130"/>
    <nd ref="1858081174"/>
    <tag k="layer" v="-1"/>
    <tag k="tunnel" v="yes"/>
    <tag k="waterway" v="river"/>
  </way>
  <way id="199085372">
    <nd ref="1858081177"/>
    <nd ref="1858081178"/>
    <tag k="name" v="Motława"/>
    <tag k="waterway" v="river"/>
  </way>
  <way id="199085374">
    <nd ref="1858081178"/>
    <nd ref="1074013520"/>
    <nd ref="1074013871"/>
    <nd ref="1074013869"/>
    <nd ref="8883810674"/>
    <nd ref="1074013279"/>
    <nd ref="1074013446"/>
    <nd ref="1074013360"/>
    <nd ref="8883810675"/>
    <nd ref="1074013621"/>
    <nd ref="1074013664"/>
    <nd ref="3527093682"/>
    <nd ref="1074014070"/>
    <nd ref="1858081179"/>
    <nd ref="1074013625"/>
    <nd ref="1074013581"/>
    <nd ref="1074013293"/>
    <nd ref="1074014147"/>
    <nd ref="1858081180"/>
    <nd ref="1074013308"/>
    <nd ref="1074013300"/>
    <nd ref="1074014062"/>
    <nd ref="1074013274"/>
    <nd ref="1074013356"/>
    <nd ref="1074013214"/>
    <nd ref="1074013346"/>
    <nd ref="1074014195"/>
    <nd ref="1074013242"/>
    <nd ref="1074014252"/>
    <nd ref="1074013554"/>
    <nd ref="1074014045"/>
    <nd ref="1074013438"/>
    <nd ref="1074013471"/>
    <nd ref="1858081181"/>
    <nd ref="1074013597"/>
    <nd ref="1074013911"/>
    <nd ref="1074013876"/>
    <nd ref="1074014326"/>
    <nd ref="1074013652"/>
    <nd ref="2092728467"/>
    <tag k="name" v="Motława"/>
    <tag k="waterway" v="river"/>
  </way>
  <way id="199085375">
    <nd ref="2091268917"/>
    <nd ref="1074014187"/>
    <nd ref="1074013725"/>
    <nd ref="1074013262"/>
    <nd ref="1074013863"/>
    <nd ref="1074014102"/>
    <nd ref="1074014140"/>
    <nd ref="1074014316"/>
    <nd ref="1074013230"/>
    <nd ref="1074013413"/>
    <nd ref="1074014160"/>
    <nd ref="8872360052"/>
    <nd ref="1074013395"/>
    <nd ref="8872360051"/>
    <nd ref="1074014097"/>
    <nd ref="1074014298"/>
    <nd ref="8872360050"/>
    <nd ref="1074013588"/>
    <nd ref="1074014051"/>
    <nd ref="1074014193"/>
    <nd ref="8883905562"/>
    <nd ref="1074014092"/>
    <nd ref="1074013237"/>
    <nd ref="1858081175"/>
    <nd ref="1074013788"/>
    <nd ref="1074013768"/>
    <nd ref="3527158286"/>
    <nd ref="1074013390"/>
    <nd ref="1074013507"/>
    <nd ref="1074014256"/>
    <nd ref="1074013808"/>
    <nd ref="1074013690"/>
    <nd ref="1858081176"/>
    <nd ref="1074014131"/>
    <nd ref="1074013811"/>
    <nd ref="8883905561"/>
    <nd ref="1074014066"/>
    <nd ref="1074013186"/>
    <nd ref="8922888955"/>
    <nd ref="8883905560"/>
    <nd ref="1074013687"/>
    <nd ref="8922888954"/>
    <nd ref="1074013862"/>
    <nd ref="1074013532"/>
    <nd ref="1074013475"/>
    <nd ref="1074013594"/>
    <nd ref="1858081177"/>
    <tag k="name" v="Motława"/>
    <tag k="waterway" v="river"/>
  </way>
  <way id="199086244">
    <nd ref="2091277702"/>
    <nd ref="2091277708"/>
    <tag k="waterway" v="river"/>
  </way>
  <way id="199086247">
    <nd ref="2091277708"/>
    <nd ref="1074013729"/>
    <nd ref="1074013816"/>
    <nd ref="8888289047"/>
    <nd ref="1074013716"/>
    <nd ref="8888289046"/>
    <nd ref="1074014288"/>
    <nd ref="8888289045"/>
    <nd ref="1074014047"/>
    <nd ref="8888289044"/>
    <nd ref="1074014011"/>
    <nd ref="1074013228"/>
    <nd ref="1074013952"/>
    <nd ref="1074013239"/>
    <nd ref="1074013462"/>
    <nd ref="1074013551"/>
    <nd ref="1074013823"/>
    <nd ref="1074013535"/>
    <nd ref="1074013342"/>
    <nd ref="1858081173"/>
    <nd ref="1074014130"/>
    <tag k="name" v="Motława"/>
    <tag k="waterway" v="river"/>
  </way>
  <way id="199095267">
    <nd ref="2091361095"/>
    <nd ref="1074013821"/>
    <nd ref="1074013194"/>
    <nd ref="1074013760"/>
    <nd ref="1074013167"/>
    <nd ref="1074013827"/>
    <nd ref="1074014163"/>
    <nd ref="2091277702"/>
    <tag k="boat" v="no"/>
    <tag k="name" v="Motława"/>
    <tag k="waterway" v="river"/>
  </way>
  <way id="199095268">
    <nd ref="1074013467"/>
    <nd ref="3528669206"/>
    <tag k="boat" v="no"/>
    <tag k="layer" v="-1"/>
    <tag k="waterway" v="river"/>
  </way>
  <way id="199095269">
    <nd ref="2091361092"/>
    <nd ref="2091361095"/>
    <tag k="boat" v="no"/>
    <tag k="waterway" v="river"/>
  </way>
  <way id="199095270">
    <nd ref="3528669206"/>
    <nd ref="1074014208"/>
    <nd ref="1858092260"/>
    <nd ref="1074013400"/>
    <nd ref="1858092261"/>
    <nd ref="1074013397"/>
    <nd ref="1858092262"/>
    <nd ref="1074013383"/>
    <nd ref="1074014117"/>
    <nd ref="1074013380"/>
    <nd ref="1074013835"/>
    <nd ref="1074014285"/>
    <nd ref="1074014025"/>
    <nd ref="1074013247"/>
    <nd ref="1074013756"/>
    <nd ref="2091361092"/>
    <tag k="boat" v="no"/>
    <tag k="name" v="Motława"/>
    <tag k="waterway" v="river"/>
  </way>
  <way id="199097076">
    <nd ref="2091377627"/>
    <nd ref="1806021308"/>
    <nd ref="1806021377"/>
    <nd ref="3531127820"/>
    <nd ref="2954857624"/>
    <nd ref="1806021029"/>
    <nd ref="1806021443"/>
    <nd ref="1806021064"/>
    <nd ref="3531127836"/>
    <nd ref="1806021126"/>
    <nd ref="1806021130"/>
    <nd ref="1806021455"/>
    <nd ref="1806021461"/>
    <nd ref="1806020994"/>
    <nd ref="1806021460"/>
    <nd ref="1806021374"/>
    <nd ref="1806021436"/>
    <nd ref="3830237041"/>
    <nd ref="1806021447"/>
    <nd ref="2954884536"/>
    <nd ref="2954884535"/>
    <nd ref="1806021446"/>
    <nd ref="3531172645"/>
    <nd ref="1806021372"/>
    <nd ref="1806021024"/>
    <nd ref="2091377628"/>
    <tag k="boat" v="no"/>
    <tag k="name" v="Motława"/>
    <tag k="waterway" v="river"/>
  </way>
  <way id="199097077">
    <nd ref="2091377625"/>
    <nd ref="2091377627"/>
    <tag k="waterway" v="river"/>
  </way>
  <way id="199097078">
    <nd ref="2091377628"/>
    <nd ref="1806021008"/>
    <tag k="boat" v="no"/>
    <tag k="layer" v="-1"/>
    <tag k="waterway" v="river"/>
  </way>
  <way id="199097079">
    <nd ref="1806021008"/>
    <nd ref="1806021405"/>
    <nd ref="1806021016"/>
    <nd ref="1806021094"/>
    <nd ref="1806021090"/>
    <nd ref="1806021470"/>
    <nd ref="1806021159"/>
    <nd ref="1806021469"/>
    <nd ref="1806021273"/>
    <nd ref="1806021277"/>
    <nd ref="1806021088"/>
    <nd ref="1806021315"/>
    <nd ref="2352282913"/>
    <nd ref="1074013895"/>
    <nd ref="1074013266"/>
    <nd ref="3531149480"/>
    <nd ref="1074013858"/>
    <nd ref="1074014189"/>
    <nd ref="3531149482"/>
    <nd ref="1074013657"/>
    <nd ref="1858092259"/>
    <nd ref="3531149434"/>
    <nd ref="1074013225"/>
    <nd ref="1074013303"/>
    <nd ref="1074014153"/>
    <nd ref="1074013467"/>
    <tag k="boat" v="no"/>
    <tag k="name" v="Motława"/>
    <tag k="waterway" v="river"/>
  </way>
  <way id="199257933">
    <nd ref="2092728467"/>
    <nd ref="2092728468"/>
    <tag k="layer" v="-1"/>
    <tag k="tunnel" v="covered"/>
    <tag k="waterway" v="river"/>
  </way>
  <way id="199257936">
    <nd ref="2092728468"/>
    <nd ref="1458918302"/>
    <nd ref="1074014291"/>
    <nd ref="1074013433"/>
    <nd ref="1515045095"/>
    <nd ref="1074013516"/>
    <nd ref="1858069096"/>
    <nd ref="1074014225"/>
    <nd ref="1074014212"/>
    <nd ref="1074014001"/>
    <nd ref="1074014029"/>
    <nd ref="1074014004"/>
    <nd ref="1074014021"/>
    <nd ref="1074014319"/>
    <nd ref="1074014022"/>
    <nd ref="1074014248"/>
    <nd ref="1074014321"/>
    <nd ref="1074013222"/>
    <nd ref="1074013939"/>
    <nd ref="1858069128"/>
    <nd ref="1858069133"/>
    <nd ref="1074013576"/>
    <nd ref="1074014312"/>
    <nd ref="1074014294"/>
    <nd ref="1074013964"/>
    <nd ref="1074013349"/>
    <nd ref="1074013960"/>
    <nd ref="1074014099"/>
    <nd ref="1074013385"/>
    <nd ref="1074013411"/>
    <nd ref="1074013537"/>
    <nd ref="1074013234"/>
    <nd ref="1858069149"/>
    <nd ref="1074013363"/>
    <nd ref="1074013901"/>
    <nd ref="1074013389"/>
    <nd ref="1074014246"/>
    <nd ref="1074013191"/>
    <nd ref="1074013405"/>
    <nd ref="1074014191"/>
    <nd ref="1074013313"/>
    <nd ref="2352283145"/>
    <nd ref="1074013527"/>
    <nd ref="1074013188"/>
    <nd ref="1074014057"/>
    <nd ref="8892736653"/>
    <nd ref="1074013175"/>
    <nd ref="1074013178"/>
    <nd ref="1074013172"/>
    <nd ref="1074013490"/>
    <nd ref="1074013712"/>
    <nd ref="1074013361"/>
    <nd ref="1074013459"/>
    <nd ref="1853202156"/>
    <nd ref="1074014259"/>
    <nd ref="1853202160"/>
    <nd ref="1074014109"/>
    <nd ref="1074013996"/>
    <nd ref="1074014223"/>
    <nd ref="1074014115"/>
    <nd ref="1074013607"/>
    <nd ref="1074013999"/>
    <nd ref="1074013452"/>
    <nd ref="1074013695"/>
    <nd ref="1074013814"/>
    <nd ref="1074013543"/>
    <nd ref="1853285181"/>
    <nd ref="1853285201"/>
    <nd ref="1074013485"/>
    <nd ref="1074013795"/>
    <nd ref="1074013650"/>
    <nd ref="1074013743"/>
    <nd ref="1074013354"/>
    <nd ref="1074014094"/>
    <nd ref="1074013615"/>
    <nd ref="1074013662"/>
    <nd ref="1074013661"/>
    <nd ref="1074013763"/>
    <nd ref="1074013282"/>
    <nd ref="1074013887"/>
    <nd ref="1074014158"/>
    <nd ref="1074013723"/>
    <nd ref="1074013866"/>
    <nd ref="1074014008"/>
    <nd ref="1074013681"/>
    <nd ref="1074014162"/>
    <nd ref="1074014203"/>
    <nd ref="1074014048"/>
    <nd ref="1074014240"/>
    <nd ref="1074013585"/>
    <nd ref="1074013950"/>
    <nd ref="1074014064"/>
    <nd ref="1074014136"/>
    <nd ref="1074014156"/>
    <nd ref="1074014031"/>
    <nd ref="1074013182"/>
    <nd ref="1074014230"/>
    <nd ref="1074014201"/>
    <nd ref="1074013973"/>
    <nd ref="1074013935"/>
    <nd ref="1074014197"/>
    <nd ref="1074013473"/>
    <nd ref="1074013747"/>
    <nd ref="1074013604"/>
    <nd ref="1074014088"/>
    <nd ref="1074014073"/>
    <nd ref="13201428512"/>
    <nd ref="1074013905"/>
    <nd ref="1074013332"/>
    <nd ref="1074014306"/>
    <nd ref="1074013468"/>
    <nd ref="1074014263"/>
    <nd ref="1074014093"/>
    <nd ref="1074014068"/>
    <nd ref="1074014054"/>
    <nd ref="1074013591"/>
    <nd ref="1074014186"/>
    <nd ref="1074013285"/>
    <nd ref="1074013548"/>
    <nd ref="1074013197"/>
    <nd ref="1074013948"/>
    <nd ref="1074014027"/>
    <nd ref="1074013946"/>
    <nd ref="1074013207"/>
    <nd ref="1074014303"/>
    <nd ref="1074013248"/>
    <nd ref="1074013183"/>
    <nd ref="1074014310"/>
    <nd ref="1074013720"/>
    <nd ref="1074013750"/>
    <nd ref="1074013880"/>
    <nd ref="1074014214"/>
    <nd ref="1074013801"/>
    <nd ref="1074013358"/>
    <nd ref="1074013930"/>
    <nd ref="1074014144"/>
    <nd ref="1074013289"/>
    <nd ref="1074014183"/>
    <nd ref="1858038869"/>
    <nd ref="1074013957"/>
    <nd ref="1074013352"/>
    <nd ref="762371266"/>
    <nd ref="762371128"/>
    <nd ref="762371096"/>
    <nd ref="1858038877"/>
    <nd ref="762371178"/>
    <nd ref="1858038886"/>
    <nd ref="762371143"/>
    <nd ref="1858038890"/>
    <nd ref="762371228"/>
    <nd ref="762371100"/>
    <nd ref="762371183"/>
    <nd ref="762371150"/>
    <nd ref="762371235"/>
    <nd ref="762371198"/>
    <nd ref="3890564646"/>
    <nd ref="2767757930"/>
    <nd ref="3890564648"/>
    <nd ref="3890564649"/>
    <nd ref="762371071"/>
    <nd ref="3890564650"/>
    <nd ref="3890564651"/>
    <nd ref="3890564652"/>
    <nd ref="762371249"/>
    <nd ref="762371232"/>
    <nd ref="762371194"/>
    <nd ref="762371068"/>
    <nd ref="762371245"/>
    <nd ref="762371123"/>
    <nd ref="762371093"/>
    <nd ref="762371173"/>
    <nd ref="762371141"/>
    <nd ref="762371226"/>
    <nd ref="762371188"/>
    <nd ref="13201428539"/>
    <nd ref="762371062"/>
    <nd ref="762214145"/>
    <nd ref="762214071"/>
    <nd ref="13201428556"/>
    <nd ref="762214242"/>
    <nd ref="9427897860"/>
    <nd ref="9427897859"/>
    <nd ref="762214173"/>
    <nd ref="762214344"/>
    <nd ref="762214273"/>
    <nd ref="762213890"/>
    <nd ref="9427897861"/>
    <nd ref="9427897862"/>
    <nd ref="762213815"/>
    <nd ref="9427897863"/>
    <nd ref="9427897864"/>
    <nd ref="762214103"/>
    <nd ref="9427897876"/>
    <nd ref="762214022"/>
    <nd ref="762214193"/>
    <nd ref="762214131"/>
    <nd ref="762214302"/>
    <nd ref="762214227"/>
    <nd ref="762213847"/>
    <nd ref="762214331"/>
    <nd ref="762214058"/>
    <nd ref="762213882"/>
    <nd ref="762214167"/>
    <nd ref="762214086"/>
    <nd ref="762214261"/>
    <nd ref="762214182"/>
    <nd ref="762214352"/>
    <nd ref="13205472086"/>
    <nd ref="13205472087"/>
    <nd ref="762214284"/>
    <nd ref="762214007"/>
    <nd ref="762213832"/>
    <nd ref="762214114"/>
    <nd ref="762214033"/>
    <nd ref="2352283163"/>
    <nd ref="762214233"/>
    <nd ref="762214213"/>
    <nd ref="762214144"/>
    <nd ref="1874817271"/>
    <nd ref="762214312"/>
    <nd ref="762214241"/>
    <nd ref="762213861"/>
    <nd ref="13205472072"/>
    <nd ref="762214342"/>
    <nd ref="762214069"/>
    <nd ref="762213889"/>
    <nd ref="13205499138"/>
    <nd ref="762214172"/>
    <nd ref="3029024640"/>
    <nd ref="3029024642"/>
    <nd ref="3029024644"/>
    <nd ref="762214101"/>
    <nd ref="3029024647"/>
    <nd ref="3029024648"/>
    <nd ref="3029024646"/>
    <nd ref="762214271"/>
    <nd ref="762214191"/>
    <nd ref="762213810"/>
    <nd ref="3029024637"/>
    <nd ref="762214298"/>
    <nd ref="1276059775"/>
    <nd ref="762214018"/>
    <nd ref="1276059774"/>
    <nd ref="762213842"/>
    <nd ref="3029024638"/>
    <nd ref="762214128"/>
    <nd ref="762214056"/>
    <nd ref="3029024654"/>
    <nd ref="3029024655"/>
    <nd ref="762214223"/>
    <nd ref="3029024652"/>
    <nd ref="762214165"/>
    <nd ref="3029024653"/>
    <nd ref="11496928049"/>
    <nd ref="762214329"/>
    <nd ref="762214259"/>
    <nd ref="3029024657"/>
    <nd ref="762213874"/>
    <nd ref="5046649798"/>
    <nd ref="3029024658"/>
    <nd ref="3029024660"/>
    <nd ref="762214351"/>
    <nd ref="5046649797"/>
    <nd ref="3029024664"/>
    <nd ref="5046649795"/>
    <nd ref="762214084"/>
    <nd ref="5046649796"/>
    <nd ref="3029024666"/>
    <nd ref="2352283165"/>
    <nd ref="2070008386"/>
    <nd ref="762214004"/>
    <nd ref="3029024669"/>
    <nd ref="2352283168"/>
    <nd ref="2070008395"/>
    <nd ref="762214179"/>
    <nd ref="3029024670"/>
    <nd ref="5046649799"/>
    <nd ref="2352283174"/>
    <nd ref="2070008401"/>
    <nd ref="762214111"/>
    <nd ref="762214279"/>
    <nd ref="1272525183"/>
    <nd ref="3029024677"/>
    <nd ref="762214170"/>
    <nd ref="762214335"/>
    <nd ref="3029024680"/>
    <nd ref="3029024681"/>
    <nd ref="3029024682"/>
    <nd ref="762214265"/>
    <nd ref="762214051"/>
    <nd ref="3029024686"/>
    <nd ref="3029024688"/>
    <nd ref="9222512658"/>
    <tag k="name" v="Motława"/>
    <tag k="waterway" v="river"/>
  </way>
  <way id="199794292">
    <nd ref="4169554490"/>
    <nd ref="1444813315"/>
    <nd ref="2963907501"/>
    <tag k="dual_carriageway" v="yes"/>
    <tag k="highway" v="primary"/>
    <tag k="highway:category:pl" v="2"/>
    <tag k="lanes" v="2"/>
    <tag k="lit" v="yes"/>
    <tag k="maxspeed" v="50"/>
    <tag k="maxweightrating:hgv" v="27"/>
    <tag k="maxweightrating:hgv:conditional" v="none @ marked"/>
    <tag k="name" v="Podwale Przedmiejskie"/>
    <tag k="note:maxweightrating:hgv" v="Nie dotyczy posiadaczy identyfikatorów Gdańskiego Zarządu Dróg i Zieleni 58 52 44 500"/>
    <tag k="old_name:de" v="Vorstädtischer Graben"/>
    <tag k="old_name:de_1" v="Vorstädtischer Graben"/>
    <tag k="oneway" v="yes"/>
    <tag k="parking:condition:both" v="no_stopping"/>
    <tag k="ref" v="501"/>
    <tag k="sidewalk" v="separate"/>
    <tag k="source:maxspeed" v="PL:urban"/>
    <tag k="source:maxweightrating:hgv" v="PL:sign_B-5"/>
    <tag k="surface" v="asphalt"/>
  </way>
  <way id="199796006">
    <nd ref="301671175"/>
    <nd ref="8497549853"/>
    <nd ref="8497549854"/>
    <nd ref="746799985"/>
    <tag k="highway" v="primary_link"/>
    <tag k="oneway" v="yes"/>
  </way>
  <way id="219519739">
    <nd ref="301672020"/>
    <nd ref="1391202940"/>
    <nd ref="301672017"/>
    <nd ref="1777255622"/>
    <nd ref="301672030"/>
    <nd ref="1391202942"/>
    <nd ref="1568383562"/>
    <nd ref="1391202929"/>
    <nd ref="480317427"/>
    <tag k="bicycle" v="yes"/>
    <tag k="highway" v="living_street"/>
    <tag k="horse" v="no"/>
    <tag k="lit" v="yes"/>
    <tag k="maxspeed" v="20"/>
    <tag k="name" v="Piwna"/>
    <tag k="note:access" v="Nie dotyczy posiadaczy identyfikatorów typu GM wydanych przez GZDiZ oraz pojazdów wymienionych w Zarządzeniu nr 34/14 Prezydenta Miasta Gdańska z dn. 10.01.2014 r. Informacje: PN-PT w godz. 7.00-15.00 tel. 58 52-44-627, 58 55-89-571"/>
    <tag k="old_name:de" v="Jopengasse"/>
    <tag k="source:access" v="https://gzd.gda.pl/zalatw-sprawe/strefa-ograniczonej-dostepnosci-na-glownym-miescie,a,3141"/>
    <tag k="source:maxspeed" v="PL:living_street"/>
    <tag k="surface" v="sett"/>
    <tag k="taxi" v="yes"/>
    <tag k="vehicle" v="permit"/>
    <tag k="wikidata" v="Q9365798"/>
    <tag k="wikipedia" v="pl:Ulica Piwna w Gdańsku"/>
  </way>
  <way id="223158629">
    <nd ref="2320875684"/>
    <nd ref="6058772362"/>
    <nd ref="2320875683"/>
    <nd ref="9747558161"/>
    <nd ref="9747558163"/>
    <nd ref="2617308518"/>
    <nd ref="1849057304"/>
    <tag k="access" v="yes"/>
    <tag k="bicycle" v="yes"/>
    <tag k="foot" v="yes"/>
    <tag k="highway" v="residential"/>
    <tag k="lit" v="yes"/>
    <tag k="maxspeed" v="30"/>
    <tag k="motor_vehicle" v="yes"/>
    <tag k="name" v="Świętojańska"/>
    <tag k="note" v="Dwukierunkowa na czas wakacji"/>
    <tag k="old_name:de" v="Johannisgasse"/>
    <tag k="oneway" v="yes"/>
    <tag k="oneway:bicycle" v="no"/>
    <tag k="source:maxspeed" v="PL:zone30"/>
    <tag k="surface" v="asphalt"/>
  </way>
  <way id="223158630">
    <nd ref="301671977"/>
    <nd ref="10208448798"/>
    <nd ref="9749219984"/>
    <nd ref="1566155686"/>
    <nd ref="1119454969"/>
    <nd ref="1566155547"/>
    <nd ref="9749219982"/>
    <nd ref="10208437511"/>
    <nd ref="301672005"/>
    <tag k="highway" v="residential"/>
    <tag k="lit" v="yes"/>
    <tag k="maxspeed" v="30"/>
    <tag k="name" v="Świętojańska"/>
    <tag k="note" v="Dwukierunkowa na czas wakacji"/>
    <tag k="old_name:de" v="Johannisgasse"/>
    <tag k="old_name:la" v="platea sancti Johannis"/>
    <tag k="oneway" v="yes"/>
    <tag k="oneway:bicycle" v="no"/>
    <tag k="source:maxspeed" v="PL:zone30"/>
    <tag k="surface" v="asphalt"/>
  </way>
  <way id="226392273">
    <nd ref="114087111"/>
    <nd ref="2867187597"/>
    <nd ref="1127380417"/>
    <nd ref="595819450"/>
    <tag k="highway" v="residential"/>
    <tag k="lit" v="yes"/>
    <tag k="maxspeed" v="30"/>
    <tag k="name" v="Rzeźnicka"/>
    <tag k="old_name:de" v="Fleischergasse"/>
    <tag k="oneway" v="yes"/>
    <tag k="oneway:bicycle" v="no"/>
    <tag k="source:maxspeed" v="PL:zone30"/>
    <tag k="surface" v="asphalt"/>
  </way>
  <way id="226840028">
    <nd ref="1582533875"/>
    <nd ref="10245849588"/>
    <nd ref="2617308471"/>
    <nd ref="1582534061"/>
    <tag k="agricultural" v="no"/>
    <tag k="hgv" v="no"/>
    <tag k="hgv:conditional" v="yes @ marked"/>
    <tag k="highway" v="residential"/>
    <tag k="lit" v="yes"/>
    <tag k="maxspeed" v="30"/>
    <tag k="name" v="Targ Węglowy"/>
    <tag k="note:hgv" v="Nie dotyczy samochodów ciężarowych o dopuszczalnej masie całkowitej nieprzekraczającej 12 ton w godzinach 21 - 10"/>
    <tag k="old_name:de" v="Kohlenmarkt"/>
    <tag k="smoothness" v="intermediate"/>
    <tag k="source:hgv" v="PL:sign_B-5"/>
    <tag k="source:maxspeed" v="PL:zone30"/>
    <tag k="surface" v="sett"/>
  </way>
  <way id="226840029">
    <nd ref="301671164"/>
    <nd ref="1582533125"/>
    <nd ref="1849057284"/>
    <tag k="agricultural" v="no"/>
    <tag k="hgv" v="no"/>
    <tag k="hgv:conditional" v="yes @ marked"/>
    <tag k="highway" v="residential"/>
    <tag k="lit" v="yes"/>
    <tag k="maxspeed" v="30"/>
    <tag k="name" v="Wojciecha Bogusławskiego"/>
    <tag k="note:hgv" v="Nie dotyczy samochodów ciężarowych o dopuszczalnej masie całkowitej nieprzekraczającej 12 ton w godzinach 21 - 10"/>
    <tag k="old_name:de" v="Reitbahn"/>
    <tag k="source:hgv" v="PL:sign_B-5"/>
    <tag k="source:maxspeed" v="PL:zone30"/>
    <tag k="surface" v="sett"/>
  </way>
  <way id="226840030">
    <nd ref="2355742507"/>
    <nd ref="13308388563"/>
    <tag k="highway" v="service"/>
    <tag k="surface" v="asphalt"/>
  </way>
  <way id="226840034">
    <nd ref="2355742511"/>
    <nd ref="9668569103"/>
    <nd ref="9668569101"/>
    <nd ref="9668569099"/>
    <nd ref="3738842739"/>
    <nd ref="2355742514"/>
    <nd ref="9668569252"/>
    <nd ref="9668569094"/>
    <nd ref="9668569092"/>
    <nd ref="10245849579"/>
    <nd ref="1582533875"/>
    <tag k="bicycle" v="yes"/>
    <tag k="highway" v="service"/>
    <tag k="name" v="Targ Węglowy"/>
    <tag k="smoothness" v="intermediate"/>
    <tag k="surface" v="sett"/>
    <tag k="vehicle" v="designated"/>
  </way>
  <way id="228499899">
    <nd ref="4169554490"/>
    <nd ref="7681005495"/>
    <tag k="foot" v="no"/>
    <tag k="highway" v="primary_link"/>
    <tag k="lanes" v="1"/>
    <tag k="lit" v="yes"/>
    <tag k="maxheight" v="default"/>
    <tag k="maxspeed" v="50"/>
    <tag k="name" v="Węzeł Unii Europejskiej"/>
    <tag k="name:etymology:wikidata" v="Q458"/>
    <tag k="oneway" v="yes"/>
    <tag k="source" v="UMP-PL, ./UMP-Gdansk/src/GDANSK.ulice.txt"/>
    <tag k="surface" v="asphalt"/>
  </way>
  <way id="228521309">
    <nd ref="301672300"/>
    <nd ref="9183916584"/>
    <nd ref="9823999525"/>
    <nd ref="12045974390"/>
    <nd ref="9823999528"/>
    <nd ref="9823999805"/>
    <nd ref="9823999831"/>
    <nd ref="301672317"/>
    <tag k="highway" v="residential"/>
    <tag k="maxspeed" v="30"/>
    <tag k="name" v="Szuwary"/>
    <tag k="old_name:de" v="Schilfgasse"/>
    <tag k="source:maxspeed" v="PL:zone30"/>
  </way>
  <way id="230638420">
    <nd ref="301671978"/>
    <nd ref="9887984795"/>
    <nd ref="2617194280"/>
    <nd ref="12239563413"/>
    <nd ref="4888424454"/>
    <nd ref="10962574523"/>
    <tag k="bicycle" v="yes"/>
    <tag k="highway" v="living_street"/>
    <tag k="horse" v="no"/>
    <tag k="lit" v="yes"/>
    <tag k="maxspeed" v="20"/>
    <tag k="name" v="Bosmańska"/>
    <tag k="note:access" v="Nie dotyczy posiadaczy identyfikatorów typu GM wydanych przez GZDiZ oraz pojazdów wymienionych w Zarządzeniu nr 34/14 Prezydenta Miasta Gdańska z dn. 10.01.2014 r. Informacje: PN-PT w godz. 7.00-15.00 tel. 58 52-44-627, 58 55-89-571"/>
    <tag k="old_name:de" v="Bootsmannsgasse"/>
    <tag k="oneway" v="no"/>
    <tag k="oneway:bicycle" v="no"/>
    <tag k="source:access" v="https://gzd.gda.pl/zalatw-sprawe/strefa-ograniczonej-dostepnosci-na-glownym-miescie,a,3141"/>
    <tag k="source:maxspeed" v="PL:living_street"/>
    <tag k="surface" v="sett"/>
    <tag k="taxi" v="yes"/>
    <tag k="vehicle" v="permit"/>
  </way>
  <way id="233818142">
    <nd ref="1963711775"/>
    <nd ref="1120339846"/>
    <tag k="bicycle" v="yes"/>
    <tag k="bus" v="yes"/>
    <tag k="highway" v="living_street"/>
    <tag k="horse" v="no"/>
    <tag k="lit" v="yes"/>
    <tag k="maxspeed" v="20"/>
    <tag k="name" v="Świętego Ducha"/>
    <tag k="note:access" v="Nie dotyczy posiadaczy identyfikatorów typu GM wydanych przez GZDiZ oraz pojazdów wymienionych w Zarządzeniu nr 34/14 Prezydenta Miasta Gdańska z dn. 10.01.2014 r. Informacje: PN-PT w godz. 7.00-15.00 tel. 58 52-44-627, 58 55-89-571"/>
    <tag k="old_name:de" v="Heiliggeistgasse"/>
    <tag k="old_name:de_1" v="Heiliggeistgasse"/>
    <tag k="old_name:la" v="Platea Sancti Spiritus"/>
    <tag k="oneway" v="yes"/>
    <tag k="oneway:bicycle" v="no"/>
    <tag k="source:access" v="https://gzd.gda.pl/zalatw-sprawe/strefa-ograniczonej-dostepnosci-na-glownym-miescie,a,3141"/>
    <tag k="source:geometry" v="gis.gdansk.pl"/>
    <tag k="source:maxspeed" v="PL:living_street"/>
    <tag k="surface" v="cobblestone:flattened"/>
    <tag k="taxi" v="yes"/>
    <tag k="url" v="http://www.gdansk.pl/srodmiescie/Nowe-oblicze-ulicy-Sw-Ducha-Warto-wybrac-sie-tam-na-spacer,a,95722"/>
    <tag k="vehicle" v="permit"/>
    <tag k="wikidata" v="Q9366365"/>
    <tag k="wikipedia" v="pl:Ulica Świętego Ducha w Gdańsku"/>
  </way>
  <way id="233818146">
    <nd ref="1849057297"/>
    <nd ref="13115309456"/>
    <nd ref="1963711775"/>
    <tag k="bicycle" v="yes"/>
    <tag k="bus" v="yes"/>
    <tag k="foot" v="yes"/>
    <tag k="highway" v="living_street"/>
    <tag k="horse" v="no"/>
    <tag k="lit" v="yes"/>
    <tag k="maxspeed" v="20"/>
    <tag k="name" v="Świętego Ducha"/>
    <tag k="note:access" v="Nie dotyczy posiadaczy identyfikatorów typu GM wydanych przez GZDiZ oraz pojazdów wymienionych w Zarządzeniu nr 34/14 Prezydenta Miasta Gdańska z dn. 10.01.2014 r. Informacje: PN-PT w godz. 7.00-15.00 tel. 58 52-44-627, 58 55-89-571"/>
    <tag k="old_name:de" v="Heiliggeistgasse"/>
    <tag k="old_name:de_1" v="Heiliggeistgasse"/>
    <tag k="old_name:la" v="Platea Sancti Spiritus"/>
    <tag k="oneway" v="yes"/>
    <tag k="oneway:bicycle" v="no"/>
    <tag k="source:access" v="https://gzd.gda.pl/zalatw-sprawe/strefa-ograniczonej-dostepnosci-na-glownym-miescie,a,3141"/>
    <tag k="source:geometry" v="gis.gdansk.pl"/>
    <tag k="source:maxspeed" v="PL:living_street"/>
    <tag k="surface" v="cobblestone:flattened"/>
    <tag k="taxi" v="yes"/>
    <tag k="url" v="http://www.gdansk.pl/srodmiescie/Nowe-oblicze-ulicy-Sw-Ducha-Warto-wybrac-sie-tam-na-spacer,a,95722"/>
    <tag k="vehicle" v="permit"/>
    <tag k="wikidata" v="Q9366365"/>
    <tag k="wikipedia" v="pl:Ulica Świętego Ducha w Gdańsku"/>
  </way>
  <way id="238987171">
    <nd ref="7184148947"/>
    <nd ref="12851955896"/>
    <nd ref="2097885223"/>
    <nd ref="2963907492"/>
    <nd ref="1840848477"/>
    <tag k="embankment" v="yes"/>
    <tag k="foot" v="no"/>
    <tag k="highway" v="primary_link"/>
    <tag k="incline" v="down"/>
    <tag k="lanes" v="1"/>
    <tag k="lit" v="yes"/>
    <tag k="maxspeed" v="50"/>
    <tag k="name" v="Węzeł Unii Europejskiej"/>
    <tag k="name:etymology:wikidata" v="Q458"/>
    <tag k="oneway" v="yes"/>
    <tag k="sidewalk" v="no"/>
    <tag k="source" v="survey"/>
    <tag k="source:maxspeed" v="PL:urban"/>
    <tag k="surface" v="asphalt"/>
  </way>
  <way id="240120243">
    <nd ref="9634382937"/>
    <nd ref="1568383416"/>
    <nd ref="9634382940"/>
    <nd ref="1568383438"/>
    <tag k="access" v="private"/>
    <tag k="bicycle" v="yes"/>
    <tag k="highway" v="service"/>
    <tag k="service" v="driveway"/>
    <tag k="vehicle" v="no"/>
  </way>
  <way id="240125998">
    <nd ref="1577024266"/>
    <nd ref="2478899878"/>
    <tag k="access" v="private"/>
    <tag k="highway" v="service"/>
    <tag k="service" v="driveway"/>
    <tag k="tunnel" v="building_passage"/>
  </way>
  <way id="240126003">
    <nd ref="2478899878"/>
    <nd ref="2617308456"/>
    <nd ref="1577024247"/>
    <tag k="access" v="private"/>
    <tag k="highway" v="service"/>
    <tag k="service" v="driveway"/>
  </way>
  <way id="245242009">
    <nd ref="480411789"/>
    <nd ref="2986447212"/>
    <nd ref="1568383113"/>
    <nd ref="2478708584"/>
    <nd ref="301672038"/>
    <tag k="bicycle" v="yes"/>
    <tag k="highway" v="residential"/>
    <tag k="horse" v="no"/>
    <tag k="lit" v="yes"/>
    <tag k="maxspeed" v="30"/>
    <tag k="name" v="Ogarna"/>
    <tag k="note:access" v="Nie dotyczy posiadaczy identyfikatorów typu GM wydanych przez GZDiZ oraz pojazdów wymienionych w Zarządzeniu nr 34/14 Prezydenta Miasta Gdańska z dn. 10.01.2014 r. Informacje: PN-PT w godz. 7.00-15.00 tel. 58 52-44-627, 58 55-89-571"/>
    <tag k="old_name:de" v="Hundegasse"/>
    <tag k="old_name:la" v="platea canum"/>
    <tag k="oneway" v="yes"/>
    <tag k="oneway:bicycle" v="no"/>
    <tag k="smoothness" v="bad"/>
    <tag k="source:access" v="https://gzd.gda.pl/zalatw-sprawe/strefa-ograniczonej-dostepnosci-na-glownym-miescie,a,3141"/>
    <tag k="surface" v="sett"/>
    <tag k="taxi" v="yes"/>
    <tag k="vehicle" v="permit"/>
  </way>
  <way id="247022715">
    <nd ref="10141231377"/>
    <nd ref="2539677566"/>
    <nd ref="2539677568"/>
    <nd ref="2964089341"/>
    <nd ref="10141231378"/>
    <nd ref="2539677570"/>
    <nd ref="2539677574"/>
    <nd ref="2539678033"/>
    <tag k="highway" v="service"/>
    <tag k="oneway" v="yes"/>
    <tag k="surface" v="paving_stones"/>
  </way>
  <way id="249813409">
    <nd ref="301671164"/>
    <nd ref="13161941603"/>
    <nd ref="13161941602"/>
    <nd ref="2964089571"/>
    <nd ref="3738842752"/>
    <nd ref="2964089567"/>
    <nd ref="10283004208"/>
    <nd ref="10283004205"/>
    <nd ref="10283004201"/>
    <nd ref="2563644248"/>
    <tag k="highway" v="residential"/>
    <tag k="lit" v="yes"/>
    <tag k="maxspeed" v="30"/>
    <tag k="name" v="Wojciecha Bogusławskiego"/>
    <tag k="old_name:de" v="Reitbahn"/>
    <tag k="source:maxspeed" v="PL:zone30"/>
    <tag k="surface" v="sett"/>
  </way>
  <way id="255948999">
    <nd ref="1947567873"/>
    <nd ref="2616535078"/>
    <nd ref="9170007622"/>
    <nd ref="2616535139"/>
    <tag k="highway" v="residential"/>
    <tag k="lit" v="yes"/>
    <tag k="maxspeed" v="30"/>
    <tag k="name" v="Podmurze"/>
    <tag k="old_name:de" v="Mauergang"/>
    <tag k="source:maxspeed" v="PL:zone30"/>
  </way>
  <way id="256015680">
    <nd ref="2617194319"/>
    <nd ref="4925004034"/>
    <nd ref="10067801617"/>
    <nd ref="3769677322"/>
    <tag k="highway" v="service"/>
    <tag k="service" v="driveway"/>
  </way>
  <way id="256015695">
    <nd ref="9146383893"/>
    <nd ref="9674436645"/>
    <nd ref="10824505945"/>
    <nd ref="1570145553"/>
    <nd ref="2617194130"/>
    <nd ref="9634291457"/>
    <tag k="access" v="permissive"/>
    <tag k="highway" v="service"/>
    <tag k="service" v="driveway"/>
    <tag k="surface" v="paved"/>
  </way>
  <way id="256015696">
    <nd ref="1570146014"/>
    <nd ref="2617194360"/>
    <nd ref="11497981288"/>
    <nd ref="2617194321"/>
    <nd ref="11497981280"/>
    <nd ref="11497981279"/>
    <tag k="highway" v="service"/>
    <tag k="motor_vehicle" v="private"/>
    <tag k="service" v="driveway"/>
  </way>
  <way id="256029404">
    <nd ref="1570146016"/>
    <nd ref="1570146014"/>
    <tag k="highway" v="service"/>
    <tag k="motor_vehicle" v="private"/>
    <tag k="service" v="parking_aisle"/>
  </way>
  <way id="256029408">
    <nd ref="9170171892"/>
    <nd ref="11870274435"/>
    <nd ref="2478708635"/>
    <nd ref="9170171890"/>
    <tag k="access" v="private"/>
    <tag k="highway" v="service"/>
    <tag k="service" v="driveway"/>
  </way>
  <way id="256029423">
    <nd ref="2617308420"/>
    <nd ref="9170171888"/>
    <tag k="highway" v="service"/>
    <tag k="service" v="driveway"/>
  </way>
  <way id="256029450">
    <nd ref="1570146016"/>
    <nd ref="2617308459"/>
    <nd ref="2617308460"/>
    <tag k="highway" v="service"/>
    <tag k="motor_vehicle" v="private"/>
    <tag k="service" v="parking_aisle"/>
    <tag k="surface" v="paving_stones"/>
  </way>
  <way id="256066980">
    <nd ref="2617643047"/>
    <nd ref="2617643040"/>
    <tag k="highway" v="service"/>
    <tag k="motor_vehicle" v="private"/>
    <tag k="surface" v="sett"/>
  </way>
  <way id="256066986">
    <nd ref="2617643046"/>
    <nd ref="2617643048"/>
    <tag k="highway" v="service"/>
    <tag k="motor_vehicle" v="private"/>
    <tag k="surface" v="sett"/>
    <tag k="tunnel" v="building_passage"/>
  </way>
  <way id="256066997">
    <nd ref="2617643060"/>
    <nd ref="2617643065"/>
    <nd ref="1521392345"/>
    <tag k="highway" v="service"/>
    <tag k="surface" v="paving_stones"/>
  </way>
  <way id="256067000">
    <nd ref="2617643048"/>
    <nd ref="2617643049"/>
    <nd ref="1521392243"/>
    <tag k="highway" v="service"/>
    <tag k="motor_vehicle" v="private"/>
    <tag k="surface" v="sett"/>
  </way>
  <way id="256067023">
    <nd ref="2617643059"/>
    <nd ref="2617643058"/>
    <nd ref="2617643056"/>
    <nd ref="2617643055"/>
    <nd ref="2617643053"/>
    <nd ref="2617643051"/>
    <nd ref="2617643050"/>
    <nd ref="2617643047"/>
    <nd ref="2617643046"/>
    <tag k="highway" v="service"/>
    <tag k="motor_vehicle" v="private"/>
    <tag k="surface" v="sett"/>
  </way>
  <way id="256308355">
    <nd ref="1391202935"/>
    <nd ref="10824505920"/>
    <nd ref="10250754976"/>
    <tag k="bicycle" v="yes"/>
    <tag k="highway" v="living_street"/>
    <tag k="horse" v="no"/>
    <tag k="lit" v="yes"/>
    <tag k="maxspeed" v="20"/>
    <tag k="name" v="Plebania"/>
    <tag k="note:access" v="Nie dotyczy posiadaczy identyfikatorów typu GM wydanych przez GZDiZ oraz pojazdów wymienionych w Zarządzeniu nr 34/14 Prezydenta Miasta Gdańska z dn. 10.01.2014 r. Informacje: PN-PT w godz. 7.00-15.00 tel. 58 52-44-627, 58 55-89-571"/>
    <tag k="old_name:de" v="Pfarrhof"/>
    <tag k="source:access" v="https://gzd.gda.pl/zalatw-sprawe/strefa-ograniczonej-dostepnosci-na-glownym-miescie,a,3141"/>
    <tag k="source:maxspeed" v="PL:living_street"/>
    <tag k="surface" v="sett"/>
    <tag k="taxi" v="yes"/>
    <tag k="vehicle" v="permit"/>
  </way>
  <way id="256308357">
    <nd ref="1391202941"/>
    <nd ref="1570145639"/>
    <nd ref="1570145656"/>
    <nd ref="10824505926"/>
    <tag k="bicycle" v="yes"/>
    <tag k="highway" v="living_street"/>
    <tag k="horse" v="no"/>
    <tag k="maxspeed" v="20"/>
    <tag k="name" v="Plebania"/>
    <tag k="note:access" v="Nie dotyczy posiadaczy identyfikatorów typu GM wydanych przez GZDiZ oraz pojazdów wymienionych w Zarządzeniu nr 34/14 Prezydenta Miasta Gdańska z dn. 10.01.2014 r. Informacje: PN-PT w godz. 7.00-15.00 tel. 58 52-44-627, 58 55-89-571"/>
    <tag k="old_name:de" v="Pfarrhof"/>
    <tag k="source:access" v="https://gzd.gda.pl/zalatw-sprawe/strefa-ograniczonej-dostepnosci-na-glownym-miescie,a,3141"/>
    <tag k="source:maxspeed" v="PL:living_street"/>
    <tag k="surface" v="sett"/>
    <tag k="taxi" v="yes"/>
    <tag k="vehicle" v="permit"/>
  </way>
  <way id="257742493">
    <nd ref="1876587660"/>
    <nd ref="2963907062"/>
    <nd ref="3029029956"/>
    <nd ref="471848520"/>
    <tag k="highway" v="residential"/>
    <tag k="lit" v="yes"/>
    <tag k="maxspeed" v="30"/>
    <tag k="name" v="Rzeźnicka"/>
    <tag k="old_name:de" v="Fleischergasse"/>
    <tag k="oneway" v="no"/>
    <tag k="source:maxspeed" v="PL:zone30"/>
    <tag k="surface" v="asphalt"/>
  </way>
  <way id="257742496">
    <nd ref="2632154416"/>
    <nd ref="9825087272"/>
    <nd ref="2632154415"/>
    <nd ref="9990485336"/>
    <nd ref="4388732058"/>
    <nd ref="2632154410"/>
    <nd ref="9990485334"/>
    <tag k="highway" v="living_street"/>
    <tag k="name" v="Wilcza"/>
    <tag k="old_name:de" v="Gertrudengasse"/>
    <tag k="oneway" v="yes"/>
    <tag k="oneway:bicycle" v="no"/>
    <tag k="source:maxspeed" v="PL:living_street"/>
  </way>
  <way id="282796091">
    <nd ref="2867427373"/>
    <nd ref="301672177"/>
    <tag k="construction" v="minor"/>
    <tag k="cycleway:right" v="no"/>
    <tag k="disused:bus:lanes" v="yes|yes|designated"/>
    <tag k="disused:lanes:bus" v="1"/>
    <tag k="disused:lanes:mofa" v="1"/>
    <tag k="disused:lanes:moped" v="1"/>
    <tag k="disused:lanes:motorcycle" v="1"/>
    <tag k="disused:lanes:taxi" v="1"/>
    <tag k="disused:mofa:lanes" v="yes|yes|designated"/>
    <tag k="disused:moped:lanes" v="yes|yes|designated"/>
    <tag k="disused:motorcycle:lanes" v="yes|yes|designated"/>
    <tag k="disused:note:lanes" v="||Znak D-11: prawy pas wyznaczony dla: BUS, TAXI, służby miejskie, motocykle i motorowery. Znak F-10: dopuszcza jazdę prosto tylko dla: BUS."/>
    <tag k="disused:placement" v="left_of:2"/>
    <tag k="disused:taxi:lanes" v="yes|yes|designated"/>
    <tag k="disused:turn:lanes:bus" v="left|through|through|through;right"/>
    <tag k="disused:vehicle:lanes" v="yes|yes|yes"/>
    <tag k="dual_carriageway" v="yes"/>
    <tag k="highway" v="primary"/>
    <tag k="highway:category:pl" v="2"/>
    <tag k="lanes" v="3"/>
    <tag k="layer" v="1"/>
    <tag k="lit" v="yes"/>
    <tag k="maxspeed" v="50"/>
    <tag k="maxweightrating:hgv" v="27"/>
    <tag k="maxweightrating:hgv:conditional" v="none @ marked"/>
    <tag k="name" v="Podwale Przedmiejskie"/>
    <tag k="note:lanes" v="Buspas zamknięty ze względu na zły stan mostu."/>
    <tag k="note:maxweightrating:hgv" v="Nie dotyczy posiadaczy identyfikatorów Gdańskiego Zarządu Dróg i Zieleni 58 52 44 500"/>
    <tag k="old_name:de" v="Vorstädtischer Graben"/>
    <tag k="oneway" v="yes"/>
    <tag k="ref" v="501"/>
    <tag k="source:maxspeed" v="PL:urban"/>
    <tag k="source:maxweightrating:hgv" v="PL:sign_B-5"/>
    <tag k="surface" v="asphalt"/>
    <tag k="turn:lanes" v="through|through|right"/>
  </way>
  <way id="282796129">
    <nd ref="13648266265"/>
    <nd ref="622327429"/>
    <nd ref="7812419923"/>
    <nd ref="6042571328"/>
    <tag k="electrified" v="contact_line"/>
    <tag k="frequency" v="0"/>
    <tag k="gauge" v="1435"/>
    <tag k="maxspeed" v="50"/>
    <tag k="oneway" v="yes"/>
    <tag k="railway" v="tram"/>
    <tag k="voltage" v="600"/>
  </way>
  <way id="282796133">
    <nd ref="2867427366"/>
    <nd ref="2867427359"/>
    <tag k="bridge" v="yes"/>
    <tag k="electrified" v="contact_line"/>
    <tag k="frequency" v="0"/>
    <tag k="gauge" v="1435"/>
    <tag k="layer" v="1"/>
    <tag k="maxspeed" v="15"/>
    <tag k="oneway" v="yes"/>
    <tag k="railway" v="tram"/>
    <tag k="voltage" v="600"/>
  </way>
  <way id="286329915">
    <nd ref="480317427"/>
    <nd ref="2478862569"/>
    <nd ref="301672028"/>
    <tag k="bicycle" v="yes"/>
    <tag k="highway" v="living_street"/>
    <tag k="horse" v="no"/>
    <tag k="lit" v="yes"/>
    <tag k="maxspeed" v="20"/>
    <tag k="name" v="Chlebnicka"/>
    <tag k="note:access" v="Nie dotyczy posiadaczy identyfikatorów typu GM wydanych przez GZDiZ oraz pojazdów wymienionych w Zarządzeniu nr 34/14 Prezydenta Miasta Gdańska z dn. 10.01.2014 r. Informacje: PN-PT w godz. 7.00-15.00 tel. 58 52-44-627, 58 55-89-571"/>
    <tag k="old_name:de" v="Brotbänkengasse"/>
    <tag k="source:access" v="https://gzd.gda.pl/zalatw-sprawe/strefa-ograniczonej-dostepnosci-na-glownym-miescie,a,3141"/>
    <tag k="source:maxspeed" v="PL:living_street"/>
    <tag k="surface" v="sett"/>
    <tag k="taxi" v="yes"/>
    <tag k="vehicle" v="permit"/>
  </way>
  <way id="286329917">
    <nd ref="301671990"/>
    <nd ref="301671978"/>
    <tag k="highway" v="residential"/>
    <tag k="lit" v="yes"/>
    <tag k="maxspeed" v="30"/>
    <tag k="name" v="Szeroka"/>
    <tag k="old_name:de" v="Breite Gasse"/>
    <tag k="old_name:la" v="ampla platea"/>
    <tag k="surface" v="asphalt"/>
  </way>
  <way id="286329918">
    <nd ref="301671985"/>
    <nd ref="301671990"/>
    <tag k="highway" v="residential"/>
    <tag k="lit" v="yes"/>
    <tag k="maxspeed" v="30"/>
    <tag k="name" v="Szeroka"/>
    <tag k="old_name:de" v="Breite Gasse"/>
    <tag k="old_name:la" v="ampla platea"/>
    <tag k="surface" v="asphalt"/>
  </way>
  <way id="286329925">
    <nd ref="2563644248"/>
    <nd ref="9787038092"/>
    <nd ref="3741454894"/>
    <nd ref="1849057273"/>
    <nd ref="13436651999"/>
    <tag k="agricultural" v="no"/>
    <tag k="hgv" v="no"/>
    <tag k="hgv:conditional" v="yes @ marked"/>
    <tag k="highway" v="residential"/>
    <tag k="lit" v="yes"/>
    <tag k="maxspeed" v="30"/>
    <tag k="name" v="Zbytki"/>
    <tag k="note:hgv" v="Nie dotyczy samochodów ciężarowych o dopuszczalnej masie całkowitej nieprzekraczającej 12 ton w godzinach 21 - 10"/>
    <tag k="source:hgv" v="PL:sign_B-5"/>
    <tag k="source:maxspeed" v="PL:zone30"/>
    <tag k="surface" v="sett"/>
  </way>
  <way id="286329927">
    <nd ref="1849057294"/>
    <nd ref="11497981348"/>
    <nd ref="301672022"/>
    <tag k="bicycle" v="yes"/>
    <tag k="bus" v="yes"/>
    <tag k="highway" v="living_street"/>
    <tag k="horse" v="no"/>
    <tag k="lit" v="yes"/>
    <tag k="maxspeed" v="20"/>
    <tag k="name" v="Świętego Ducha"/>
    <tag k="note:access" v="Nie dotyczy posiadaczy identyfikatorów typu GM wydanych przez GZDiZ oraz pojazdów wymienionych w Zarządzeniu nr 34/14 Prezydenta Miasta Gdańska z dn. 10.01.2014 r. Informacje: PN-PT w godz. 7.00-15.00 tel. 58 52-44-627, 58 55-89-571"/>
    <tag k="old_name:de" v="Heiliggeistgasse"/>
    <tag k="old_name:la" v="Platea Sancti Spiritus"/>
    <tag k="oneway" v="yes"/>
    <tag k="oneway:bicycle" v="no"/>
    <tag k="sidewalk:both" v="separate"/>
    <tag k="source:access" v="https://gzd.gda.pl/zalatw-sprawe/strefa-ograniczonej-dostepnosci-na-glownym-miescie,a,3141"/>
    <tag k="source:geometry" v="gis.gdansk.pl"/>
    <tag k="source:maxspeed" v="PL:living_street"/>
    <tag k="surface" v="cobblestone:flattened"/>
    <tag k="taxi" v="yes"/>
    <tag k="url" v="http://www.gdansk.pl/srodmiescie/Nowe-oblicze-ulicy-Sw-Ducha-Warto-wybrac-sie-tam-na-spacer,a,95722"/>
    <tag k="vehicle" v="permit"/>
    <tag k="wikidata" v="Q9366365"/>
    <tag k="wikipedia" v="pl:Ulica Świętego Ducha w Gdańsku"/>
  </way>
  <way id="286329928">
    <nd ref="1120339846"/>
    <nd ref="5909470581"/>
    <nd ref="1570145814"/>
    <nd ref="1849057294"/>
    <tag k="bicycle" v="yes"/>
    <tag k="bus" v="yes"/>
    <tag k="foot" v="yes"/>
    <tag k="highway" v="living_street"/>
    <tag k="horse" v="no"/>
    <tag k="lit" v="yes"/>
    <tag k="maxspeed" v="20"/>
    <tag k="name" v="Świętego Ducha"/>
    <tag k="note:access" v="Nie dotyczy posiadaczy identyfikatorów typu GM wydanych przez GZDiZ oraz pojazdów wymienionych w Zarządzeniu nr 34/14 Prezydenta Miasta Gdańska z dn. 10.01.2014 r. Informacje: PN-PT w godz. 7.00-15.00 tel. 58 52-44-627, 58 55-89-571"/>
    <tag k="old_name:de" v="Heiliggeistgasse"/>
    <tag k="old_name:la" v="Platea Sancti Spiritus"/>
    <tag k="oneway" v="yes"/>
    <tag k="oneway:bicycle" v="no"/>
    <tag k="source:access" v="https://gzd.gda.pl/zalatw-sprawe/strefa-ograniczonej-dostepnosci-na-glownym-miescie,a,3141"/>
    <tag k="source:geometry" v="gis.gdansk.pl"/>
    <tag k="source:maxspeed" v="PL:living_street"/>
    <tag k="surface" v="sett"/>
    <tag k="taxi" v="yes"/>
    <tag k="url" v="http://www.gdansk.pl/srodmiescie/Nowe-oblicze-ulicy-Sw-Ducha-Warto-wybrac-sie-tam-na-spacer,a,95722"/>
    <tag k="vehicle" v="permit"/>
    <tag k="wikidata" v="Q9366365"/>
    <tag k="wikipedia" v="pl:Ulica Świętego Ducha w Gdańsku"/>
  </way>
  <way id="286329929">
    <nd ref="301671319"/>
    <nd ref="9403170325"/>
    <nd ref="1577024269"/>
    <nd ref="1577024251"/>
    <nd ref="6078514222"/>
    <nd ref="1577024211"/>
    <nd ref="1577024198"/>
    <nd ref="1849057297"/>
    <tag k="bicycle" v="yes"/>
    <tag k="bus" v="yes"/>
    <tag k="highway" v="living_street"/>
    <tag k="horse" v="no"/>
    <tag k="lit" v="yes"/>
    <tag k="maxspeed" v="20"/>
    <tag k="name" v="Świętego Ducha"/>
    <tag k="note:access" v="Nie dotyczy posiadaczy identyfikatorów typu GM wydanych przez GZDiZ oraz pojazdów wymienionych w Zarządzeniu nr 34/14 Prezydenta Miasta Gdańska z dn. 10.01.2014 r. Informacje: PN-PT w godz. 7.00-15.00 tel. 58 52-44-627, 58 55-89-571"/>
    <tag k="old_name:de" v="Heiliggeistgasse"/>
    <tag k="old_name:la" v="Platea Sancti Spiritus"/>
    <tag k="oneway" v="yes"/>
    <tag k="oneway:bicycle" v="no"/>
    <tag k="source:access" v="https://gzd.gda.pl/zalatw-sprawe/strefa-ograniczonej-dostepnosci-na-glownym-miescie,a,3141"/>
    <tag k="source:maxspeed" v="PL:living_street"/>
    <tag k="surface" v="sett"/>
    <tag k="taxi" v="yes"/>
    <tag k="vehicle" v="permit"/>
    <tag k="wikidata" v="Q9366365"/>
    <tag k="wikipedia" v="pl:Ulica Świętego Ducha w Gdańsku"/>
  </way>
  <way id="286820071">
    <nd ref="1521392212"/>
    <nd ref="1521392225"/>
    <nd ref="1521392230"/>
    <nd ref="1521392243"/>
    <nd ref="1521392280"/>
    <nd ref="1521392343"/>
    <nd ref="1118896333"/>
    <nd ref="1521392385"/>
    <nd ref="1994615283"/>
    <tag k="highway" v="residential"/>
    <tag k="lanes" v="1"/>
    <tag k="maxspeed" v="30"/>
    <tag k="name" v="Garncarska"/>
    <tag k="old_name:de" v="Töpfergasse"/>
    <tag k="oneway" v="yes"/>
    <tag k="oneway:bicycle" v="no"/>
    <tag k="sidewalk" v="separate"/>
    <tag k="source:maxspeed" v="PL:zone30"/>
    <tag k="surface" v="asphalt"/>
  </way>
  <way id="287696924">
    <nd ref="1118941802"/>
    <nd ref="11953876311"/>
    <nd ref="9294369787"/>
    <nd ref="11953876312"/>
    <nd ref="1739522301"/>
    <nd ref="2617643032"/>
    <nd ref="1118941800"/>
    <tag k="cycleway:right" v="shared_lane"/>
    <tag k="dual_carriageway" v="yes"/>
    <tag k="highway" v="secondary"/>
    <tag k="lanes" v="3"/>
    <tag k="maxspeed" v="50"/>
    <tag k="name" v="Hucisko"/>
    <tag k="old_name:de" v="Silberhütte"/>
    <tag k="oneway" v="yes"/>
    <tag k="parking:condition:both" v="no_stopping"/>
    <tag k="source" v="UMP-PL, ./UMP-Gdansk/src/GDANSK.ulice.txt"/>
    <tag k="source:maxspeed" v="PL:urban"/>
    <tag k="surface" v="asphalt"/>
    <tag k="turn:lanes" v="left|left;through|through;right"/>
  </way>
  <way id="287696925">
    <nd ref="301679407"/>
    <nd ref="2617308519"/>
    <nd ref="1582534310"/>
    <nd ref="2616535081"/>
    <nd ref="1582534226"/>
    <tag k="highway" v="tertiary"/>
    <tag k="junction" v="roundabout"/>
    <tag k="lanes" v="3"/>
    <tag k="lit" v="yes"/>
    <tag k="maxspeed" v="30"/>
    <tag k="name" v="Targ Drzewny"/>
    <tag k="old_name:de" v="Holzmarkt"/>
    <tag k="sidewalk:both" v="separate"/>
    <tag k="source:maxspeed" v="PL:zone30"/>
    <tag k="surface" v="asphalt"/>
  </way>
  <way id="287696926">
    <nd ref="1582534349"/>
    <nd ref="3699868113"/>
    <nd ref="4336248345"/>
    <nd ref="7847478788"/>
    <nd ref="3699868114"/>
    <nd ref="4336248344"/>
    <nd ref="4285080089"/>
    <nd ref="4285080097"/>
    <nd ref="4285080095"/>
    <nd ref="2616535141"/>
    <nd ref="12445602299"/>
    <nd ref="7847435293"/>
    <nd ref="7847435291"/>
    <nd ref="1582534463"/>
    <tag k="highway" v="tertiary"/>
    <tag k="junction" v="roundabout"/>
    <tag k="lanes" v="2"/>
    <tag k="lit" v="yes"/>
    <tag k="maxspeed" v="30"/>
    <tag k="name" v="Targ Drzewny"/>
    <tag k="old_name:de" v="Holzmarkt"/>
    <tag k="placement" v="right_of:1"/>
    <tag k="source:maxspeed" v="PL:zone30"/>
    <tag k="surface" v="asphalt"/>
  </way>
  <way id="287696927">
    <nd ref="2912683686"/>
    <nd ref="2912683687"/>
    <tag k="bus_bay" v="right"/>
    <tag k="bus_bay:surface" v="sett"/>
    <tag k="cycleway:right" v="no"/>
    <tag k="dual_carriageway" v="yes"/>
    <tag k="foot" v="no"/>
    <tag k="highway" v="primary"/>
    <tag k="highway:category:pl" v="1"/>
    <tag k="int_ref" v="E 75"/>
    <tag k="lanes" v="4"/>
    <tag k="lit" v="yes"/>
    <tag k="maxaxleload" v="11.5"/>
    <tag k="maxspeed" v="50"/>
    <tag k="name" v="Wały Jagiellońskie"/>
    <tag k="old_name:de" v="Dominikswall"/>
    <tag k="oneway" v="yes"/>
    <tag k="ref" v="91"/>
    <tag k="shoulder" v="no"/>
    <tag k="sidewalk" v="no"/>
    <tag k="source" v="survey"/>
    <tag k="source:maxaxleload" v="Dz.U. 2011 nr 222 poz. 1321 Art. 2 pkt. 11"/>
    <tag k="source:maxspeed" v="PL:urban"/>
    <tag k="source:ref" v="Zarządzenie nr 46 Generalnego Dyrektora Dróg Krajowych i Autostrad z dnia 17 grudnia 2012 r."/>
    <tag k="source:ref:url" v="https://www.archiwum.gddkia.gov.pl/userfiles/articles/z/zarzadzenia-generalnego-dyrektor_10385/zarzadzenie%2046.pdf"/>
    <tag k="surface" v="asphalt"/>
    <tag k="turn:lanes" v="left|through|through|through"/>
  </way>
  <way id="287696928">
    <nd ref="1582534598"/>
    <nd ref="301679668"/>
    <nd ref="8590051559"/>
    <nd ref="8590051558"/>
    <nd ref="1582534566"/>
    <tag k="bicycle" v="use_sidepath"/>
    <tag k="bus:lanes" v="yes|yes|yes|designated|yes"/>
    <tag k="dual_carriageway" v="yes"/>
    <tag k="highway" v="primary"/>
    <tag k="highway:category:pl" v="1"/>
    <tag k="int_ref" v="E 75"/>
    <tag k="lanes" v="5"/>
    <tag k="lanes:bus" v="1"/>
    <tag k="lanes:mofa" v="1"/>
    <tag k="lanes:moped" v="1"/>
    <tag k="lanes:motorcycle" v="1"/>
    <tag k="lanes:taxi" v="1"/>
    <tag k="lit" v="yes"/>
    <tag k="maxaxleload" v="11.5"/>
    <tag k="maxspeed" v="50"/>
    <tag k="mofa:lanes" v="yes|yes|yes|designated|yes"/>
    <tag k="moped:lanes" v="yes|yes|yes|designated|yes"/>
    <tag k="motorcycle:lanes" v="yes|yes|yes|designated|yes"/>
    <tag k="name" v="Wały Jagiellońskie"/>
    <tag k="note:lanes" v="|||Znak D-11: czwarty pas tylko dla: BUS, TAXI, służby miejskie, motocykle i motorowery. Znak F-10: dopuszcza jazdę prosto tylko dla: BUS.|"/>
    <tag k="old_name:de" v="Elisabethwall"/>
    <tag k="oneway" v="yes"/>
    <tag k="parking:condition:both" v="no_stopping"/>
    <tag k="ref" v="91"/>
    <tag k="source" v="survey"/>
    <tag k="source:maxaxleload" v="Dz.U. 2011 nr 222 poz. 1321 Art. 2 pkt. 11"/>
    <tag k="source:maxspeed" v="PL:urban"/>
    <tag k="source:ref" v="Zarządzenie nr 46 Generalnego Dyrektora Dróg Krajowych i Autostrad z dnia 17 grudnia 2012 r."/>
    <tag k="source:ref:url" v="https://www.archiwum.gddkia.gov.pl/userfiles/articles/z/zarzadzenia-generalnego-dyrektor_10385/zarzadzenie%2046.pdf"/>
    <tag k="surface" v="asphalt"/>
    <tag k="taxi:lanes" v="yes|yes|yes|designated|yes"/>
    <tag k="turn:lanes" v="left|through|through|through|right"/>
    <tag k="vehicle:lanes" v="yes|yes|yes|no|yes"/>
  </way>
  <way id="287696929">
    <nd ref="2912683687"/>
    <nd ref="2617643025"/>
    <nd ref="301679649"/>
    <nd ref="2912683688"/>
    <nd ref="301679412"/>
    <tag k="cycleway:right" v="no"/>
    <tag k="dual_carriageway" v="yes"/>
    <tag k="foot" v="no"/>
    <tag k="highway" v="primary"/>
    <tag k="highway:category:pl" v="1"/>
    <tag k="int_ref" v="E 75"/>
    <tag k="lanes" v="5"/>
    <tag k="lit" v="yes"/>
    <tag k="maxaxleload" v="11.5"/>
    <tag k="maxspeed" v="50"/>
    <tag k="name" v="Wały Jagiellońskie"/>
    <tag k="old_name:de" v="Dominikswall"/>
    <tag k="oneway" v="yes"/>
    <tag k="ref" v="91"/>
    <tag k="shoulder" v="no"/>
    <tag k="sidewalk" v="no"/>
    <tag k="source" v="survey"/>
    <tag k="source:maxaxleload" v="Dz.U. 2011 nr 222 poz. 1321 Art. 2 pkt. 11"/>
    <tag k="source:maxspeed" v="PL:urban"/>
    <tag k="source:ref" v="Zarządzenie nr 46 Generalnego Dyrektora Dróg Krajowych i Autostrad z dnia 17 grudnia 2012 r."/>
    <tag k="source:ref:url" v="https://www.archiwum.gddkia.gov.pl/userfiles/articles/z/zarzadzenia-generalnego-dyrektor_10385/zarzadzenie%2046.pdf"/>
    <tag k="surface" v="asphalt"/>
    <tag k="turn:lanes" v="left|through|through|through|right"/>
  </way>
  <way id="292109864">
    <nd ref="2956321528"/>
    <nd ref="2986447226"/>
    <nd ref="301671319"/>
    <tag k="bicycle" v="yes"/>
    <tag k="highway" v="living_street"/>
    <tag k="horse" v="no"/>
    <tag k="lit" v="yes"/>
    <tag k="maxspeed" v="20"/>
    <tag k="name" v="Kołodziejska"/>
    <tag k="note:access" v="Nie dotyczy posiadaczy identyfikatorów typu GM wydanych przez GZDiZ oraz pojazdów wymienionych w Zarządzeniu nr 34/14 Prezydenta Miasta Gdańska z dn. 10.01.2014 r. Informacje: PN-PT w godz. 7.00-15.00 tel. 58 52-44-627, 58 55-89-571"/>
    <tag k="old_name:de" v="Große Scharmachergasse"/>
    <tag k="source:access" v="https://gzd.gda.pl/zalatw-sprawe/strefa-ograniczonej-dostepnosci-na-glownym-miescie,a,3141"/>
    <tag k="source:maxspeed" v="PL:living_street"/>
    <tag k="surface" v="asphalt"/>
    <tag k="taxi" v="yes"/>
    <tag k="vehicle" v="permit"/>
  </way>
  <way id="292830586">
    <nd ref="2963906979"/>
    <nd ref="9825087314"/>
    <nd ref="1876259337"/>
    <tag k="highway" v="service"/>
    <tag k="maxspeed" v="30"/>
    <tag k="oneway" v="yes"/>
    <tag k="service" v="driveway"/>
    <tag k="source:maxspeed" v="PL:zone30"/>
  </way>
  <way id="292830588">
    <nd ref="2963906994"/>
    <nd ref="2963906979"/>
    <tag k="highway" v="service"/>
    <tag k="maxheight" v="3"/>
    <tag k="maxspeed" v="30"/>
    <tag k="oneway" v="yes"/>
    <tag k="service" v="driveway"/>
    <tag k="source:maxspeed" v="PL:zone30"/>
    <tag k="tunnel" v="building_passage"/>
    <tag k="vehicle" v="no"/>
    <tag k="vehicle:conditional" v="private @ destination"/>
  </way>
  <way id="292830591">
    <nd ref="2963907123"/>
    <nd ref="2963907115"/>
    <tag k="highway" v="service"/>
    <tag k="maxheight" v="3"/>
    <tag k="maxspeed" v="30"/>
    <tag k="oneway" v="yes"/>
    <tag k="service" v="driveway"/>
    <tag k="source:maxspeed" v="PL:zone30"/>
    <tag k="tunnel" v="building_passage"/>
    <tag k="vehicle" v="private"/>
  </way>
  <way id="292830594">
    <nd ref="2963907070"/>
    <nd ref="2963907049"/>
    <tag k="highway" v="service"/>
    <tag k="maxheight" v="3"/>
    <tag k="maxspeed" v="30"/>
    <tag k="oneway" v="yes"/>
    <tag k="service" v="driveway"/>
    <tag k="source:maxspeed" v="PL:zone30"/>
    <tag k="tunnel" v="building_passage"/>
    <tag k="vehicle" v="no"/>
    <tag k="vehicle:conditional" v="private @ destination"/>
  </way>
  <way id="292830595">
    <nd ref="2963906963"/>
    <nd ref="2963906973"/>
    <tag k="highway" v="service"/>
    <tag k="motor_vehicle" v="private"/>
    <tag k="service" v="driveway"/>
    <tag k="tunnel" v="building_passage"/>
  </way>
  <way id="292830597">
    <nd ref="2963906953"/>
    <nd ref="2963906958"/>
    <nd ref="2963906963"/>
    <tag k="highway" v="service"/>
    <tag k="motor_vehicle" v="private"/>
    <tag k="service" v="driveway"/>
  </way>
  <way id="292830606">
    <nd ref="1876259339"/>
    <nd ref="9990599264"/>
    <nd ref="2963907126"/>
    <nd ref="2963907123"/>
    <tag k="highway" v="service"/>
    <tag k="maxspeed" v="30"/>
    <tag k="oneway" v="yes"/>
    <tag k="service" v="driveway"/>
    <tag k="source:maxspeed" v="PL:zone30"/>
  </way>
  <way id="292830607">
    <nd ref="2963906973"/>
    <nd ref="2963906988"/>
    <tag k="highway" v="service"/>
    <tag k="motor_vehicle" v="private"/>
    <tag k="service" v="driveway"/>
  </way>
  <way id="292830609">
    <nd ref="2963907115"/>
    <nd ref="2963907112"/>
    <nd ref="2963907078"/>
    <nd ref="2963907070"/>
    <tag k="highway" v="service"/>
    <tag k="maxheight" v="3"/>
    <tag k="maxspeed" v="30"/>
    <tag k="oneway" v="yes"/>
    <tag k="service" v="driveway"/>
    <tag k="source:maxspeed" v="PL:zone30"/>
    <tag k="vehicle" v="private"/>
  </way>
  <way id="292830610">
    <nd ref="2963907049"/>
    <nd ref="2963907039"/>
    <nd ref="2963906999"/>
    <nd ref="2963906994"/>
    <tag k="highway" v="service"/>
    <tag k="maxheight" v="3"/>
    <tag k="maxspeed" v="30"/>
    <tag k="oneway" v="yes"/>
    <tag k="service" v="driveway"/>
    <tag k="source:maxspeed" v="PL:zone30"/>
    <tag k="vehicle" v="private"/>
  </way>
  <way id="292830616">
    <nd ref="2963907275"/>
    <nd ref="2963907244"/>
    <nd ref="2963907208"/>
    <nd ref="2963907197"/>
    <nd ref="2963907165"/>
    <nd ref="10972349871"/>
    <tag k="highway" v="service"/>
    <tag k="service" v="driveway"/>
  </way>
  <way id="292849324">
    <nd ref="2539677584"/>
    <nd ref="2964089219"/>
    <tag k="highway" v="service"/>
  </way>
  <way id="293270237">
    <nd ref="2355742507"/>
    <nd ref="8497736983"/>
    <nd ref="301679717"/>
    <tag k="highway" v="primary_link"/>
    <tag k="lanes" v="1"/>
    <tag k="lit" v="yes"/>
    <tag k="maxspeed" v="50"/>
    <tag k="name" v="Okopowa"/>
    <tag k="old_name:de" v="Karrenwall"/>
    <tag k="oneway" v="yes"/>
    <tag k="parking:condition:both" v="no_stopping"/>
    <tag k="source" v="survey"/>
    <tag k="source:maxspeed" v="PL:urban"/>
    <tag k="surface" v="asphalt"/>
  </way>
  <way id="293270240">
    <nd ref="2616256566"/>
    <nd ref="12307737719"/>
    <nd ref="12307737720"/>
    <nd ref="1840848452"/>
    <nd ref="301679707"/>
    <tag k="foot" v="no"/>
    <tag k="highway" v="primary_link"/>
    <tag k="lanes" v="2"/>
    <tag k="maxspeed" v="50"/>
    <tag k="name" v="Okopowa"/>
    <tag k="old_name:de" v="Karrenwall"/>
    <tag k="oneway" v="yes"/>
    <tag k="source" v="UMP-PL, ./UMP-Gdansk/src/GDANSK.ulice.txt"/>
    <tag k="surface" v="asphalt"/>
  </way>
  <way id="293270243">
    <nd ref="8727697117"/>
    <nd ref="7765344308"/>
    <nd ref="8913471997"/>
    <nd ref="7765344307"/>
    <tag k="dual_carriageway" v="yes"/>
    <tag k="foot" v="no"/>
    <tag k="highway" v="primary"/>
    <tag k="highway:category:pl" v="1"/>
    <tag k="int_ref" v="E 75"/>
    <tag k="lanes" v="2"/>
    <tag k="lit" v="yes"/>
    <tag k="maxaxleload" v="11.5"/>
    <tag k="maxspeed" v="50"/>
    <tag k="name" v="Okopowa"/>
    <tag k="oneway" v="yes"/>
    <tag k="ref" v="91"/>
    <tag k="source:maxaxleload" v="Dz.U. 2011 nr 222 poz. 1321 Art. 2 pkt. 11"/>
    <tag k="source:ref" v="Zarządzenie nr 46 Generalnego Dyrektora Dróg Krajowych i Autostrad z dnia 17 grudnia 2012 r."/>
    <tag k="source:ref:url" v="https://www.archiwum.gddkia.gov.pl/userfiles/articles/z/zarzadzenia-generalnego-dyrektor_10385/zarzadzenie%2046.pdf"/>
    <tag k="surface" v="asphalt"/>
  </way>
  <way id="293270247">
    <nd ref="301672173"/>
    <nd ref="3741454907"/>
    <nd ref="2968482466"/>
    <tag k="cycleway:right" v="no"/>
    <tag k="dual_carriageway" v="yes"/>
    <tag k="highway" v="primary"/>
    <tag k="highway:category:pl" v="2"/>
    <tag k="lanes" v="3"/>
    <tag k="lit" v="yes"/>
    <tag k="maxspeed" v="50"/>
    <tag k="name" v="Podwale Przedmiejskie"/>
    <tag k="old_name:de" v="Vorstädtischer Graben"/>
    <tag k="old_name:de_1" v="Vorstädtischer Graben"/>
    <tag k="oneway" v="yes"/>
    <tag k="parking:condition:both" v="no_stopping"/>
    <tag k="placement" v="left_of:2"/>
    <tag k="ref" v="501"/>
    <tag k="shoulder" v="no"/>
    <tag k="sidewalk" v="no"/>
    <tag k="source:maxspeed" v="PL:urban"/>
    <tag k="surface" v="asphalt"/>
  </way>
  <way id="293270249">
    <nd ref="114087111"/>
    <nd ref="13436681405"/>
    <nd ref="7184148950"/>
    <nd ref="301679768"/>
    <tag k="dual_carriageway" v="yes"/>
    <tag k="highway" v="primary"/>
    <tag k="highway:category:pl" v="2"/>
    <tag k="lanes" v="1"/>
    <tag k="lit" v="yes"/>
    <tag k="maxspeed" v="50"/>
    <tag k="name" v="Podwale Przedmiejskie"/>
    <tag k="old_name:de" v="Vorstädtischer Graben"/>
    <tag k="old_name:de_1" v="Vorstädtischer Graben"/>
    <tag k="oneway" v="yes"/>
    <tag k="parking:condition:both" v="no_stopping"/>
    <tag k="ref" v="501"/>
    <tag k="sidewalk:left" v="no"/>
    <tag k="sidewalk:right" v="separate"/>
    <tag k="source:maxspeed" v="PL:urban"/>
    <tag k="surface" v="asphalt"/>
  </way>
  <way id="293270250">
    <nd ref="2968482466"/>
    <nd ref="3741454887"/>
    <nd ref="13436651999"/>
    <nd ref="13436681403"/>
    <nd ref="13436681402"/>
    <nd ref="2097885226"/>
    <tag k="cycleway:right" v="no"/>
    <tag k="dual_carriageway" v="yes"/>
    <tag k="highway" v="primary"/>
    <tag k="highway:category:pl" v="2"/>
    <tag k="lanes" v="4"/>
    <tag k="lit" v="yes"/>
    <tag k="maxspeed" v="50"/>
    <tag k="name" v="Podwale Przedmiejskie"/>
    <tag k="old_name:de" v="Vorstädtischer Graben"/>
    <tag k="old_name:de_1" v="Vorstädtischer Graben"/>
    <tag k="oneway" v="yes"/>
    <tag k="parking:condition:both" v="no_stopping"/>
    <tag k="ref" v="501"/>
    <tag k="shoulder" v="no"/>
    <tag k="sidewalk" v="no"/>
    <tag k="source:maxspeed" v="PL:urban"/>
    <tag k="surface" v="asphalt"/>
  </way>
  <way id="293270251">
    <nd ref="2963907501"/>
    <nd ref="13436681404"/>
    <nd ref="11565330135"/>
    <nd ref="2097885221"/>
    <nd ref="114087111"/>
    <tag k="dual_carriageway" v="yes"/>
    <tag k="highway" v="primary"/>
    <tag k="highway:category:pl" v="2"/>
    <tag k="lanes" v="2"/>
    <tag k="lit" v="yes"/>
    <tag k="maxspeed" v="50"/>
    <tag k="maxweightrating:hgv" v="27"/>
    <tag k="maxweightrating:hgv:conditional" v="none @ marked"/>
    <tag k="name" v="Podwale Przedmiejskie"/>
    <tag k="note:maxweightrating:hgv" v="Nie dotyczy posiadaczy identyfikatorów Gdańskiego Zarządu Dróg i Zieleni 58 52 44 500"/>
    <tag k="old_name:de" v="Vorstädtischer Graben"/>
    <tag k="old_name:de_1" v="Vorstädtischer Graben"/>
    <tag k="oneway" v="yes"/>
    <tag k="parking:condition:both" v="no_stopping"/>
    <tag k="ref" v="501"/>
    <tag k="sidewalk:left" v="no"/>
    <tag k="sidewalk:right" v="separate"/>
    <tag k="source:maxspeed" v="PL:urban"/>
    <tag k="source:maxweightrating:hgv" v="PL:sign_B-5"/>
    <tag k="surface" v="asphalt"/>
    <tag k="turn:lanes" v="through|right"/>
  </way>
  <way id="293270252">
    <nd ref="2097885226"/>
    <nd ref="1840848525"/>
    <nd ref="3741457645"/>
    <nd ref="8913471984"/>
    <nd ref="301672186"/>
    <tag k="cycleway:right" v="no"/>
    <tag k="dual_carriageway" v="yes"/>
    <tag k="highway" v="primary"/>
    <tag k="highway:category:pl" v="2"/>
    <tag k="lanes" v="4"/>
    <tag k="lit" v="yes"/>
    <tag k="maxspeed" v="50"/>
    <tag k="name" v="Podwale Przedmiejskie"/>
    <tag k="old_name:de" v="Vorstädtischer Graben"/>
    <tag k="old_name:de_1" v="Vorstädtischer Graben"/>
    <tag k="oneway" v="yes"/>
    <tag k="parking:condition:both" v="no_stopping"/>
    <tag k="ref" v="501"/>
    <tag k="sidewalk" v="no"/>
    <tag k="source:maxspeed" v="PL:urban"/>
    <tag k="surface" v="asphalt"/>
    <tag k="turn:lanes" v="reverse;left|through|through|right"/>
  </way>
  <way id="293281728">
    <nd ref="13524375683"/>
    <nd ref="9823998500"/>
    <nd ref="3753416897"/>
    <nd ref="9823998506"/>
    <nd ref="1845914961"/>
    <tag k="embedded_rails" v="disused"/>
    <tag k="highway" v="living_street"/>
    <tag k="maxspeed" v="20"/>
    <tag k="name" v="Łąkowa"/>
    <tag k="old_name:de" v="Weidengasse"/>
    <tag k="oneway" v="no"/>
    <tag k="source" v="survey"/>
    <tag k="source:maxspeed" v="PL:living_street"/>
    <tag k="surface" v="sett"/>
  </way>
  <way id="294760957">
    <nd ref="301672019"/>
    <nd ref="12239519777"/>
    <nd ref="11497981197"/>
    <nd ref="1849057306"/>
    <tag k="bus" v="yes"/>
    <tag k="highway" v="residential"/>
    <tag k="lit" v="yes"/>
    <tag k="maxspeed" v="30"/>
    <tag k="name" v="Targ Rybny"/>
    <tag k="old_name:de" v="Fischmarkt"/>
    <tag k="source:maxspeed" v="PL:zone30"/>
    <tag k="surface" v="asphalt"/>
  </way>
  <way id="298828634">
    <nd ref="3027805240"/>
    <nd ref="3027805241"/>
    <tag k="access" v="permissive"/>
    <tag k="highway" v="service"/>
    <tag k="maxheight:physical" v="3"/>
    <tag k="maxheight:signed" v="no"/>
    <tag k="tunnel" v="building_passage"/>
  </way>
  <way id="298828637">
    <nd ref="3027805239"/>
    <nd ref="5394254190"/>
    <nd ref="3027805240"/>
    <tag k="highway" v="service"/>
    <tag k="surface" v="asphalt"/>
  </way>
  <way id="298828639">
    <nd ref="9674430697"/>
    <nd ref="3027805242"/>
    <nd ref="3027805243"/>
    <nd ref="3027805244"/>
    <nd ref="3027805245"/>
    <nd ref="3027805246"/>
    <nd ref="3027805247"/>
    <nd ref="3027805248"/>
    <nd ref="3027805249"/>
    <tag k="access" v="private"/>
    <tag k="highway" v="service"/>
    <tag k="service" v="driveway"/>
  </way>
  <way id="298979414">
    <nd ref="3029019046"/>
    <nd ref="8975596500"/>
    <nd ref="6073567483"/>
    <tag k="highway" v="service"/>
    <tag k="service" v="driveway"/>
  </way>
  <way id="298980424">
    <nd ref="3029029938"/>
    <nd ref="3029029942"/>
    <nd ref="9990599249"/>
    <nd ref="3029029954"/>
    <tag k="access" v="private"/>
    <tag k="highway" v="service"/>
    <tag k="service" v="parking_aisle"/>
  </way>
  <way id="298980427">
    <nd ref="3029029940"/>
    <nd ref="3029029945"/>
    <nd ref="3029029950"/>
    <nd ref="3029029957"/>
    <tag k="access" v="private"/>
    <tag k="highway" v="service"/>
    <tag k="service" v="parking_aisle"/>
  </way>
  <way id="298980429">
    <nd ref="3029029939"/>
    <nd ref="3029029944"/>
    <nd ref="9990599248"/>
    <nd ref="3029029955"/>
    <tag k="access" v="private"/>
    <tag k="highway" v="service"/>
    <tag k="service" v="parking_aisle"/>
  </way>
  <way id="298980430">
    <nd ref="9990599241"/>
    <nd ref="9990599240"/>
    <nd ref="9990599239"/>
    <nd ref="3029029951"/>
    <nd ref="3029029950"/>
    <nd ref="9990599248"/>
    <nd ref="9990599249"/>
    <tag k="access" v="private"/>
    <tag k="highway" v="service"/>
    <tag k="service" v="driveway"/>
  </way>
  <way id="299847158">
    <nd ref="301671785"/>
    <nd ref="9466681449"/>
    <nd ref="9466681452"/>
    <nd ref="11466820973"/>
    <nd ref="301671786"/>
    <nd ref="6042571339"/>
    <tag k="highway" v="residential"/>
    <tag k="lanes" v="2"/>
    <tag k="lit" v="yes"/>
    <tag k="maxspeed" v="30"/>
    <tag k="name" v="Chmielna"/>
    <tag k="old_name:de" v="Hopfengasse"/>
    <tag k="oneway" v="no"/>
    <tag k="sidewalk" v="separate"/>
    <tag k="source:maxspeed" v="PL:zone30"/>
    <tag k="surface" v="asphalt"/>
  </way>
  <way id="299847159">
    <nd ref="480151733"/>
    <nd ref="2964089204"/>
    <nd ref="1445281158"/>
    <nd ref="3039299097"/>
    <nd ref="301672181"/>
    <tag k="bus:lanes" v="yes|yes|designated"/>
    <tag k="cycleway:right" v="lane"/>
    <tag k="dual_carriageway" v="yes"/>
    <tag k="highway" v="primary"/>
    <tag k="highway:category:pl" v="2"/>
    <tag k="lanes" v="3"/>
    <tag k="lanes:bus" v="1"/>
    <tag k="lanes:mofa" v="1"/>
    <tag k="lanes:moped" v="1"/>
    <tag k="lanes:motorcycle" v="1"/>
    <tag k="lanes:taxi" v="1"/>
    <tag k="lit" v="yes"/>
    <tag k="maxspeed" v="50"/>
    <tag k="mofa:lanes" v="yes|yes|designated"/>
    <tag k="moped:lanes" v="yes|yes|designated"/>
    <tag k="motorcycle:lanes" v="yes|yes|designated"/>
    <tag k="name" v="Podwale Przedmiejskie"/>
    <tag k="note:lanes" v="||Znak D-11: prawy pas tylko dla: BUS, TAXI, służby miejskie, motocykle i motorowery."/>
    <tag k="old_name:de" v="Brandgasse"/>
    <tag k="old_name:de_1" v="Vorstädtischer Graben"/>
    <tag k="oneway" v="yes"/>
    <tag k="placement" v="left_of:2"/>
    <tag k="ref" v="501"/>
    <tag k="source:maxspeed" v="PL:urban"/>
    <tag k="surface" v="asphalt"/>
    <tag k="taxi:lanes" v="yes|yes|designated"/>
    <tag k="vehicle:lanes" v="yes|yes|no"/>
  </way>
  <way id="299847160">
    <nd ref="13436651991"/>
    <nd ref="6042571332"/>
    <tag k="change:lanes" v="no|no|no|no"/>
    <tag k="cycleway:right" v="lane"/>
    <tag k="disused:bus:lanes" v="yes|yes|yes|designated"/>
    <tag k="disused:lanes:bus" v="1"/>
    <tag k="disused:lanes:mofa" v="1"/>
    <tag k="disused:lanes:moped" v="1"/>
    <tag k="disused:lanes:motorcycle" v="1"/>
    <tag k="disused:lanes:taxi" v="1"/>
    <tag k="disused:mofa:lanes" v="yes|yes|yes|designated"/>
    <tag k="disused:moped:lanes" v="yes|yes|yes|designated"/>
    <tag k="disused:motorcycle:lanes" v="yes|yes|yes|designated"/>
    <tag k="disused:note:lanes" v="|||Znak D-11: prawy pas wyznaczony dla: BUS, TAXI, służby miejskie, motocykle i motorowery. Znak F-10: dopuszcza jazdę prosto tylko dla: BUS."/>
    <tag k="disused:taxi:lanes" v="yes|yes||yesdesignated"/>
    <tag k="disused:turn:lanes:bus" v="left|through|through|through;right"/>
    <tag k="disused:vehicle:lanes" v="yes|yes|yes|yes"/>
    <tag k="dual_carriageway" v="yes"/>
    <tag k="highway" v="primary"/>
    <tag k="highway:category:pl" v="2"/>
    <tag k="lanes" v="4"/>
    <tag k="lit" v="yes"/>
    <tag k="maxspeed" v="50"/>
    <tag k="name" v="Podwale Przedmiejskie"/>
    <tag k="note:lanes" v="Buspas zamknięty ze względu na zły stan mostu."/>
    <tag k="old_name:de" v="Brandgasse"/>
    <tag k="old_name:de_1" v="Vorstädtischer Graben"/>
    <tag k="oneway" v="yes"/>
    <tag k="ref" v="501"/>
    <tag k="source:maxspeed" v="PL:urban"/>
    <tag k="surface" v="asphalt"/>
    <tag k="turn:lanes" v="left|through|through|right"/>
  </way>
  <way id="301630667">
    <nd ref="1868665022"/>
    <nd ref="1868665277"/>
    <nd ref="1868665390"/>
    <nd ref="1900666362"/>
    <nd ref="1868665644"/>
    <nd ref="1868665801"/>
    <nd ref="301685221"/>
    <nd ref="1868665841"/>
    <nd ref="1868665849"/>
    <nd ref="1868665851"/>
    <nd ref="1868665854"/>
    <nd ref="1868665857"/>
    <nd ref="1868665859"/>
    <nd ref="1868665862"/>
    <nd ref="1868665865"/>
    <nd ref="1868665867"/>
    <nd ref="1868665869"/>
    <tag k="boat" v="yes"/>
    <tag k="waterway" v="river"/>
  </way>
  <way id="325793337">
    <nd ref="6739883071"/>
    <nd ref="3324016695"/>
    <nd ref="3324016694"/>
    <nd ref="7856578948"/>
    <nd ref="3324016689"/>
    <tag k="access" v="private"/>
    <tag k="highway" v="service"/>
    <tag k="name" v="Służebna"/>
  </way>
  <way id="331060610">
    <nd ref="12403380853"/>
    <nd ref="8975571500"/>
    <nd ref="3029019046"/>
    <nd ref="9778074298"/>
    <nd ref="8975596441"/>
    <tag k="highway" v="residential"/>
    <tag k="maxspeed" v="30"/>
    <tag k="name" v="Okopowa"/>
    <tag k="old_name:de" v="Wiebenwall"/>
    <tag k="oneway" v="yes"/>
    <tag k="oneway:bicycle" v="no"/>
    <tag k="source" v="https://gzdiz.gda.pl/drogi/zmiana-organizacji-ruchu-na-ul-okopowej-przy-urzedzie-marszalkowskim,a,3388"/>
    <tag k="source:maxspeed" v="PL:zone30"/>
    <tag k="surface" v="sett"/>
  </way>
  <way id="346992496">
    <nd ref="3534351606"/>
    <nd ref="2494133891"/>
    <nd ref="1806021070"/>
    <nd ref="3909604227"/>
    <nd ref="1806021275"/>
    <nd ref="3909604978"/>
    <nd ref="1806021278"/>
    <nd ref="3534188103"/>
    <nd ref="3534188104"/>
    <nd ref="3534188100"/>
    <nd ref="1806021281"/>
    <nd ref="3534188108"/>
    <nd ref="3909605047"/>
    <nd ref="1806021270"/>
    <tag k="name" v="Motława"/>
    <tag k="waterway" v="river"/>
  </way>
  <way id="346992498">
    <nd ref="3534351607"/>
    <nd ref="2494128665"/>
    <nd ref="2494128666"/>
    <nd ref="2494128667"/>
    <nd ref="2494128668"/>
    <nd ref="3534359436"/>
    <nd ref="2494128669"/>
    <nd ref="2494128670"/>
    <nd ref="3534359433"/>
    <nd ref="3534359431"/>
    <nd ref="4321107295"/>
    <nd ref="2494133887"/>
    <nd ref="2494133888"/>
    <nd ref="2494133890"/>
    <nd ref="3534359429"/>
    <nd ref="6604984414"/>
    <tag k="name" v="Motława"/>
    <tag k="waterway" v="river"/>
  </way>
  <way id="348714071">
    <nd ref="2619757990"/>
    <nd ref="3741518898"/>
    <tag k="cycleway:lanes" v="no|no|no|lane|no"/>
    <tag k="cycleway:right" v="lane"/>
    <tag k="dual_carriageway" v="yes"/>
    <tag k="highway" v="primary"/>
    <tag k="highway:category:pl" v="2"/>
    <tag k="lanes" v="4"/>
    <tag k="lit" v="yes"/>
    <tag k="maxspeed" v="50"/>
    <tag k="name" v="Podwale Przedmiejskie"/>
    <tag k="old_name:de" v="Reitergasse"/>
    <tag k="old_name:de_1" v="Vorstädtischer Graben"/>
    <tag k="oneway" v="yes"/>
    <tag k="ref" v="501"/>
    <tag k="sidewalk:left" v="no"/>
    <tag k="sidewalk:right" v="separate"/>
    <tag k="smoothness" v="excellent"/>
    <tag k="source:maxspeed" v="PL:urban"/>
    <tag k="surface" v="asphalt"/>
    <tag k="turn:lanes" v="left|through|through|none|right"/>
    <tag k="vehicle:lanes" v="yes|yes|yes|no|yes"/>
  </way>
  <way id="348714072">
    <nd ref="506565396"/>
    <nd ref="7778350277"/>
    <nd ref="9473567288"/>
    <nd ref="7777572493"/>
    <tag k="cycleway:lanes" v="no|no|no|lane|no"/>
    <tag k="cycleway:right" v="lane"/>
    <tag k="dual_carriageway" v="yes"/>
    <tag k="highway" v="primary"/>
    <tag k="highway:category:pl" v="2"/>
    <tag k="lanes" v="4"/>
    <tag k="lit" v="yes"/>
    <tag k="maxspeed" v="50"/>
    <tag k="name" v="Podwale Przedmiejskie"/>
    <tag k="old_name:de" v="Reitergasse"/>
    <tag k="old_name:de_1" v="Vorstädtischer Graben"/>
    <tag k="oneway" v="yes"/>
    <tag k="ref" v="501"/>
    <tag k="sidewalk:left" v="no"/>
    <tag k="sidewalk:right" v="separate"/>
    <tag k="smoothness" v="excellent"/>
    <tag k="source:maxspeed" v="PL:urban"/>
    <tag k="surface" v="asphalt"/>
    <tag k="turn:lanes" v="left|through|through|none|right"/>
    <tag k="vehicle:lanes" v="yes|yes|yes|no|yes"/>
  </way>
  <way id="364795909">
    <nd ref="3688380570"/>
    <nd ref="7819606532"/>
    <nd ref="3688380571"/>
    <nd ref="3688380572"/>
    <nd ref="9759362735"/>
    <nd ref="3688380573"/>
    <nd ref="3688380574"/>
    <nd ref="3688380575"/>
    <nd ref="1127380440"/>
    <tag k="highway" v="service"/>
  </way>
  <way id="364795910">
    <nd ref="3688380576"/>
    <nd ref="3688380577"/>
    <nd ref="3688380578"/>
    <tag k="access" v="permissive"/>
    <tag k="highway" v="service"/>
    <tag k="service" v="parking_aisle"/>
  </way>
  <way id="364795911">
    <nd ref="3688380578"/>
    <nd ref="3688380579"/>
    <tag k="access" v="permissive"/>
    <tag k="highway" v="service"/>
    <tag k="service" v="parking_aisle"/>
    <tag k="tunnel" v="building_passage"/>
  </way>
  <way id="364795912">
    <nd ref="3688380579"/>
    <nd ref="3669181211"/>
    <tag k="highway" v="service"/>
    <tag k="service" v="parking_aisle"/>
  </way>
  <way id="372379255">
    <nd ref="3759493328"/>
    <nd ref="762214163"/>
    <nd ref="762213870"/>
    <nd ref="3029024717"/>
    <nd ref="762214052"/>
    <nd ref="3029024719"/>
    <nd ref="762214326"/>
    <nd ref="762213839"/>
    <tag k="boat" v="yes"/>
    <tag k="name" v="Nowa Motława"/>
    <tag k="name:de" v="Neue Mottlau"/>
    <tag k="name:pl" v="Nowa Motława"/>
    <tag k="waterway" v="river"/>
  </way>
  <way id="382954939">
    <nd ref="3861571092"/>
    <nd ref="2321670214"/>
    <tag k="bicycle" v="yes"/>
    <tag k="highway" v="service"/>
    <tag k="horse" v="no"/>
    <tag k="old_name:de" v="Stockturm"/>
    <tag k="psv" v="yes"/>
    <tag k="surface" v="sett"/>
    <tag k="vehicle" v="no"/>
  </way>
  <way id="384151701">
    <nd ref="3874401757"/>
    <nd ref="1891374001"/>
    <tag k="highway" v="service"/>
    <tag k="service" v="parking_aisle"/>
  </way>
  <way id="384151702">
    <nd ref="1891373985"/>
    <nd ref="1902206014"/>
    <nd ref="6049900521"/>
    <nd ref="1891373982"/>
    <nd ref="1902206011"/>
    <nd ref="12370215066"/>
    <nd ref="5221200388"/>
    <tag k="highway" v="service"/>
    <tag k="service" v="parking_aisle"/>
  </way>
  <way id="429384434">
    <nd ref="301671320"/>
    <nd ref="2986447231"/>
    <nd ref="301671968"/>
    <nd ref="2986447230"/>
    <nd ref="301671969"/>
    <nd ref="1391294772"/>
    <nd ref="4946171029"/>
    <nd ref="2986447229"/>
    <nd ref="301671993"/>
    <nd ref="2986447227"/>
    <nd ref="11497981263"/>
    <tag k="highway" v="residential"/>
    <tag k="lit" v="yes"/>
    <tag k="maxspeed" v="30"/>
    <tag k="name" v="Szeroka"/>
    <tag k="old_name:de" v="Breite Gasse"/>
    <tag k="old_name:la" v="ampla platea"/>
    <tag k="parking:both" v="lane"/>
    <tag k="parking:both:orientation" v="parallel"/>
    <tag k="sidewalk:both" v="separate"/>
    <tag k="surface" v="asphalt"/>
  </way>
  <way id="429384441">
    <nd ref="1582534061"/>
    <nd ref="10245849590"/>
    <nd ref="4285080102"/>
    <tag k="agricultural" v="no"/>
    <tag k="hgv" v="no"/>
    <tag k="hgv:conditional" v="yes @ marked"/>
    <tag k="highway" v="residential"/>
    <tag k="lit" v="yes"/>
    <tag k="maxspeed" v="30"/>
    <tag k="name" v="Targ Węglowy"/>
    <tag k="note:hgv" v="Nie dotyczy samochodów ciężarowych o dopuszczalnej masie całkowitej nieprzekraczającej 12 ton w godzinach 21 - 10"/>
    <tag k="old_name:de" v="Kohlenmarkt"/>
    <tag k="smoothness" v="good"/>
    <tag k="source:hgv" v="PL:sign_B-5"/>
    <tag k="source:maxspeed" v="PL:zone30"/>
    <tag k="surface" v="asphalt"/>
  </way>
  <way id="429384443">
    <nd ref="1582534226"/>
    <nd ref="4285080099"/>
    <nd ref="7847478786"/>
    <nd ref="4336248343"/>
    <tag k="highway" v="tertiary"/>
    <tag k="junction" v="roundabout"/>
    <tag k="lanes" v="3"/>
    <tag k="lit" v="yes"/>
    <tag k="maxspeed" v="30"/>
    <tag k="name" v="Targ Drzewny"/>
    <tag k="old_name:de" v="Holzmarkt"/>
    <tag k="placement" v="right_of:1"/>
    <tag k="source:maxspeed" v="PL:zone30"/>
    <tag k="surface" v="asphalt"/>
    <tag k="turn:lanes" v="left|left;through|right"/>
  </way>
  <way id="429384446">
    <nd ref="4285080102"/>
    <nd ref="13596650645"/>
    <nd ref="4336248343"/>
    <tag k="agricultural" v="no"/>
    <tag k="hgv" v="no"/>
    <tag k="hgv:conditional" v="yes @ marked"/>
    <tag k="highway" v="residential"/>
    <tag k="lit" v="yes"/>
    <tag k="maxspeed" v="30"/>
    <tag k="name" v="Targ Węglowy"/>
    <tag k="note:hgv" v="Nie dotyczy samochodów ciężarowych o dopuszczalnej masie całkowitej nieprzekraczającej 12 ton w godzinach 21 - 10"/>
    <tag k="old_name:de" v="Kohlenmarkt"/>
    <tag k="oneway" v="no"/>
    <tag k="sidewalk" v="no"/>
    <tag k="smoothness" v="good"/>
    <tag k="source:hgv" v="PL:sign_B-5"/>
    <tag k="source:maxspeed" v="PL:zone30"/>
    <tag k="surface" v="asphalt"/>
  </way>
  <way id="436061638">
    <nd ref="1849057282"/>
    <nd ref="2983782768"/>
    <tag k="bicycle" v="yes"/>
    <tag k="highway" v="residential"/>
    <tag k="horse" v="no"/>
    <tag k="name" v="Ogarna"/>
    <tag k="note:access" v="Nie dotyczy posiadaczy identyfikatorów typu GM wydanych przez GZDiZ oraz pojazdów wymienionych w Zarządzeniu nr 34/14 Prezydenta Miasta Gdańska z dn. 10.01.2014 r. Informacje: PN-PT w godz. 7.00-15.00 tel. 58 52-44-627, 58 55-89-571"/>
    <tag k="old_name:de" v="Hundegasse"/>
    <tag k="old_name:la" v="platea canum"/>
    <tag k="source:access" v="https://gzd.gda.pl/zalatw-sprawe/strefa-ograniczonej-dostepnosci-na-glownym-miescie,a,3141"/>
    <tag k="surface" v="sett"/>
    <tag k="taxi" v="yes"/>
    <tag k="vehicle" v="permit"/>
  </way>
  <way id="436262997">
    <nd ref="2355742510"/>
    <nd ref="4341353151"/>
    <nd ref="1582533233"/>
    <tag k="bicycle" v="yes"/>
    <tag k="highway" v="service"/>
    <tag k="motor_vehicle" v="private"/>
    <tag k="surface" v="paved"/>
  </way>
  <way id="441112376">
    <nd ref="4388732058"/>
    <nd ref="4388732059"/>
    <tag k="highway" v="service"/>
    <tag k="motor_vehicle" v="private"/>
    <tag k="service" v="driveway"/>
  </way>
  <way id="441112378">
    <nd ref="4388732061"/>
    <nd ref="4388732062"/>
    <tag k="highway" v="service"/>
    <tag k="maxspeed" v="10"/>
    <tag k="motor_vehicle" v="private"/>
    <tag k="service" v="parking_aisle"/>
  </way>
  <way id="441439548">
    <nd ref="11565330136"/>
    <nd ref="7681005491"/>
    <nd ref="7681005490"/>
    <nd ref="2964003658"/>
    <nd ref="7681005499"/>
    <nd ref="5474830778"/>
    <nd ref="301679729"/>
    <tag k="dual_carriageway" v="yes"/>
    <tag k="foot" v="no"/>
    <tag k="highway" v="primary"/>
    <tag k="highway:category:pl" v="2"/>
    <tag k="lanes" v="3"/>
    <tag k="lit" v="yes"/>
    <tag k="maxheight" v="default"/>
    <tag k="maxspeed" v="50"/>
    <tag k="name" v="Węzeł Unii Europejskiej"/>
    <tag k="name:etymology:wikidata" v="Q458"/>
    <tag k="oneway" v="yes"/>
    <tag k="ref" v="501"/>
    <tag k="surface" v="asphalt"/>
  </way>
  <way id="458759414">
    <nd ref="301679655"/>
    <nd ref="11508868441"/>
    <tag k="cycleway:right" v="lane"/>
    <tag k="dual_carriageway" v="yes"/>
    <tag k="highway" v="secondary"/>
    <tag k="lanes" v="2"/>
    <tag k="lit" v="yes"/>
    <tag k="maxspeed" v="50"/>
    <tag k="name" v="Hucisko"/>
    <tag k="old_name:de" v="Silberhütte"/>
    <tag k="oneway" v="yes"/>
    <tag k="parking:condition:both" v="no_stopping"/>
    <tag k="source" v="UMP-PL, ./UMP-Gdansk/src/GDANSK.ulice.txt"/>
    <tag k="source:maxspeed" v="PL:urban"/>
    <tag k="surface" v="asphalt"/>
  </way>
  <way id="461533922">
    <nd ref="4570107778"/>
    <nd ref="1925302778"/>
    <tag k="bridge" v="yes"/>
    <tag k="electrified" v="contact_line"/>
    <tag k="frequency" v="0"/>
    <tag k="gauge" v="1435"/>
    <tag k="layer" v="1"/>
    <tag k="maxspeed" v="50"/>
    <tag k="oneway" v="yes"/>
    <tag k="railway" v="tram"/>
    <tag k="voltage" v="600"/>
  </way>
  <way id="461533923">
    <nd ref="622327427"/>
    <nd ref="622327426"/>
    <tag k="bridge" v="yes"/>
    <tag k="electrified" v="contact_line"/>
    <tag k="frequency" v="0"/>
    <tag k="gauge" v="1435"/>
    <tag k="layer" v="1"/>
    <tag k="maxspeed" v="50"/>
    <tag k="oneway" v="yes"/>
    <tag k="railway" v="tram"/>
    <tag k="voltage" v="600"/>
  </way>
  <way id="461533924">
    <nd ref="622327426"/>
    <nd ref="2964089357"/>
    <nd ref="4570107777"/>
    <nd ref="622327425"/>
    <nd ref="622327423"/>
    <nd ref="2964089401"/>
    <nd ref="622327422"/>
    <nd ref="622327421"/>
    <nd ref="2468521784"/>
    <nd ref="2468521783"/>
    <nd ref="622327419"/>
    <nd ref="2964089538"/>
    <nd ref="622327418"/>
    <nd ref="622327417"/>
    <nd ref="8000545514"/>
    <nd ref="2964003649"/>
    <nd ref="622327415"/>
    <nd ref="8000545510"/>
    <nd ref="1925302803"/>
    <tag k="electrified" v="contact_line"/>
    <tag k="frequency" v="0"/>
    <tag k="gauge" v="1435"/>
    <tag k="maxspeed" v="50"/>
    <tag k="oneway" v="yes"/>
    <tag k="railway" v="tram"/>
    <tag k="voltage" v="600"/>
  </way>
  <way id="461533925">
    <nd ref="1925302778"/>
    <nd ref="13708723534"/>
    <nd ref="8394736116"/>
    <nd ref="13708723536"/>
    <nd ref="6042571329"/>
    <tag k="electrified" v="contact_line"/>
    <tag k="frequency" v="0"/>
    <tag k="gauge" v="1435"/>
    <tag k="maxspeed" v="50"/>
    <tag k="oneway" v="yes"/>
    <tag k="railway" v="tram"/>
    <tag k="voltage" v="600"/>
  </way>
  <way id="461533947">
    <nd ref="2867427360"/>
    <nd ref="2867427367"/>
    <tag k="bridge" v="yes"/>
    <tag k="electrified" v="contact_line"/>
    <tag k="frequency" v="0"/>
    <tag k="gauge" v="1435"/>
    <tag k="layer" v="1"/>
    <tag k="maxspeed" v="15"/>
    <tag k="oneway" v="yes"/>
    <tag k="railway" v="tram"/>
    <tag k="voltage" v="600"/>
  </way>
  <way id="461533948">
    <nd ref="1925302757"/>
    <nd ref="8000545516"/>
    <nd ref="1925302755"/>
    <nd ref="8000545515"/>
    <nd ref="13708723538"/>
    <nd ref="7778350276"/>
    <nd ref="1925302752"/>
    <nd ref="8000545520"/>
    <nd ref="8394786696"/>
    <nd ref="7778383300"/>
    <nd ref="2619757985"/>
    <nd ref="8000545522"/>
    <nd ref="1925302753"/>
    <nd ref="3673965826"/>
    <nd ref="1925302732"/>
    <nd ref="1925302761"/>
    <nd ref="1925302764"/>
    <nd ref="1925302766"/>
    <nd ref="3673965829"/>
    <nd ref="1925302768"/>
    <nd ref="3673965832"/>
    <nd ref="1925302770"/>
    <nd ref="1925302780"/>
    <nd ref="1925302784"/>
    <nd ref="1925302787"/>
    <nd ref="1925302788"/>
    <nd ref="3673965839"/>
    <nd ref="1925302735"/>
    <tag k="electrified" v="contact_line"/>
    <tag k="frequency" v="0"/>
    <tag k="gauge" v="1435"/>
    <tag k="maxspeed" v="50"/>
    <tag k="oneway" v="yes"/>
    <tag k="operator" v="ZTM Gdańsk"/>
    <tag k="railway" v="tram"/>
    <tag k="voltage" v="600"/>
  </way>
  <way id="501800913">
    <nd ref="4924997957"/>
    <nd ref="2617194457"/>
    <nd ref="1868665316"/>
    <nd ref="1868665321"/>
    <nd ref="4347826918"/>
    <nd ref="1868665341"/>
    <nd ref="1733459031"/>
    <nd ref="1868665381"/>
    <nd ref="764323497"/>
    <nd ref="7838222406"/>
    <nd ref="9983490056"/>
    <nd ref="1868665444"/>
    <nd ref="7838222407"/>
    <nd ref="1868665470"/>
    <nd ref="1868665485"/>
    <nd ref="1868665490"/>
    <tag k="bus" v="no"/>
    <tag k="highway" v="residential"/>
    <tag k="lit" v="yes"/>
    <tag k="maxspeed" v="30"/>
    <tag k="name" v="Ołowianka"/>
    <tag k="note:bus" v="Znak B-3a - Nie dotyczy autobusów przywożących widzów na koncerty organizowane przez Polską Filharmonię Bałtycką w Gdańsku"/>
    <tag k="old_name:de" v="Teerhof"/>
    <tag k="oneway" v="yes"/>
    <tag k="source:maxspeed" v="PL:zone30"/>
    <tag k="tourist_bus" v="destination"/>
  </way>
  <way id="505210962">
    <nd ref="2617194381"/>
    <nd ref="9711900732"/>
    <nd ref="9170196323"/>
    <nd ref="1570146049"/>
    <nd ref="1570146052"/>
    <nd ref="1570146089"/>
    <tag k="highway" v="service"/>
    <tag k="motor_vehicle" v="private"/>
    <tag k="service" v="parking_aisle"/>
  </way>
  <way id="506445765">
    <nd ref="1876250863"/>
    <nd ref="9907272740"/>
    <nd ref="10822668516"/>
    <nd ref="10822668502"/>
    <nd ref="1876250860"/>
    <tag k="highway" v="residential"/>
    <tag k="maxspeed" v="30"/>
    <tag k="name" v="Kotwiczników"/>
    <tag k="old_name:de" v="Buttermarkt"/>
    <tag k="source:maxspeed" v="PL:zone30"/>
  </way>
  <way id="507792410">
    <nd ref="762213839"/>
    <nd ref="762214220"/>
    <nd ref="762214125"/>
    <nd ref="764323633"/>
    <tag k="boat" v="yes"/>
    <tag k="layer" v="-1"/>
    <tag k="name" v="Nowa Motława"/>
    <tag k="waterway" v="canal"/>
  </way>
  <way id="507792411">
    <nd ref="764323633"/>
    <nd ref="762214016"/>
    <nd ref="8375501998"/>
    <tag k="boat" v="yes"/>
    <tag k="name" v="Stara Motława"/>
    <tag k="name:be" v="Старая Матлава"/>
    <tag k="name:de" v="Alte Mottlau"/>
    <tag k="name:pl" v="Stara Motława"/>
    <tag k="waterway" v="river"/>
  </way>
  <way id="507792412">
    <nd ref="762213839"/>
    <nd ref="4972311286"/>
    <nd ref="4972311285"/>
    <nd ref="4972311284"/>
    <nd ref="4972311283"/>
    <nd ref="4972311282"/>
    <nd ref="4972311281"/>
    <nd ref="5139637827"/>
    <nd ref="4972311280"/>
    <tag k="boat" v="yes"/>
    <tag k="name" v="Nowa Motława"/>
    <tag k="name:be" v="Новая Матлава"/>
    <tag k="name:de" v="Neue Mottlau"/>
    <tag k="name:pl" v="Nowa Motława"/>
    <tag k="waterway" v="river"/>
  </way>
  <way id="524560227">
    <nd ref="2494128615"/>
    <nd ref="2494128616"/>
    <nd ref="2494128617"/>
    <nd ref="2494128618"/>
    <nd ref="11013841710"/>
    <nd ref="2494128619"/>
    <nd ref="2494128620"/>
    <nd ref="2494128621"/>
    <nd ref="2494128622"/>
    <nd ref="2494128623"/>
    <nd ref="2494128624"/>
    <nd ref="2494128625"/>
    <nd ref="2494128626"/>
    <nd ref="2494128627"/>
    <nd ref="2494128628"/>
    <nd ref="2494128629"/>
    <nd ref="2494128630"/>
    <nd ref="2494128631"/>
    <nd ref="2494128632"/>
    <nd ref="2494128633"/>
    <nd ref="2494128634"/>
    <nd ref="2494128635"/>
    <nd ref="2494128636"/>
    <nd ref="2494128637"/>
    <nd ref="2494128638"/>
    <nd ref="2494128639"/>
    <nd ref="2494128640"/>
    <nd ref="2494128641"/>
    <nd ref="2494128642"/>
    <nd ref="2494128643"/>
    <nd ref="2494128644"/>
    <nd ref="2494128645"/>
    <nd ref="2494128646"/>
    <nd ref="2494128647"/>
    <nd ref="2494128648"/>
    <nd ref="2494128649"/>
    <nd ref="2494128650"/>
    <nd ref="2494128651"/>
    <nd ref="2494128652"/>
    <nd ref="2494128653"/>
    <nd ref="2494128654"/>
    <nd ref="2494128655"/>
    <nd ref="2494128656"/>
    <nd ref="2494128657"/>
    <nd ref="2494128658"/>
    <nd ref="2494128659"/>
    <nd ref="2494128660"/>
    <nd ref="11013841552"/>
    <nd ref="2494128661"/>
    <nd ref="2494128662"/>
    <nd ref="3534361970"/>
    <nd ref="3534361974"/>
    <nd ref="3534361973"/>
    <nd ref="2494128663"/>
    <nd ref="6601946712"/>
    <nd ref="13011365755"/>
    <nd ref="13011365756"/>
    <nd ref="4321107294"/>
    <nd ref="2494128664"/>
    <nd ref="3534351607"/>
    <tag k="name" v="Motława"/>
    <tag k="waterway" v="river"/>
  </way>
  <way id="528996438">
    <nd ref="5139637847"/>
    <nd ref="12369910107"/>
    <nd ref="5139637846"/>
    <nd ref="5139637845"/>
    <tag k="highway" v="service"/>
    <tag k="service" v="driveway"/>
  </way>
  <way id="559238281">
    <nd ref="5394254193"/>
    <nd ref="5394254192"/>
    <tag k="access" v="private"/>
    <tag k="highway" v="service"/>
    <tag k="service" v="driveway"/>
    <tag k="tunnel" v="building_passage"/>
  </way>
  <way id="559238282">
    <nd ref="746495953"/>
    <nd ref="5394254193"/>
    <tag k="access" v="private"/>
    <tag k="highway" v="service"/>
    <tag k="service" v="driveway"/>
  </way>
  <way id="571635789">
    <nd ref="2440142193"/>
    <nd ref="5493377584"/>
    <nd ref="4169554490"/>
    <tag k="dual_carriageway" v="yes"/>
    <tag k="highway" v="primary"/>
    <tag k="highway:category:pl" v="2"/>
    <tag k="lanes" v="2"/>
    <tag k="lit" v="yes"/>
    <tag k="name" v="Węzeł Unii Europejskiej"/>
    <tag k="name:etymology:wikidata" v="Q458"/>
    <tag k="oneway" v="yes"/>
    <tag k="ref" v="501"/>
    <tag k="sidewalk:left" v="no"/>
    <tag k="sidewalk:right" v="separate"/>
    <tag k="surface" v="asphalt"/>
    <tag k="turn:lanes" v="through|through"/>
  </way>
  <way id="571635792">
    <nd ref="2440142193"/>
    <nd ref="1840848498"/>
    <nd ref="7681005495"/>
    <tag k="foot" v="no"/>
    <tag k="highway" v="primary_link"/>
    <tag k="lanes" v="2"/>
    <tag k="lit" v="yes"/>
    <tag k="maxheight" v="default"/>
    <tag k="name" v="Węzeł Unii Europejskiej"/>
    <tag k="name:etymology:wikidata" v="Q458"/>
    <tag k="oneway" v="yes"/>
    <tag k="source" v="UMP-PL, ./UMP-Gdansk/src/GDANSK.ulice.txt"/>
    <tag k="surface" v="asphalt"/>
    <tag k="turn:lanes" v="left|left"/>
  </way>
  <way id="571635796">
    <nd ref="7681005495"/>
    <nd ref="7681005493"/>
    <nd ref="7681005497"/>
    <nd ref="7681005492"/>
    <nd ref="301672186"/>
    <tag k="foot" v="no"/>
    <tag k="highway" v="primary_link"/>
    <tag k="lanes" v="2"/>
    <tag k="lit" v="yes"/>
    <tag k="name" v="Węzeł Unii Europejskiej"/>
    <tag k="name:etymology:wikidata" v="Q458"/>
    <tag k="oneway" v="yes"/>
    <tag k="source" v="UMP-PL, ./UMP-Gdansk/src/GDANSK.ulice.txt"/>
    <tag k="surface" v="asphalt"/>
  </way>
  <way id="573044660">
    <nd ref="5504836541"/>
    <nd ref="9466681454"/>
    <nd ref="5504836542"/>
    <tag k="highway" v="service"/>
    <tag k="surface" v="sett"/>
  </way>
  <way id="573044661">
    <nd ref="5504836542"/>
    <nd ref="5504836543"/>
    <tag k="covered" v="yes"/>
    <tag k="highway" v="service"/>
    <tag k="surface" v="sett"/>
    <tag k="tunnel" v="building_passage"/>
  </way>
  <way id="582263508">
    <nd ref="301679137"/>
    <nd ref="9907273008"/>
    <nd ref="301672207"/>
    <tag k="highway" v="living_street"/>
    <tag k="lanes" v="2"/>
    <tag k="lit" v="yes"/>
    <tag k="maxspeed" v="20"/>
    <tag k="name" v="Chmielna"/>
    <tag k="old_name:de" v="Hopfengasse"/>
    <tag k="source" v="UMP-PL, ./UMP-Gdansk/src/GDANSK.ulice.txt"/>
    <tag k="source:maxspeed" v="PL:living_street"/>
    <tag k="surface" v="sett"/>
  </way>
  <way id="582452678">
    <nd ref="1947567873"/>
    <nd ref="2617308505"/>
    <nd ref="301671320"/>
    <tag k="highway" v="residential"/>
    <tag k="lit" v="yes"/>
    <tag k="maxspeed" v="30"/>
    <tag k="name" v="Szeroka"/>
    <tag k="old_name:de" v="Breite Gasse"/>
    <tag k="old_name:la" v="ampla platea"/>
    <tag k="surface" v="asphalt"/>
  </way>
  <way id="592850347">
    <nd ref="12403380829"/>
    <nd ref="5657180114"/>
    <nd ref="5657180115"/>
    <nd ref="11571435635"/>
    <nd ref="9964235362"/>
    <nd ref="9825087294"/>
    <nd ref="9825087296"/>
    <nd ref="9825087295"/>
    <nd ref="5657180116"/>
    <tag k="bicycle" v="yes"/>
    <tag k="foot" v="yes"/>
    <tag k="highway" v="service"/>
    <tag k="service" v="driveway"/>
  </way>
  <way id="595629013">
    <nd ref="1947567880"/>
    <nd ref="1582534598"/>
    <tag k="bicycle" v="use_sidepath"/>
    <tag k="bus:lanes" v="yes|yes|designated"/>
    <tag k="dual_carriageway" v="yes"/>
    <tag k="highway" v="primary"/>
    <tag k="highway:category:pl" v="1"/>
    <tag k="int_ref" v="E 75"/>
    <tag k="lanes" v="3"/>
    <tag k="lanes:bus" v="1"/>
    <tag k="lanes:mofa" v="1"/>
    <tag k="lanes:moped" v="1"/>
    <tag k="lanes:motorcycle" v="1"/>
    <tag k="lanes:taxi" v="1"/>
    <tag k="lit" v="yes"/>
    <tag k="maxaxleload" v="11.5"/>
    <tag k="maxspeed" v="50"/>
    <tag k="mofa:lanes" v="yes|yes|designated"/>
    <tag k="moped:lanes" v="yes|yes|designated"/>
    <tag k="motorcycle:lanes" v="yes|yes|designated"/>
    <tag k="name" v="Wały Jagiellońskie"/>
    <tag k="note:lanes" v="||Znak D-11: prawy pas tylko dla: BUS, TAXI, służby miejskie, motocykle i motorowery."/>
    <tag k="old_name:de" v="Elisabethwall"/>
    <tag k="oneway" v="yes"/>
    <tag k="parking:condition:both" v="no_stopping"/>
    <tag k="ref" v="91"/>
    <tag k="source" v="survey"/>
    <tag k="source:maxaxleload" v="Dz.U. 2011 nr 222 poz. 1321 Art. 2 pkt. 11"/>
    <tag k="source:maxspeed" v="PL:urban"/>
    <tag k="source:ref" v="Zarządzenie nr 46 Generalnego Dyrektora Dróg Krajowych i Autostrad z dnia 17 grudnia 2012 r."/>
    <tag k="source:ref:url" v="https://www.archiwum.gddkia.gov.pl/userfiles/articles/z/zarzadzenia-generalnego-dyrektor_10385/zarzadzenie%2046.pdf"/>
    <tag k="surface" v="asphalt"/>
    <tag k="taxi:lanes" v="yes|yes|designated"/>
    <tag k="vehicle:lanes" v="yes|yes|no"/>
  </way>
  <way id="617181941">
    <nd ref="1118941800"/>
    <nd ref="301679410"/>
    <tag k="cycleway:right" v="lane"/>
    <tag k="dual_carriageway" v="yes"/>
    <tag k="highway" v="secondary"/>
    <tag k="lanes" v="3"/>
    <tag k="lit" v="yes"/>
    <tag k="maxspeed" v="50"/>
    <tag k="name" v="Hucisko"/>
    <tag k="old_name:de" v="Silberhütte"/>
    <tag k="oneway" v="yes"/>
    <tag k="parking:condition:both" v="no_stopping"/>
    <tag k="source" v="UMP-PL, ./UMP-Gdansk/src/GDANSK.ulice.txt"/>
    <tag k="source:maxspeed" v="PL:urban"/>
    <tag k="surface" v="asphalt"/>
    <tag k="turn:lanes" v="left|left;through|through;right"/>
  </way>
  <way id="623938935">
    <nd ref="1849057308"/>
    <nd ref="2617308573"/>
    <nd ref="9741199442"/>
    <nd ref="10208448810"/>
    <nd ref="1849057304"/>
    <tag k="agricultural" v="no"/>
    <tag k="hgv" v="no"/>
    <tag k="hgv:conditional" v="yes @ 21:00-10:00 AND weight&lt;12"/>
    <tag k="highway" v="residential"/>
    <tag k="lit" v="yes"/>
    <tag k="maxspeed" v="30"/>
    <tag k="name" v="Lawendowa"/>
    <tag k="note:hgv" v="Nie dotyczy samochodów ciężarowych o dopuszczalnej masie całkowitej nieprzekraczającej 12t w godzinach 21:00 - 10:00"/>
    <tag k="old_name:de" v="Lavendelgasse"/>
    <tag k="oneway" v="yes"/>
    <tag k="oneway:bicycle" v="no"/>
    <tag k="source:hgv" v="PL:sign_B-5"/>
    <tag k="source:maxspeed" v="PL:zone30"/>
    <tag k="surface" v="asphalt"/>
  </way>
  <way id="626950291">
    <nd ref="5390798901"/>
    <nd ref="5390798900"/>
    <nd ref="5918625369"/>
    <tag k="highway" v="service"/>
    <tag k="service" v="driveway"/>
  </way>
  <way id="641676913">
    <nd ref="2964089216"/>
    <nd ref="6042571330"/>
    <nd ref="764323446"/>
    <nd ref="2964089207"/>
    <nd ref="764323431"/>
    <nd ref="6042571322"/>
    <tag k="cycleway:right" v="lane"/>
    <tag k="dual_carriageway" v="yes"/>
    <tag k="highway" v="primary"/>
    <tag k="highway:category:pl" v="2"/>
    <tag k="lanes" v="2"/>
    <tag k="lit" v="yes"/>
    <tag k="maxspeed" v="50"/>
    <tag k="name" v="Podwale Przedmiejskie"/>
    <tag k="old_name:de" v="Brandgasse"/>
    <tag k="old_name:de_1" v="Vorstädtischer Graben"/>
    <tag k="oneway" v="yes"/>
    <tag k="ref" v="501"/>
    <tag k="sidewalk" v="separate"/>
    <tag k="smoothness" v="excellent"/>
    <tag k="source:maxspeed" v="PL:urban"/>
    <tag k="surface" v="asphalt"/>
  </way>
  <way id="641676916">
    <nd ref="6042571321"/>
    <nd ref="3741591211"/>
    <nd ref="764323459"/>
    <tag k="construction" v="minor"/>
    <tag k="cycleway:right" v="lane"/>
    <tag k="disused:bus:lanes" v="yes|yes|designated"/>
    <tag k="disused:lanes" v="3"/>
    <tag k="disused:lanes:bus" v="1"/>
    <tag k="disused:lanes:mofa" v="1"/>
    <tag k="disused:lanes:moped" v="1"/>
    <tag k="disused:lanes:motorcycle" v="1"/>
    <tag k="disused:lanes:taxi" v="1"/>
    <tag k="disused:mofa:lanes" v="yes|yes|designated"/>
    <tag k="disused:moped:lanes" v="yes|yes|designated"/>
    <tag k="disused:motorcycle:lanes" v="yes|yes|designated"/>
    <tag k="disused:note:lanes" v="||Znak D-11: prawy pas tylko dla: BUS, TAXI, służby miejskie, motocykle i motorowery."/>
    <tag k="disused:placement" v="left_of:2"/>
    <tag k="disused:taxi:lanes" v="yes|yes|designated"/>
    <tag k="disused:vehicle:lanes" v="yes|yes|no"/>
    <tag k="dual_carriageway" v="yes"/>
    <tag k="highway" v="primary"/>
    <tag k="highway:category:pl" v="2"/>
    <tag k="lanes" v="2"/>
    <tag k="lit" v="yes"/>
    <tag k="maxspeed" v="50"/>
    <tag k="maxweightrating:hgv" v="27"/>
    <tag k="maxweightrating:hgv:conditional" v="none @ marked"/>
    <tag k="name" v="Podwale Przedmiejskie"/>
    <tag k="note:lanes" v="Buspas zamknięty ze względu na zły stan mostu."/>
    <tag k="note:maxweightrating:hgv" v="Nie dotyczy posiadaczy identyfikatorów Gdańskiego Zarządu Dróg i Zieleni 58 52 44 500"/>
    <tag k="old_name:de" v="Brandgasse"/>
    <tag k="old_name:de_1" v="Vorstädtischer Graben"/>
    <tag k="oneway" v="yes"/>
    <tag k="ref" v="501"/>
    <tag k="source:maxspeed" v="PL:urban"/>
    <tag k="source:maxweightrating:hgv" v="PL:sign_B-5"/>
    <tag k="surface" v="asphalt"/>
  </way>
  <way id="641676918">
    <nd ref="6042571322"/>
    <nd ref="2964089200"/>
    <nd ref="114087098"/>
    <tag k="cycleway:right" v="lane"/>
    <tag k="dual_carriageway" v="yes"/>
    <tag k="highway" v="primary"/>
    <tag k="highway:category:pl" v="2"/>
    <tag k="lanes" v="2"/>
    <tag k="lit" v="yes"/>
    <tag k="maxspeed" v="50"/>
    <tag k="name" v="Podwale Przedmiejskie"/>
    <tag k="old_name:de" v="Brandgasse"/>
    <tag k="old_name:de_1" v="Vorstädtischer Graben"/>
    <tag k="oneway" v="yes"/>
    <tag k="ref" v="501"/>
    <tag k="sidewalk:left" v="no"/>
    <tag k="sidewalk:right" v="separate"/>
    <tag k="smoothness" v="excellent"/>
    <tag k="source:maxspeed" v="PL:urban"/>
    <tag k="surface" v="asphalt"/>
  </way>
  <way id="641676922">
    <nd ref="2964089216"/>
    <nd ref="8394736116"/>
    <nd ref="8394775717"/>
    <nd ref="6042571321"/>
    <tag k="cycleway:both" v="no"/>
    <tag k="highway" v="residential"/>
    <tag k="lane_markings" v="no"/>
    <tag k="lanes:backward" v="1"/>
    <tag k="lanes:forward" v="2"/>
    <tag k="lit" v="yes"/>
    <tag k="maxspeed" v="50"/>
    <tag k="name" v="Chmielna"/>
    <tag k="old_name:de" v="Hopfengasse"/>
    <tag k="source:maxspeed" v="PL:urban"/>
    <tag k="surface" v="asphalt"/>
  </way>
  <way id="642710192">
    <nd ref="1891373985"/>
    <nd ref="3874401759"/>
    <nd ref="1891374022"/>
    <nd ref="1891374021"/>
    <nd ref="1891373994"/>
    <nd ref="1891373992"/>
    <nd ref="1891373988"/>
    <tag k="highway" v="service"/>
    <tag k="service" v="parking_aisle"/>
  </way>
  <way id="646396180">
    <nd ref="6073567483"/>
    <nd ref="6073567484"/>
    <tag k="highway" v="service"/>
    <tag k="maxspeed" v="10"/>
    <tag k="maxwidth" v="2.55"/>
    <tag k="oneway" v="no"/>
    <tag k="priority" v="forward"/>
    <tag k="service" v="driveway"/>
    <tag k="source:maxwidth" v="PL:sign_B-15"/>
    <tag k="tunnel" v="building_passage"/>
  </way>
  <way id="646396182">
    <nd ref="6073567484"/>
    <nd ref="3029019047"/>
    <nd ref="3029019044"/>
    <nd ref="3029019040"/>
    <tag k="highway" v="service"/>
    <tag k="service" v="driveway"/>
  </way>
  <way id="661386818">
    <nd ref="9964235399"/>
    <nd ref="10838407326"/>
    <nd ref="10822668336"/>
    <nd ref="301671778"/>
    <tag k="highway" v="tertiary"/>
    <tag k="lanes" v="2"/>
    <tag k="lit" v="yes"/>
    <tag k="maxspeed" v="50"/>
    <tag k="name" v="Toruńska"/>
    <tag k="old_name:de" v="Thornscher Weg"/>
    <tag k="oneway" v="no"/>
    <tag k="source:maxspeed" v="PL:urban"/>
    <tag k="surface" v="asphalt"/>
  </way>
  <way id="666991777">
    <nd ref="1849057297"/>
    <nd ref="4888424456"/>
    <nd ref="2617308453"/>
    <nd ref="1574722775"/>
    <nd ref="1582534009"/>
    <nd ref="6093636117"/>
    <nd ref="301671969"/>
    <tag k="bicycle" v="yes"/>
    <tag k="highway" v="residential"/>
    <tag k="horse" v="no"/>
    <tag k="lit" v="yes"/>
    <tag k="maxspeed" v="30"/>
    <tag k="name" v="Złotników"/>
    <tag k="note:access" v="Nie dotyczy posiadaczy identyfikatorów typu GM wydanych przez GZDiZ oraz pojazdów wymienionych w Zarządzeniu nr 34/14 Prezydenta Miasta Gdańska z dn. 10.01.2014 r. Informacje: PN-PT w godz. 7.00-15.00 tel. 58 52-44-627, 58 55-89-571"/>
    <tag k="old_name:de" v="Goldschmiedegasse"/>
    <tag k="oneway" v="yes"/>
    <tag k="oneway:bicycle" v="no"/>
    <tag k="source:access" v="https://gzd.gda.pl/zalatw-sprawe/strefa-ograniczonej-dostepnosci-na-glownym-miescie,a,3141"/>
    <tag k="source:maxspeed" v="PL:zone30"/>
    <tag k="surface" v="sett"/>
    <tag k="taxi" v="yes"/>
    <tag k="vehicle" v="permit"/>
  </way>
  <way id="679676093">
    <nd ref="471848520"/>
    <nd ref="9990599236"/>
    <nd ref="10740239892"/>
    <nd ref="10838405837"/>
    <nd ref="1876259335"/>
    <tag k="highway" v="residential"/>
    <tag k="lit" v="yes"/>
    <tag k="maxspeed" v="30"/>
    <tag k="name" v="Rzeźnicka"/>
    <tag k="old_name:de" v="Fleischergasse"/>
    <tag k="oneway" v="no"/>
    <tag k="sidewalk" v="both"/>
    <tag k="source:maxspeed" v="PL:zone30"/>
    <tag k="surface" v="asphalt"/>
  </way>
  <way id="679676094">
    <nd ref="301679527"/>
    <nd ref="2632154417"/>
    <nd ref="3039299093"/>
    <nd ref="595795110"/>
    <tag k="highway" v="residential"/>
    <tag k="lit" v="yes"/>
    <tag k="maxspeed" v="30"/>
    <tag k="name" v="Żabi Kruk"/>
    <tag k="old_name:de" v="Poggenpfuhl"/>
    <tag k="oneway" v="yes"/>
    <tag k="oneway:bicycle" v="no"/>
    <tag k="smoothness" v="intermediate"/>
    <tag k="source:maxspeed" v="PL:zone30"/>
    <tag k="surface" v="unhewn_cobblestone"/>
  </way>
  <way id="681128087">
    <nd ref="1840854022"/>
    <nd ref="12403380870"/>
    <nd ref="13436425597"/>
    <tag k="bus:lanes" v="yes|yes|designated"/>
    <tag k="dual_carriageway" v="yes"/>
    <tag k="foot" v="no"/>
    <tag k="highway" v="primary"/>
    <tag k="highway:category:pl" v="1"/>
    <tag k="int_ref" v="E 75"/>
    <tag k="lanes" v="3"/>
    <tag k="lit" v="yes"/>
    <tag k="maxaxleload" v="11.5"/>
    <tag k="maxspeed" v="50"/>
    <tag k="name" v="Okopowa"/>
    <tag k="oneway" v="yes"/>
    <tag k="placement" v="left_of:2"/>
    <tag k="ref" v="91"/>
    <tag k="source:maxaxleload" v="Dz.U. 2011 nr 222 poz. 1321 Art. 2 pkt. 11"/>
    <tag k="source:ref" v="Zarządzenie nr 46 Generalnego Dyrektora Dróg Krajowych i Autostrad z dnia 17 grudnia 2012 r."/>
    <tag k="source:ref:url" v="https://www.archiwum.gddkia.gov.pl/userfiles/articles/z/zarzadzenia-generalnego-dyrektor_10385/zarzadzenie%2046.pdf"/>
    <tag k="surface" v="asphalt"/>
    <tag k="vehicle:lanes" v="yes|yes|no"/>
  </way>
  <way id="681128092">
    <nd ref="1840848479"/>
    <nd ref="1675057212"/>
    <nd ref="12307737718"/>
    <nd ref="301679707"/>
    <tag k="dual_carriageway" v="yes"/>
    <tag k="foot" v="no"/>
    <tag k="highway" v="primary"/>
    <tag k="highway:category:pl" v="1"/>
    <tag k="int_ref" v="E 75"/>
    <tag k="lanes" v="2"/>
    <tag k="lit" v="yes"/>
    <tag k="maxaxleload" v="11.5"/>
    <tag k="maxspeed" v="50"/>
    <tag k="name" v="Okopowa"/>
    <tag k="old_name:de" v="Karrenwall"/>
    <tag k="oneway" v="yes"/>
    <tag k="ref" v="91"/>
    <tag k="source:maxaxleload" v="Dz.U. 2011 nr 222 poz. 1321 Art. 2 pkt. 11"/>
    <tag k="source:ref" v="Zarządzenie nr 46 Generalnego Dyrektora Dróg Krajowych i Autostrad z dnia 17 grudnia 2012 r."/>
    <tag k="source:ref:url" v="https://www.archiwum.gddkia.gov.pl/userfiles/articles/z/zarzadzenia-generalnego-dyrektor_10385/zarzadzenie%2046.pdf"/>
    <tag k="surface" v="asphalt"/>
  </way>
  <way id="700866173">
    <nd ref="7765344307"/>
    <nd ref="9990599300"/>
    <nd ref="4142926499"/>
    <nd ref="1675057902"/>
    <nd ref="1840848462"/>
    <nd ref="2968482467"/>
    <nd ref="1675319797"/>
    <tag k="dual_carriageway" v="yes"/>
    <tag k="foot" v="no"/>
    <tag k="highway" v="primary"/>
    <tag k="highway:category:pl" v="1"/>
    <tag k="int_ref" v="E 75"/>
    <tag k="lanes" v="2"/>
    <tag k="lit" v="yes"/>
    <tag k="maxaxleload" v="11.5"/>
    <tag k="maxspeed" v="50"/>
    <tag k="name" v="Okopowa"/>
    <tag k="oneway" v="yes"/>
    <tag k="ref" v="91"/>
    <tag k="source:maxaxleload" v="Dz.U. 2011 nr 222 poz. 1321 Art. 2 pkt. 11"/>
    <tag k="source:ref" v="Zarządzenie nr 46 Generalnego Dyrektora Dróg Krajowych i Autostrad z dnia 17 grudnia 2012 r."/>
    <tag k="source:ref:url" v="https://www.archiwum.gddkia.gov.pl/userfiles/articles/z/zarzadzenia-generalnego-dyrektor_10385/zarzadzenie%2046.pdf"/>
    <tag k="surface" v="asphalt"/>
  </way>
  <way id="703341999">
    <nd ref="6604984413"/>
    <nd ref="3534351606"/>
    <tag k="name" v="Motława"/>
    <tag k="waterway" v="river"/>
  </way>
  <way id="703342000">
    <nd ref="6604984414"/>
    <nd ref="6604984413"/>
    <tag k="layer" v="-1"/>
    <tag k="name" v="Motława"/>
    <tag k="tunnel" v="culvert"/>
    <tag k="waterway" v="river"/>
  </way>
  <way id="703898048">
    <nd ref="1806021270"/>
    <nd ref="1806021198"/>
    <tag k="layer" v="-1"/>
    <tag k="name" v="Motława"/>
    <tag k="tunnel" v="culvert"/>
    <tag k="waterway" v="river"/>
  </way>
  <way id="703898049">
    <nd ref="1806021198"/>
    <nd ref="1806021099"/>
    <nd ref="3909605028"/>
    <nd ref="1806021450"/>
    <nd ref="11704839406"/>
    <nd ref="1806021329"/>
    <tag k="name" v="Motława"/>
    <tag k="waterway" v="river"/>
  </way>
  <way id="706171673">
    <nd ref="6635336007"/>
    <nd ref="9983430963"/>
    <nd ref="9068849762"/>
    <nd ref="6635336010"/>
    <nd ref="8440130422"/>
    <nd ref="11147350626"/>
    <nd ref="8440123296"/>
    <nd ref="8440123295"/>
    <nd ref="8940045404"/>
    <nd ref="6635336008"/>
    <tag k="foot" v="yes"/>
    <tag k="highway" v="service"/>
  </way>
  <way id="706171674">
    <nd ref="9068849762"/>
    <nd ref="9983430933"/>
    <nd ref="6635336011"/>
    <tag k="highway" v="service"/>
    <tag k="service" v="parking_aisle"/>
  </way>
  <way id="730007450">
    <nd ref="6838666060"/>
    <nd ref="6838681854"/>
    <tag k="highway" v="service"/>
    <tag k="service" v="driveway"/>
    <tag k="surface" v="sett"/>
    <tag k="vehicle" v="private"/>
  </way>
  <way id="730007457">
    <nd ref="301671785"/>
    <nd ref="9907272979"/>
    <nd ref="6838681855"/>
    <nd ref="6838666060"/>
    <nd ref="6838666058"/>
    <nd ref="6838666059"/>
    <tag k="foot" v="customers"/>
    <tag k="highway" v="service"/>
    <tag k="service" v="driveway"/>
    <tag k="surface" v="sett"/>
    <tag k="vehicle" v="private"/>
  </way>
  <way id="732438167">
    <nd ref="9674436637"/>
    <nd ref="7404822630"/>
    <nd ref="2617194272"/>
    <tag k="highway" v="service"/>
    <tag k="motor_vehicle" v="private"/>
    <tag k="service" v="driveway"/>
    <tag k="surface" v="ground"/>
  </way>
  <way id="733902071">
    <nd ref="301672208"/>
    <nd ref="11555110474"/>
    <nd ref="11555110475"/>
    <nd ref="11555110473"/>
    <nd ref="11555110478"/>
    <nd ref="11555110477"/>
    <nd ref="11555110476"/>
    <nd ref="764323642"/>
    <nd ref="1759897514"/>
    <nd ref="301672207"/>
    <tag k="agricultural" v="no"/>
    <tag k="hgv" v="no"/>
    <tag k="hgv:conditional" v="yes @ marked"/>
    <tag k="highway" v="living_street"/>
    <tag k="lanes" v="2"/>
    <tag k="lit" v="yes"/>
    <tag k="maxspeed" v="20"/>
    <tag k="name" v="Pszenna"/>
    <tag k="note:hgv" v="Nie dotyczy posiadaczy identyfikatorów typu T wydanych przez GZDiZ"/>
    <tag k="old_name:de" v="Adebargasse"/>
    <tag k="source" v="UMP-PL, ./UMP-Gdansk/src/GDANSK.ulice.txt"/>
    <tag k="source:construction" v="https://gzdiz.gda.pl/aktualnosci/ulice-pszenna-i-zytnia-beda-przebudowane,a,3469"/>
    <tag k="source:hgv" v="PL:sign_B-5"/>
    <tag k="source:maxspeed" v="PL:living_street"/>
    <tag k="surface" v="sett"/>
  </way>
  <way id="734553670">
    <nd ref="6879294138"/>
    <nd ref="6879294132"/>
    <nd ref="6879294137"/>
    <tag k="highway" v="service"/>
    <tag k="motor_vehicle" v="private"/>
    <tag k="service" v="parking_aisle"/>
    <tag k="source" v="survey"/>
  </way>
  <way id="743273955">
    <nd ref="746495974"/>
    <nd ref="9676065364"/>
    <nd ref="2478708616"/>
    <nd ref="1578644216"/>
    <nd ref="9676065369"/>
    <nd ref="9676065375"/>
    <nd ref="1578644217"/>
    <nd ref="9676065376"/>
    <tag k="highway" v="service"/>
    <tag k="service" v="driveway"/>
  </way>
  <way id="743273956">
    <nd ref="6957357093"/>
    <nd ref="746495953"/>
    <tag k="access" v="private"/>
    <tag k="highway" v="service"/>
    <tag k="service" v="driveway"/>
  </way>
  <way id="764585242">
    <nd ref="1890705128"/>
    <nd ref="1967344972"/>
    <nd ref="9983430806"/>
    <nd ref="9983430843"/>
    <nd ref="3047508200"/>
    <nd ref="9404252795"/>
    <nd ref="1127880133"/>
    <nd ref="301672213"/>
    <nd ref="301672212"/>
    <tag k="cycleway:right" v="no"/>
    <tag k="dual_carriageway" v="yes"/>
    <tag k="highway" v="unclassified"/>
    <tag k="lane_markings" v="no"/>
    <tag k="lit" v="yes"/>
    <tag k="maxspeed" v="30"/>
    <tag k="name" v="Długie Ogrody"/>
    <tag k="old_name:de" v="Langgarten"/>
    <tag k="oneway" v="yes"/>
    <tag k="sidewalk:left" v="no"/>
    <tag k="sidewalk:right" v="separate"/>
    <tag k="smoothness" v="good"/>
    <tag k="source:maxspeed" v="PL:zone30"/>
    <tag k="surface" v="asphalt"/>
    <tag k="wikidata" v="Q9249522"/>
    <tag k="wikipedia" v="pl:Długie Ogrody"/>
  </way>
  <way id="765220508">
    <nd ref="9222512658"/>
    <nd ref="1426116013"/>
    <nd ref="762214282"/>
    <tag k="name" v="Motława"/>
    <tag k="waterway" v="river"/>
  </way>
  <way id="768561307">
    <nd ref="7175229118"/>
    <nd ref="747169623"/>
    <nd ref="1868665022"/>
    <tag k="boat" v="yes"/>
    <tag k="name" v="Stara Motława"/>
    <tag k="name:be" v="Старая Матлава"/>
    <tag k="name:de" v="Alte Mottlau"/>
    <tag k="name:pl" v="Stara Motława"/>
    <tag k="waterway" v="river"/>
  </way>
  <way id="769255177">
    <nd ref="7180930000"/>
    <nd ref="9466681455"/>
    <nd ref="7180930001"/>
    <nd ref="7180929999"/>
    <tag k="description" v="dla gości hotelowych"/>
    <tag k="highway" v="service"/>
    <tag k="motor_vehicle" v="private"/>
    <tag k="service" v="driveway"/>
  </way>
  <way id="769255179">
    <nd ref="7180930004"/>
    <nd ref="9466681445"/>
    <nd ref="9990485333"/>
    <tag k="highway" v="service"/>
    <tag k="service" v="driveway"/>
  </way>
  <way id="769636243">
    <nd ref="4142926502"/>
    <nd ref="301684796"/>
    <tag k="cycleway:right" v="no"/>
    <tag k="destination" v="Warszawa;Sztokholm;Stogi;Sobieszewo"/>
    <tag k="embankment" v="yes"/>
    <tag k="foot" v="no"/>
    <tag k="highway" v="primary_link"/>
    <tag k="incline" v="up"/>
    <tag k="lanes" v="1"/>
    <tag k="lit" v="yes"/>
    <tag k="maxspeed" v="50"/>
    <tag k="name" v="Węzeł Unii Europejskiej"/>
    <tag k="name:etymology:wikidata" v="Q458"/>
    <tag k="old_name:de" v="Karrenwall"/>
    <tag k="oneway" v="yes"/>
    <tag k="sidewalk" v="no"/>
    <tag k="source" v="survey"/>
    <tag k="source:maxspeed" v="PL:urban"/>
    <tag k="surface" v="asphalt"/>
  </way>
  <way id="769636244">
    <nd ref="1840848477"/>
    <nd ref="301679768"/>
    <tag k="foot" v="no"/>
    <tag k="highway" v="primary_link"/>
    <tag k="lanes" v="2"/>
    <tag k="lit" v="yes"/>
    <tag k="maxspeed" v="50"/>
    <tag k="name" v="Węzeł Unii Europejskiej"/>
    <tag k="name:etymology:wikidata" v="Q458"/>
    <tag k="oneway" v="yes"/>
    <tag k="sidewalk" v="no"/>
    <tag k="source" v="survey"/>
    <tag k="source:maxspeed" v="PL:urban"/>
    <tag k="surface" v="asphalt"/>
  </way>
  <way id="769739225">
    <nd ref="7185154304"/>
    <nd ref="9668926692"/>
    <nd ref="2617643030"/>
    <tag k="layer" v="-1"/>
    <tag k="name" v="Kanał Raduni"/>
    <tag k="name:de" v="Radaune"/>
    <tag k="name:pl" v="Kanał Raduni"/>
    <tag k="waterway" v="canal"/>
  </way>
  <way id="770518192">
    <nd ref="5504836559"/>
    <nd ref="9907272830"/>
    <nd ref="9907272834"/>
    <nd ref="5504836561"/>
    <nd ref="9907272898"/>
    <nd ref="7180930010"/>
    <nd ref="9907272899"/>
    <nd ref="9907272901"/>
    <nd ref="9907272903"/>
    <nd ref="9907272910"/>
    <nd ref="9907272911"/>
    <nd ref="9907272905"/>
    <nd ref="11537680251"/>
    <nd ref="7180929996"/>
    <nd ref="5504836562"/>
    <nd ref="7180929995"/>
    <nd ref="5504836563"/>
    <nd ref="9907272825"/>
    <nd ref="3027522404"/>
    <tag k="highway" v="service"/>
    <tag k="surface" v="unhewn_cobblestone"/>
  </way>
  <way id="771995977">
    <nd ref="7206970909"/>
    <nd ref="9068792946"/>
    <nd ref="9887984802"/>
    <nd ref="7206970910"/>
    <tag k="highway" v="service"/>
  </way>
  <way id="772169289">
    <nd ref="301679539"/>
    <nd ref="13057701301"/>
    <nd ref="12133151819"/>
    <nd ref="13188777001"/>
    <tag k="highway" v="living_street"/>
    <tag k="lit" v="yes"/>
    <tag k="maxspeed" v="20"/>
    <tag k="name" v="Motławska"/>
    <tag k="old_name:de" v="An der neuen Mottlau"/>
    <tag k="oneway" v="no"/>
    <tag k="oneway:bicycle" v="no"/>
    <tag k="source" v="UMP-PL, ./UMP-Gdansk/src/GDANSK.ulice.txt"/>
    <tag k="source:maxspeed" v="PL:living_street"/>
    <tag k="surface" v="concrete:plates"/>
  </way>
  <way id="772887379">
    <nd ref="7216094814"/>
    <nd ref="9678424411"/>
    <nd ref="7216094816"/>
    <tag k="access" v="private"/>
    <tag k="covered" v="no"/>
    <tag k="highway" v="service"/>
    <tag k="service" v="driveway"/>
  </way>
  <way id="772887380">
    <nd ref="7216094816"/>
    <nd ref="7216094815"/>
    <tag k="access" v="private"/>
    <tag k="highway" v="service"/>
    <tag k="incline" v="down"/>
    <tag k="layer" v="-1"/>
    <tag k="maxheight" v="1.9"/>
    <tag k="service" v="driveway"/>
    <tag k="tunnel" v="building_passage"/>
  </way>
  <way id="780001653">
    <nd ref="1876250875"/>
    <nd ref="301672226"/>
    <tag k="highway" v="residential"/>
    <tag k="lit" v="yes"/>
    <tag k="maxspeed" v="30"/>
    <tag k="name" v="Szafarnia"/>
    <tag k="old_name:de" v="Schäferei"/>
    <tag k="source:maxspeed" v="PL:zone30"/>
    <tag k="surface" v="sett"/>
  </way>
  <way id="826891863">
    <nd ref="10286778767"/>
    <nd ref="9823999838"/>
    <nd ref="9823999846"/>
    <nd ref="9415775831"/>
    <nd ref="9823999851"/>
    <nd ref="2874353595"/>
    <nd ref="3027522401"/>
    <nd ref="2874353592"/>
    <nd ref="9415775836"/>
    <nd ref="1876250851"/>
    <tag k="highway" v="residential"/>
    <tag k="lanes" v="2"/>
    <tag k="lit" v="yes"/>
    <tag k="maxspeed" v="30"/>
    <tag k="maxweight" v="3.5"/>
    <tag k="maxweight:conditional" v="none @ marked"/>
    <tag k="name" v="Szopy"/>
    <tag k="note:maxweight" v="Nie dotyczy posiadaczy identyfikatorów wydanych przez GZDiZ"/>
    <tag k="old_name:de" v="Mattenbuden"/>
    <tag k="sidewalk" v="separate"/>
    <tag k="smoothness" v="intermediate"/>
    <tag k="source:maxspeed" v="PL:zone30"/>
    <tag k="source:maxweight" v="PL:sign_B-18"/>
    <tag k="surface" v="paving_stones"/>
  </way>
  <way id="837796990">
    <nd ref="7819606531"/>
    <nd ref="9990599293"/>
    <nd ref="9990599296"/>
    <nd ref="9990599295"/>
    <nd ref="9990599294"/>
    <tag k="access" v="private"/>
    <tag k="highway" v="service"/>
    <tag k="service" v="driveway"/>
  </way>
  <way id="839972845">
    <nd ref="1868665188"/>
    <nd ref="1890705249"/>
    <nd ref="1868665309"/>
    <nd ref="1868665371"/>
    <nd ref="9983447604"/>
    <nd ref="1868665414"/>
    <nd ref="301672257"/>
    <tag k="highway" v="residential"/>
    <tag k="maxspeed" v="30"/>
    <tag k="name" v="Na Stępce"/>
    <tag k="old_name:de" v="Am Kielgraben"/>
    <tag k="smoothness" v="bad"/>
    <tag k="source:maxspeed" v="PL:zone30"/>
    <tag k="surface" v="unhewn_cobblestone"/>
  </way>
  <way id="839976218">
    <nd ref="10972349836"/>
    <nd ref="9064618880"/>
    <nd ref="7838253104"/>
    <nd ref="8908209788"/>
    <nd ref="8908209787"/>
    <nd ref="8908209786"/>
    <nd ref="8908209785"/>
    <nd ref="9064618905"/>
    <nd ref="8908209784"/>
    <nd ref="7838253105"/>
    <tag k="highway" v="service"/>
    <tag k="service" v="parking_aisle"/>
  </way>
  <way id="842143492">
    <nd ref="7856578949"/>
    <nd ref="7856578948"/>
    <tag k="access" v="private"/>
    <tag k="highway" v="service"/>
    <tag k="service" v="driveway"/>
  </way>
  <way id="843322300">
    <nd ref="1445281089"/>
    <nd ref="13231477895"/>
    <nd ref="9856702766"/>
    <nd ref="12516378505"/>
    <nd ref="9712123897"/>
    <nd ref="12516378504"/>
    <nd ref="9712123898"/>
    <nd ref="1890705622"/>
    <nd ref="10738351518"/>
    <nd ref="1445280917"/>
    <nd ref="13231477893"/>
    <nd ref="489981314"/>
    <nd ref="1890705617"/>
    <nd ref="9896161460"/>
    <nd ref="49980357"/>
    <nd ref="1890705548"/>
    <nd ref="49980353"/>
    <nd ref="1890705525"/>
    <nd ref="9752003106"/>
    <nd ref="9752006719"/>
    <nd ref="9752003107"/>
    <nd ref="9752006720"/>
    <nd ref="9752003105"/>
    <nd ref="49980344"/>
    <nd ref="1890705417"/>
    <nd ref="2641510810"/>
    <nd ref="1890705413"/>
    <nd ref="1890705416"/>
    <nd ref="2641510775"/>
    <nd ref="1893637186"/>
    <nd ref="49980342"/>
    <nd ref="1900666404"/>
    <nd ref="1890705322"/>
    <nd ref="1964007823"/>
    <nd ref="1964007822"/>
    <nd ref="9983490141"/>
    <nd ref="9983490142"/>
    <nd ref="1964007821"/>
    <nd ref="9983490143"/>
    <nd ref="1964007820"/>
    <nd ref="1964007819"/>
    <nd ref="7838222409"/>
    <nd ref="7689494737"/>
    <nd ref="9983490144"/>
    <nd ref="7689494734"/>
    <nd ref="9983447599"/>
    <nd ref="1868665530"/>
    <nd ref="9983447596"/>
    <nd ref="9983490148"/>
    <nd ref="9983447598"/>
    <nd ref="7689494735"/>
    <nd ref="1964007818"/>
    <nd ref="9983447597"/>
    <nd ref="1964007817"/>
    <nd ref="1964007816"/>
    <nd ref="1964007815"/>
    <nd ref="1964007814"/>
    <nd ref="1964007813"/>
    <nd ref="1964007812"/>
    <nd ref="1964007811"/>
    <nd ref="1964007810"/>
    <nd ref="1964007809"/>
    <nd ref="1964007808"/>
    <nd ref="1964007807"/>
    <nd ref="1964007806"/>
    <nd ref="1964007804"/>
    <nd ref="1964007805"/>
    <nd ref="1964007803"/>
    <nd ref="1964007801"/>
    <nd ref="1964007802"/>
    <nd ref="6106977258"/>
    <nd ref="4925004026"/>
    <nd ref="301672251"/>
    <nd ref="2617194284"/>
    <nd ref="49980327"/>
    <tag k="natural" v="coastline"/>
    <tag k="source" v="PGS(could be inacurately)"/>
  </way>
  <way id="843322301">
    <nd ref="1387535087"/>
    <nd ref="1868665867"/>
    <nd ref="9856702767"/>
    <nd ref="1445281089"/>
  </way>
  <way id="843322302">
    <nd ref="1567964420"/>
    <nd ref="11380591963"/>
    <nd ref="7208536914"/>
    <nd ref="1567964439"/>
    <nd ref="7838244921"/>
    <nd ref="11380591962"/>
    <nd ref="634162311"/>
    <nd ref="12239563419"/>
    <nd ref="49980253"/>
    <nd ref="11870274375"/>
    <nd ref="1565594589"/>
    <nd ref="11380591961"/>
    <nd ref="7838244920"/>
    <nd ref="49980250"/>
    <nd ref="49980248"/>
    <nd ref="1900666374"/>
    <nd ref="1900666378"/>
    <nd ref="1565596461"/>
    <nd ref="7838222423"/>
    <nd ref="1900666409"/>
    <nd ref="6635609728"/>
    <nd ref="1561698904"/>
    <nd ref="49980242"/>
    <nd ref="2617194573"/>
    <nd ref="353975583"/>
    <nd ref="49980237"/>
    <nd ref="1900666440"/>
    <nd ref="1900666455"/>
    <nd ref="49980233"/>
    <nd ref="4925042781"/>
    <nd ref="4925042782"/>
    <nd ref="4960386947"/>
    <nd ref="9752006852"/>
    <nd ref="4925042783"/>
    <nd ref="4925042784"/>
    <nd ref="4925042785"/>
    <nd ref="4925042786"/>
    <nd ref="49980231"/>
    <nd ref="49980229"/>
    <nd ref="4564273066"/>
    <nd ref="49980225"/>
    <nd ref="2620978893"/>
    <nd ref="2620978922"/>
    <nd ref="2620978923"/>
    <nd ref="1900666652"/>
    <nd ref="4403887792"/>
    <nd ref="2620978969"/>
    <nd ref="2620979025"/>
    <nd ref="49980223"/>
    <nd ref="2620979030"/>
    <nd ref="4925042787"/>
    <nd ref="49980220"/>
    <nd ref="1450961032"/>
    <nd ref="4960386518"/>
    <nd ref="1387535087"/>
    <tag k="natural" v="coastline"/>
    <tag k="source" v="PGS(could be inacurately)"/>
  </way>
  <way id="843322303">
    <nd ref="49980327"/>
    <nd ref="11870266161"/>
    <nd ref="11870266158"/>
    <nd ref="11870266160"/>
    <nd ref="11870266159"/>
    <nd ref="49980285"/>
  </way>
  <way id="843322306">
    <nd ref="5782109260"/>
    <nd ref="9071305265"/>
    <nd ref="5782109261"/>
    <nd ref="475295431"/>
    <nd ref="1805860670"/>
    <nd ref="13057701285"/>
    <nd ref="13057701286"/>
    <nd ref="13057701290"/>
    <nd ref="1805860610"/>
    <nd ref="9887906957"/>
    <nd ref="9887906952"/>
    <nd ref="11753824802"/>
    <nd ref="4202403272"/>
    <nd ref="7838244929"/>
    <nd ref="11753824803"/>
    <nd ref="11753824804"/>
    <nd ref="9887906951"/>
    <nd ref="5416237150"/>
    <nd ref="4202403269"/>
    <nd ref="11753824810"/>
    <nd ref="4202403270"/>
    <nd ref="11753824806"/>
    <nd ref="11753824807"/>
    <nd ref="9071305293"/>
    <nd ref="11753824800"/>
    <nd ref="11753824801"/>
    <nd ref="4202403268"/>
    <nd ref="4202403271"/>
    <nd ref="9071305294"/>
    <nd ref="1445281138"/>
    <nd ref="1445280870"/>
    <nd ref="11537680237"/>
    <nd ref="11537680242"/>
    <nd ref="11537680236"/>
    <nd ref="3029029948"/>
    <nd ref="49980279"/>
    <nd ref="11537680245"/>
    <nd ref="3029029934"/>
    <nd ref="353979475"/>
    <nd ref="3029024732"/>
    <nd ref="762214250"/>
    <nd ref="480151715"/>
    <nd ref="762214125"/>
    <nd ref="353979477"/>
    <nd ref="353979479"/>
    <nd ref="10824369333"/>
    <nd ref="9463697196"/>
    <nd ref="353979482"/>
    <nd ref="9463697197"/>
    <nd ref="9824949200"/>
    <nd ref="9824949201"/>
    <nd ref="353979484"/>
    <nd ref="353979487"/>
    <nd ref="3057102701"/>
    <nd ref="3057102706"/>
    <nd ref="2515021861"/>
    <nd ref="3057102712"/>
    <nd ref="3057102713"/>
    <nd ref="3057102716"/>
    <nd ref="10838407341"/>
    <nd ref="3057102714"/>
    <nd ref="10838407342"/>
    <nd ref="3057102717"/>
    <nd ref="3057102718"/>
    <nd ref="3057102721"/>
    <nd ref="353979494"/>
    <nd ref="3057102729"/>
    <nd ref="353979498"/>
    <nd ref="353979502"/>
    <nd ref="3029024730"/>
    <nd ref="3029024731"/>
    <nd ref="353979506"/>
    <nd ref="3029029935"/>
    <nd ref="49980276"/>
    <nd ref="9907272762"/>
    <nd ref="3029029947"/>
    <nd ref="10838405901"/>
    <nd ref="9907272754"/>
    <nd ref="9907272750"/>
    <nd ref="9907272751"/>
    <nd ref="9907272763"/>
    <nd ref="2964089224"/>
    <nd ref="11471870619"/>
    <nd ref="1567964037"/>
    <nd ref="11471870616"/>
    <nd ref="1567964040"/>
    <nd ref="1521443653"/>
    <nd ref="1567964061"/>
    <nd ref="4353623647"/>
    <nd ref="1567964083"/>
    <nd ref="1567964094"/>
    <nd ref="1806457489"/>
    <nd ref="5416237151"/>
    <nd ref="5416237152"/>
    <nd ref="1567964101"/>
    <nd ref="9887906950"/>
    <nd ref="1567964110"/>
    <nd ref="1567964115"/>
    <nd ref="12239687140"/>
    <nd ref="2903410582"/>
    <nd ref="3057071654"/>
    <nd ref="3057071655"/>
    <nd ref="1567964134"/>
    <nd ref="248193546"/>
    <nd ref="475295429"/>
    <nd ref="3041292217"/>
  </way>
  <way id="843322307">
    <nd ref="3041292217"/>
    <nd ref="1567964174"/>
    <nd ref="1567964172"/>
    <nd ref="301685222"/>
    <nd ref="49980265"/>
    <nd ref="11753761205"/>
    <nd ref="1567964304"/>
    <nd ref="11753761204"/>
    <nd ref="49980262"/>
    <nd ref="13046434008"/>
    <nd ref="11383538523"/>
    <nd ref="12031328822"/>
    <nd ref="49980259"/>
    <nd ref="12457312688"/>
    <nd ref="1567964420"/>
    <tag k="natural" v="coastline"/>
    <tag k="source" v="PGS(could be inacurately)"/>
  </way>
  <way id="843322309">
    <nd ref="1567964420"/>
    <nd ref="49980282"/>
  </way>
  <way id="843322310">
    <nd ref="49980282"/>
    <nd ref="49980280"/>
    <nd ref="12133151833"/>
    <nd ref="12133151832"/>
    <nd ref="13046434006"/>
    <nd ref="11383538522"/>
    <nd ref="13046434007"/>
    <nd ref="6635601473"/>
    <nd ref="595656632"/>
    <nd ref="1567964252"/>
    <nd ref="5782109260"/>
    <tag k="natural" v="coastline"/>
    <tag k="source" v="PGS(could be inacurately)"/>
  </way>
  <way id="843322312">
    <nd ref="764323579"/>
    <nd ref="12136595891"/>
    <nd ref="480151712"/>
    <nd ref="9068792921"/>
    <nd ref="12136595895"/>
    <nd ref="5782128772"/>
    <nd ref="480151713"/>
    <nd ref="12208849399"/>
    <nd ref="49980285"/>
    <tag k="natural" v="coastline"/>
    <tag k="source" v="PGS(could be inacurately)"/>
  </way>
  <way id="843322314">
    <nd ref="49980285"/>
    <nd ref="12208849400"/>
    <nd ref="49980282"/>
    <tag k="natural" v="coastline"/>
    <tag k="source" v="PGS(could be inacurately)"/>
  </way>
  <way id="843322315">
    <nd ref="49980327"/>
    <nd ref="11870266162"/>
    <nd ref="1868665020"/>
    <nd ref="2617194227"/>
    <nd ref="13046462259"/>
    <nd ref="1868665017"/>
    <nd ref="13046462263"/>
    <nd ref="13046462261"/>
    <nd ref="13046462262"/>
    <nd ref="13046462264"/>
    <nd ref="9161237761"/>
    <nd ref="764323506"/>
    <nd ref="480151642"/>
    <tag k="natural" v="coastline"/>
    <tag k="source" v="PGS(could be inacurately)"/>
  </way>
  <way id="843322317">
    <nd ref="414972640"/>
    <nd ref="6058614417"/>
    <nd ref="764323375"/>
    <nd ref="4924972303"/>
    <nd ref="1868665594"/>
    <nd ref="414972638"/>
    <nd ref="414972635"/>
    <nd ref="49980300"/>
    <nd ref="1868665314"/>
    <nd ref="818729846"/>
    <nd ref="764323510"/>
    <nd ref="1868665178"/>
    <nd ref="819158760"/>
    <nd ref="1868665044"/>
    <nd ref="49980294"/>
    <nd ref="1868665026"/>
    <nd ref="634162306"/>
    <nd ref="6106977251"/>
    <nd ref="49980292"/>
    <nd ref="6106977259"/>
    <nd ref="2617194305"/>
    <nd ref="6106977252"/>
    <nd ref="301672250"/>
    <nd ref="4925004027"/>
    <nd ref="6106977257"/>
    <nd ref="1868665029"/>
    <nd ref="1868665030"/>
    <nd ref="764323521"/>
    <nd ref="49980320"/>
    <nd ref="1868665064"/>
    <nd ref="764323523"/>
    <nd ref="1868665223"/>
    <nd ref="1868665325"/>
    <nd ref="1868665376"/>
    <nd ref="49980318"/>
    <nd ref="9983490146"/>
    <nd ref="9983490145"/>
    <nd ref="7689494736"/>
    <nd ref="9983447602"/>
    <nd ref="9983490147"/>
    <nd ref="9983490153"/>
    <nd ref="7689494733"/>
    <nd ref="7689494732"/>
    <nd ref="49980314"/>
    <nd ref="4924997958"/>
    <nd ref="1868665668"/>
    <nd ref="1868665762"/>
    <nd ref="1868665809"/>
    <nd ref="49980307"/>
    <nd ref="764323601"/>
    <nd ref="4202403277"/>
    <nd ref="4202403276"/>
    <nd ref="764323575"/>
    <nd ref="4202403280"/>
    <nd ref="4202403279"/>
    <nd ref="414972653"/>
    <nd ref="4924997933"/>
    <nd ref="4202403275"/>
    <nd ref="1868665830"/>
    <nd ref="1868665827"/>
    <nd ref="1868665817"/>
    <nd ref="49980304"/>
    <nd ref="4202403274"/>
    <nd ref="414972643"/>
    <nd ref="1868665744"/>
    <nd ref="414972647"/>
    <nd ref="414972648"/>
    <nd ref="11147350894"/>
    <nd ref="819332529"/>
    <nd ref="11147294428"/>
    <nd ref="414972640"/>
    <tag k="name" v="Ołowianka"/>
    <tag k="name:be" v="Алавянка"/>
    <tag k="name:de" v="Bleihof"/>
    <tag k="name:pl" v="Ołowianka"/>
    <tag k="natural" v="coastline"/>
    <tag k="place" v="islet"/>
    <tag k="source" v="PGS(could be inacurately)"/>
    <tag k="wikidata" v="Q534329"/>
    <tag k="wikipedia" v="pl:Ołowianka"/>
  </way>
  <way id="849903770">
    <nd ref="1868665024"/>
    <nd ref="9983430727"/>
    <nd ref="2617194319"/>
    <nd ref="9930495604"/>
    <nd ref="7838244907"/>
    <tag k="highway" v="residential"/>
    <tag k="maxspeed" v="30"/>
    <tag k="name" v="Na Stępce"/>
    <tag k="old_name:de" v="Am Kielgraben"/>
    <tag k="source:maxspeed" v="PL:zone30"/>
  </way>
  <way id="861030168">
    <nd ref="6042571329"/>
    <nd ref="13708723537"/>
    <nd ref="3057102732"/>
    <nd ref="1925302738"/>
    <nd ref="13648286968"/>
    <tag k="electrified" v="contact_line"/>
    <tag k="frequency" v="0"/>
    <tag k="gauge" v="1435"/>
    <tag k="maxspeed" v="50"/>
    <tag k="oneway" v="yes"/>
    <tag k="railway" v="tram"/>
    <tag k="voltage" v="600"/>
  </way>
  <way id="861030169">
    <nd ref="6042571328"/>
    <nd ref="8394775717"/>
    <nd ref="622327427"/>
    <tag k="electrified" v="contact_line"/>
    <tag k="frequency" v="0"/>
    <tag k="gauge" v="1435"/>
    <tag k="maxspeed" v="50"/>
    <tag k="oneway" v="yes"/>
    <tag k="railway" v="tram"/>
    <tag k="voltage" v="600"/>
  </way>
  <way id="901627625">
    <nd ref="4972311280"/>
    <nd ref="5139637828"/>
    <nd ref="5139637829"/>
    <nd ref="5139637826"/>
    <nd ref="4972311277"/>
    <nd ref="1868665022"/>
    <tag k="boat" v="yes"/>
    <tag k="name" v="Nowa Motława"/>
    <tag k="name:be" v="Новая Матлава"/>
    <tag k="name:de" v="Neue Mottlau"/>
    <tag k="name:pl" v="Nowa Motława"/>
    <tag k="waterway" v="river"/>
  </way>
  <way id="901627626">
    <nd ref="8375501998"/>
    <nd ref="7175229118"/>
    <tag k="boat" v="yes"/>
    <tag k="name" v="Stara Motława"/>
    <tag k="name:be" v="Старая Матлава"/>
    <tag k="name:de" v="Alte Mottlau"/>
    <tag k="name:pl" v="Stara Motława"/>
    <tag k="waterway" v="river"/>
  </way>
  <way id="922111755">
    <nd ref="8560702186"/>
    <nd ref="1120279634"/>
    <tag k="highway" v="service"/>
    <tag k="service" v="driveway"/>
    <tag k="source" v="GIS Gdańsk"/>
  </way>
  <way id="927233013">
    <nd ref="2355742511"/>
    <nd ref="1582533331"/>
    <nd ref="8497736986"/>
    <nd ref="1582533346"/>
    <tag k="highway" v="service"/>
    <tag k="service" v="driveway"/>
  </way>
  <way id="942505484">
    <nd ref="13436469802"/>
    <nd ref="8727689998"/>
    <nd ref="12403380837"/>
    <tag k="bus:lanes" v="yes|yes|designated"/>
    <tag k="cycleway:right" v="no"/>
    <tag k="dual_carriageway" v="yes"/>
    <tag k="foot" v="no"/>
    <tag k="highway" v="primary"/>
    <tag k="int_ref" v="E 75"/>
    <tag k="lanes" v="3"/>
    <tag k="lanes:bus" v="1"/>
    <tag k="lit" v="yes"/>
    <tag k="maxaxleload" v="11.5"/>
    <tag k="maxspeed" v="50"/>
    <tag k="name" v="Trakt Świętego Wojciecha"/>
    <tag k="name:etymology:wikidata" v="Q243427"/>
    <tag k="oneway" v="yes"/>
    <tag k="placement" v="left_of:2"/>
    <tag k="ref" v="91"/>
    <tag k="source:maxaxleload" v="Dz.U. 2011 nr 222 poz. 1321 Art. 2 pkt. 11"/>
    <tag k="source:ref" v="Zarządzenie nr 46 Generalnego Dyrektora Dróg Krajowych i Autostrad z dnia 17 grudnia 2012 r."/>
    <tag k="source:ref:url" v="https://www.gddkia.gov.pl/userfiles/articles/z/zarzadzenia-generalnego-dyrektor_10385/zarzadzenie%2046.pdf"/>
    <tag k="surface" v="asphalt"/>
    <tag k="vehicle:lanes" v="yes|yes|no"/>
  </way>
  <way id="942505485">
    <nd ref="13436425597"/>
    <nd ref="8496758457"/>
    <nd ref="8727697117"/>
    <tag k="bus_bay" v="right"/>
    <tag k="bus_bay:surface" v="sett"/>
    <tag k="dual_carriageway" v="yes"/>
    <tag k="foot" v="no"/>
    <tag k="highway" v="primary"/>
    <tag k="highway:category:pl" v="1"/>
    <tag k="int_ref" v="E 75"/>
    <tag k="lanes" v="2"/>
    <tag k="lit" v="yes"/>
    <tag k="maxaxleload" v="11.5"/>
    <tag k="maxspeed" v="50"/>
    <tag k="name" v="Okopowa"/>
    <tag k="oneway" v="yes"/>
    <tag k="placement" v="left_of:2"/>
    <tag k="ref" v="91"/>
    <tag k="source:maxaxleload" v="Dz.U. 2011 nr 222 poz. 1321 Art. 2 pkt. 11"/>
    <tag k="source:ref" v="Zarządzenie nr 46 Generalnego Dyrektora Dróg Krajowych i Autostrad z dnia 17 grudnia 2012 r."/>
    <tag k="source:ref:url" v="https://www.archiwum.gddkia.gov.pl/userfiles/articles/z/zarzadzenia-generalnego-dyrektor_10385/zarzadzenie%2046.pdf"/>
    <tag k="surface" v="asphalt"/>
  </way>
  <way id="963030419">
    <nd ref="8908209788"/>
    <nd ref="8908209782"/>
    <tag k="highway" v="service"/>
    <tag k="service" v="parking_aisle"/>
  </way>
  <way id="963030421">
    <nd ref="8908209808"/>
    <nd ref="8908209806"/>
    <nd ref="8908209805"/>
    <nd ref="8908209804"/>
    <nd ref="8908209803"/>
    <nd ref="8908209802"/>
    <nd ref="8908209807"/>
    <nd ref="8908209801"/>
    <nd ref="8908209800"/>
    <nd ref="8908209799"/>
    <nd ref="8908209798"/>
    <nd ref="8908209797"/>
    <nd ref="8908209796"/>
    <nd ref="8908209809"/>
    <nd ref="8908209795"/>
    <nd ref="8908209794"/>
    <nd ref="8908209793"/>
    <nd ref="8908209792"/>
    <nd ref="8908209808"/>
    <tag k="access" v="private"/>
    <tag k="highway" v="service"/>
    <tag k="service" v="driveway"/>
  </way>
  <way id="963030422">
    <nd ref="8908209799"/>
    <nd ref="8908209810"/>
    <nd ref="8908209811"/>
    <nd ref="10822668501"/>
    <nd ref="8908209813"/>
    <nd ref="10822668500"/>
    <nd ref="8908209812"/>
    <tag k="access" v="private"/>
    <tag k="highway" v="service"/>
    <tag k="service" v="driveway"/>
  </way>
  <way id="963030423">
    <nd ref="8908209814"/>
    <nd ref="10822668503"/>
    <nd ref="1876250860"/>
    <tag k="highway" v="service"/>
  </way>
  <way id="966319922">
    <nd ref="8940045406"/>
    <nd ref="9983430959"/>
    <nd ref="8940045405"/>
    <tag k="highway" v="service"/>
    <tag k="service" v="driveway"/>
  </way>
  <way id="966319923">
    <nd ref="8940045408"/>
    <nd ref="9930294164"/>
    <nd ref="8940045407"/>
    <tag k="highway" v="service"/>
    <tag k="service" v="driveway"/>
  </way>
  <way id="966319924">
    <nd ref="6635336008"/>
    <nd ref="8940045408"/>
    <nd ref="8940045409"/>
    <tag k="highway" v="service"/>
  </way>
  <way id="980379728">
    <nd ref="2964089553"/>
    <nd ref="10962574531"/>
    <nd ref="2874335003"/>
    <nd ref="1890705078"/>
    <tag k="highway" v="living_street"/>
    <tag k="lit" v="yes"/>
    <tag k="name" v="Motławska"/>
    <tag k="old_name:de" v="An der neuen Mottlau"/>
    <tag k="source:maxspeed" v="PL:living_street"/>
    <tag k="surface" v="unhewn_cobblestone"/>
  </way>
  <way id="980381919">
    <nd ref="1849057287"/>
    <nd ref="11470542411"/>
    <nd ref="11497981410"/>
    <nd ref="1120105333"/>
    <tag k="bicycle" v="yes"/>
    <tag k="highway" v="living_street"/>
    <tag k="horse" v="no"/>
    <tag k="lit" v="yes"/>
    <tag k="maxspeed" v="20"/>
    <tag k="name" v="Mokra"/>
    <tag k="note:access" v="Nie dotyczy posiadaczy identyfikatorów typu GM wydanych przez GZDiZ oraz pojazdów wymienionych w Zarządzeniu nr 34/14 Prezydenta Miasta Gdańska z dn. 10.01.2014 r. Informacje: PN-PT w godz. 7.00-15.00 tel. 58 52-44-627, 58 55-89-571"/>
    <tag k="source:access" v="https://gzd.gda.pl/zalatw-sprawe/strefa-ograniczonej-dostepnosci-na-glownym-miescie,a,3141"/>
    <tag k="source:maxspeed" v="PL:living_street"/>
    <tag k="surface" v="sett"/>
    <tag k="taxi" v="yes"/>
    <tag k="vehicle" v="permit"/>
  </way>
  <way id="980381921">
    <nd ref="2617194111"/>
    <nd ref="10283020523"/>
    <tag k="highway" v="service"/>
    <tag k="motor_vehicle" v="private"/>
    <tag k="service" v="driveway"/>
  </way>
  <way id="980381925">
    <nd ref="9068816350"/>
    <nd ref="11497981408"/>
    <nd ref="9146383890"/>
    <tag k="highway" v="service"/>
    <tag k="lit" v="yes"/>
    <tag k="motor_vehicle" v="private"/>
    <tag k="service" v="parking_aisle"/>
  </way>
  <way id="980384723">
    <nd ref="6635336008"/>
    <nd ref="9068847705"/>
    <nd ref="9068849750"/>
    <nd ref="1127880949"/>
    <tag k="foot" v="yes"/>
    <tag k="highway" v="service"/>
    <tag k="service" v="parking_aisle"/>
  </way>
  <way id="987373671">
    <nd ref="1840854022"/>
    <nd ref="12403380853"/>
    <tag k="highway" v="residential"/>
    <tag k="maxspeed" v="50"/>
    <tag k="name" v="Okopowa"/>
    <tag k="old_name:de" v="Wiebenwall"/>
    <tag k="oneway" v="yes"/>
    <tag k="source" v="https://gzdiz.gda.pl/drogi/zmiana-organizacji-ruchu-na-ul-okopowej-przy-urzedzie-marszalkowskim,a,3388"/>
    <tag k="source:maxspeed" v="PL:urban"/>
    <tag k="surface" v="asphalt"/>
  </way>
  <way id="988075503">
    <nd ref="1574722808"/>
    <nd ref="10208448807"/>
    <nd ref="9132877448"/>
    <tag k="highway" v="service"/>
    <tag k="service" v="driveway"/>
  </way>
  <way id="989700791">
    <nd ref="9146383890"/>
    <nd ref="1570145753"/>
    <tag k="highway" v="service"/>
    <tag k="service" v="parking_aisle"/>
  </way>
  <way id="989700795">
    <nd ref="9146383898"/>
    <nd ref="9146383894"/>
    <tag k="highway" v="service"/>
    <tag k="service" v="driveway"/>
  </way>
  <way id="989700797">
    <nd ref="2617194179"/>
    <nd ref="9146383896"/>
    <nd ref="9146383897"/>
    <nd ref="9146383894"/>
    <tag k="access" v="permissive"/>
    <tag k="highway" v="service"/>
    <tag k="service" v="driveway"/>
    <tag k="surface" v="dirt"/>
  </way>
  <way id="990957288">
    <nd ref="1876250878"/>
    <nd ref="1876250875"/>
    <tag k="agricultural" v="no"/>
    <tag k="hgv" v="no"/>
    <tag k="hgv:conditional" v="yes @ marked"/>
    <tag k="highway" v="residential"/>
    <tag k="lit" v="yes"/>
    <tag k="maxspeed" v="30"/>
    <tag k="name" v="Szafarnia"/>
    <tag k="note:hgv" v="Nie dotyczy posiadaczy identyfikatorów wydanych przez ZDiZ w Gdańsku"/>
    <tag k="old_name:de" v="Schäferei"/>
    <tag k="source:hgv" v="PL:sign_B-5"/>
    <tag k="source:maxspeed" v="PL:zone30"/>
    <tag k="surface" v="sett"/>
  </way>
  <way id="992524579">
    <nd ref="9170171888"/>
    <nd ref="2617308416"/>
    <tag k="access" v="private"/>
    <tag k="highway" v="service"/>
    <tag k="service" v="driveway"/>
  </way>
  <way id="993043616">
    <nd ref="9174388475"/>
    <nd ref="9983519361"/>
    <nd ref="9174388473"/>
    <nd ref="9174388474"/>
    <tag k="highway" v="service"/>
    <tag k="service" v="driveway"/>
  </way>
  <way id="993425372">
    <nd ref="9177950341"/>
    <nd ref="9983430846"/>
    <nd ref="9177950340"/>
    <nd ref="9177950339"/>
    <tag k="highway" v="service"/>
    <tag k="service" v="driveway"/>
    <tag k="surface" v="paved"/>
  </way>
  <way id="993425373">
    <nd ref="3047508207"/>
    <nd ref="9177950345"/>
    <nd ref="9177950344"/>
    <nd ref="9983430847"/>
    <tag k="highway" v="service"/>
    <tag k="service" v="driveway"/>
    <tag k="surface" v="paved"/>
  </way>
  <way id="993425377">
    <nd ref="9983430849"/>
    <nd ref="9983430850"/>
    <nd ref="1127880886"/>
    <nd ref="10961933428"/>
    <tag k="access" v="private"/>
    <tag k="highway" v="service"/>
    <tag k="service" v="driveway"/>
    <tag k="surface" v="sett"/>
  </way>
  <way id="1009364039">
    <nd ref="9937677084"/>
    <nd ref="1523268097"/>
    <nd ref="9937677087"/>
    <nd ref="3699868116"/>
    <nd ref="1523268133"/>
    <nd ref="7847435285"/>
    <nd ref="7847405574"/>
    <tag k="highway" v="residential"/>
    <tag k="lit" v="yes"/>
    <tag k="maxspeed" v="30"/>
    <tag k="name" v="Pańska"/>
    <tag k="old_name:de" v="Junkergasse"/>
    <tag k="oneway" v="yes"/>
    <tag k="oneway:bicycle" v="no"/>
    <tag k="parking:left" v="yes"/>
    <tag k="smoothness" v="good"/>
    <tag k="source:maxspeed" v="PL:zone30"/>
    <tag k="surface" v="sett"/>
  </way>
  <way id="1020882660">
    <nd ref="9415775831"/>
    <nd ref="9415775829"/>
    <nd ref="11571473478"/>
    <tag k="highway" v="service"/>
    <tag k="service" v="driveway"/>
  </way>
  <way id="1020926011">
    <nd ref="3027522429"/>
    <nd ref="9416157688"/>
    <nd ref="9416157687"/>
    <nd ref="9416157686"/>
    <nd ref="9907154295"/>
    <nd ref="9416157685"/>
    <tag k="highway" v="service"/>
    <tag k="informal" v="yes"/>
    <tag k="service" v="parking_aisle"/>
    <tag k="surface" v="dirt"/>
  </way>
  <way id="1026462630">
    <nd ref="9463697243"/>
    <nd ref="9463697245"/>
    <nd ref="9463697244"/>
    <tag k="highway" v="service"/>
    <tag k="service" v="parking_aisle"/>
    <tag k="surface" v="sett"/>
  </way>
  <way id="1044040547">
    <nd ref="9607379560"/>
    <nd ref="1577024146"/>
    <nd ref="9396091419"/>
    <tag k="bicycle" v="yes"/>
    <tag k="highway" v="service"/>
    <tag k="lit" v="yes"/>
    <tag k="service" v="driveway"/>
    <tag k="surface" v="asphalt"/>
    <tag k="vehicle" v="private"/>
  </way>
  <way id="1044040550">
    <nd ref="1577024247"/>
    <nd ref="1577024213"/>
    <nd ref="1577024182"/>
    <nd ref="1577024175"/>
    <nd ref="9607379560"/>
    <tag k="access" v="private"/>
    <tag k="bicycle" v="yes"/>
    <tag k="highway" v="service"/>
    <tag k="service" v="driveway"/>
    <tag k="vehicle" v="private"/>
  </way>
  <way id="1044040557">
    <nd ref="1121896612"/>
    <nd ref="11870274412"/>
    <nd ref="11870274410"/>
    <nd ref="9607379597"/>
    <tag k="highway" v="service"/>
    <tag k="surface" v="paving_stones"/>
  </way>
  <way id="1047718024">
    <nd ref="9146383897"/>
    <nd ref="9634291449"/>
    <nd ref="9634291448"/>
    <nd ref="9634291442"/>
    <nd ref="9634291437"/>
    <tag k="access" v="permissive"/>
    <tag k="highway" v="service"/>
    <tag k="service" v="driveway"/>
    <tag k="surface" v="dirt"/>
  </way>
  <way id="1047718025">
    <nd ref="9634291454"/>
    <nd ref="9634291453"/>
    <nd ref="9634291452"/>
    <nd ref="9634291451"/>
    <nd ref="9634291450"/>
    <tag k="highway" v="service"/>
    <tag k="service" v="driveway"/>
    <tag k="surface" v="gravel"/>
  </way>
  <way id="1047721701">
    <nd ref="9634340227"/>
    <nd ref="9634340230"/>
    <tag k="access" v="private"/>
    <tag k="highway" v="service"/>
    <tag k="service" v="driveway"/>
  </way>
  <way id="1047721703">
    <nd ref="9634340231"/>
    <nd ref="9634340240"/>
    <nd ref="9634340227"/>
    <tag k="highway" v="service"/>
    <tag k="service" v="driveway"/>
  </way>
  <way id="1047721705">
    <nd ref="9634340245"/>
    <nd ref="9634340232"/>
    <nd ref="9634340244"/>
    <tag k="highway" v="service"/>
    <tag k="service" v="driveway"/>
  </way>
  <way id="1047724584">
    <nd ref="9634368078"/>
    <nd ref="9634368079"/>
    <nd ref="9634368080"/>
    <tag k="highway" v="service"/>
    <tag k="service" v="driveway"/>
  </way>
  <way id="1047724585">
    <nd ref="5918625369"/>
    <nd ref="5918625368"/>
    <tag k="access" v="private"/>
    <tag k="highway" v="service"/>
    <tag k="service" v="driveway"/>
  </way>
  <way id="1047724586">
    <nd ref="5390798900"/>
    <nd ref="5390798899"/>
    <nd ref="9634368079"/>
    <tag k="highway" v="service"/>
    <tag k="service" v="driveway"/>
  </way>
  <way id="1047724589">
    <nd ref="9634368087"/>
    <nd ref="9634368088"/>
    <tag k="access" v="private"/>
    <tag k="highway" v="service"/>
    <tag k="service" v="driveway"/>
  </way>
  <way id="1047724591">
    <nd ref="9634368089"/>
    <nd ref="9634368087"/>
    <tag k="highway" v="service"/>
    <tag k="service" v="driveway"/>
  </way>
  <way id="1047724592">
    <nd ref="9634368091"/>
    <nd ref="9634368090"/>
    <tag k="highway" v="service"/>
    <tag k="service" v="driveway"/>
  </way>
  <way id="1047724593">
    <nd ref="9634368095"/>
    <nd ref="9634368094"/>
    <tag k="highway" v="service"/>
    <tag k="service" v="driveway"/>
    <tag k="tunnel" v="building_passage"/>
  </way>
  <way id="1047724594">
    <nd ref="9634368094"/>
    <nd ref="9634368096"/>
    <tag k="highway" v="service"/>
    <tag k="service" v="driveway"/>
  </way>
  <way id="1047724595">
    <nd ref="9634368093"/>
    <nd ref="9634368092"/>
    <tag k="highway" v="service"/>
    <tag k="service" v="driveway"/>
    <tag k="tunnel" v="building_passage"/>
  </way>
  <way id="1047724596">
    <nd ref="9634368101"/>
    <nd ref="9634368093"/>
    <tag k="highway" v="service"/>
    <tag k="service" v="driveway"/>
  </way>
  <way id="1047724597">
    <nd ref="9634368092"/>
    <nd ref="9634368100"/>
    <nd ref="9634368097"/>
    <nd ref="9634368095"/>
    <tag k="highway" v="service"/>
    <tag k="service" v="driveway"/>
  </way>
  <way id="1047724598">
    <nd ref="9634368103"/>
    <nd ref="9634368104"/>
    <tag k="highway" v="service"/>
  </way>
  <way id="1047724599">
    <nd ref="1568383130"/>
    <nd ref="8560702185"/>
    <tag k="highway" v="service"/>
  </way>
  <way id="1047724600">
    <nd ref="1568383109"/>
    <nd ref="9634368106"/>
    <nd ref="9634368105"/>
    <nd ref="9634368103"/>
    <tag k="highway" v="service"/>
  </way>
  <way id="1047725861">
    <nd ref="9634382919"/>
    <nd ref="9634382928"/>
    <tag k="access" v="private"/>
    <tag k="highway" v="service"/>
    <tag k="service" v="driveway"/>
  </way>
  <way id="1047725865">
    <nd ref="9634382929"/>
    <nd ref="9634382919"/>
    <tag k="highway" v="service"/>
    <tag k="service" v="driveway"/>
  </way>
  <way id="1052094785">
    <nd ref="9668569092"/>
    <nd ref="9668569091"/>
    <tag k="highway" v="service"/>
    <tag k="service" v="parking_aisle"/>
    <tag k="smoothness" v="bad"/>
    <tag k="surface" v="sett"/>
  </way>
  <way id="1052094786">
    <nd ref="9668569094"/>
    <nd ref="9668569093"/>
    <tag k="highway" v="service"/>
    <tag k="service" v="parking_aisle"/>
    <tag k="smoothness" v="bad"/>
    <tag k="surface" v="sett"/>
  </way>
  <way id="1052094788">
    <nd ref="2355742514"/>
    <nd ref="9668569095"/>
    <tag k="highway" v="service"/>
    <tag k="service" v="parking_aisle"/>
    <tag k="smoothness" v="bad"/>
    <tag k="surface" v="sett"/>
  </way>
  <way id="1052094789">
    <nd ref="9668569097"/>
    <nd ref="3738842739"/>
    <tag k="highway" v="service"/>
    <tag k="service" v="parking_aisle"/>
    <tag k="smoothness" v="bad"/>
    <tag k="surface" v="sett"/>
  </way>
  <way id="1052094790">
    <nd ref="9668569099"/>
    <nd ref="9668569098"/>
    <tag k="highway" v="service"/>
    <tag k="service" v="parking_aisle"/>
    <tag k="smoothness" v="intermediate"/>
    <tag k="surface" v="sett"/>
  </way>
  <way id="1052094791">
    <nd ref="9668569101"/>
    <nd ref="9668569100"/>
    <tag k="highway" v="service"/>
    <tag k="service" v="parking_aisle"/>
    <tag k="smoothness" v="bad"/>
    <tag k="surface" v="sett"/>
  </way>
  <way id="1052094792">
    <nd ref="9668569103"/>
    <nd ref="9668569102"/>
    <tag k="highway" v="service"/>
    <tag k="service" v="parking_aisle"/>
    <tag k="smoothness" v="intermediate"/>
    <tag k="surface" v="sett"/>
  </way>
  <way id="1052094793">
    <nd ref="1582533227"/>
    <nd ref="2355742511"/>
    <tag k="highway" v="service"/>
    <tag k="name" v="Targ Węglowy"/>
    <tag k="surface" v="sett"/>
  </way>
  <way id="1052094794">
    <nd ref="2321670214"/>
    <nd ref="9668569108"/>
    <tag k="bicycle" v="yes"/>
    <tag k="highway" v="service"/>
    <tag k="horse" v="no"/>
    <tag k="psv" v="yes"/>
    <tag k="surface" v="sett"/>
    <tag k="vehicle" v="no"/>
  </way>
  <way id="1052094806">
    <nd ref="9668569218"/>
    <nd ref="9676078432"/>
    <nd ref="9668569217"/>
    <tag k="highway" v="service"/>
    <tag k="motor_vehicle" v="private"/>
    <tag k="service" v="driveway"/>
  </way>
  <way id="1052094812">
    <nd ref="9668569250"/>
    <nd ref="13468386023"/>
    <nd ref="9668569253"/>
    <nd ref="9668569251"/>
    <nd ref="9668569252"/>
    <tag k="highway" v="service"/>
    <tag k="motor_vehicle" v="private"/>
    <tag k="service" v="driveway"/>
  </way>
  <way id="1052697121">
    <nd ref="9674430683"/>
    <nd ref="1119354422"/>
    <tag k="highway" v="service"/>
    <tag k="motor_vehicle" v="private"/>
    <tag k="service" v="driveway"/>
  </way>
  <way id="1052697126">
    <nd ref="1574722775"/>
    <nd ref="2617308468"/>
    <nd ref="9146418302"/>
    <tag k="highway" v="service"/>
    <tag k="motor_vehicle" v="private"/>
    <tag k="service" v="driveway"/>
  </way>
  <way id="1052697130">
    <nd ref="1578644217"/>
    <nd ref="9674430691"/>
    <tag k="highway" v="service"/>
    <tag k="service" v="driveway"/>
  </way>
  <way id="1052697133">
    <nd ref="3027805241"/>
    <nd ref="9674430697"/>
    <tag k="access" v="permissive"/>
    <tag k="highway" v="service"/>
    <tag k="service" v="driveway"/>
  </way>
  <way id="1052697138">
    <nd ref="9674430714"/>
    <nd ref="9674430715"/>
    <tag k="access" v="private"/>
    <tag k="highway" v="service"/>
    <tag k="service" v="driveway"/>
  </way>
  <way id="1052697139">
    <nd ref="9674430716"/>
    <nd ref="9674430714"/>
    <tag k="highway" v="service"/>
    <tag k="service" v="driveway"/>
  </way>
  <way id="1052697143">
    <nd ref="3324016697"/>
    <nd ref="3898561889"/>
    <nd ref="6739883071"/>
    <tag k="highway" v="service"/>
    <tag k="name" v="Służebna"/>
    <tag k="surface" v="asphalt"/>
  </way>
  <way id="1052697144">
    <nd ref="5387504964"/>
    <nd ref="9170171892"/>
    <tag k="highway" v="service"/>
    <tag k="service" v="driveway"/>
  </way>
  <way id="1052697149">
    <nd ref="9674436642"/>
    <nd ref="9674436641"/>
    <tag k="highway" v="service"/>
    <tag k="service" v="driveway"/>
  </way>
  <way id="1052882806">
    <nd ref="9676065327"/>
    <nd ref="9676065325"/>
    <tag k="access" v="private"/>
    <tag k="highway" v="service"/>
    <tag k="service" v="driveway"/>
  </way>
  <way id="1052882807">
    <nd ref="9676065324"/>
    <nd ref="9676065326"/>
    <tag k="access" v="private"/>
    <tag k="highway" v="service"/>
    <tag k="service" v="driveway"/>
  </way>
  <way id="1052882809">
    <nd ref="9676063816"/>
    <nd ref="9676065317"/>
    <tag k="access" v="private"/>
    <tag k="highway" v="service"/>
    <tag k="service" v="driveway"/>
  </way>
  <way id="1052882810">
    <nd ref="9676065318"/>
    <nd ref="9676063816"/>
    <tag k="highway" v="service"/>
    <tag k="service" v="driveway"/>
  </way>
  <way id="1052882813">
    <nd ref="9676065330"/>
    <nd ref="9676065324"/>
    <tag k="access" v="private"/>
    <tag k="highway" v="service"/>
    <tag k="service" v="driveway"/>
    <tag k="tunnel" v="building_passage"/>
  </way>
  <way id="1052882814">
    <nd ref="9676065331"/>
    <nd ref="9676065327"/>
    <tag k="access" v="private"/>
    <tag k="highway" v="service"/>
    <tag k="service" v="driveway"/>
    <tag k="tunnel" v="building_passage"/>
  </way>
  <way id="1052882815">
    <nd ref="9676065328"/>
    <nd ref="9676065330"/>
    <tag k="highway" v="service"/>
    <tag k="service" v="driveway"/>
  </way>
  <way id="1052882816">
    <nd ref="9676065329"/>
    <nd ref="9676065328"/>
    <nd ref="9676065331"/>
    <tag k="highway" v="service"/>
    <tag k="service" v="driveway"/>
  </way>
  <way id="1052882822">
    <nd ref="9676065352"/>
    <nd ref="9676065351"/>
    <tag k="highway" v="service"/>
    <tag k="motor_vehicle" v="private"/>
    <tag k="service" v="parking_aisle"/>
  </way>
  <way id="1052884220">
    <nd ref="1849057289"/>
    <nd ref="12179862120"/>
    <nd ref="1849057291"/>
    <nd ref="2617308429"/>
    <nd ref="1947567838"/>
    <nd ref="12179862153"/>
    <tag k="agricultural" v="no"/>
    <tag k="hgv" v="no"/>
    <tag k="hgv:conditional" v="yes @ marked"/>
    <tag k="highway" v="residential"/>
    <tag k="lit" v="yes"/>
    <tag k="maxspeed" v="30"/>
    <tag k="name" v="Wojciecha Bogusławskiego"/>
    <tag k="note:hgv" v="Nie dotyczy samochodów ciężarowych o dopuszczalnej masie całkowitej nieprzekraczającej 12 ton w godzinach 21 - 10"/>
    <tag k="old_name:de" v="Hohes Tor"/>
    <tag k="source:hgv" v="PL:sign_B-5"/>
    <tag k="source:maxspeed" v="PL:zone30"/>
    <tag k="surface" v="asphalt"/>
  </way>
  <way id="1053084738">
    <nd ref="746799985"/>
    <nd ref="9677860245"/>
    <tag k="cycleway:right" v="no"/>
    <tag k="destination" v="Warszawa;Sztokholm;Stogi;Sobiszewo;Pruszcz Gdański;Orunia"/>
    <tag k="destination:ref" v="91"/>
    <tag k="dual_carriageway" v="yes"/>
    <tag k="foot" v="no"/>
    <tag k="highway" v="primary"/>
    <tag k="highway:category:pl" v="1"/>
    <tag k="int_ref" v="E 75"/>
    <tag k="lanes" v="2"/>
    <tag k="lit" v="yes"/>
    <tag k="maxaxleload" v="11.5"/>
    <tag k="maxspeed" v="50"/>
    <tag k="name" v="Okopowa"/>
    <tag k="old_name:de" v="Karrenwall"/>
    <tag k="oneway" v="yes"/>
    <tag k="parking:condition:both" v="no_stopping"/>
    <tag k="ref" v="91"/>
    <tag k="sidewalk" v="no"/>
    <tag k="smoothness" v="excellent"/>
    <tag k="source" v="UMP-PL, ./UMP-Gdansk/src/GDANSK.ulice.txt"/>
    <tag k="source:maxaxleload" v="Dz.U. 2011 nr 222 poz. 1321 Art. 2 pkt. 11"/>
    <tag k="source:maxspeed" v="PL:urban"/>
    <tag k="source:ref" v="Zarządzenie nr 46 Generalnego Dyrektora Dróg Krajowych i Autostrad z dnia 17 grudnia 2012 r."/>
    <tag k="source:ref:url" v="https://www.archiwum.gddkia.gov.pl/userfiles/articles/z/zarzadzenia-generalnego-dyrektor_10385/zarzadzenie%2046.pdf"/>
    <tag k="surface" v="asphalt"/>
    <tag k="turn:lanes" v="through|through;slight_right"/>
  </way>
  <way id="1053084739">
    <nd ref="301679713"/>
    <nd ref="301679715"/>
    <nd ref="12093034364"/>
    <tag k="bus_bay" v="right"/>
    <tag k="bus_bay:surface" v="sett"/>
    <tag k="dual_carriageway" v="yes"/>
    <tag k="highway" v="primary"/>
    <tag k="highway:category:pl" v="1"/>
    <tag k="int_ref" v="E 75"/>
    <tag k="lanes" v="3"/>
    <tag k="lit" v="yes"/>
    <tag k="maxaxleload" v="11.5"/>
    <tag k="maxspeed" v="50"/>
    <tag k="name" v="Wały Jagiellońskie"/>
    <tag k="old_name:de" v="Dominikswall"/>
    <tag k="oneway" v="yes"/>
    <tag k="parking:condition:both" v="no_stopping"/>
    <tag k="ref" v="91"/>
    <tag k="source" v="survey"/>
    <tag k="source:maxaxleload" v="Dz.U. 2011 nr 222 poz. 1321 Art. 2 pkt. 11"/>
    <tag k="source:maxspeed" v="PL:urban"/>
    <tag k="source:ref" v="Zarządzenie nr 46 Generalnego Dyrektora Dróg Krajowych i Autostrad z dnia 17 grudnia 2012 r."/>
    <tag k="source:ref:url" v="https://www.archiwum.gddkia.gov.pl/userfiles/articles/z/zarzadzenia-generalnego-dyrektor_10385/zarzadzenie%2046.pdf"/>
    <tag k="surface" v="asphalt"/>
    <tag k="turn:lanes" v="through|through;slight_right|slight_right"/>
  </way>
  <way id="1060251290">
    <nd ref="2986447232"/>
    <nd ref="9741199440"/>
    <tag k="highway" v="residential"/>
    <tag k="lit" v="yes"/>
    <tag k="maxspeed" v="30"/>
    <tag k="name" v="Pańska"/>
    <tag k="old_name:de" v="Junkergasse"/>
    <tag k="oneway" v="yes"/>
    <tag k="oneway:bicycle" v="no"/>
    <tag k="parking:left" v="yes"/>
    <tag k="smoothness" v="good"/>
    <tag k="source:maxspeed" v="PL:zone30"/>
    <tag k="surface" v="sett"/>
  </way>
  <way id="1060895214">
    <nd ref="9747558159"/>
    <nd ref="11074751561"/>
    <nd ref="10824480890"/>
    <nd ref="9747558158"/>
    <tag k="highway" v="service"/>
  </way>
  <way id="1060895215">
    <nd ref="9747558161"/>
    <nd ref="9790962599"/>
    <nd ref="6089923985"/>
    <nd ref="9747558160"/>
    <tag k="highway" v="service"/>
    <tag k="service" v="driveway"/>
  </way>
  <way id="1060895216">
    <nd ref="9747558163"/>
    <nd ref="9790962598"/>
    <nd ref="6089923892"/>
    <nd ref="9747558162"/>
    <tag k="highway" v="service"/>
    <tag k="service" v="driveway"/>
  </way>
  <way id="1060895223">
    <nd ref="9747558196"/>
    <nd ref="9790962600"/>
    <nd ref="9747558188"/>
    <tag k="highway" v="service"/>
    <tag k="service" v="driveway"/>
  </way>
  <way id="1060895225">
    <nd ref="9747558188"/>
    <nd ref="9747558194"/>
    <nd ref="9747558195"/>
    <tag k="access" v="private"/>
    <tag k="highway" v="service"/>
    <tag k="service" v="driveway"/>
  </way>
  <way id="1061089238">
    <nd ref="9749219982"/>
    <nd ref="9749219977"/>
    <nd ref="9749219981"/>
    <tag k="highway" v="service"/>
    <tag k="service" v="driveway"/>
  </way>
  <way id="1061089241">
    <nd ref="1119454969"/>
    <nd ref="11074751564"/>
    <nd ref="9749219987"/>
    <tag k="highway" v="service"/>
    <tag k="service" v="driveway"/>
  </way>
  <way id="1064693311">
    <nd ref="9778119530"/>
    <nd ref="9778119529"/>
    <nd ref="9778119528"/>
    <nd ref="9778119527"/>
    <nd ref="9778119520"/>
    <nd ref="9778119526"/>
    <nd ref="9778119525"/>
    <tag k="highway" v="service"/>
    <tag k="service" v="driveway"/>
  </way>
  <way id="1065748714">
    <nd ref="9787038053"/>
    <nd ref="9787038056"/>
    <nd ref="9787038055"/>
    <nd ref="9787038054"/>
    <tag k="access" v="private"/>
    <tag k="highway" v="service"/>
    <tag k="service" v="driveway"/>
  </way>
  <way id="1069065489">
    <nd ref="7777572494"/>
    <nd ref="3741546586"/>
    <nd ref="7778350274"/>
    <nd ref="3741546591"/>
    <nd ref="9473567278"/>
    <tag k="cycleway:right" v="lane"/>
    <tag k="dual_carriageway" v="yes"/>
    <tag k="highway" v="primary"/>
    <tag k="highway:category:pl" v="2"/>
    <tag k="lanes" v="2"/>
    <tag k="lit" v="yes"/>
    <tag k="maxspeed" v="50"/>
    <tag k="name" v="Podwale Przedmiejskie"/>
    <tag k="old_name" v="Reitergasse"/>
    <tag k="old_name:de" v="Vorstädtischer Graben"/>
    <tag k="oneway" v="yes"/>
    <tag k="ref" v="501"/>
    <tag k="source" v="UMP-PL, ./UMP-Gdansk/src/GDANSK.ulice.txt"/>
    <tag k="source:maxspeed" v="PL:urban"/>
    <tag k="surface" v="asphalt"/>
  </way>
  <way id="1070478831">
    <nd ref="9823999522"/>
    <nd ref="9823999514"/>
    <nd ref="9823999517"/>
    <nd ref="9823999516"/>
    <tag k="highway" v="service"/>
    <tag k="service" v="driveway"/>
  </way>
  <way id="1070478832">
    <nd ref="9823999518"/>
    <nd ref="9823999519"/>
    <nd ref="9823999520"/>
    <nd ref="9823999527"/>
    <nd ref="9823999522"/>
    <nd ref="9823999521"/>
    <tag k="highway" v="service"/>
    <tag k="service" v="driveway"/>
  </way>
  <way id="1070478833">
    <nd ref="9823999528"/>
    <nd ref="9823999524"/>
    <nd ref="9823999508"/>
    <nd ref="9823999527"/>
    <nd ref="12045974392"/>
    <tag k="highway" v="service"/>
    <tag k="service" v="driveway"/>
  </way>
  <way id="1070478918">
    <nd ref="9823999838"/>
    <nd ref="9823999837"/>
    <nd ref="9823999841"/>
    <nd ref="9823999836"/>
    <nd ref="9823999835"/>
    <nd ref="9823999834"/>
    <nd ref="9823999829"/>
    <nd ref="9823999832"/>
    <tag k="highway" v="service"/>
    <tag k="service" v="driveway"/>
  </way>
  <way id="1070478919">
    <nd ref="9823999846"/>
    <nd ref="9823999845"/>
    <nd ref="9823999844"/>
    <nd ref="9823999843"/>
    <nd ref="9823999842"/>
    <nd ref="9823999841"/>
    <tag k="agricultural" v="no"/>
    <tag k="hgv" v="no"/>
    <tag k="hgv:conditional" v="yes @ marked"/>
    <tag k="highway" v="service"/>
    <tag k="note:hgv" v="Nie dotyczy użytkowników garaży i służb komunalnych"/>
    <tag k="service" v="driveway"/>
    <tag k="source:hgv" v="PL:sign_B-5"/>
  </way>
  <way id="1070478920">
    <nd ref="9823999851"/>
    <nd ref="9823999685"/>
    <nd ref="9823999850"/>
    <nd ref="9823999849"/>
    <nd ref="9823999817"/>
    <nd ref="9823999848"/>
    <nd ref="9823999847"/>
    <tag k="highway" v="service"/>
    <tag k="service" v="driveway"/>
  </way>
  <way id="1070590764">
    <nd ref="9825087299"/>
    <nd ref="9825087298"/>
    <tag k="highway" v="service"/>
    <tag k="service" v="driveway"/>
  </way>
  <way id="1079304958">
    <nd ref="1849057284"/>
    <nd ref="11163733077"/>
    <nd ref="12179862117"/>
    <nd ref="1849057289"/>
    <tag k="agricultural" v="no"/>
    <tag k="hgv" v="no"/>
    <tag k="hgv:conditional" v="yes @ marked"/>
    <tag k="highway" v="residential"/>
    <tag k="maxspeed" v="30"/>
    <tag k="name" v="Wojciecha Bogusławskiego"/>
    <tag k="note:hgv" v="Nie dotyczy samochodów ciężarowych o dopuszczalnej masie całkowitej nieprzekraczającej 12 ton w godzinach 21 - 10"/>
    <tag k="old_name:de" v="Reitbahn"/>
    <tag k="source:hgv" v="PL:sign_B-5"/>
    <tag k="source:maxspeed" v="PL:zone30"/>
    <tag k="surface" v="asphalt"/>
  </way>
  <way id="1080898220">
    <nd ref="1849057282"/>
    <nd ref="1849057279"/>
    <nd ref="12239687132"/>
    <nd ref="1849057278"/>
    <nd ref="1849057277"/>
    <nd ref="2617308382"/>
    <tag k="bicycle" v="yes"/>
    <tag k="highway" v="residential"/>
    <tag k="horse" v="no"/>
    <tag k="maxspeed" v="30"/>
    <tag k="name" v="Za Murami"/>
    <tag k="note:access" v="Nie dotyczy posiadaczy identyfikatorów typu GM wydanych przez GZDiZ oraz pojazdów wymienionych w Zarządzeniu nr 34/14 Prezydenta Miasta Gdańska z dn. 10.01.2014 r. Informacje: PN-PT w godz. 7.00-15.00 tel. 58 52-44-627, 58 55-89-571"/>
    <tag k="old_name:de" v="Hintergasse"/>
    <tag k="oneway" v="yes"/>
    <tag k="oneway:bicycle" v="no"/>
    <tag k="source:access" v="https://gzd.gda.pl/zalatw-sprawe/strefa-ograniczonej-dostepnosci-na-glownym-miescie,a,3141"/>
    <tag k="source:maxspeed" v="PL:zone30"/>
    <tag k="surface" v="unhewn_cobblestone"/>
    <tag k="taxi" v="yes"/>
    <tag k="vehicle" v="permit"/>
  </way>
  <way id="1080911392">
    <nd ref="12677438222"/>
    <nd ref="9907154299"/>
    <nd ref="3027522440"/>
    <tag k="highway" v="service"/>
    <tag k="informal" v="yes"/>
    <tag k="service" v="parking_aisle"/>
    <tag k="surface" v="compacted"/>
  </way>
  <way id="1080911393">
    <nd ref="12677438218"/>
    <nd ref="12677438216"/>
    <nd ref="12677438217"/>
    <tag k="highway" v="service"/>
    <tag k="informal" v="yes"/>
    <tag k="service" v="parking_aisle"/>
    <tag k="surface" v="compacted"/>
  </way>
  <way id="1080911394">
    <nd ref="12677438221"/>
    <nd ref="12677438219"/>
    <nd ref="12677438220"/>
    <tag k="highway" v="service"/>
    <tag k="informal" v="yes"/>
    <tag k="service" v="parking_aisle"/>
    <tag k="surface" v="compacted"/>
  </way>
  <way id="1080911395">
    <nd ref="9907154306"/>
    <nd ref="9907154296"/>
    <nd ref="9907154305"/>
    <tag k="highway" v="service"/>
    <tag k="informal" v="yes"/>
    <tag k="service" v="parking_aisle"/>
    <tag k="surface" v="compacted"/>
  </way>
  <way id="1080911396">
    <nd ref="9907154308"/>
    <nd ref="9907154256"/>
    <nd ref="9907154307"/>
    <tag k="highway" v="service"/>
    <tag k="informal" v="yes"/>
    <tag k="service" v="parking_aisle"/>
    <tag k="surface" v="compacted"/>
  </way>
  <way id="1080911397">
    <nd ref="3027522428"/>
    <nd ref="9907272821"/>
    <nd ref="9907272820"/>
    <nd ref="9907272819"/>
    <nd ref="9907272818"/>
    <nd ref="9907272817"/>
    <nd ref="9907154316"/>
    <nd ref="9907154315"/>
    <nd ref="9907154314"/>
    <nd ref="9907154308"/>
    <nd ref="9907154313"/>
    <nd ref="9907154312"/>
    <nd ref="9907154311"/>
    <nd ref="9907154310"/>
    <nd ref="9907154309"/>
    <tag k="highway" v="service"/>
    <tag k="informal" v="yes"/>
    <tag k="service" v="parking_aisle"/>
    <tag k="surface" v="compacted"/>
  </way>
  <way id="1080911467">
    <nd ref="13655273299"/>
    <nd ref="6042571337"/>
    <tag k="agricultural" v="no"/>
    <tag k="hgv" v="no"/>
    <tag k="hgv:conditional" v="yes @ marked"/>
    <tag k="highway" v="residential"/>
    <tag k="lanes" v="3"/>
    <tag k="lanes:backward" v="1"/>
    <tag k="lanes:forward" v="2"/>
    <tag k="lit" v="yes"/>
    <tag k="maxspeed" v="50"/>
    <tag k="name" v="Chmielna"/>
    <tag k="note:hgv" v="Nie dotyczy posiadaczy identyfikatorów typu T wydanych przez GZDiZ"/>
    <tag k="old_name:de" v="Hopfengasse"/>
    <tag k="source" v="UMP-PL, ./UMP-Gdansk/src/GDANSK.ulice.txt"/>
    <tag k="source:hgv" v="PL:sign_B-5"/>
    <tag k="source:maxspeed" v="PL:urban"/>
    <tag k="surface" v="sett"/>
  </way>
  <way id="1080911468">
    <nd ref="6042571339"/>
    <nd ref="11466820977"/>
    <nd ref="9907272987"/>
    <nd ref="13716794770"/>
    <tag k="highway" v="residential"/>
    <tag k="lanes" v="3"/>
    <tag k="lanes:backward" v="1"/>
    <tag k="lanes:forward" v="2"/>
    <tag k="lit" v="yes"/>
    <tag k="maxspeed" v="30"/>
    <tag k="name" v="Chmielna"/>
    <tag k="old_name:de" v="Hopfengasse"/>
    <tag k="sidewalk" v="separate"/>
    <tag k="source:maxspeed" v="PL:zone30"/>
    <tag k="surface" v="asphalt"/>
  </way>
  <way id="1080915227">
    <nd ref="8908209812"/>
    <nd ref="10822668517"/>
    <nd ref="8908209814"/>
    <tag k="highway" v="service"/>
    <tag k="service" v="driveway"/>
  </way>
  <way id="1084468912">
    <nd ref="9741199440"/>
    <nd ref="2320875684"/>
    <nd ref="1523267969"/>
    <nd ref="1523267986"/>
    <nd ref="9937677084"/>
    <tag k="highway" v="residential"/>
    <tag k="lit" v="yes"/>
    <tag k="maxspeed" v="30"/>
    <tag k="name" v="Pańska"/>
    <tag k="old_name:de" v="Junkergasse"/>
    <tag k="oneway" v="yes"/>
    <tag k="oneway:bicycle" v="no"/>
    <tag k="parking:left" v="yes"/>
    <tag k="smoothness" v="good"/>
    <tag k="source:maxspeed" v="PL:zone30"/>
    <tag k="surface" v="sett"/>
  </way>
  <way id="1084468913">
    <nd ref="301671320"/>
    <nd ref="2986447232"/>
    <tag k="highway" v="residential"/>
    <tag k="lit" v="yes"/>
    <tag k="maxspeed" v="30"/>
    <tag k="name" v="Pańska"/>
    <tag k="old_name:de" v="Junkergasse"/>
    <tag k="oneway" v="yes"/>
    <tag k="oneway:bicycle" v="no"/>
    <tag k="parking:left" v="yes"/>
    <tag k="smoothness" v="good"/>
    <tag k="source:maxspeed" v="PL:zone30"/>
    <tag k="surface" v="sett"/>
  </way>
  <way id="1087533152">
    <nd ref="2632154416"/>
    <nd ref="595795111"/>
    <nd ref="9825087300"/>
    <nd ref="12789801059"/>
    <nd ref="1876259335"/>
    <tag k="highway" v="residential"/>
    <tag k="maxspeed" v="30"/>
    <tag k="name" v="Rzeźnicka"/>
    <tag k="old_name:de" v="Fleischergasse"/>
    <tag k="oneway" v="yes"/>
    <tag k="oneway:bicycle" v="no"/>
    <tag k="source" v="https://gzdiz.gda.pl/drogi/zmiana-organizacji-ruchu-na-ul-okopowej-przy-urzedzie-marszalkowskim,a,3388"/>
    <tag k="source:maxspeed" v="PL:zone30"/>
    <tag k="surface" v="cobblestone"/>
  </way>
  <way id="1087533445">
    <nd ref="9964225734"/>
    <nd ref="9964225733"/>
    <nd ref="9964225731"/>
    <nd ref="9964225732"/>
    <tag k="highway" v="service"/>
    <tag k="service" v="driveway"/>
  </way>
  <way id="1089848093">
    <nd ref="11471872994"/>
    <nd ref="9983286620"/>
    <nd ref="11471872992"/>
    <tag k="highway" v="service"/>
    <tag k="motor_vehicle" v="private"/>
    <tag k="service" v="driveway"/>
  </way>
  <way id="1089848094">
    <nd ref="9983286623"/>
    <nd ref="9983286622"/>
    <tag k="highway" v="service"/>
    <tag k="service" v="driveway"/>
  </way>
  <way id="1089848095">
    <nd ref="9983286643"/>
    <nd ref="11471872993"/>
    <nd ref="9983286642"/>
    <tag k="highway" v="service"/>
    <tag k="service" v="driveway"/>
  </way>
  <way id="1089848101">
    <nd ref="9983286655"/>
    <nd ref="9983286644"/>
    <nd ref="2478708606"/>
    <tag k="highway" v="service"/>
    <tag k="name" v="Za Murami"/>
    <tag k="old_name:de" v="Hintergasse"/>
    <tag k="surface" v="paving_stones"/>
  </way>
  <way id="1089848102">
    <nd ref="1120435676"/>
    <nd ref="9983286623"/>
    <tag k="highway" v="service"/>
    <tag k="name" v="Za Murami"/>
    <tag k="old_name:de" v="Hintergasse"/>
    <tag k="surface" v="sett"/>
  </way>
  <way id="1089866055">
    <nd ref="9983427578"/>
    <nd ref="9983427575"/>
    <tag k="access" v="private"/>
    <tag k="highway" v="service"/>
    <tag k="service" v="driveway"/>
  </way>
  <way id="1089866056">
    <nd ref="9983427575"/>
    <nd ref="9983427577"/>
    <nd ref="9983427576"/>
    <nd ref="1890705227"/>
    <tag k="highway" v="service"/>
    <tag k="service" v="driveway"/>
  </way>
  <way id="1089866098">
    <nd ref="9177950339"/>
    <nd ref="9983430845"/>
    <nd ref="9983430844"/>
    <tag k="highway" v="service"/>
    <tag k="service" v="driveway"/>
  </way>
  <way id="1089866099">
    <nd ref="9983430847"/>
    <nd ref="9177950343"/>
    <tag k="highway" v="service"/>
    <tag k="service" v="driveway"/>
    <tag k="surface" v="paved"/>
  </way>
  <way id="1089866100">
    <nd ref="3047508201"/>
    <nd ref="9177950342"/>
    <nd ref="9983430857"/>
    <nd ref="9177950354"/>
    <tag k="highway" v="service"/>
    <tag k="surface" v="paved"/>
  </way>
  <way id="1089866101">
    <nd ref="9983430857"/>
    <nd ref="9983430856"/>
    <nd ref="9983430855"/>
    <nd ref="9983430854"/>
    <nd ref="9983430853"/>
    <nd ref="9983430852"/>
    <nd ref="9983430851"/>
    <tag k="highway" v="service"/>
    <tag k="service" v="driveway"/>
    <tag k="surface" v="paved"/>
  </way>
  <way id="1089866102">
    <nd ref="9177950342"/>
    <nd ref="9177950343"/>
    <nd ref="9983430858"/>
    <tag k="highway" v="service"/>
    <tag k="service" v="driveway"/>
    <tag k="surface" v="paved"/>
  </way>
  <way id="1089866106">
    <nd ref="9983430878"/>
    <nd ref="9983430864"/>
    <tag k="highway" v="service"/>
    <tag k="service" v="parking_aisle"/>
  </way>
  <way id="1089866116">
    <nd ref="9983430864"/>
    <nd ref="9983430875"/>
    <nd ref="9983430876"/>
    <tag k="highway" v="service"/>
    <tag k="motor_vehicle" v="private"/>
    <tag k="service" v="parking_aisle"/>
  </way>
  <way id="1089866117">
    <nd ref="9983430880"/>
    <nd ref="9983430885"/>
    <nd ref="9983430884"/>
    <nd ref="9983430883"/>
    <nd ref="9983430882"/>
    <nd ref="9983430881"/>
    <tag k="highway" v="service"/>
    <tag k="service" v="driveway"/>
  </way>
  <way id="1089866120">
    <nd ref="9983430901"/>
    <nd ref="9983430891"/>
    <nd ref="9983430899"/>
    <nd ref="9983430900"/>
    <tag k="highway" v="service"/>
    <tag k="service" v="driveway"/>
  </way>
  <way id="1089866123">
    <nd ref="9983430919"/>
    <nd ref="9983430896"/>
    <nd ref="9983430910"/>
    <nd ref="9983430918"/>
    <nd ref="9983430917"/>
    <nd ref="9983430916"/>
    <nd ref="9983430915"/>
    <nd ref="9983430914"/>
    <nd ref="9983430913"/>
    <nd ref="9983430912"/>
    <tag k="highway" v="service"/>
    <tag k="service" v="driveway"/>
  </way>
  <way id="1089866167">
    <nd ref="9983431097"/>
    <nd ref="8440123296"/>
    <tag k="highway" v="service"/>
    <tag k="service" v="driveway"/>
  </way>
  <way id="1089877117">
    <nd ref="9983538224"/>
    <nd ref="9983538223"/>
    <nd ref="9983538222"/>
    <nd ref="9983538221"/>
    <tag k="highway" v="service"/>
    <tag k="service" v="driveway"/>
  </way>
  <way id="1089878116">
    <nd ref="9983467307"/>
    <nd ref="9983467306"/>
    <nd ref="9983467305"/>
    <tag k="access" v="private"/>
    <tag k="highway" v="service"/>
    <tag k="service" v="driveway"/>
  </way>
  <way id="1089878117">
    <nd ref="1849057306"/>
    <nd ref="9983519370"/>
    <nd ref="1119861578"/>
    <nd ref="10208448861"/>
    <nd ref="1566156179"/>
    <nd ref="10208437483"/>
    <nd ref="301672012"/>
    <tag k="highway" v="residential"/>
    <tag k="lit" v="yes"/>
    <tag k="maxspeed" v="30"/>
    <tag k="name" v="Straganiarska"/>
    <tag k="old_name:de" v="Häkergasse"/>
    <tag k="old_name:la" v="platea campensium"/>
    <tag k="oneway" v="yes"/>
    <tag k="oneway:bicycle" v="no"/>
    <tag k="source:maxspeed" v="PL:zone30"/>
    <tag k="surface" v="sett"/>
  </way>
  <way id="1089878119">
    <nd ref="9983467315"/>
    <nd ref="9983467308"/>
    <nd ref="9983467314"/>
    <nd ref="9983467313"/>
    <nd ref="12757119683"/>
    <nd ref="12757119668"/>
    <nd ref="9983467312"/>
    <nd ref="12757119674"/>
    <nd ref="9983467311"/>
    <nd ref="9983467310"/>
    <nd ref="9983467309"/>
    <tag k="highway" v="service"/>
    <tag k="service" v="driveway"/>
    <tag k="surface" v="unpaved"/>
  </way>
  <way id="1090736286">
    <nd ref="9990485333"/>
    <nd ref="7180930005"/>
    <tag k="access" v="private"/>
    <tag k="highway" v="service"/>
    <tag k="service" v="driveway"/>
  </way>
  <way id="1090751072">
    <nd ref="9990599236"/>
    <nd ref="9990599234"/>
    <nd ref="9990599235"/>
    <tag k="highway" v="service"/>
    <tag k="service" v="driveway"/>
  </way>
  <way id="1090751075">
    <nd ref="3029029956"/>
    <nd ref="9990599266"/>
    <nd ref="13276404378"/>
    <nd ref="9825087281"/>
    <tag k="bicycle" v="no"/>
    <tag k="foot" v="no"/>
    <tag k="highway" v="service"/>
    <tag k="maxweightrating:hgv" v="3.5"/>
    <tag k="mofa" v="no"/>
    <tag k="moped" v="no"/>
    <tag k="service" v="driveway"/>
    <tag k="source:maxweightrating:hgv" v="PL:sign_B-5"/>
    <tag k="trailer" v="no"/>
  </way>
  <way id="1090751076">
    <nd ref="1876250854"/>
    <nd ref="3039299096"/>
    <nd ref="301679527"/>
    <tag k="highway" v="residential"/>
    <tag k="lanes" v="2"/>
    <tag k="lit" v="yes"/>
    <tag k="maxspeed" v="30"/>
    <tag k="name" v="Żabi Kruk"/>
    <tag k="old_name:de" v="Poggenpfuhl"/>
    <tag k="oneway:bicycle" v="no"/>
    <tag k="source:maxspeed" v="PL:zone30"/>
    <tag k="surface" v="asphalt"/>
  </way>
  <way id="1090751077">
    <nd ref="9990599243"/>
    <nd ref="9990599241"/>
    <nd ref="9990599242"/>
    <tag k="access" v="private"/>
    <tag k="highway" v="service"/>
    <tag k="service" v="parking_aisle"/>
  </way>
  <way id="1090751078">
    <nd ref="9990599245"/>
    <nd ref="9990599240"/>
    <nd ref="9990599244"/>
    <tag k="access" v="private"/>
    <tag k="highway" v="service"/>
    <tag k="service" v="parking_aisle"/>
  </way>
  <way id="1090751079">
    <nd ref="9990599247"/>
    <nd ref="9990599239"/>
    <nd ref="9990599246"/>
    <tag k="access" v="private"/>
    <tag k="highway" v="service"/>
    <tag k="service" v="parking_aisle"/>
  </way>
  <way id="1090751080">
    <nd ref="3029029941"/>
    <nd ref="3029029942"/>
    <tag k="access" v="private"/>
    <tag k="highway" v="service"/>
    <tag k="service" v="parking_aisle"/>
  </way>
  <way id="1090751081">
    <nd ref="9990599237"/>
    <nd ref="3029029949"/>
    <nd ref="3029029951"/>
    <nd ref="3029029958"/>
    <tag k="access" v="private"/>
    <tag k="highway" v="service"/>
    <tag k="service" v="parking_aisle"/>
  </way>
  <way id="1090751082">
    <nd ref="9990599252"/>
    <nd ref="9990599251"/>
    <nd ref="9990599250"/>
    <tag k="highway" v="service"/>
    <tag k="service" v="driveway"/>
  </way>
  <way id="1090751083">
    <nd ref="9990599255"/>
    <nd ref="9990599254"/>
    <tag k="highway" v="service"/>
    <tag k="service" v="parking_aisle"/>
  </way>
  <way id="1090751088">
    <nd ref="595819450"/>
    <nd ref="1876259339"/>
    <nd ref="4745686846"/>
    <nd ref="1876587660"/>
    <tag k="highway" v="residential"/>
    <tag k="lit" v="yes"/>
    <tag k="maxspeed" v="30"/>
    <tag k="name" v="Rzeźnicka"/>
    <tag k="old_name:de" v="Fleischergasse"/>
    <tag k="oneway" v="yes"/>
    <tag k="oneway:bicycle" v="no"/>
    <tag k="source:maxspeed" v="PL:zone30"/>
    <tag k="surface" v="asphalt"/>
  </way>
  <way id="1090751092">
    <nd ref="9990599291"/>
    <nd ref="9990599290"/>
    <nd ref="9990599289"/>
    <tag k="highway" v="service"/>
    <tag k="service" v="driveway"/>
  </way>
  <way id="1090751093">
    <nd ref="11152624768"/>
    <nd ref="7819606530"/>
    <nd ref="9990599291"/>
    <nd ref="7819606531"/>
    <tag k="highway" v="service"/>
    <tag k="maxspeed" v="30"/>
    <tag k="source:maxspeed" v="PL:zone30"/>
  </way>
  <way id="1099756381">
    <nd ref="3769677322"/>
    <nd ref="10067772107"/>
    <nd ref="2617194312"/>
    <tag k="highway" v="service"/>
    <tag k="service" v="driveway"/>
  </way>
  <way id="1099756383">
    <nd ref="10067801618"/>
    <nd ref="10067772116"/>
    <nd ref="10067801617"/>
    <tag k="highway" v="service"/>
    <tag k="service" v="driveway"/>
  </way>
  <way id="1099756388">
    <nd ref="10067801635"/>
    <nd ref="1868665133"/>
    <nd ref="1868665158"/>
    <nd ref="1868665234"/>
    <tag k="highway" v="residential"/>
    <tag k="lit" v="yes"/>
    <tag k="maxspeed" v="30"/>
    <tag k="name" v="Ołowianka"/>
    <tag k="old_name:de" v="Teerhof"/>
    <tag k="source:maxspeed" v="PL:zone30"/>
    <tag k="surface" v="cobblestone"/>
  </way>
  <way id="1099756396">
    <nd ref="301672250"/>
    <nd ref="4924997961"/>
    <nd ref="2617194341"/>
    <nd ref="4924997960"/>
    <tag k="highway" v="residential"/>
    <tag k="lit" v="yes"/>
    <tag k="maxspeed" v="30"/>
    <tag k="name" v="Ołowianka"/>
    <tag k="old_name:de" v="Bleihof"/>
    <tag k="source:maxspeed" v="PL:zone30"/>
    <tag k="surface" v="sett"/>
  </way>
  <way id="1108366874">
    <nd ref="10141231361"/>
    <nd ref="10141231360"/>
    <tag k="bicycle" v="yes"/>
    <tag k="bridge" v="movable"/>
    <tag k="bridge:movable" v="bascule"/>
    <tag k="highway" v="residential"/>
    <tag k="layer" v="1"/>
    <tag k="lit" v="yes"/>
    <tag k="maxspeed" v="30"/>
    <tag k="maxweight" v="3.5"/>
    <tag k="maxweight:conditional" v="none @ marked"/>
    <tag k="name" v="Stągiewna"/>
    <tag k="note:maxweight" v="Nie dotyczy służb komunalnych oraz posiadaczy identyfikatórw wydanych przez GZDiZ"/>
    <tag k="old_name:de" v="Milchkannenbrücke"/>
    <tag k="sidewalk:both" v="separate"/>
    <tag k="smoothness" v="excellent"/>
    <tag k="source:maxspeed" v="PL:zone30"/>
    <tag k="source:maxweight" v="PL:sign_B-18"/>
    <tag k="surface" v="asphalt"/>
    <tag k="traffic_sign" v="DE:253"/>
    <tag k="wikidata" v="Q11785852"/>
    <tag k="wikipedia" v="pl:Most Stągiewny"/>
  </way>
  <way id="1108366880">
    <nd ref="11555110473"/>
    <nd ref="10141231345"/>
    <nd ref="10141231372"/>
    <nd ref="10141231371"/>
    <nd ref="10141231370"/>
    <nd ref="10141231369"/>
    <nd ref="10141231368"/>
    <nd ref="10141231366"/>
    <nd ref="11555110474"/>
    <tag k="highway" v="service"/>
    <tag k="maxspeed" v="20"/>
    <tag k="service" v="driveway"/>
    <tag k="source:maxspeed" v="PL:living_street"/>
    <tag k="surface" v="sett"/>
  </way>
  <way id="1108542620">
    <nd ref="2964089219"/>
    <nd ref="2539678157"/>
    <tag k="highway" v="service"/>
    <tag k="oneway" v="yes"/>
    <tag k="surface" v="asphalt"/>
  </way>
  <way id="1108542621">
    <nd ref="2539678033"/>
    <nd ref="2539677577"/>
    <nd ref="2964089225"/>
    <nd ref="9071372218"/>
    <nd ref="2964089219"/>
    <tag k="highway" v="service"/>
    <tag k="oneway" v="yes"/>
  </way>
  <way id="1108542622">
    <nd ref="2539678157"/>
    <nd ref="2539677550"/>
    <nd ref="2539677552"/>
    <nd ref="10141231347"/>
    <nd ref="2539677554"/>
    <nd ref="10141231377"/>
    <tag k="highway" v="service"/>
    <tag k="oneway" v="yes"/>
  </way>
  <way id="1116123905">
    <nd ref="9170196323"/>
    <nd ref="10208437488"/>
    <nd ref="10208437487"/>
    <tag k="highway" v="service"/>
    <tag k="motor_vehicle" v="private"/>
    <tag k="service" v="parking_aisle"/>
  </way>
  <way id="1116123906">
    <nd ref="10208437494"/>
    <nd ref="10208437489"/>
    <nd ref="10208437491"/>
    <nd ref="10208437490"/>
    <nd ref="10208437492"/>
    <nd ref="10208437493"/>
    <tag k="highway" v="service"/>
    <tag k="service" v="driveway"/>
  </way>
  <way id="1116123925">
    <nd ref="1566155686"/>
    <nd ref="10208448825"/>
    <nd ref="10208448831"/>
    <tag k="highway" v="service"/>
    <tag k="service" v="parking_aisle"/>
    <tag k="surface" v="sett"/>
  </way>
  <way id="1116123964">
    <nd ref="301672005"/>
    <nd ref="10208437494"/>
    <nd ref="2617194428"/>
    <nd ref="1391177299"/>
    <nd ref="10208448739"/>
    <nd ref="301672006"/>
    <tag k="highway" v="residential"/>
    <tag k="maxspeed" v="30"/>
    <tag k="name" v="Świętojańska"/>
    <tag k="note" v="Dwukierunkowa na czas wakacji"/>
    <tag k="old_name:de" v="Johannisgasse"/>
    <tag k="old_name:la" v="platea sancti Johannis"/>
    <tag k="oneway" v="yes"/>
    <tag k="oneway:bicycle" v="no"/>
    <tag k="source:maxspeed" v="PL:zone30"/>
    <tag k="surface" v="asphalt"/>
  </way>
  <way id="1116123965">
    <nd ref="10208448842"/>
    <nd ref="10208448841"/>
    <tag k="access" v="private"/>
    <tag k="highway" v="service"/>
    <tag k="service" v="driveway"/>
  </way>
  <way id="1116123966">
    <nd ref="10208448840"/>
    <nd ref="10208437480"/>
    <nd ref="10208448842"/>
    <tag k="highway" v="service"/>
    <tag k="service" v="driveway"/>
  </way>
  <way id="1116123971">
    <nd ref="10208448858"/>
    <nd ref="301683410"/>
    <tag k="highway" v="service"/>
    <tag k="service" v="driveway"/>
  </way>
  <way id="1116123974">
    <nd ref="10208448861"/>
    <nd ref="10208448859"/>
    <nd ref="10208448860"/>
    <tag k="highway" v="service"/>
    <tag k="service" v="driveway"/>
  </way>
  <way id="1116123978">
    <nd ref="9983545317"/>
    <nd ref="10208437479"/>
    <nd ref="12757119686"/>
    <nd ref="9983467316"/>
    <nd ref="9983467315"/>
    <tag k="highway" v="service"/>
    <tag k="service" v="driveway"/>
  </way>
  <way id="1116123979">
    <nd ref="10208448868"/>
    <nd ref="9983519363"/>
    <nd ref="1119861578"/>
    <tag k="highway" v="service"/>
  </way>
  <way id="1120241547">
    <nd ref="10245849575"/>
    <nd ref="10245849589"/>
    <tag k="highway" v="service"/>
    <tag k="motor_vehicle" v="private"/>
    <tag k="service" v="driveway"/>
  </way>
  <way id="1120241549">
    <nd ref="10245849588"/>
    <nd ref="10245849561"/>
    <nd ref="10245849571"/>
    <tag k="highway" v="service"/>
    <tag k="service" v="driveway"/>
  </way>
  <way id="1120241550">
    <nd ref="10245849572"/>
    <nd ref="10245849578"/>
    <tag k="highway" v="service"/>
    <tag k="motor_vehicle" v="private"/>
    <tag k="service" v="driveway"/>
  </way>
  <way id="1120241552">
    <nd ref="4336248341"/>
    <nd ref="1582533875"/>
    <tag k="highway" v="residential"/>
    <tag k="lit" v="yes"/>
    <tag k="maxspeed" v="30"/>
    <tag k="name" v="Targ Węglowy"/>
    <tag k="old_name:de" v="Kohlenmarkt"/>
    <tag k="sidewalk" v="right"/>
    <tag k="sidewalk:right:surface" v="paving_stones"/>
    <tag k="smoothness" v="intermediate"/>
    <tag k="source:maxspeed" v="PL:zone30"/>
    <tag k="surface" v="sett"/>
    <tag k="vehicle" v="designated"/>
  </way>
  <way id="1120241554">
    <nd ref="10245849579"/>
    <nd ref="10245849573"/>
    <nd ref="10245849572"/>
    <tag k="highway" v="service"/>
    <tag k="service" v="driveway"/>
  </way>
  <way id="1120241555">
    <nd ref="10245849582"/>
    <nd ref="10245849580"/>
    <tag k="highway" v="service"/>
    <tag k="motor_vehicle" v="private"/>
    <tag k="service" v="driveway"/>
  </way>
  <way id="1120241556">
    <nd ref="10245849587"/>
    <nd ref="10245849582"/>
    <nd ref="10245849581"/>
    <tag k="highway" v="service"/>
    <tag k="motor_vehicle" v="private"/>
    <tag k="service" v="driveway"/>
  </way>
  <way id="1120241557">
    <nd ref="10245849584"/>
    <nd ref="10245849583"/>
    <tag k="highway" v="service"/>
    <tag k="motor_vehicle" v="private"/>
    <tag k="service" v="driveway"/>
  </way>
  <way id="1120241558">
    <nd ref="10245849571"/>
    <nd ref="10245849583"/>
    <nd ref="10245849587"/>
    <nd ref="10245849586"/>
    <nd ref="10245849585"/>
    <tag k="highway" v="service"/>
    <tag k="motor_vehicle" v="private"/>
    <tag k="service" v="driveway"/>
  </way>
  <way id="1120241559">
    <nd ref="10245849590"/>
    <nd ref="10245849560"/>
    <nd ref="10245849575"/>
    <tag k="highway" v="service"/>
    <tag k="service" v="driveway"/>
  </way>
  <way id="1120772654">
    <nd ref="10250754977"/>
    <nd ref="1391202929"/>
    <tag k="bicycle" v="yes"/>
    <tag k="highway" v="living_street"/>
    <tag k="horse" v="no"/>
    <tag k="lit" v="yes"/>
    <tag k="maxspeed" v="20"/>
    <tag k="name" v="Plebania"/>
    <tag k="note:access" v="Nie dotyczy posiadaczy identyfikatorów typu GM wydanych przez GZDiZ oraz pojazdów wymienionych w Zarządzeniu nr 34/14 Prezydenta Miasta Gdańska z dn. 10.01.2014 r. Informacje: PN-PT w godz. 7.00-15.00 tel. 58 52-44-627, 58 55-89-571"/>
    <tag k="old_name:de" v="Pfarrhof"/>
    <tag k="source:access" v="https://gzd.gda.pl/zalatw-sprawe/strefa-ograniczonej-dostepnosci-na-glownym-miescie,a,3141"/>
    <tag k="source:maxspeed" v="PL:living_street"/>
    <tag k="surface" v="sett"/>
    <tag k="taxi" v="yes"/>
    <tag k="vehicle" v="permit"/>
  </way>
  <way id="1120772655">
    <nd ref="10250754976"/>
    <nd ref="10250754977"/>
    <tag k="bicycle" v="yes"/>
    <tag k="highway" v="living_street"/>
    <tag k="horse" v="no"/>
    <tag k="lit" v="yes"/>
    <tag k="maxspeed" v="20"/>
    <tag k="name" v="Plebania"/>
    <tag k="note:access" v="Nie dotyczy posiadaczy identyfikatorów typu GM wydanych przez GZDiZ oraz pojazdów wymienionych w Zarządzeniu nr 34/14 Prezydenta Miasta Gdańska z dn. 10.01.2014 r. Informacje: PN-PT w godz. 7.00-15.00 tel. 58 52-44-627, 58 55-89-571"/>
    <tag k="old_name:de" v="Pfarrhof"/>
    <tag k="source:access" v="https://gzd.gda.pl/zalatw-sprawe/strefa-ograniczonej-dostepnosci-na-glownym-miescie,a,3141"/>
    <tag k="source:maxspeed" v="PL:living_street"/>
    <tag k="surface" v="sett"/>
    <tag k="taxi" v="yes"/>
    <tag k="tunnel" v="building_passage"/>
    <tag k="vehicle" v="permit"/>
  </way>
  <way id="1122862998">
    <nd ref="1868665258"/>
    <nd ref="1868665244"/>
    <tag k="highway" v="service"/>
    <tag k="service" v="parking_aisle"/>
  </way>
  <way id="1122862999">
    <nd ref="1868665294"/>
    <nd ref="9848922070"/>
    <tag k="highway" v="service"/>
    <tag k="service" v="parking_aisle"/>
  </way>
  <way id="1122863000">
    <nd ref="1868665316"/>
    <nd ref="9983490040"/>
    <nd ref="1868665294"/>
    <tag k="highway" v="service"/>
    <tag k="service" v="parking_aisle"/>
  </way>
  <way id="1124504793">
    <nd ref="10283004206"/>
    <nd ref="10283004204"/>
    <nd ref="10283004205"/>
    <tag k="highway" v="service"/>
    <tag k="service" v="driveway"/>
  </way>
  <way id="1124504794">
    <nd ref="10283020510"/>
    <nd ref="10283004207"/>
    <nd ref="10283004208"/>
    <tag k="access" v="delivery"/>
    <tag k="highway" v="service"/>
    <tag k="service" v="driveway"/>
  </way>
  <way id="1124504797">
    <nd ref="10283020516"/>
    <nd ref="4332105010"/>
    <tag k="highway" v="service"/>
    <tag k="motor_vehicle" v="private"/>
    <tag k="service" v="parking_aisle"/>
  </way>
  <way id="1124504798">
    <nd ref="7184071077"/>
    <nd ref="9787038057"/>
    <nd ref="11471870653"/>
    <nd ref="10283020516"/>
    <tag k="highway" v="service"/>
    <tag k="motor_vehicle" v="private"/>
    <tag k="service" v="parking_aisle"/>
  </way>
  <way id="1124504803">
    <nd ref="10283020523"/>
    <nd ref="2617194107"/>
    <tag k="access" v="private"/>
    <tag k="highway" v="service"/>
    <tag k="motor_vehicle" v="private"/>
    <tag k="service" v="driveway"/>
  </way>
  <way id="1124506799">
    <nd ref="10283030556"/>
    <nd ref="11634388195"/>
    <nd ref="10283030552"/>
    <tag k="highway" v="service"/>
    <tag k="lit" v="yes"/>
    <tag k="service" v="parking_aisle"/>
    <tag k="surface" v="paved"/>
  </way>
  <way id="1124506800">
    <nd ref="2617194212"/>
    <nd ref="11497981213"/>
    <nd ref="301672023"/>
    <tag k="bicycle" v="yes"/>
    <tag k="highway" v="living_street"/>
    <tag k="horse" v="no"/>
    <tag k="lit" v="yes"/>
    <tag k="maxspeed" v="20"/>
    <tag k="name" v="Mydlarska"/>
    <tag k="note:access" v="Nie dotyczy posiadaczy identyfikatorów typu GM wydanych przez GZDiZ oraz pojazdów wymienionych w Zarządzeniu nr 34/14 Prezydenta Miasta Gdańska z dn. 10.01.2014 r. Informacje: PN-PT w godz. 7.00-15.00 tel. 58 52-44-627, 58 55-89-571"/>
    <tag k="old_name:de" v="Seifengasse"/>
    <tag k="source:access" v="https://gzd.gda.pl/zalatw-sprawe/strefa-ograniczonej-dostepnosci-na-glownym-miescie,a,3141"/>
    <tag k="source:maxspeed" v="PL:living_street"/>
    <tag k="surface" v="sett"/>
    <tag k="taxi" v="yes"/>
    <tag k="vehicle" v="permit"/>
  </way>
  <way id="1124506801">
    <nd ref="10283030552"/>
    <nd ref="10283030555"/>
    <nd ref="5682717870"/>
    <nd ref="10283030554"/>
    <tag k="highway" v="service"/>
    <tag k="lit" v="yes"/>
    <tag k="motor_vehicle" v="private"/>
    <tag k="service" v="parking_aisle"/>
    <tag k="surface" v="unpaved"/>
  </way>
  <way id="1124889966">
    <nd ref="301672282"/>
    <nd ref="10286778767"/>
    <tag k="covered" v="yes"/>
    <tag k="highway" v="residential"/>
    <tag k="lanes" v="2"/>
    <tag k="lit" v="yes"/>
    <tag k="maxheight" v="2.9"/>
    <tag k="maxspeed" v="30"/>
    <tag k="maxweight" v="3.5"/>
    <tag k="maxweight:conditional" v="none @ marked"/>
    <tag k="name" v="Szopy"/>
    <tag k="note:maxweight" v="Nie dotyczy posiadaczy identyfikatorów wydanych przez GZDiZ"/>
    <tag k="old_name:de" v="Mattenbuden"/>
    <tag k="sidewalk" v="separate"/>
    <tag k="smoothness" v="intermediate"/>
    <tag k="source:maxspeed" v="PL:zone30"/>
    <tag k="source:maxweight" v="PL:sign_B-18"/>
    <tag k="surface" v="paving_stones"/>
  </way>
  <way id="1124889967">
    <nd ref="1127879961"/>
    <nd ref="2874354309"/>
    <nd ref="301672282"/>
    <tag k="highway" v="residential"/>
    <tag k="lanes" v="2"/>
    <tag k="lit" v="yes"/>
    <tag k="maxspeed" v="30"/>
    <tag k="maxweight" v="3.5"/>
    <tag k="maxweight:conditional" v="none @ marked"/>
    <tag k="name" v="Szopy"/>
    <tag k="note:maxweight" v="Nie dotyczy posiadaczy identyfikatorów wydanych przez GZDiZ"/>
    <tag k="old_name:de" v="Mattenbuden"/>
    <tag k="sidewalk" v="separate"/>
    <tag k="smoothness" v="intermediate"/>
    <tag k="source:maxspeed" v="PL:zone30"/>
    <tag k="source:maxweight" v="PL:sign_B-18"/>
    <tag k="surface" v="paving_stones"/>
  </way>
  <way id="1154868736">
    <nd ref="9990485334"/>
    <nd ref="10740239894"/>
    <nd ref="10740239893"/>
    <tag k="highway" v="service"/>
    <tag k="maxspeed" v="20"/>
    <tag k="source:maxspeed" v="PL:living_street"/>
  </way>
  <way id="1154868737">
    <nd ref="2632154408"/>
    <nd ref="10822668325"/>
    <nd ref="9990485334"/>
    <tag k="highway" v="living_street"/>
    <tag k="name" v="Wilcza"/>
    <tag k="old_name:de" v="Gertrudengasse"/>
    <tag k="source:maxspeed" v="PL:living_street"/>
  </way>
  <way id="1159905853">
    <nd ref="301672036"/>
    <nd ref="11471565660"/>
    <nd ref="11471565661"/>
    <nd ref="480411789"/>
    <tag k="bicycle" v="yes"/>
    <tag k="highway" v="residential"/>
    <tag k="horse" v="no"/>
    <tag k="maxspeed" v="30"/>
    <tag k="name" v="Ogarna"/>
    <tag k="note:access" v="Nie dotyczy posiadaczy identyfikatorów typu GM wydanych przez GZDiZ oraz pojazdów wymienionych w Zarządzeniu nr 34/14 Prezydenta Miasta Gdańska z dn. 10.01.2014 r. Informacje: PN-PT w godz. 7.00-15.00 tel. 58 52-44-627, 58 55-89-571"/>
    <tag k="old_name:de" v="Hundegasse"/>
    <tag k="old_name:la" v="platea canum"/>
    <tag k="oneway" v="yes"/>
    <tag k="oneway:bicycle" v="no"/>
    <tag k="smoothness" v="bad"/>
    <tag k="source:access" v="https://gzd.gda.pl/zalatw-sprawe/strefa-ograniczonej-dostepnosci-na-glownym-miescie,a,3141"/>
    <tag k="surface" v="sett"/>
    <tag k="taxi" v="yes"/>
    <tag k="vehicle" v="permit"/>
  </way>
  <way id="1163710784">
    <nd ref="4961773923"/>
    <nd ref="9907272780"/>
    <nd ref="1876250863"/>
    <tag k="highway" v="residential"/>
    <tag k="maxspeed" v="30"/>
    <tag k="name" v="Kotwiczników"/>
    <tag k="old_name:de" v="Buttermarkt"/>
    <tag k="source:maxspeed" v="PL:zone30"/>
  </way>
  <way id="1163710840">
    <nd ref="10822668498"/>
    <nd ref="10822668499"/>
    <tag k="access" v="private"/>
    <tag k="highway" v="service"/>
    <tag k="service" v="driveway"/>
    <tag k="tunnel" v="building_passage"/>
  </way>
  <way id="1163710841">
    <nd ref="10822668499"/>
    <nd ref="1876250860"/>
    <tag k="highway" v="service"/>
    <tag k="service" v="driveway"/>
  </way>
  <way id="1163710842">
    <nd ref="10822668501"/>
    <nd ref="10822668498"/>
    <tag k="access" v="private"/>
    <tag k="highway" v="service"/>
    <tag k="service" v="driveway"/>
  </way>
  <way id="1163903549">
    <nd ref="9132877446"/>
    <nd ref="1574722806"/>
    <tag k="highway" v="residential"/>
    <tag k="lit" v="yes"/>
    <tag k="maxspeed" v="30"/>
    <tag k="name" v="Słomiana"/>
    <tag k="old_name:de" v="Priestergasse"/>
    <tag k="source:maxspeed" v="PL:zone30"/>
    <tag k="surface" v="sett"/>
  </way>
  <way id="1163903550">
    <nd ref="10824505927"/>
    <nd ref="10824505928"/>
    <tag k="highway" v="service"/>
    <tag k="service" v="parking_aisle"/>
    <tag k="surface" v="sett"/>
  </way>
  <way id="1163903554">
    <nd ref="10824505929"/>
    <nd ref="10824505927"/>
    <tag k="highway" v="service"/>
    <tag k="motor_vehicle" v="private"/>
    <tag k="service" v="parking_aisle"/>
  </way>
  <way id="1163903560">
    <nd ref="9634291437"/>
    <nd ref="10824505943"/>
    <nd ref="10824505942"/>
    <tag k="access" v="permissive"/>
    <tag k="highway" v="service"/>
    <tag k="service" v="driveway"/>
  </way>
  <way id="1163903561">
    <nd ref="9634291442"/>
    <nd ref="1570145565"/>
    <tag k="access" v="permissive"/>
    <tag k="highway" v="service"/>
    <tag k="service" v="driveway"/>
    <tag k="surface" v="dirt"/>
  </way>
  <way id="1163903564">
    <nd ref="10824505947"/>
    <nd ref="9146383893"/>
    <tag k="highway" v="service"/>
    <tag k="service" v="driveway"/>
    <tag k="surface" v="paved"/>
  </way>
  <way id="1163903571">
    <nd ref="8560702185"/>
    <nd ref="1568383111"/>
    <nd ref="1568383109"/>
    <tag k="highway" v="service"/>
  </way>
  <way id="1165277671">
    <nd ref="1876259335"/>
    <nd ref="836756411"/>
    <tag k="highway" v="tertiary"/>
    <tag k="lanes" v="2"/>
    <tag k="lit" v="yes"/>
    <tag k="maxspeed" v="50"/>
    <tag k="name" v="Toruńska"/>
    <tag k="old_name:de" v="Thornscher Weg"/>
    <tag k="sidewalk" v="separate"/>
    <tag k="source:maxspeed" v="PL:urban"/>
    <tag k="surface" v="asphalt"/>
  </way>
  <way id="1165277793">
    <nd ref="10838407404"/>
    <nd ref="10838407405"/>
    <tag k="highway" v="service"/>
    <tag k="service" v="driveway"/>
    <tag k="tunnel" v="building_passage"/>
  </way>
  <way id="1165277794">
    <nd ref="10838407407"/>
    <nd ref="10838407404"/>
    <tag k="highway" v="service"/>
    <tag k="service" v="driveway"/>
  </way>
  <way id="1165277795">
    <nd ref="10838407405"/>
    <nd ref="10838407406"/>
    <nd ref="3029019047"/>
    <tag k="highway" v="service"/>
    <tag k="service" v="driveway"/>
  </way>
  <way id="1165277796">
    <nd ref="10838407408"/>
    <nd ref="10838407129"/>
    <nd ref="10838407420"/>
    <tag k="highway" v="service"/>
    <tag k="service" v="driveway"/>
  </way>
  <way id="1165277797">
    <nd ref="10838407410"/>
    <nd ref="10838407409"/>
    <tag k="highway" v="service"/>
    <tag k="service" v="driveway"/>
  </way>
  <way id="1165277798">
    <nd ref="10838407409"/>
    <nd ref="10838405845"/>
    <nd ref="12305483285"/>
    <tag k="highway" v="service"/>
    <tag k="service" v="driveway"/>
  </way>
  <way id="1165277800">
    <nd ref="10838407412"/>
    <nd ref="10838407410"/>
    <tag k="highway" v="service"/>
    <tag k="service" v="driveway"/>
  </way>
  <way id="1165277801">
    <nd ref="10838407419"/>
    <nd ref="10838407418"/>
    <nd ref="10838407417"/>
    <nd ref="10838407416"/>
    <nd ref="10838407415"/>
    <nd ref="10838407414"/>
    <nd ref="10838407412"/>
    <nd ref="10838407413"/>
    <tag k="highway" v="service"/>
    <tag k="service" v="driveway"/>
  </way>
  <way id="1165277802">
    <nd ref="10838407422"/>
    <nd ref="10838407407"/>
    <nd ref="10838407421"/>
    <nd ref="10838407419"/>
    <nd ref="10838407408"/>
    <tag k="highway" v="service"/>
    <tag k="service" v="driveway"/>
  </way>
  <way id="1165277806">
    <nd ref="10838407428"/>
    <nd ref="10838407427"/>
    <tag k="highway" v="service"/>
    <tag k="service" v="driveway"/>
  </way>
  <way id="1165277807">
    <nd ref="12403380829"/>
    <nd ref="10838405846"/>
    <nd ref="10838407426"/>
    <nd ref="10838407430"/>
    <nd ref="10838407428"/>
    <nd ref="10838407429"/>
    <tag k="highway" v="service"/>
    <tag k="service" v="driveway"/>
  </way>
  <way id="1180344541">
    <nd ref="10961933428"/>
    <nd ref="1127880888"/>
    <nd ref="2421473757"/>
    <nd ref="301672227"/>
    <tag k="highway" v="service"/>
    <tag k="service" v="driveway"/>
    <tag k="surface" v="sett"/>
  </way>
  <way id="1180344545">
    <nd ref="480151737"/>
    <nd ref="10961902479"/>
    <nd ref="10141231361"/>
    <tag k="bicycle" v="yes"/>
    <tag k="highway" v="living_street"/>
    <tag k="lit" v="yes"/>
    <tag k="maxspeed" v="20"/>
    <tag k="maxweight" v="3.5"/>
    <tag k="maxweight:conditional" v="none @ marked"/>
    <tag k="name" v="Stągiewna"/>
    <tag k="note:maxweight" v="Nie dotyczy służb komunalnych oraz posiadaczy identyfikatórw wydanych przez GZDiZ"/>
    <tag k="old_name:de" v="Milchkannenbrücke"/>
    <tag k="smoothness" v="bad"/>
    <tag k="source:maxspeed" v="PL:living_street"/>
    <tag k="source:maxweight" v="PL:sign_B-18"/>
    <tag k="surface" v="sett"/>
  </way>
  <way id="1180344554">
    <nd ref="301679539"/>
    <nd ref="10961902467"/>
    <nd ref="12133151818"/>
    <tag k="highway" v="service"/>
    <tag k="surface" v="paved"/>
  </way>
  <way id="1181513571">
    <nd ref="7838253103"/>
    <nd ref="9064618877"/>
    <nd ref="10972349836"/>
    <tag k="highway" v="service"/>
    <tag k="service" v="parking_aisle"/>
  </way>
  <way id="1181513585">
    <nd ref="5859757087"/>
    <nd ref="10972349865"/>
    <tag k="highway" v="service"/>
  </way>
  <way id="1181513586">
    <nd ref="10972349865"/>
    <nd ref="10972349861"/>
    <nd ref="10972349860"/>
    <tag k="access" v="private"/>
    <tag k="highway" v="service"/>
  </way>
  <way id="1181513587">
    <nd ref="5859757087"/>
    <nd ref="9064618906"/>
    <nd ref="1208155717"/>
    <tag k="highway" v="residential"/>
    <tag k="name" v="Świętego Piotra"/>
    <tag k="old_name:de" v="Pumpengasse"/>
    <tag k="surface" v="sett"/>
  </way>
  <way id="1181513588">
    <nd ref="10972349864"/>
    <nd ref="10972349862"/>
    <tag k="highway" v="service"/>
  </way>
  <way id="1181513589">
    <nd ref="5971319210"/>
    <nd ref="10972349864"/>
    <tag k="access" v="private"/>
    <tag k="highway" v="service"/>
  </way>
  <way id="1181513591">
    <nd ref="2963906988"/>
    <nd ref="2963907006"/>
    <tag k="highway" v="service"/>
    <tag k="service" v="driveway"/>
  </way>
  <way id="1181513592">
    <nd ref="2963907165"/>
    <nd ref="10972349870"/>
    <tag k="highway" v="service"/>
    <tag k="service" v="driveway"/>
  </way>
  <way id="1181513593">
    <nd ref="10972349871"/>
    <nd ref="2963907074"/>
    <nd ref="2963907061"/>
    <nd ref="2963906953"/>
    <nd ref="2963906943"/>
    <tag k="highway" v="service"/>
    <tag k="motor_vehicle" v="private"/>
    <tag k="service" v="driveway"/>
  </way>
  <way id="1196039055">
    <nd ref="1127880923"/>
    <nd ref="3047471008"/>
    <nd ref="1876250878"/>
    <tag k="agricultural" v="no"/>
    <tag k="hgv" v="no"/>
    <tag k="hgv:conditional" v="yes @ marked"/>
    <tag k="highway" v="residential"/>
    <tag k="lit" v="yes"/>
    <tag k="maxspeed" v="30"/>
    <tag k="name" v="Szafarnia"/>
    <tag k="note:hgv" v="Nie dotyczy posiadaczy identyfikatorów wydanych przez ZDiZ w Gdańsku"/>
    <tag k="old_name:de" v="Schäferei"/>
    <tag k="source:hgv" v="PL:sign_B-5"/>
    <tag k="source:maxspeed" v="PL:zone30"/>
    <tag k="surface" v="sett"/>
  </way>
  <way id="1202439041">
    <nd ref="11147350624"/>
    <nd ref="11147350626"/>
    <tag k="highway" v="service"/>
    <tag k="service" v="driveway"/>
  </way>
  <way id="1203054499">
    <nd ref="301672181"/>
    <nd ref="13437526648"/>
    <nd ref="13436651992"/>
    <tag k="bus_bay" v="right"/>
    <tag k="bus_bay:surface" v="concrete"/>
    <tag k="cycleway:right" v="lane"/>
    <tag k="disused:bus:lanes" v="yes|yes|designated"/>
    <tag k="disused:lanes:bus" v="1"/>
    <tag k="disused:lanes:mofa" v="1"/>
    <tag k="disused:lanes:moped" v="1"/>
    <tag k="disused:lanes:motorcycle" v="1"/>
    <tag k="disused:lanes:taxi" v="1"/>
    <tag k="disused:mofa:lanes" v="yes|yes|designated"/>
    <tag k="disused:moped:lanes" v="yes|yes|designated"/>
    <tag k="disused:motorcycle:lanes" v="yes|yes|designated"/>
    <tag k="disused:note:lanes" v="||Znak D-11: prawy pas wyznaczony dla: BUS, TAXI, służby miejskie, motocykle i motorowery. Znak F-10: dopuszcza jazdę prosto tylko dla: BUS."/>
    <tag k="disused:taxi:lanes" v="yes|yes|designated"/>
    <tag k="disused:turn:lanes:bus" v="left;through|through|through;right"/>
    <tag k="disused:vehicle:lanes" v="yes|yes|yes"/>
    <tag k="dual_carriageway" v="yes"/>
    <tag k="highway" v="primary"/>
    <tag k="highway:category:pl" v="2"/>
    <tag k="lanes" v="3"/>
    <tag k="lit" v="yes"/>
    <tag k="maxspeed" v="50"/>
    <tag k="name" v="Podwale Przedmiejskie"/>
    <tag k="note:lanes" v="Buspas zamknięty ze względu na zły stan mostu."/>
    <tag k="old_name:de" v="Brandgasse"/>
    <tag k="old_name:de_1" v="Vorstädtischer Graben"/>
    <tag k="oneway" v="yes"/>
    <tag k="placement" v="left_of:2"/>
    <tag k="ref" v="501"/>
    <tag k="source:maxspeed" v="PL:urban"/>
    <tag k="surface" v="asphalt"/>
    <tag k="turn:lanes" v="left;through|through|right"/>
  </way>
  <way id="1203054500">
    <nd ref="9473567278"/>
    <nd ref="9473567277"/>
    <nd ref="13436651985"/>
    <nd ref="1988502645"/>
    <nd ref="480151735"/>
    <tag k="bus:lanes" v="yes|yes|designated"/>
    <tag k="cycleway:right" v="lane"/>
    <tag k="dual_carriageway" v="yes"/>
    <tag k="highway" v="primary"/>
    <tag k="highway:category:pl" v="2"/>
    <tag k="lanes" v="3"/>
    <tag k="lanes:bus" v="1"/>
    <tag k="lanes:mofa" v="1"/>
    <tag k="lanes:moped" v="1"/>
    <tag k="lanes:motorcycle" v="1"/>
    <tag k="lanes:taxi" v="1"/>
    <tag k="lit" v="yes"/>
    <tag k="maxspeed" v="50"/>
    <tag k="mofa:lanes" v="yes|yes|designated"/>
    <tag k="moped:lanes" v="yes|yes|designated"/>
    <tag k="motorcycle:lanes" v="yes|yes|designated"/>
    <tag k="name" v="Podwale Przedmiejskie"/>
    <tag k="note:lanes" v="||Znak D-11: prawy pas tylko dla: BUS, TAXI, służby miejskie, motocykle i motorowery."/>
    <tag k="old_name" v="Reitergasse"/>
    <tag k="old_name:de" v="Vorstädtischer Graben"/>
    <tag k="oneway" v="yes"/>
    <tag k="placement" v="left_of:2"/>
    <tag k="ref" v="501"/>
    <tag k="source" v="UMP-PL, ./UMP-Gdansk/src/GDANSK.ulice.txt"/>
    <tag k="source:maxspeed" v="PL:urban"/>
    <tag k="surface" v="asphalt"/>
    <tag k="taxi:lanes" v="yes|yes|designated"/>
    <tag k="vehicle:lanes" v="yes|yes|no"/>
  </way>
  <way id="1204514278">
    <nd ref="11163733076"/>
    <nd ref="11909210934"/>
    <nd ref="11163733077"/>
    <tag k="highway" v="service"/>
    <tag k="service" v="driveway"/>
  </way>
  <way id="1204514279">
    <nd ref="11163733066"/>
    <nd ref="11163733078"/>
    <nd ref="11163733076"/>
    <tag k="access" v="private"/>
    <tag k="highway" v="service"/>
    <tag k="service" v="driveway"/>
  </way>
  <way id="1204514283">
    <nd ref="301672038"/>
    <nd ref="7215639751"/>
    <tag k="highway" v="residential"/>
    <tag k="maxspeed" v="30"/>
    <tag k="name" v="Słodowników"/>
    <tag k="old_name:de" v="Metzergasse"/>
    <tag k="sidewalk" v="separate"/>
    <tag k="source:maxspeed" v="PL:zone30"/>
    <tag k="surface" v="asphalt"/>
  </way>
  <way id="1204514284">
    <nd ref="301672038"/>
    <nd ref="5394254189"/>
    <nd ref="6733323809"/>
    <nd ref="6957357096"/>
    <nd ref="9674430716"/>
    <nd ref="746495974"/>
    <tag k="highway" v="residential"/>
    <tag k="lit" v="yes"/>
    <tag k="maxspeed" v="30"/>
    <tag k="name" v="Ławnicza"/>
    <tag k="old_name:de" v="Matzkausche Gasse"/>
    <tag k="source:maxspeed" v="PL:zone30"/>
    <tag k="surface" v="sett"/>
  </way>
  <way id="1204514286">
    <nd ref="746495953"/>
    <nd ref="746495994"/>
    <tag k="access" v="private"/>
    <tag k="highway" v="service"/>
    <tag k="service" v="driveway"/>
  </way>
  <way id="1204514287">
    <nd ref="9676065376"/>
    <nd ref="9676065318"/>
    <nd ref="6957357093"/>
    <tag k="highway" v="service"/>
    <tag k="service" v="driveway"/>
  </way>
  <way id="1204514288">
    <nd ref="11163733087"/>
    <nd ref="5394254191"/>
    <nd ref="5394254192"/>
    <tag k="highway" v="service"/>
    <tag k="service" v="driveway"/>
  </way>
  <way id="1204565159">
    <nd ref="11164201157"/>
    <nd ref="11164201155"/>
    <nd ref="11164201156"/>
    <tag k="access" v="private"/>
    <tag k="bicycle" v="yes"/>
    <tag k="highway" v="service"/>
    <tag k="service" v="driveway"/>
    <tag k="vehicle" v="private"/>
  </way>
  <way id="1220523928">
    <nd ref="4336248343"/>
    <nd ref="12831286588"/>
    <tag k="highway" v="tertiary"/>
    <tag k="junction" v="roundabout"/>
    <tag k="lanes" v="3"/>
    <tag k="maxspeed" v="30"/>
    <tag k="name" v="Targ Drzewny"/>
    <tag k="old_name:de" v="Holzmarkt"/>
    <tag k="placement" v="right_of:1"/>
    <tag k="sidewalk:both" v="separate"/>
    <tag k="source:maxspeed" v="PL:zone30"/>
    <tag k="surface" v="asphalt"/>
  </way>
  <way id="1222828660">
    <nd ref="480151736"/>
    <nd ref="301672226"/>
    <tag k="bicycle" v="yes"/>
    <tag k="highway" v="residential"/>
    <tag k="lit" v="yes"/>
    <tag k="maxspeed" v="30"/>
    <tag k="name" v="Stągiewna"/>
    <tag k="old_name:de" v="Milchkannenbrücke"/>
    <tag k="source:maxspeed" v="PL:zone30"/>
    <tag k="surface" v="asphalt"/>
  </way>
  <way id="1231060761">
    <nd ref="9634368089"/>
    <nd ref="9634368101"/>
    <nd ref="1567964125"/>
    <nd ref="9634368096"/>
    <nd ref="9634368091"/>
    <nd ref="9634368104"/>
    <nd ref="11471565659"/>
    <nd ref="5914376529"/>
    <nd ref="301672036"/>
    <tag k="bicycle" v="yes"/>
    <tag k="highway" v="residential"/>
    <tag k="horse" v="no"/>
    <tag k="lit" v="yes"/>
    <tag k="maxspeed" v="30"/>
    <tag k="name" v="Powroźnicza"/>
    <tag k="note:access" v="Nie dotyczy posiadaczy identyfikatorów typu GM wydanych przez GZDiZ oraz pojazdów wymienionych w Zarządzeniu nr 34/14 Prezydenta Miasta Gdańska z dn. 10.01.2014 r. Informacje: PN-PT w godz. 7.00-15.00 tel. 58 52-44-627, 58 55-89-571"/>
    <tag k="old_name:de" v="Röpergasse"/>
    <tag k="old_name:la" v="platea funificum"/>
    <tag k="sidewalk" v="both"/>
    <tag k="source:access" v="https://gzd.gda.pl/zalatw-sprawe/strefa-ograniczonej-dostepnosci-na-glownym-miescie,a,3141"/>
    <tag k="source:maxspeed" v="PL:zone30"/>
    <tag k="surface" v="sett"/>
    <tag k="taxi" v="yes"/>
    <tag k="vehicle" v="permit"/>
  </way>
  <way id="1231060762">
    <nd ref="301672177"/>
    <nd ref="2867187593"/>
    <nd ref="9634334316"/>
    <nd ref="1567964068"/>
    <nd ref="5390798901"/>
    <nd ref="9634368080"/>
    <nd ref="11471565658"/>
    <nd ref="5914376528"/>
    <nd ref="301672036"/>
    <tag k="bicycle" v="yes"/>
    <tag k="highway" v="residential"/>
    <tag k="horse" v="no"/>
    <tag k="maxspeed" v="30"/>
    <tag k="name" v="Kotwiczników"/>
    <tag k="note:access" v="Nie dotyczy posiadaczy identyfikatorów typu GM wydanych przez GZDiZ oraz pojazdów wymienionych w Zarządzeniu nr 34/14 Prezydenta Miasta Gdańska z dn. 10.01.2014 r. Informacje: PN-PT w godz. 7.00-15.00 tel. 58 52-44-627, 58 55-89-571"/>
    <tag k="old_name:de" v="Ankerschmiedegasse"/>
    <tag k="old_name:la" v="platea ancuficum"/>
    <tag k="oneway" v="yes"/>
    <tag k="oneway:bicycle" v="no"/>
    <tag k="source:access" v="https://gzd.gda.pl/zalatw-sprawe/strefa-ograniczonej-dostepnosci-na-glownym-miescie,a,3141"/>
    <tag k="surface" v="asphalt"/>
    <tag k="taxi" v="yes"/>
    <tag k="vehicle" v="permit"/>
  </way>
  <way id="1235294060">
    <nd ref="11466820974"/>
    <nd ref="11466820972"/>
    <nd ref="11466820973"/>
    <tag k="access" v="destination"/>
    <tag k="highway" v="service"/>
    <tag k="service" v="driveway"/>
  </way>
  <way id="1235294061">
    <nd ref="11466820984"/>
    <nd ref="11466820983"/>
    <nd ref="11466820982"/>
    <nd ref="11466820981"/>
    <nd ref="11466820980"/>
    <nd ref="11466820979"/>
    <nd ref="11466820978"/>
    <nd ref="11466820976"/>
    <nd ref="8906730627"/>
    <nd ref="11466820975"/>
    <nd ref="11466820977"/>
    <tag k="highway" v="service"/>
    <tag k="service" v="driveway"/>
  </way>
  <way id="1235721929">
    <nd ref="9787038057"/>
    <nd ref="9787038040"/>
    <nd ref="9787038053"/>
    <tag k="highway" v="service"/>
    <tag k="service" v="driveway"/>
  </way>
  <way id="1235721930">
    <nd ref="4332105010"/>
    <nd ref="2355742505"/>
    <tag k="highway" v="service"/>
    <tag k="maxspeed" v="30"/>
    <tag k="motor_vehicle" v="private"/>
    <tag k="old_name:de" v="Reitbahn"/>
    <tag k="source:maxspeed" v="PL:zone30"/>
  </way>
  <way id="1235721931">
    <nd ref="11471870656"/>
    <nd ref="11471870654"/>
    <nd ref="11471870653"/>
    <tag k="highway" v="service"/>
    <tag k="service" v="parking_aisle"/>
  </way>
  <way id="1235721932">
    <nd ref="10283020516"/>
    <nd ref="11471870656"/>
    <tag k="highway" v="service"/>
    <tag k="service" v="parking_aisle"/>
  </way>
  <way id="1235721940">
    <nd ref="11471872992"/>
    <nd ref="9983286619"/>
    <tag k="highway" v="service"/>
    <tag k="service" v="driveway"/>
  </way>
  <way id="1235722210">
    <nd ref="1570145746"/>
    <nd ref="1120105333"/>
    <tag k="bicycle" v="yes"/>
    <tag k="highway" v="living_street"/>
    <tag k="horse" v="no"/>
    <tag k="lit" v="yes"/>
    <tag k="maxspeed" v="20"/>
    <tag k="name" v="Mokra"/>
    <tag k="note:access" v="Nie dotyczy posiadaczy identyfikatorów typu GM wydanych przez GZDiZ oraz pojazdów wymienionych w Zarządzeniu nr 34/14 Prezydenta Miasta Gdańska z dn. 10.01.2014 r. Informacje: PN-PT w godz. 7.00-15.00 tel. 58 52-44-627, 58 55-89-571"/>
    <tag k="source" v="UMP-PL, ./UMP-Gdansk/src/GDANSK.ulice.txt"/>
    <tag k="source:access" v="https://gzd.gda.pl/zalatw-sprawe/strefa-ograniczonej-dostepnosci-na-glownym-miescie,a,3141"/>
    <tag k="source:maxspeed" v="PL:living_street"/>
    <tag k="taxi" v="yes"/>
    <tag k="vehicle" v="permit"/>
  </way>
  <way id="1237857904">
    <nd ref="10962574523"/>
    <nd ref="301672023"/>
    <tag k="bicycle" v="yes"/>
    <tag k="highway" v="living_street"/>
    <tag k="horse" v="no"/>
    <tag k="lit" v="yes"/>
    <tag k="name" v="Świętego Ducha"/>
    <tag k="note" v="ulica nie pedestrian na czas remontu Przędzalniczej"/>
    <tag k="note:access" v="Nie dotyczy posiadaczy identyfikatorów typu GM wydanych przez GZDiZ oraz pojazdów wymienionych w Zarządzeniu nr 34/14 Prezydenta Miasta Gdańska z dn. 10.01.2014 r. Informacje: PN-PT w godz. 7.00-15.00 tel. 58 52-44-627, 58 55-89-571"/>
    <tag k="old_name" v="Platea Sancti Spiritus"/>
    <tag k="old_name:de" v="Heiliggeistgasse"/>
    <tag k="old_name:la" v="Platea Sancti Spiritus"/>
    <tag k="source:access" v="https://gzd.gda.pl/zalatw-sprawe/strefa-ograniczonej-dostepnosci-na-glownym-miescie,a,3141"/>
    <tag k="source:geometry" v="gis.gdansk.pl"/>
    <tag k="surface" v="cobblestone:flattened"/>
    <tag k="taxi" v="yes"/>
    <tag k="url" v="http://www.gdansk.pl/srodmiescie/Nowe-oblicze-ulicy-Sw-Ducha-Warto-wybrac-sie-tam-na-spacer,a,95722"/>
    <tag k="vehicle" v="permit"/>
    <tag k="wikidata" v="Q9366365"/>
    <tag k="wikipedia" v="pl:Ulica Świętego Ducha w Gdańsku"/>
  </way>
  <way id="1237857913">
    <nd ref="11497981263"/>
    <nd ref="2617308460"/>
    <nd ref="11497981264"/>
    <tag k="highway" v="residential"/>
    <tag k="lit" v="yes"/>
    <tag k="maxspeed" v="30"/>
    <tag k="name" v="Szeroka"/>
    <tag k="old_name:de" v="Breite Gasse"/>
    <tag k="old_name:la" v="ampla platea"/>
    <tag k="parking:left" v="no"/>
    <tag k="parking:right" v="lane"/>
    <tag k="parking:right:orientation" v="diagonal"/>
    <tag k="sidewalk:both" v="separate"/>
    <tag k="surface" v="sett"/>
  </way>
  <way id="1237857914">
    <nd ref="11497981264"/>
    <nd ref="301671996"/>
    <nd ref="301671985"/>
    <tag k="highway" v="residential"/>
    <tag k="lit" v="yes"/>
    <tag k="maxspeed" v="30"/>
    <tag k="name" v="Szeroka"/>
    <tag k="old_name:de" v="Breite Gasse"/>
    <tag k="old_name:la" v="ampla platea"/>
    <tag k="sidewalk:both" v="separate"/>
    <tag k="surface" v="asphalt"/>
  </way>
  <way id="1237857927">
    <nd ref="1570145843"/>
    <nd ref="9887984787"/>
    <nd ref="11497981304"/>
    <tag k="highway" v="service"/>
    <tag k="motor_vehicle" v="private"/>
    <tag k="service" v="parking_aisle"/>
  </way>
  <way id="1237857950">
    <nd ref="10283030554"/>
    <nd ref="9068816348"/>
    <tag k="highway" v="service"/>
    <tag k="lit" v="yes"/>
    <tag k="motor_vehicle" v="private"/>
    <tag k="service" v="parking_aisle"/>
  </way>
  <way id="1244193709">
    <nd ref="301672186"/>
    <nd ref="11565330136"/>
    <tag k="cycleway:right" v="no"/>
    <tag k="dual_carriageway" v="yes"/>
    <tag k="foot" v="no"/>
    <tag k="highway" v="primary"/>
    <tag k="highway:category:pl" v="2"/>
    <tag k="lanes" v="3"/>
    <tag k="lit" v="yes"/>
    <tag k="maxheight" v="default"/>
    <tag k="maxspeed" v="50"/>
    <tag k="name" v="Węzeł Unii Europejskiej"/>
    <tag k="name:etymology:wikidata" v="Q458"/>
    <tag k="oneway" v="yes"/>
    <tag k="ref" v="501"/>
    <tag k="smoothness" v="good"/>
    <tag k="surface" v="asphalt"/>
    <tag k="turn:lanes" v="reverse;left|through|through"/>
  </way>
  <way id="1259127912">
    <nd ref="11704838977"/>
    <nd ref="1806021296"/>
    <tag k="layer" v="-1"/>
    <tag k="name" v="Motława"/>
    <tag k="tunnel" v="yes"/>
    <tag k="waterway" v="river"/>
  </way>
  <way id="1259127913">
    <nd ref="11704838978"/>
    <nd ref="11704838977"/>
    <tag k="name" v="Motława"/>
    <tag k="waterway" v="river"/>
  </way>
  <way id="1259127914">
    <nd ref="11704838980"/>
    <nd ref="11704838978"/>
    <tag k="layer" v="-1"/>
    <tag k="name" v="Motława"/>
    <tag k="tunnel" v="yes"/>
    <tag k="waterway" v="river"/>
  </way>
  <way id="1259127915">
    <nd ref="11704838979"/>
    <nd ref="11704838980"/>
    <tag k="name" v="Motława"/>
    <tag k="waterway" v="river"/>
  </way>
  <way id="1259127916">
    <nd ref="11704838981"/>
    <nd ref="11704838979"/>
    <tag k="layer" v="-1"/>
    <tag k="name" v="Motława"/>
    <tag k="tunnel" v="yes"/>
    <tag k="waterway" v="river"/>
  </way>
  <way id="1259127918">
    <nd ref="11704838983"/>
    <nd ref="13564120348"/>
    <tag k="layer" v="-1"/>
    <tag k="name" v="Motława"/>
    <tag k="tunnel" v="yes"/>
    <tag k="waterway" v="river"/>
  </way>
  <way id="1259127919">
    <nd ref="11704838984"/>
    <nd ref="11704838983"/>
    <tag k="name" v="Motława"/>
    <tag k="waterway" v="river"/>
  </way>
  <way id="1278652985">
    <nd ref="1868665118"/>
    <nd ref="10067801658"/>
    <nd ref="11870266164"/>
    <tag k="highway" v="service"/>
    <tag k="service" v="driveway"/>
    <tag k="surface" v="paved"/>
  </way>
  <way id="1278652986">
    <nd ref="11870266167"/>
    <nd ref="11870266166"/>
    <tag k="highway" v="service"/>
    <tag k="service" v="driveway"/>
    <tag k="surface" v="unpaved"/>
  </way>
  <way id="1278653006">
    <nd ref="1120414195"/>
    <nd ref="11471870631"/>
    <tag k="bicycle" v="yes"/>
    <tag k="highway" v="service"/>
    <tag k="service" v="driveway"/>
  </way>
  <way id="1278653007">
    <nd ref="11471870630"/>
    <nd ref="1120414172"/>
    <tag k="bicycle" v="yes"/>
    <tag k="highway" v="service"/>
    <tag k="service" v="driveway"/>
  </way>
  <way id="1281987382">
    <nd ref="301672248"/>
    <nd ref="10067801634"/>
    <nd ref="2617194398"/>
    <tag k="highway" v="residential"/>
    <tag k="maxspeed" v="30"/>
    <tag k="name" v="Ołowianka"/>
    <tag k="old_name:de" v="Bleihof"/>
    <tag k="parking:both" v="street_side"/>
    <tag k="parking:both:orientation" v="perpendicular"/>
    <tag k="source:maxspeed" v="PL:zone30"/>
    <tag k="surface" v="cobblestone"/>
  </way>
  <way id="1281987487">
    <nd ref="4924997960"/>
    <nd ref="819158860"/>
    <tag k="highway" v="residential"/>
    <tag k="lit" v="yes"/>
    <tag k="maxspeed" v="30"/>
    <tag k="name" v="Ołowianka"/>
    <tag k="old_name:de" v="Bleihof"/>
    <tag k="parking:left" v="street_side"/>
    <tag k="parking:left:orientation" v="perpendicular"/>
    <tag k="source:maxspeed" v="PL:zone30"/>
    <tag k="surface" v="sett"/>
  </way>
  <way id="1281987488">
    <nd ref="11897109939"/>
    <nd ref="11897109938"/>
    <tag k="highway" v="residential"/>
    <tag k="lit" v="yes"/>
    <tag k="maxspeed" v="30"/>
    <tag k="name" v="Ołowianka"/>
    <tag k="old_name:de" v="Bleihof"/>
    <tag k="parking:left" v="street_side"/>
    <tag k="parking:left:orientation" v="perpendicular"/>
    <tag k="source:maxspeed" v="PL:zone30"/>
    <tag k="surface" v="cobblestone"/>
  </way>
  <way id="1281987489">
    <nd ref="819158860"/>
    <nd ref="11897109939"/>
    <tag k="highway" v="residential"/>
    <tag k="lit" v="yes"/>
    <tag k="maxspeed" v="30"/>
    <tag k="name" v="Ołowianka"/>
    <tag k="old_name:de" v="Bleihof"/>
    <tag k="parking:both" v="street_side"/>
    <tag k="parking:both:orientation" v="perpendicular"/>
    <tag k="source:maxspeed" v="PL:zone30"/>
    <tag k="surface" v="cobblestone"/>
  </way>
  <way id="1281987490">
    <nd ref="11897109938"/>
    <nd ref="301672248"/>
    <tag k="highway" v="residential"/>
    <tag k="maxspeed" v="30"/>
    <tag k="name" v="Ołowianka"/>
    <tag k="old_name:de" v="Bleihof"/>
    <tag k="source:maxspeed" v="PL:zone30"/>
    <tag k="surface" v="cobblestone"/>
  </way>
  <way id="1290345315">
    <nd ref="11963560171"/>
    <nd ref="11963560170"/>
    <nd ref="11963560169"/>
    <tag k="highway" v="service"/>
    <tag k="service" v="parking_aisle"/>
    <tag k="source" v="Geoportal"/>
    <tag k="surface" v="unpaved"/>
  </way>
  <way id="1290345419">
    <nd ref="11555110476"/>
    <nd ref="11963525184"/>
    <nd ref="11963525183"/>
    <nd ref="11963525182"/>
    <nd ref="11963525181"/>
    <nd ref="11963525180"/>
    <nd ref="11963525179"/>
    <tag k="highway" v="service"/>
    <tag k="service" v="parking_aisle"/>
    <tag k="source" v="Geoportal"/>
    <tag k="surface" v="unpaved"/>
  </way>
  <way id="1302427917">
    <nd ref="1849057304"/>
    <nd ref="1391294778"/>
    <tag k="highway" v="residential"/>
    <tag k="lit" v="yes"/>
    <tag k="maxspeed" v="30"/>
    <tag k="name" v="Świętojańska"/>
    <tag k="note" v="Dwukierunkowa na czas wakacji"/>
    <tag k="old_name:de" v="Johannisgasse"/>
    <tag k="old_name:la" v="platea sancti Johannis"/>
    <tag k="oneway" v="yes"/>
    <tag k="oneway:bicycle" v="no"/>
    <tag k="source:maxspeed" v="PL:zone30"/>
    <tag k="surface" v="asphalt"/>
  </way>
  <way id="1305396412">
    <nd ref="11571473478"/>
    <nd ref="12090350010"/>
    <tag k="access" v="private"/>
    <tag k="highway" v="service"/>
    <tag k="service" v="driveway"/>
  </way>
  <way id="1310767074">
    <nd ref="9634320685"/>
    <nd ref="2964089565"/>
    <tag k="highway" v="living_street"/>
    <tag k="name" v="Motławska"/>
    <tag k="old_name:de" v="An der neuen Mottlau"/>
    <tag k="oneway" v="yes"/>
    <tag k="oneway:bicycle" v="no"/>
    <tag k="smoothness" v="very_bad"/>
    <tag k="source:maxspeed" v="PL:living_street"/>
    <tag k="surface" v="sett"/>
  </way>
  <way id="1310767075">
    <nd ref="2964089565"/>
    <nd ref="12551734934"/>
    <tag k="highway" v="living_street"/>
    <tag k="maxspeed" v="20"/>
    <tag k="name" v="Motławska"/>
    <tag k="old_name:de" v="An der neuen Mottlau"/>
    <tag k="oneway" v="yes"/>
    <tag k="oneway:bicycle" v="no"/>
    <tag k="smoothness" v="very_bad"/>
    <tag k="source:maxspeed" v="PL:living_street"/>
    <tag k="surface" v="sett"/>
  </way>
  <way id="1312506348">
    <nd ref="301672027"/>
    <nd ref="5914376521"/>
    <nd ref="12148567928"/>
    <tag k="highway" v="residential"/>
    <tag k="lit" v="yes"/>
    <tag k="maxspeed" v="30"/>
    <tag k="name" v="Zbytki"/>
    <tag k="old_name:de" v="Ketterhagergasse"/>
    <tag k="source:maxspeed" v="PL:zone30"/>
    <tag k="surface" v="sett"/>
  </way>
  <way id="1312506351">
    <nd ref="301672027"/>
    <nd ref="5918625383"/>
    <tag k="highway" v="residential"/>
    <tag k="lit" v="yes"/>
    <tag k="maxspeed" v="30"/>
    <tag k="name" v="Pocztowa"/>
    <tag k="old_name:de" v="Postgasse"/>
    <tag k="source:maxspeed" v="PL:zone30"/>
    <tag k="surface" v="sett"/>
  </way>
  <way id="1312924759">
    <nd ref="301672027"/>
    <nd ref="2986447213"/>
    <nd ref="3027805239"/>
    <nd ref="11163733087"/>
    <nd ref="2478708587"/>
    <nd ref="301672038"/>
    <tag k="bicycle" v="yes"/>
    <tag k="highway" v="residential"/>
    <tag k="horse" v="no"/>
    <tag k="lit" v="yes"/>
    <tag k="maxspeed" v="30"/>
    <tag k="name" v="Ogarna"/>
    <tag k="note:access" v="Nie dotyczy posiadaczy identyfikatorów typu GM wydanych przez GZDiZ oraz pojazdów wymienionych w Zarządzeniu nr 34/14 Prezydenta Miasta Gdańska z dn. 10.01.2014 r. Informacje: PN-PT w godz. 7.00-15.00 tel. 58 52-44-627, 58 55-89-571"/>
    <tag k="old_name:de" v="Hundegasse"/>
    <tag k="old_name:la" v="platea canum"/>
    <tag k="oneway" v="yes"/>
    <tag k="oneway:bicycle" v="no"/>
    <tag k="source:access" v="https://gzd.gda.pl/zalatw-sprawe/strefa-ograniczonej-dostepnosci-na-glownym-miescie,a,3141"/>
    <tag k="source:maxspeed" v="PL:zone30"/>
    <tag k="surface" v="sett"/>
    <tag k="taxi" v="yes"/>
    <tag k="vehicle" v="permit"/>
  </way>
  <way id="1315881365">
    <nd ref="12179862140"/>
    <nd ref="12179862153"/>
    <tag k="agricultural" v="no"/>
    <tag k="hgv" v="no"/>
    <tag k="hgv:conditional" v="yes @ marked"/>
    <tag k="highway" v="residential"/>
    <tag k="lit" v="yes"/>
    <tag k="maxspeed" v="30"/>
    <tag k="name" v="Wojciecha Bogusławskiego"/>
    <tag k="note:hgv" v="Nie dotyczy samochodów ciężarowych o dopuszczalnej masie całkowitej nieprzekraczającej 12 ton w godzinach 21 - 10"/>
    <tag k="old_name:de" v="Hohes Tor"/>
    <tag k="oneway" v="yes"/>
    <tag k="smoothness" v="good"/>
    <tag k="source:hgv" v="PL:sign_B-5"/>
    <tag k="source:maxspeed" v="PL:zone30"/>
    <tag k="surface" v="asphalt"/>
  </way>
  <way id="1315881366">
    <nd ref="12179862153"/>
    <nd ref="12179862149"/>
    <nd ref="12179862148"/>
    <tag k="highway" v="residential"/>
    <tag k="lit" v="yes"/>
    <tag k="maxspeed" v="30"/>
    <tag k="name" v="Wojciecha Bogusławskiego"/>
    <tag k="old_name:de" v="Hohes Tor"/>
    <tag k="oneway" v="yes"/>
    <tag k="smoothness" v="good"/>
    <tag k="source:maxspeed" v="PL:zone30"/>
    <tag k="surface" v="asphalt"/>
  </way>
  <way id="1319870236">
    <nd ref="13014410766"/>
    <nd ref="301672205"/>
    <tag k="highway" v="living_street"/>
    <tag k="maxspeed" v="20"/>
    <tag k="motor_vehicle" v="private"/>
    <tag k="name" v="Chmielna"/>
    <tag k="old_name:de" v="Hopfengasse"/>
    <tag k="source:maxspeed" v="PL:living_street"/>
    <tag k="surface" v="sett"/>
  </way>
  <way id="1321820104">
    <nd ref="301679539"/>
    <nd ref="12231619466"/>
    <nd ref="12231619467"/>
    <nd ref="301672194"/>
    <tag k="highway" v="proposed"/>
    <tag k="name" v="Nowa Motławska"/>
    <tag k="proposed" v="residential"/>
  </way>
  <way id="1321820105">
    <nd ref="764323642"/>
    <nd ref="12231619467"/>
    <tag k="highway" v="proposed"/>
    <tag k="name" v="Pszenna"/>
    <tag k="proposed" v="residential"/>
  </way>
  <way id="1321820106">
    <nd ref="301669410"/>
    <nd ref="12231619466"/>
    <tag k="highway" v="proposed"/>
    <tag k="name" v="Żytnia"/>
    <tag k="proposed" v="residential"/>
  </way>
  <way id="1322710890">
    <nd ref="12239580149"/>
    <nd ref="12239580147"/>
    <nd ref="12239580148"/>
    <tag k="highway" v="service"/>
    <tag k="service" v="driveway"/>
  </way>
  <way id="1322710891">
    <nd ref="12239580151"/>
    <nd ref="12239580150"/>
    <tag k="highway" v="service"/>
    <tag k="service" v="driveway"/>
  </way>
  <way id="1322720191">
    <nd ref="12239687132"/>
    <nd ref="12239687131"/>
    <nd ref="12239687130"/>
    <nd ref="12239687129"/>
    <tag k="highway" v="service"/>
    <tag k="service" v="driveway"/>
  </way>
  <way id="1326130998">
    <nd ref="301671778"/>
    <nd ref="9964225732"/>
    <nd ref="2643945610"/>
    <nd ref="3039299094"/>
    <nd ref="301679527"/>
    <tag k="highway" v="tertiary"/>
    <tag k="lanes" v="2"/>
    <tag k="lit" v="yes"/>
    <tag k="maxspeed" v="50"/>
    <tag k="name" v="Toruńska"/>
    <tag k="old_name:de" v="Thornscher Weg"/>
    <tag k="oneway" v="no"/>
    <tag k="sidewalk" v="separate"/>
    <tag k="source:maxspeed" v="PL:urban"/>
    <tag k="surface" v="asphalt"/>
  </way>
  <way id="1328625100">
    <nd ref="836756411"/>
    <nd ref="12403380829"/>
    <nd ref="12305483285"/>
    <nd ref="12403380826"/>
    <nd ref="12403380865"/>
    <nd ref="1840854022"/>
    <tag k="highway" v="tertiary"/>
    <tag k="lanes" v="3"/>
    <tag k="lanes:backward" v="1"/>
    <tag k="lanes:forward" v="2"/>
    <tag k="lit" v="yes"/>
    <tag k="maxspeed" v="50"/>
    <tag k="name" v="Toruńska"/>
    <tag k="old_name:de" v="Thornscher Weg"/>
    <tag k="sidewalk" v="separate"/>
    <tag k="source:maxspeed" v="PL:urban"/>
    <tag k="surface" v="asphalt"/>
    <tag k="turn:lanes:forward" v="left;through|right"/>
  </way>
  <way id="1330162478">
    <nd ref="12831286588"/>
    <nd ref="13596650644"/>
    <nd ref="4285080103"/>
    <nd ref="1426217347"/>
    <tag k="agricultural" v="no"/>
    <tag k="hgv" v="no"/>
    <tag k="hgv:conditional" v="yes @ marked"/>
    <tag k="highway" v="residential"/>
    <tag k="lit" v="yes"/>
    <tag k="maxspeed" v="30"/>
    <tag k="name" v="Świętego Ducha"/>
    <tag k="note:hgv" v="Nie dotyczy samochodów ciężarowych o dopuszczalnej masie całkowitej nieprzekraczającej 12 ton w godzinach 21 - 10"/>
    <tag k="old_name:de" v="Heiliggeistgasse"/>
    <tag k="old_name:la" v="Platea Sancti Spiritus"/>
    <tag k="source:hgv" v="PL:sign_B-5"/>
    <tag k="source:maxspeed" v="PL:zone30"/>
    <tag k="surface" v="sett"/>
    <tag k="wikidata" v="Q9366365"/>
    <tag k="wikipedia" v="pl:Ulica Świętego Ducha w Gdańsku"/>
  </way>
  <way id="1330163107">
    <nd ref="1582534463"/>
    <nd ref="12307122144"/>
    <nd ref="301679407"/>
    <tag k="cycleway:right" v="lane"/>
    <tag k="highway" v="tertiary"/>
    <tag k="junction" v="roundabout"/>
    <tag k="lanes" v="2"/>
    <tag k="lit" v="yes"/>
    <tag k="maxspeed" v="30"/>
    <tag k="name" v="Targ Drzewny"/>
    <tag k="old_name:de" v="Holzmarkt"/>
    <tag k="placement" v="right_of:1"/>
    <tag k="sidewalk:both" v="separate"/>
    <tag k="source:maxspeed" v="PL:zone30"/>
    <tag k="surface" v="asphalt"/>
  </way>
  <way id="1337391104">
    <nd ref="1919765965"/>
    <nd ref="12369903068"/>
    <nd ref="8554539092"/>
    <nd ref="8554539089"/>
    <tag k="highway" v="service"/>
  </way>
  <way id="1337391106">
    <nd ref="1890705065"/>
    <nd ref="2902660093"/>
    <nd ref="1919765965"/>
    <tag k="highway" v="service"/>
    <tag k="surface" v="paving_stones"/>
  </way>
  <way id="1337395485">
    <nd ref="12370112900"/>
    <nd ref="8554539089"/>
    <tag k="highway" v="service"/>
    <tag k="service" v="parking_aisle"/>
  </way>
  <way id="1337395486">
    <nd ref="12370112900"/>
    <nd ref="1919765952"/>
    <tag k="highway" v="service"/>
    <tag k="service" v="parking_aisle"/>
  </way>
  <way id="1337395487">
    <nd ref="12370114501"/>
    <nd ref="12370112900"/>
    <tag k="highway" v="service"/>
    <tag k="service" v="driveway"/>
  </way>
  <way id="1337412524">
    <nd ref="1891373982"/>
    <nd ref="1891373980"/>
    <nd ref="1127879676"/>
    <tag k="highway" v="service"/>
    <tag k="service" v="parking_aisle"/>
  </way>
  <way id="1340870558">
    <nd ref="12403380827"/>
    <nd ref="12403380868"/>
    <nd ref="12403380830"/>
    <nd ref="12403380828"/>
    <tag k="highway" v="tertiary"/>
    <tag k="lanes" v="4"/>
    <tag k="lanes:backward" v="2"/>
    <tag k="lanes:forward" v="2"/>
    <tag k="lit" v="yes"/>
    <tag k="maxspeed" v="50"/>
    <tag k="name" v="Nowe Podwale Grodzkie"/>
    <tag k="smoothness" v="excellent"/>
    <tag k="source:maxspeed" v="PL:urban"/>
    <tag k="surface" v="asphalt"/>
    <tag k="turn:lanes:backward" v="left;through|right"/>
    <tag k="turn:lanes:forward" v="left|right"/>
  </way>
  <way id="1345259089">
    <nd ref="12445602299"/>
    <nd ref="12445549829"/>
    <nd ref="12445602296"/>
    <nd ref="12445602298"/>
    <nd ref="12445602297"/>
    <tag k="highway" v="service"/>
    <tag k="service" v="driveway"/>
  </way>
  <way id="1356199310">
    <nd ref="12551734933"/>
    <nd ref="12551734934"/>
    <tag k="highway" v="service"/>
    <tag k="service" v="driveway"/>
  </way>
  <way id="1356199311">
    <nd ref="12551734934"/>
    <nd ref="2964089553"/>
    <tag k="highway" v="living_street"/>
    <tag k="maxspeed" v="20"/>
    <tag k="name" v="Motławska"/>
    <tag k="old_name:de" v="An der neuen Mottlau"/>
    <tag k="oneway:bicycle" v="no"/>
    <tag k="smoothness" v="very_bad"/>
    <tag k="source:maxspeed" v="PL:living_street"/>
    <tag k="surface" v="sett"/>
  </way>
  <way id="1359528883">
    <nd ref="9674436637"/>
    <nd ref="6858700463"/>
    <nd ref="12584491221"/>
    <nd ref="11497981276"/>
    <tag k="access" v="private"/>
    <tag k="highway" v="service"/>
    <tag k="service" v="driveway"/>
    <tag k="surface" v="sett"/>
  </way>
  <way id="1390098834">
    <nd ref="301671786"/>
    <nd ref="9466681461"/>
    <nd ref="12867036072"/>
    <tag k="highway" v="residential"/>
    <tag k="maxspeed" v="30"/>
    <tag k="name" v="Wspornikowa"/>
    <tag k="old_name:de" v="Stützengasse"/>
    <tag k="source:maxspeed" v="PL:zone30"/>
    <tag k="surface" v="unhewn_cobblestone"/>
  </way>
  <way id="1390098835">
    <nd ref="12867036072"/>
    <nd ref="9416157677"/>
    <nd ref="12867036071"/>
    <tag k="access" v="no"/>
    <tag k="check_date" v="2025-05-27"/>
    <tag k="highway" v="residential"/>
    <tag k="maxspeed" v="30"/>
    <tag k="name" v="Wspornikowa"/>
    <tag k="note" v="temporarily closed due to construction of Chmielna 78"/>
    <tag k="old_name:de" v="Stützengasse"/>
    <tag k="source:maxspeed" v="PL:zone30"/>
    <tag k="surface" v="unhewn_cobblestone"/>
  </way>
  <way id="1393477633">
    <nd ref="301672219"/>
    <nd ref="2964089541"/>
    <nd ref="7216094814"/>
    <nd ref="12898930923"/>
    <tag k="bicycle" v="yes"/>
    <tag k="highway" v="living_street"/>
    <tag k="lanes" v="2"/>
    <tag k="lit" v="yes"/>
    <tag k="maxspeed" v="20"/>
    <tag k="name" v="Chmielna"/>
    <tag k="old_name:de" v="Hopfengasse"/>
    <tag k="sidewalk:both" v="separate"/>
    <tag k="smoothness" v="bad"/>
    <tag k="source" v="UMP-PL, ./UMP-Gdansk/src/GDANSK.ulice.txt"/>
    <tag k="source:maxspeed" v="PL:living_street"/>
    <tag k="surface" v="sett"/>
  </way>
  <way id="1393650014">
    <nd ref="1733459031"/>
    <nd ref="9983490049"/>
    <nd ref="4202423988"/>
    <nd ref="1733459017"/>
    <nd ref="1733459014"/>
    <nd ref="7074387490"/>
    <nd ref="1868665388"/>
    <tag k="highway" v="service"/>
    <tag k="surface" v="paving_stones"/>
  </way>
  <way id="1393650015">
    <nd ref="1733459027"/>
    <nd ref="1868665482"/>
    <nd ref="1733459034"/>
    <nd ref="1733459012"/>
    <nd ref="1733459017"/>
    <tag k="highway" v="service"/>
    <tag k="service" v="parking_aisle"/>
    <tag k="surface" v="paving_stones"/>
  </way>
  <way id="1393753444">
    <nd ref="5504836543"/>
    <nd ref="9907272835"/>
    <nd ref="7192104120"/>
    <nd ref="9907272832"/>
    <nd ref="9907272837"/>
    <nd ref="5504836559"/>
    <tag k="highway" v="living_street"/>
    <tag k="lit" v="yes"/>
    <tag k="noname" v="yes"/>
    <tag k="surface" v="unhewn_cobblestone"/>
  </way>
  <way id="1420908690">
    <nd ref="13057688567"/>
    <nd ref="13057688566"/>
    <nd ref="13057688565"/>
    <nd ref="13057688564"/>
    <nd ref="13057688552"/>
    <nd ref="13057688563"/>
    <nd ref="13057688553"/>
    <nd ref="13057688562"/>
    <nd ref="13057688561"/>
    <nd ref="13057688560"/>
    <nd ref="13057688567"/>
    <tag k="natural" v="water"/>
  </way>
  <way id="1420908691">
    <nd ref="13057688568"/>
    <nd ref="13057688554"/>
    <nd ref="13057688555"/>
    <nd ref="13057688556"/>
    <nd ref="13057688557"/>
    <nd ref="13057688558"/>
    <nd ref="13057688559"/>
    <nd ref="13057688533"/>
    <nd ref="13057688574"/>
    <nd ref="13057688573"/>
    <nd ref="13057688572"/>
    <nd ref="13057688571"/>
    <nd ref="13057688570"/>
    <nd ref="13057688569"/>
    <nd ref="13057688568"/>
    <tag k="natural" v="water"/>
  </way>
  <way id="1420908692">
    <nd ref="13057688582"/>
    <nd ref="13057688581"/>
    <nd ref="13057688580"/>
    <nd ref="13057688579"/>
    <nd ref="13057688578"/>
    <nd ref="13057688577"/>
    <nd ref="13057688576"/>
    <nd ref="13057688575"/>
    <nd ref="13057688582"/>
    <tag k="natural" v="water"/>
  </way>
  <way id="1420908693">
    <nd ref="13057688583"/>
    <nd ref="13057701257"/>
    <nd ref="13057701256"/>
    <nd ref="13057701255"/>
    <nd ref="13057701254"/>
    <nd ref="13057701253"/>
    <nd ref="13057688584"/>
    <nd ref="13057688583"/>
    <tag k="natural" v="water"/>
  </way>
  <way id="1420908694">
    <nd ref="13057701238"/>
    <nd ref="13057701237"/>
    <nd ref="13057701236"/>
    <nd ref="13057701235"/>
    <nd ref="13057701234"/>
    <nd ref="13057701233"/>
    <nd ref="13057701232"/>
    <nd ref="13057701231"/>
    <nd ref="13057701230"/>
    <nd ref="13057701229"/>
    <nd ref="13057701228"/>
    <nd ref="13057701227"/>
    <nd ref="13057701226"/>
    <nd ref="13057701225"/>
    <nd ref="13057701224"/>
    <nd ref="13057701223"/>
    <nd ref="13057701222"/>
    <nd ref="13057701221"/>
    <nd ref="13057701220"/>
    <nd ref="13057701219"/>
    <nd ref="13057701218"/>
    <nd ref="13057701217"/>
    <nd ref="13057701216"/>
    <nd ref="13057701215"/>
    <nd ref="13057701214"/>
    <nd ref="13057701213"/>
    <nd ref="13057701212"/>
    <nd ref="13057701211"/>
    <nd ref="13057701210"/>
    <nd ref="13057701209"/>
    <nd ref="13057701208"/>
    <nd ref="13057701207"/>
    <nd ref="13057701206"/>
    <nd ref="13057701205"/>
    <nd ref="13057701204"/>
    <nd ref="13057701203"/>
    <nd ref="13057701202"/>
    <nd ref="13057701201"/>
    <nd ref="13057688600"/>
    <nd ref="13057688599"/>
    <nd ref="13057688598"/>
    <nd ref="13057688597"/>
    <nd ref="13057688596"/>
    <nd ref="13057688595"/>
    <nd ref="13057688594"/>
    <nd ref="13057688593"/>
    <nd ref="13057688592"/>
    <nd ref="13057688591"/>
    <nd ref="13057688590"/>
    <nd ref="13057688589"/>
    <nd ref="13057688588"/>
    <nd ref="13057688587"/>
    <nd ref="13057688586"/>
    <nd ref="13057688585"/>
    <nd ref="13057701238"/>
    <tag k="natural" v="water"/>
  </way>
  <way id="1420908695">
    <nd ref="13057701248"/>
    <nd ref="13057701247"/>
    <nd ref="13057701246"/>
    <nd ref="13057701245"/>
    <nd ref="13057701244"/>
    <nd ref="13057701243"/>
    <nd ref="13057701242"/>
    <nd ref="13057701241"/>
    <nd ref="13057701240"/>
    <nd ref="13057701239"/>
    <nd ref="13057701248"/>
    <tag k="natural" v="water"/>
  </way>
  <way id="1420908697">
    <nd ref="13057688584"/>
    <nd ref="13057701262"/>
    <nd ref="13057701261"/>
    <nd ref="13057701260"/>
    <nd ref="13057701259"/>
    <nd ref="13057701258"/>
    <nd ref="13057688583"/>
    <nd ref="13057688584"/>
    <tag k="intermittent" v="yes"/>
    <tag k="natural" v="water"/>
  </way>
  <way id="1420908698">
    <nd ref="13057701273"/>
    <nd ref="13057701272"/>
    <nd ref="13057701271"/>
    <nd ref="13057701270"/>
    <nd ref="13057701269"/>
    <nd ref="13057701268"/>
    <nd ref="13057701267"/>
    <nd ref="13057701266"/>
    <nd ref="13057701265"/>
    <nd ref="13057701264"/>
    <nd ref="13057701263"/>
    <nd ref="13057701273"/>
    <tag k="natural" v="water"/>
  </way>
  <way id="1429051598">
    <nd ref="13136696899"/>
    <nd ref="301679717"/>
    <tag k="cycleway:right" v="no"/>
    <tag k="dual_carriageway" v="yes"/>
    <tag k="foot" v="no"/>
    <tag k="highway" v="primary"/>
    <tag k="highway:category:pl" v="1"/>
    <tag k="int_ref" v="E 75"/>
    <tag k="lanes" v="3"/>
    <tag k="lit" v="yes"/>
    <tag k="maxaxleload" v="11.5"/>
    <tag k="maxspeed" v="50"/>
    <tag k="name" v="Okopowa"/>
    <tag k="old_name:de" v="Karrenwall"/>
    <tag k="oneway" v="yes"/>
    <tag k="ref" v="91"/>
    <tag k="sidewalk" v="no"/>
    <tag k="source" v="UMP-PL, ./UMP-Gdansk/src/GDANSK.ulice.txt"/>
    <tag k="source:maxaxleload" v="Dz.U. 2011 nr 222 poz. 1321 Art. 2 pkt. 11"/>
    <tag k="source:maxspeed" v="PL:urban"/>
    <tag k="source:ref" v="Zarządzenie nr 46 Generalnego Dyrektora Dróg Krajowych i Autostrad z dnia 17 grudnia 2012 r."/>
    <tag k="source:ref:url" v="https://www.archiwum.gddkia.gov.pl/userfiles/articles/z/zarzadzenia-generalnego-dyrektor_10385/zarzadzenie%2046.pdf"/>
    <tag k="surface" v="asphalt"/>
    <tag k="turn:lanes" v="reverse|through|through"/>
  </way>
  <way id="1431957347">
    <nd ref="12065032312"/>
    <nd ref="114087104"/>
    <nd ref="13436681407"/>
    <nd ref="2964003351"/>
    <nd ref="301679764"/>
    <tag k="dual_carriageway" v="yes"/>
    <tag k="highway" v="primary"/>
    <tag k="highway:category:pl" v="2"/>
    <tag k="lanes" v="3"/>
    <tag k="lit" v="yes"/>
    <tag k="maxspeed" v="50"/>
    <tag k="maxweightrating:hgv" v="27"/>
    <tag k="maxweightrating:hgv:conditional" v="none @ marked"/>
    <tag k="name" v="Podwale Przedmiejskie"/>
    <tag k="note:maxweightrating:hgv" v="Nie dotyczy posiadaczy identyfikatorów Gdańskiego Zarządu Dróg i Zieleni 58 52 44 500"/>
    <tag k="old_name:de" v="Vorstädtischer Graben"/>
    <tag k="old_name:de_1" v="Vorstädtischer Graben"/>
    <tag k="oneway" v="yes"/>
    <tag k="ref" v="501"/>
    <tag k="sidewalk:left" v="no"/>
    <tag k="sidewalk:right" v="separate"/>
    <tag k="source:maxspeed" v="PL:urban"/>
    <tag k="source:maxweightrating:hgv" v="PL:sign_B-5"/>
    <tag k="surface" v="asphalt"/>
  </way>
  <way id="1432306145">
    <nd ref="301672251"/>
    <nd ref="1868665018"/>
    <tag k="highway" v="residential"/>
    <tag k="lit" v="yes"/>
    <tag k="maxspeed" v="30"/>
    <tag k="name" v="Szafarnia"/>
    <tag k="old_name:de" v="Schäferei"/>
    <tag k="source:maxspeed" v="PL:zone30"/>
    <tag k="surface" v="sett"/>
  </way>
  <way id="1432321593">
    <nd ref="1876208527"/>
    <nd ref="1845914964"/>
    <tag k="agricultural" v="no"/>
    <tag k="hgv" v="no"/>
    <tag k="hgv:conditional" v="yes @ marked"/>
    <tag k="highway" v="tertiary"/>
    <tag k="lane_markings" v="no"/>
    <tag k="maxspeed" v="30"/>
    <tag k="name" v="Łąkowa"/>
    <tag k="note:hgv" v="Nie dotyczy posiadaczy identyfikatorów typu T wydanych przez GZDiZ"/>
    <tag k="old_name:de" v="Weidengasse"/>
    <tag k="sidewalk" v="separate"/>
    <tag k="smoothness" v="intermediate"/>
    <tag k="source:hgv" v="PL:sign_B-5"/>
    <tag k="source:maxspeed" v="PL:zone30"/>
    <tag k="surface" v="sett"/>
  </way>
  <way id="1433154353">
    <nd ref="1426217347"/>
    <nd ref="13115309455"/>
    <nd ref="301671824"/>
    <nd ref="2103407204"/>
    <tag k="agricultural" v="no"/>
    <tag k="hgv" v="no"/>
    <tag k="hgv:conditional" v="yes @ marked"/>
    <tag k="highway" v="residential"/>
    <tag k="lit" v="yes"/>
    <tag k="maxspeed" v="30"/>
    <tag k="name" v="Świętego Ducha"/>
    <tag k="note:hgv" v="Nie dotyczy samochodów ciężarowych o dopuszczalnej masie całkowitej nieprzekraczającej 12 ton w godzinach 21 - 10"/>
    <tag k="old_name:de" v="Heiliggeistgasse"/>
    <tag k="old_name:la" v="Platea Sancti Spiritus"/>
    <tag k="oneway" v="yes"/>
    <tag k="oneway:bicycle" v="no"/>
    <tag k="source:hgv" v="PL:sign_B-5"/>
    <tag k="source:maxspeed" v="PL:zone30"/>
    <tag k="surface" v="sett"/>
    <tag k="wikidata" v="Q9366365"/>
    <tag k="wikipedia" v="pl:Ulica Świętego Ducha w Gdańsku"/>
  </way>
  <way id="1433159209">
    <nd ref="1721167982"/>
    <nd ref="1721167983"/>
    <tag k="agricultural" v="no"/>
    <tag k="hgv" v="no"/>
    <tag k="hgv:conditional" v="yes @ marked"/>
    <tag k="highway" v="residential"/>
    <tag k="lanes" v="2"/>
    <tag k="lit" v="yes"/>
    <tag k="maxspeed" v="30"/>
    <tag k="name" v="Pszenna"/>
    <tag k="note:hgv" v="Nie dotyczy posiadaczy identyfikatorów typu T wydanych przez GZDiZ"/>
    <tag k="old_name:de" v="Neue Mottlau"/>
    <tag k="sidewalk" v="separate"/>
    <tag k="source:hgv" v="PL:sign_B-5"/>
    <tag k="source:maxspeed" v="PL:zone30"/>
    <tag k="surface" v="asphalt"/>
  </way>
  <way id="1434708582">
    <nd ref="13186842486"/>
    <nd ref="13186842474"/>
    <nd ref="13186842485"/>
    <nd ref="13186842484"/>
    <nd ref="13186842483"/>
    <tag k="access" v="private"/>
    <tag k="highway" v="service"/>
    <tag k="noexit" v="yes"/>
  </way>
  <way id="1434708583">
    <nd ref="1868665104"/>
    <nd ref="2617194427"/>
    <nd ref="13047607588"/>
    <nd ref="1868665070"/>
    <tag k="highway" v="service"/>
    <tag k="surface" v="cobblestone"/>
  </way>
  <way id="1434861173">
    <nd ref="13188777001"/>
    <nd ref="3041292199"/>
    <nd ref="1890705078"/>
    <tag k="highway" v="living_street"/>
    <tag k="lit" v="yes"/>
    <tag k="maxspeed" v="20"/>
    <tag k="name" v="Motławska"/>
    <tag k="old_name:de" v="An der neuen Mottlau"/>
    <tag k="oneway" v="no"/>
    <tag k="oneway:bicycle" v="no"/>
    <tag k="source" v="UMP-PL, ./UMP-Gdansk/src/GDANSK.ulice.txt"/>
    <tag k="source:maxspeed" v="PL:living_street"/>
    <tag k="surface" v="cobblestone:flattened"/>
  </way>
  <way id="1446987870">
    <nd ref="9825087281"/>
    <nd ref="9990599241"/>
    <tag k="access" v="private"/>
    <tag k="bicycle" v="no"/>
    <tag k="foot" v="no"/>
    <tag k="highway" v="service"/>
    <tag k="maxweightrating:hgv" v="3.5"/>
    <tag k="mofa" v="no"/>
    <tag k="moped" v="no"/>
    <tag k="service" v="driveway"/>
    <tag k="source:maxweightrating:hgv" v="PL:sign_B-5"/>
    <tag k="trailer" v="no"/>
  </way>
  <way id="1451091353">
    <nd ref="13308388563"/>
    <nd ref="1947567837"/>
    <tag k="highway" v="service"/>
  </way>
  <way id="1451091354">
    <nd ref="1947567837"/>
    <nd ref="13308388564"/>
    <nd ref="13308388565"/>
    <tag k="highway" v="service"/>
    <tag k="service" v="driveway"/>
  </way>
  <way id="1451091355">
    <nd ref="1947567837"/>
    <nd ref="2355742508"/>
    <tag k="highway" v="service"/>
  </way>
  <way id="1462693340">
    <nd ref="301679412"/>
    <nd ref="2104575753"/>
    <tag k="cycleway:right" v="lane"/>
    <tag k="dual_carriageway" v="yes"/>
    <tag k="highway" v="tertiary"/>
    <tag k="lanes" v="2"/>
    <tag k="lit" v="yes"/>
    <tag k="maxspeed" v="30"/>
    <tag k="name" v="Targ Drzewny"/>
    <tag k="old_name:de" v="Holzmarkt"/>
    <tag k="oneway" v="yes"/>
    <tag k="source" v="UMP-PL, ./UMP-Gdansk/src/GDANSK.ulice.txt"/>
    <tag k="source:maxspeed" v="PL:zone30"/>
    <tag k="surface" v="asphalt"/>
  </way>
  <way id="1462799295">
    <nd ref="11508868441"/>
    <nd ref="1739522390"/>
    <tag k="cycleway:right" v="lane"/>
    <tag k="dual_carriageway" v="yes"/>
    <tag k="highway" v="secondary"/>
    <tag k="lanes" v="2"/>
    <tag k="lit" v="yes"/>
    <tag k="maxspeed" v="50"/>
    <tag k="name" v="Hucisko"/>
    <tag k="old_name:de" v="Silberhütte"/>
    <tag k="oneway" v="yes"/>
    <tag k="parking:condition:both" v="no_stopping"/>
    <tag k="source" v="UMP-PL, ./UMP-Gdansk/src/GDANSK.ulice.txt"/>
    <tag k="source:maxspeed" v="PL:urban"/>
    <tag k="surface" v="asphalt"/>
  </way>
  <way id="1464932667">
    <nd ref="6775544981"/>
    <nd ref="12403380833"/>
    <tag k="bridge" v="viaduct"/>
    <tag k="bridge:name" v="Wiadukt Zaroślak"/>
    <tag k="bus:lanes" v="yes|yes|designated"/>
    <tag k="dual_carriageway" v="yes"/>
    <tag k="foot" v="no"/>
    <tag k="highway" v="primary"/>
    <tag k="highway:category:pl" v="1"/>
    <tag k="int_ref" v="E 75"/>
    <tag k="lanes" v="3"/>
    <tag k="lanes:bus" v="1"/>
    <tag k="lanes:mofa" v="1"/>
    <tag k="lanes:moped" v="1"/>
    <tag k="lanes:motorcycle" v="1"/>
    <tag k="lanes:taxi" v="1"/>
    <tag k="layer" v="1"/>
    <tag k="lit" v="yes"/>
    <tag k="maxaxleload" v="11.5"/>
    <tag k="maxspeed" v="50"/>
    <tag k="mofa:lanes" v="yes|yes|designated"/>
    <tag k="moped:lanes" v="yes|yes|designated"/>
    <tag k="motorcycle:lanes" v="yes|yes|designated"/>
    <tag k="name" v="Trakt Świętego Wojciecha"/>
    <tag k="name:etymology:wikidata" v="Q243427"/>
    <tag k="note:lanes" v="||Znak D-11: prawy pas wyznaczony dla: BUS, TAXI, służby miejskie, motocykle i motorowery. Znak F-10: dopuszcza jazdę prosto tylko dla: BUS."/>
    <tag k="oneway" v="yes"/>
    <tag k="placement" v="left_of:2"/>
    <tag k="ref" v="91"/>
    <tag k="source:maxaxleload" v="Dz.U. 2011 nr 222 poz. 1321 Art. 2 pkt. 11"/>
    <tag k="source:ref" v="Zarządzenie nr 46 Generalnego Dyrektora Dróg Krajowych i Autostrad z dnia 17 grudnia 2012 r."/>
    <tag k="source:ref:url" v="https://www.gddkia.gov.pl/userfiles/articles/z/zarzadzenia-generalnego-dyrektor_10385/zarzadzenie%2046.pdf"/>
    <tag k="surface" v="asphalt"/>
    <tag k="taxi:lanes" v="yes|yes|designated"/>
    <tag k="turn:bus:lanes" v="through|through|through;right"/>
    <tag k="turn:lanes" v="through|through|right"/>
    <tag k="vehicle:lanes" v="yes|yes|yes"/>
    <tag k="wikidata" v="Q9372426"/>
    <tag k="wikipedia" v="pl:Wiadukt Biskupia Górka"/>
  </way>
  <way id="1464932668">
    <nd ref="9990599300"/>
    <nd ref="8501404790"/>
    <nd ref="8913472003"/>
    <tag k="destination" v="Gdynia;Szczecin;Łódź;Port Lotniczy"/>
    <tag k="destination:ref" v="A1;S7;S6"/>
    <tag k="foot" v="no"/>
    <tag k="highway" v="primary_link"/>
    <tag k="lanes" v="1"/>
    <tag k="lit" v="yes"/>
    <tag k="maxspeed" v="50"/>
    <tag k="name" v="Okopowa"/>
    <tag k="old_name:de" v="Karrenwall"/>
    <tag k="oneway" v="yes"/>
    <tag k="source" v="UMP-PL, ./UMP-Gdansk/src/GDANSK.ulice.txt"/>
    <tag k="surface" v="asphalt"/>
  </way>
  <way id="1464932670">
    <nd ref="12403380827"/>
    <nd ref="13436469801"/>
    <tag k="dual_carriageway" v="yes"/>
    <tag k="foot" v="no"/>
    <tag k="highway" v="primary"/>
    <tag k="int_ref" v="E 75"/>
    <tag k="lanes" v="2"/>
    <tag k="lit" v="yes"/>
    <tag k="maxaxleload" v="11.5"/>
    <tag k="maxspeed" v="50"/>
    <tag k="name" v="Trakt Świętego Wojciecha"/>
    <tag k="name:etymology:wikidata" v="Q243427"/>
    <tag k="oneway" v="yes"/>
    <tag k="ref" v="91"/>
    <tag k="source:maxaxleload" v="Dz.U. 2011 nr 222 poz. 1321 Art. 2 pkt. 11"/>
    <tag k="source:ref" v="Zarządzenie nr 46 Generalnego Dyrektora Dróg Krajowych i Autostrad z dnia 17 grudnia 2012 r."/>
    <tag k="source:ref:url" v="https://www.gddkia.gov.pl/userfiles/articles/z/zarzadzenia-generalnego-dyrektor_10385/zarzadzenie%2046.pdf"/>
    <tag k="surface" v="asphalt"/>
  </way>
  <way id="1464959953">
    <nd ref="13436651992"/>
    <nd ref="13436651991"/>
    <tag k="bus_bay" v="right"/>
    <tag k="bus_bay:surface" v="concrete"/>
    <tag k="cycleway:right" v="lane"/>
    <tag k="disused:bus:lanes" v="yes|yes|yes|designated"/>
    <tag k="disused:lanes:bus" v="1"/>
    <tag k="disused:lanes:mofa" v="1"/>
    <tag k="disused:lanes:moped" v="1"/>
    <tag k="disused:lanes:motorcycle" v="1"/>
    <tag k="disused:lanes:taxi" v="1"/>
    <tag k="disused:mofa:lanes" v="yes|yes|yes|designated"/>
    <tag k="disused:moped:lanes" v="yes|yes|yes|designated"/>
    <tag k="disused:motorcycle:lanes" v="yes|yes|yes|designated"/>
    <tag k="disused:note:lanes" v="|||Znak D-11: prawy pas wyznaczony dla: BUS, TAXI, służby miejskie, motocykle i motorowery. Znak F-10: dopuszcza jazdę prosto tylko dla: BUS."/>
    <tag k="disused:taxi:lanes" v="yes|yes|yes|designated"/>
    <tag k="disused:turn:lanes:bus" v="left|through|through|through;right"/>
    <tag k="disused:vehicle:lanes" v="yes|yes|yes|yes"/>
    <tag k="dual_carriageway" v="yes"/>
    <tag k="highway" v="primary"/>
    <tag k="highway:category:pl" v="2"/>
    <tag k="lanes" v="4"/>
    <tag k="lit" v="yes"/>
    <tag k="maxspeed" v="50"/>
    <tag k="name" v="Podwale Przedmiejskie"/>
    <tag k="note:lanes" v="Buspas zamknięty ze względu na zły stan mostu."/>
    <tag k="old_name:de" v="Brandgasse"/>
    <tag k="old_name:de_1" v="Vorstädtischer Graben"/>
    <tag k="oneway" v="yes"/>
    <tag k="ref" v="501"/>
    <tag k="source:maxspeed" v="PL:urban"/>
    <tag k="surface" v="asphalt"/>
    <tag k="turn:lanes" v="left|through|through|right"/>
  </way>
  <way id="1464959954">
    <nd ref="6042571332"/>
    <nd ref="6042571327"/>
    <nd ref="6042571321"/>
    <tag k="cycleway:right" v="lane"/>
    <tag k="disused:bus:lanes" v="yes|yes|yes|designated"/>
    <tag k="disused:lanes:bus" v="1"/>
    <tag k="disused:lanes:mofa" v="1"/>
    <tag k="disused:lanes:moped" v="1"/>
    <tag k="disused:lanes:motorcycle" v="1"/>
    <tag k="disused:lanes:taxi" v="1"/>
    <tag k="disused:mofa:lanes" v="yes|yes|yes|designated"/>
    <tag k="disused:moped:lanes" v="yes|yes|yes|designated"/>
    <tag k="disused:motorcycle:lanes" v="yes|yes|yes|designated"/>
    <tag k="disused:note:lanes" v="|||Znak D-11: prawy pas wyznaczony dla: BUS, TAXI, służby miejskie, motocykle i motorowery. Znak F-10: dopuszcza jazdę prosto tylko dla: BUS."/>
    <tag k="disused:taxi:lanes" v="yes|yes|yes|designated"/>
    <tag k="disused:turn:lanes:bus" v="left|through|through|through;right"/>
    <tag k="disused:vehicle:lanes" v="yes|yes|yes|yes"/>
    <tag k="dual_carriageway" v="yes"/>
    <tag k="highway" v="primary"/>
    <tag k="highway:category:pl" v="2"/>
    <tag k="lanes" v="4"/>
    <tag k="lit" v="yes"/>
    <tag k="maxspeed" v="50"/>
    <tag k="name" v="Podwale Przedmiejskie"/>
    <tag k="note:lanes" v="Buspas zamknięty ze względu na zły stan mostu."/>
    <tag k="old_name:de" v="Brandgasse"/>
    <tag k="old_name:de_1" v="Vorstädtischer Graben"/>
    <tag k="oneway" v="yes"/>
    <tag k="ref" v="501"/>
    <tag k="source:maxspeed" v="PL:urban"/>
    <tag k="surface" v="asphalt"/>
    <tag k="turn:lanes" v="left|through|through|right"/>
  </way>
  <way id="1464959956">
    <nd ref="301679768"/>
    <nd ref="13436681406"/>
    <tag k="change:lanes" v="yes|not_right|no"/>
    <tag k="dual_carriageway" v="yes"/>
    <tag k="highway" v="primary"/>
    <tag k="highway:category:pl" v="2"/>
    <tag k="lanes" v="3"/>
    <tag k="lit" v="yes"/>
    <tag k="maxspeed" v="50"/>
    <tag k="name" v="Podwale Przedmiejskie"/>
    <tag k="old_name:de" v="Vorstädtischer Graben"/>
    <tag k="old_name:de_1" v="Vorstädtischer Graben"/>
    <tag k="oneway" v="yes"/>
    <tag k="ref" v="501"/>
    <tag k="sidewalk:left" v="no"/>
    <tag k="sidewalk:right" v="separate"/>
    <tag k="source:maxspeed" v="PL:urban"/>
    <tag k="surface" v="asphalt"/>
  </way>
  <way id="1464959958">
    <nd ref="3741518898"/>
    <nd ref="506565396"/>
    <tag k="change:lanes" v="no|no|no|no|no"/>
    <tag k="cycleway:lanes" v="no|no|no|lane|no"/>
    <tag k="cycleway:right" v="lane"/>
    <tag k="dual_carriageway" v="yes"/>
    <tag k="highway" v="primary"/>
    <tag k="highway:category:pl" v="2"/>
    <tag k="lanes" v="4"/>
    <tag k="lit" v="yes"/>
    <tag k="maxspeed" v="50"/>
    <tag k="name" v="Podwale Przedmiejskie"/>
    <tag k="old_name:de" v="Reitergasse"/>
    <tag k="old_name:de_1" v="Vorstädtischer Graben"/>
    <tag k="oneway" v="yes"/>
    <tag k="ref" v="501"/>
    <tag k="sidewalk:left" v="no"/>
    <tag k="sidewalk:right" v="separate"/>
    <tag k="smoothness" v="excellent"/>
    <tag k="source:maxspeed" v="PL:urban"/>
    <tag k="surface" v="asphalt"/>
    <tag k="turn:lanes" v="left|through|through|none|right"/>
    <tag k="vehicle:lanes" v="yes|yes|yes|no|yes"/>
  </way>
  <way id="1464964922">
    <nd ref="12179862140"/>
    <nd ref="301671175"/>
    <tag k="dual_carriageway" v="yes"/>
    <tag k="highway" v="primary"/>
    <tag k="highway:category:pl" v="1"/>
    <tag k="int_ref" v="E 75"/>
    <tag k="lanes" v="4"/>
    <tag k="lit" v="yes"/>
    <tag k="maxaxleload" v="11.5"/>
    <tag k="maxspeed" v="50"/>
    <tag k="name" v="Okopowa"/>
    <tag k="old_name:de" v="Karrenwall"/>
    <tag k="oneway" v="yes"/>
    <tag k="ref" v="91"/>
    <tag k="source" v="survey"/>
    <tag k="source:maxaxleload" v="Dz.U. 2011 nr 222 poz. 1321 Art. 2 pkt. 11"/>
    <tag k="source:maxspeed" v="PL:urban"/>
    <tag k="source:ref" v="Zarządzenie nr 46 Generalnego Dyrektora Dróg Krajowych i Autostrad z dnia 17 grudnia 2012 r."/>
    <tag k="source:ref:url" v="https://www.archiwum.gddkia.gov.pl/userfiles/articles/z/zarzadzenia-generalnego-dyrektor_10385/zarzadzenie%2046.pdf"/>
    <tag k="surface" v="asphalt"/>
    <tag k="turn:lanes" v="reverse|through|through|through"/>
  </way>
  <way id="1464964923">
    <nd ref="301671175"/>
    <nd ref="12179862148"/>
    <nd ref="12093034363"/>
    <nd ref="13701624931"/>
    <nd ref="9668539298"/>
    <nd ref="13436699857"/>
    <tag k="dual_carriageway" v="yes"/>
    <tag k="highway" v="primary"/>
    <tag k="highway:category:pl" v="1"/>
    <tag k="int_ref" v="E 75"/>
    <tag k="lanes" v="3"/>
    <tag k="lit" v="yes"/>
    <tag k="maxaxleload" v="11.5"/>
    <tag k="maxspeed" v="50"/>
    <tag k="name" v="Wały Jagiellońskie"/>
    <tag k="old_name:de" v="Dominikswall"/>
    <tag k="oneway" v="yes"/>
    <tag k="ref" v="91"/>
    <tag k="source" v="survey"/>
    <tag k="source:maxaxleload" v="Dz.U. 2011 nr 222 poz. 1321 Art. 2 pkt. 11"/>
    <tag k="source:maxspeed" v="PL:urban"/>
    <tag k="source:ref" v="Zarządzenie nr 46 Generalnego Dyrektora Dróg Krajowych i Autostrad z dnia 17 grudnia 2012 r."/>
    <tag k="source:ref:url" v="https://www.archiwum.gddkia.gov.pl/userfiles/articles/z/zarzadzenia-generalnego-dyrektor_10385/zarzadzenie%2046.pdf"/>
    <tag k="surface" v="asphalt"/>
  </way>
  <way id="1465086799">
    <nd ref="1582533908"/>
    <nd ref="301679720"/>
    <nd ref="13437589990"/>
    <nd ref="7847468575"/>
    <nd ref="1582533771"/>
    <nd ref="301679713"/>
    <tag k="cycleway:right" v="separate"/>
    <tag k="dual_carriageway" v="yes"/>
    <tag k="highway" v="primary"/>
    <tag k="highway:category:pl" v="1"/>
    <tag k="int_ref" v="E 75"/>
    <tag k="lanes" v="3"/>
    <tag k="lit" v="yes"/>
    <tag k="maxaxleload" v="11.5"/>
    <tag k="maxspeed" v="50"/>
    <tag k="name" v="Wały Jagiellońskie"/>
    <tag k="old_name:de" v="Dominikswall"/>
    <tag k="oneway" v="yes"/>
    <tag k="parking:condition:both" v="no_stopping"/>
    <tag k="ref" v="91"/>
    <tag k="source" v="survey"/>
    <tag k="source:maxaxleload" v="Dz.U. 2011 nr 222 poz. 1321 Art. 2 pkt. 11"/>
    <tag k="source:maxspeed" v="PL:urban"/>
    <tag k="source:ref" v="Zarządzenie nr 46 Generalnego Dyrektora Dróg Krajowych i Autostrad z dnia 17 grudnia 2012 r."/>
    <tag k="source:ref:url" v="https://www.archiwum.gddkia.gov.pl/userfiles/articles/z/zarzadzenia-generalnego-dyrektor_10385/zarzadzenie%2046.pdf"/>
    <tag k="surface" v="asphalt"/>
  </way>
  <way id="1465086800">
    <nd ref="12093034364"/>
    <nd ref="7847468574"/>
    <nd ref="746799985"/>
    <tag k="dual_carriageway" v="yes"/>
    <tag k="highway" v="primary"/>
    <tag k="highway:category:pl" v="1"/>
    <tag k="int_ref" v="E 75"/>
    <tag k="lanes" v="3"/>
    <tag k="lit" v="yes"/>
    <tag k="maxaxleload" v="11.5"/>
    <tag k="maxspeed" v="50"/>
    <tag k="name" v="Wały Jagiellońskie"/>
    <tag k="old_name:de" v="Dominikswall"/>
    <tag k="oneway" v="yes"/>
    <tag k="parking:condition:both" v="no_stopping"/>
    <tag k="ref" v="91"/>
    <tag k="source" v="survey"/>
    <tag k="source:maxaxleload" v="Dz.U. 2011 nr 222 poz. 1321 Art. 2 pkt. 11"/>
    <tag k="source:maxspeed" v="PL:urban"/>
    <tag k="source:ref" v="Zarządzenie nr 46 Generalnego Dyrektora Dróg Krajowych i Autostrad z dnia 17 grudnia 2012 r."/>
    <tag k="source:ref:url" v="https://www.archiwum.gddkia.gov.pl/userfiles/articles/z/zarzadzenia-generalnego-dyrektor_10385/zarzadzenie%2046.pdf"/>
    <tag k="surface" v="asphalt"/>
    <tag k="turn:lanes" v="through|through;slight_right|slight_right"/>
  </way>
  <way id="1465653395">
    <nd ref="2867427359"/>
    <nd ref="1925302759"/>
    <nd ref="13648286969"/>
    <tag k="electrified" v="contact_line"/>
    <tag k="frequency" v="0"/>
    <tag k="gauge" v="1435"/>
    <tag k="maxspeed" v="15"/>
    <tag k="oneway" v="yes"/>
    <tag k="operator" v="ZTM Gdańsk"/>
    <tag k="railway" v="tram"/>
    <tag k="voltage" v="600"/>
  </way>
  <way id="1465653396">
    <nd ref="595795168"/>
    <nd ref="622327432"/>
    <nd ref="2867427360"/>
    <tag k="electrified" v="contact_line"/>
    <tag k="frequency" v="0"/>
    <tag k="gauge" v="1435"/>
    <tag k="maxspeed" v="15"/>
    <tag k="oneway" v="yes"/>
    <tag k="operator" v="ZTM Gdańsk"/>
    <tag k="railway" v="tram"/>
    <tag k="voltage" v="600"/>
  </way>
  <way id="1468489838">
    <nd ref="13468386034"/>
    <nd ref="13468386033"/>
    <tag k="highway" v="service"/>
    <tag k="motor_vehicle" v="private"/>
    <tag k="service" v="driveway"/>
    <tag k="surface" v="concrete:plates"/>
  </way>
  <way id="1468489839">
    <nd ref="13468386033"/>
    <nd ref="1582533521"/>
    <nd ref="9668569253"/>
    <tag k="highway" v="service"/>
    <tag k="motor_vehicle" v="private"/>
    <tag k="service" v="driveway"/>
  </way>
  <way id="1474189532">
    <nd ref="3753416893"/>
    <nd ref="1988502627"/>
    <nd ref="13524375683"/>
    <tag k="highway" v="living_street"/>
    <tag k="maxspeed" v="20"/>
    <tag k="name" v="Łąkowa"/>
    <tag k="old_name:de" v="Weidengasse"/>
    <tag k="oneway" v="no"/>
    <tag k="source" v="survey"/>
    <tag k="source:maxspeed" v="PL:living_street"/>
    <tag k="surface" v="sett"/>
  </way>
  <way id="1478557652">
    <nd ref="13564120348"/>
    <nd ref="11704838981"/>
    <tag k="name" v="Motława"/>
    <tag k="waterway" v="river"/>
  </way>
  <way id="1488127615">
    <nd ref="1868665234"/>
    <nd ref="10269329580"/>
    <nd ref="4924997957"/>
    <tag k="bus" v="no"/>
    <tag k="highway" v="residential"/>
    <tag k="lit" v="yes"/>
    <tag k="maxspeed" v="30"/>
    <tag k="name" v="Ołowianka"/>
    <tag k="note:bus" v="Znak B-3a - Nie dotyczy autobusów przywożących widzów na koncerty organizowane przez Polską Filharmonię Bałtycką w Gdańsku"/>
    <tag k="old_name:de" v="Teerhof"/>
    <tag k="source:maxspeed" v="PL:zone30"/>
    <tag k="surface" v="cobblestone"/>
    <tag k="tourist_bus" v="destination"/>
  </way>
  <way id="1488953184">
    <nd ref="13648286968"/>
    <nd ref="2867427366"/>
    <tag k="electrified" v="contact_line"/>
    <tag k="frequency" v="0"/>
    <tag k="gauge" v="1435"/>
    <tag k="maxspeed" v="15"/>
    <tag k="oneway" v="yes"/>
    <tag k="railway" v="tram"/>
    <tag k="voltage" v="600"/>
  </way>
  <way id="1488953185">
    <nd ref="13648286969"/>
    <nd ref="1925302757"/>
    <tag k="electrified" v="contact_line"/>
    <tag k="frequency" v="0"/>
    <tag k="gauge" v="1435"/>
    <tag k="maxspeed" v="50"/>
    <tag k="oneway" v="yes"/>
    <tag k="operator" v="ZTM Gdańsk"/>
    <tag k="railway" v="tram"/>
    <tag k="voltage" v="600"/>
  </way>
  <way id="1488955584">
    <nd ref="2867427367"/>
    <nd ref="13648266265"/>
    <tag k="electrified" v="contact_line"/>
    <tag k="frequency" v="0"/>
    <tag k="gauge" v="1435"/>
    <tag k="maxspeed" v="15"/>
    <tag k="oneway" v="yes"/>
    <tag k="railway" v="tram"/>
    <tag k="voltage" v="600"/>
  </way>
  <way id="1489291765">
    <nd ref="301672022"/>
    <nd ref="4888424457"/>
    <nd ref="13651025836"/>
    <tag k="bicycle" v="yes"/>
    <tag k="bus" v="yes"/>
    <tag k="cycleway" v="no"/>
    <tag k="highway" v="living_street"/>
    <tag k="horse" v="no"/>
    <tag k="lit" v="yes"/>
    <tag k="maxspeed" v="20"/>
    <tag k="name" v="Przędzalnicza"/>
    <tag k="note:access" v="Nie dotyczy posiadaczy identyfikatorów typu GM wydanych przez GZDiZ oraz pojazdów wymienionych w Zarządzeniu nr 34/14 Prezydenta Miasta Gdańska z dn. 10.01.2014 r. Informacje: PN-PT w godz. 7.00-15.00 tel. 58 52-44-627, 58 55-89-571"/>
    <tag k="old_name:de" v="Zwirngasse"/>
    <tag k="oneway" v="yes"/>
    <tag k="oneway:bicycle" v="no"/>
    <tag k="sidewalk:both" v="separate"/>
    <tag k="source:access" v="https://gzd.gda.pl/zalatw-sprawe/strefa-ograniczonej-dostepnosci-na-glownym-miescie,a,3141"/>
    <tag k="source:maxspeed" v="PL:zone30"/>
    <tag k="surface" v="sett"/>
    <tag k="taxi" v="yes"/>
    <tag k="vehicle" v="permit"/>
  </way>
  <way id="1489810563">
    <nd ref="301672207"/>
    <nd ref="13655273299"/>
    <tag k="agricultural" v="no"/>
    <tag k="hgv" v="no"/>
    <tag k="hgv:conditional" v="yes @ marked"/>
    <tag k="highway" v="living_street"/>
    <tag k="lanes" v="3"/>
    <tag k="lanes:backward" v="1"/>
    <tag k="lanes:forward" v="2"/>
    <tag k="lit" v="yes"/>
    <tag k="maxspeed" v="20"/>
    <tag k="name" v="Chmielna"/>
    <tag k="note:hgv" v="Nie dotyczy posiadaczy identyfikatorów typu T wydanych przez GZDiZ"/>
    <tag k="old_name:de" v="Hopfengasse"/>
    <tag k="source" v="UMP-PL, ./UMP-Gdansk/src/GDANSK.ulice.txt"/>
    <tag k="source:hgv" v="PL:sign_B-5"/>
    <tag k="source:maxspeed" v="PL:living_street"/>
    <tag k="surface" v="sett"/>
  </way>
  <way id="1489883492">
    <nd ref="301672204"/>
    <nd ref="5423252373"/>
    <nd ref="13014410766"/>
    <tag k="highway" v="living_street"/>
    <tag k="maxspeed" v="20"/>
    <tag k="name" v="Chmielna"/>
    <tag k="old_name:de" v="Hopfengasse"/>
    <tag k="source:maxspeed" v="PL:living_street"/>
    <tag k="surface" v="sett"/>
  </way>
  <way id="1497739565">
    <nd ref="6042571337"/>
    <nd ref="764323619"/>
    <nd ref="13436651993"/>
    <nd ref="6042571321"/>
    <tag k="agricultural" v="no"/>
    <tag k="hgv" v="no"/>
    <tag k="hgv:conditional" v="yes @ marked"/>
    <tag k="highway" v="residential"/>
    <tag k="lanes" v="3"/>
    <tag k="lanes:backward" v="1"/>
    <tag k="lanes:forward" v="2"/>
    <tag k="lit" v="yes"/>
    <tag k="maxspeed" v="50"/>
    <tag k="name" v="Chmielna"/>
    <tag k="note:hgv" v="Nie dotyczy posiadaczy identyfikatorów typu T wydanych przez GZDiZ"/>
    <tag k="old_name:de" v="Hopfengasse"/>
    <tag k="source" v="UMP-PL, ./UMP-Gdansk/src/GDANSK.ulice.txt"/>
    <tag k="source:hgv" v="PL:sign_B-5"/>
    <tag k="source:maxspeed" v="PL:urban"/>
    <tag k="surface" v="asphalt"/>
  </way>
  <way id="1497739566">
    <nd ref="13716794770"/>
    <nd ref="2867187586"/>
    <nd ref="13436651994"/>
    <nd ref="2964089216"/>
    <tag k="highway" v="residential"/>
    <tag k="lanes" v="3"/>
    <tag k="lanes:backward" v="1"/>
    <tag k="lanes:forward" v="2"/>
    <tag k="lit" v="yes"/>
    <tag k="maxspeed" v="30"/>
    <tag k="name" v="Chmielna"/>
    <tag k="old_name:de" v="Hopfengasse"/>
    <tag k="sidewalk" v="separate"/>
    <tag k="source:maxspeed" v="PL:zone30"/>
    <tag k="surface" v="asphalt"/>
  </way>
  <relation id="946701">
    <member type="way" ref="524560227" role="main_stream"/>
    <member type="way" ref="346992498" role="main_stream"/>
    <member type="way" ref="703342000" role="main_stream"/>
    <member type="way" ref="703341999" role="main_stream"/>
    <member type="way" ref="346992496" role="main_stream"/>
    <member type="way" ref="703898048" role="main_stream"/>
    <member type="way" ref="703898049" role="main_stream"/>
    <member type="way" ref="169433385" role="main_stream"/>
    <member type="way" ref="1259127919" role="main_stream"/>
    <member type="way" ref="1259127918" role="main_stream"/>
    <member type="way" ref="1478557652" role="main_stream"/>
    <member type="way" ref="1259127916" role="main_stream"/>
    <member type="way" ref="1259127915" role="main_stream"/>
    <member type="way" ref="1259127914" role="main_stream"/>
    <member type="way" ref="1259127913" role="main_stream"/>
    <member type="way" ref="1259127912" role="main_stream"/>
    <member type="way" ref="169433378" role="main_stream"/>
    <member type="way" ref="199077034" role="main_stream"/>
    <member type="way" ref="199077035" role="main_stream"/>
    <member type="way" ref="199097077" role="main_stream"/>
    <member type="way" ref="199097076" role="main_stream"/>
    <member type="way" ref="199097078" role="main_stream"/>
    <member type="way" ref="199097079" role="main_stream"/>
    <member type="way" ref="199095268" role="main_stream"/>
    <member type="way" ref="199095270" role="main_stream"/>
    <member type="way" ref="199095269" role="main_stream"/>
    <member type="way" ref="199095267" role="main_stream"/>
    <member type="way" ref="199086244" role="main_stream"/>
    <member type="way" ref="199086247" role="main_stream"/>
    <member type="way" ref="199085371" role="main_stream"/>
    <member type="way" ref="199085370" role="main_stream"/>
    <member type="way" ref="199085375" role="main_stream"/>
    <member type="way" ref="199085372" role="main_stream"/>
    <member type="way" ref="199085374" role="main_stream"/>
    <member type="way" ref="199257933" role="main_stream"/>
    <member type="way" ref="199257936" role="main_stream"/>
    <member type="way" ref="765220508" role="main_stream"/>
    <member type="way" ref="60900787" role="main_stream"/>
    <member type="way" ref="372379255" role="main_stream"/>
    <member type="way" ref="507792410" role="main_stream"/>
    <member type="way" ref="507792411" role="main_stream"/>
    <member type="way" ref="901627626" role="main_stream"/>
    <member type="way" ref="768561307" role="main_stream"/>
    <member type="way" ref="301630667" role="main_stream"/>
    <tag k="destination" v="Martwa Wisła"/>
    <tag k="distance" v="64.7"/>
    <tag k="name" v="Motława"/>
    <tag k="name:de" v="Mottlau"/>
    <tag k="name:lt" v="Maltava"/>
    <tag k="name:pl" v="Motława"/>
    <tag k="order:classic" v="2"/>
    <tag k="type" v="waterway"/>
    <tag k="waterway" v="river"/>
    <tag k="wikidata" v="Q1950176"/>
    <tag k="wikipedia" v="pl:Motława"/>
  </relation>
  <relation id="1282129">
    <member type="way" ref="843322300" role="outer"/>
    <member type="way" ref="843322303" role="outer"/>
    <member type="way" ref="843322314" role="outer"/>
    <member type="way" ref="843322302" role="outer"/>
    <member type="way" ref="843322301" role="outer"/>
    <member type="way" ref="125199669" role="inner"/>
    <member type="way" ref="843322317" role="inner"/>
    <member type="way" ref="843322309" role="outer"/>
    <tag k="natural" v="water"/>
    <tag k="type" v="multipolygon"/>
    <tag k="water" v="river"/>
    <tag k="wikidata" v="Q1950176"/>
    <tag k="wikipedia" v="pl:Motława"/>
  </relation>
  <relation id="11569648">
    <member type="way" ref="843322306" role="outer"/>
    <member type="way" ref="843322307" role="outer"/>
    <member type="way" ref="843322309" role="outer"/>
    <member type="way" ref="843322310" role="outer"/>
    <tag k="natural" v="water"/>
    <tag k="type" v="multipolygon"/>
    <tag k="water" v="river"/>
  </relation>
  <relation id="11569650">
    <member type="way" ref="39970049" role="outer"/>
    <member type="way" ref="843322312" role="outer"/>
    <member type="way" ref="843322315" role="outer"/>
    <member type="way" ref="843322303" role="outer"/>
    <tag k="natural" v="water"/>
    <tag k="type" v="multipolygon"/>
    <tag k="water" v="river"/>
  </relation>

</osm>
