<?xml version="1.0" encoding="UTF-8"?>
<osm version="0.6" generator="Overpass API 0.7.62.11 87bfad18">
<note>The data included in this document is from www.openstreetmap.org. The data is made available under ODbL.</note>
<meta osm_base="2026-05-26T10:45:36Z"/>

  <node id="316655154" lat="54.1644398" lon="19.4221403"/>
  <node id="316655155" lat="54.1647444" lon="19.4192378"/>
  <node id="316655160" lat="54.1583334" lon="19.4178464"/>
  <node id="316655164" lat="54.1591175" lon="19.4188046">
    <tag k="highway" v="traffic_signals"/>
  </node>
  <node id="316655166" lat="54.1617907" lon="19.4188799"/>
  <node id="316655169" lat="54.1639947" lon="19.4221333"/>
  <node id="316655173" lat="54.1578324" lon="19.4211041"/>
  <node id="317991584" lat="54.1643910" lon="19.4230041"/>
  <node id="319172910" lat="54.1646844" lon="19.4169437"/>
  <node id="319173397" lat="54.1643185" lon="19.4170382"/>
  <node id="319173398" lat="54.1630379" lon="19.4169541"/>
  <node id="319173399" lat="54.1627005" lon="19.4170330"/>
  <node id="319173400" lat="54.1617238" lon="19.4173733">
    <tag k="crossing" v="zebra"/>
    <tag k="highway" v="crossing"/>
  </node>
  <node id="319173401" lat="54.1612494" lon="19.4176831"/>
  <node id="319173402" lat="54.1610547" lon="19.4177233"/>
  <node id="319173403" lat="54.1601394" lon="19.4176251"/>
  <node id="319173404" lat="54.1599288" lon="19.4176793"/>
  <node id="319173406" lat="54.1595038" lon="19.4180931"/>
  <node id="319175038" lat="54.1558484" lon="19.4015279"/>
  <node id="319175594" lat="54.1544074" lon="19.4017881"/>
  <node id="319175854" lat="54.1536924" lon="19.3971559"/>
  <node id="319175856" lat="54.1528230" lon="19.3976642"/>
  <node id="319175857" lat="54.1526983" lon="19.3980194"/>
  <node id="319175858" lat="54.1525856" lon="19.3985081"/>
  <node id="319175859" lat="54.1525533" lon="19.3991770"/>
  <node id="319175860" lat="54.1525762" lon="19.4000505"/>
  <node id="319175861" lat="54.1528895" lon="19.4009595"/>
  <node id="319191140" lat="54.1591650" lon="19.4180934">
    <tag k="highway" v="traffic_signals"/>
  </node>
  <node id="319191143" lat="54.1593009" lon="19.4135673"/>
  <node id="319191146" lat="54.1590862" lon="19.4107714"/>
  <node id="413336859" lat="54.1580942" lon="19.3930917"/>
  <node id="413336864" lat="54.1601953" lon="19.3957637"/>
  <node id="413336870" lat="54.1595916" lon="19.3958702"/>
  <node id="413336873" lat="54.1584104" lon="19.3960804"/>
  <node id="413342713" lat="54.1586770" lon="19.3930104"/>
  <node id="413342716" lat="54.1599268" lon="19.3928869"/>
  <node id="413342718" lat="54.1574755" lon="19.3932073"/>
  <node id="413342725" lat="54.1576814" lon="19.3950070"/>
  <node id="413369485" lat="54.1570056" lon="19.3953485"/>
  <node id="413369487" lat="54.1572446" lon="19.3960757"/>
  <node id="413515939" lat="54.1580159" lon="19.4043769">
    <tag k="highway" v="traffic_signals"/>
  </node>
  <node id="417962775" lat="54.1503776" lon="19.3907126"/>
  <node id="417962777" lat="54.1525468" lon="19.3911189"/>
  <node id="417962854" lat="54.1544608" lon="19.3957570"/>
  <node id="417962855" lat="54.1541967" lon="19.3947442"/>
  <node id="417962889" lat="54.1540289" lon="19.3909933"/>
  <node id="417962890" lat="54.1542797" lon="19.3909595"/>
  <node id="417962892" lat="54.1565049" lon="19.3910906"/>
  <node id="417962893" lat="54.1566390" lon="19.3910430"/>
  <node id="417963090" lat="54.1580129" lon="19.3984780"/>
  <node id="417963091" lat="54.1591349" lon="19.3983383"/>
  <node id="417969437" lat="54.1633944" lon="19.3982013"/>
  <node id="417969438" lat="54.1632575" lon="19.3977781"/>
  <node id="417969685" lat="54.1612745" lon="19.3985151"/>
  <node id="418214101" lat="54.1588234" lon="19.3900564"/>
  <node id="418214921" lat="54.1604282" lon="19.3895809"/>
  <node id="418214924" lat="54.1596592" lon="19.3896975"/>
  <node id="418214932" lat="54.1598511" lon="19.3885917"/>
  <node id="418215054" lat="54.1614137" lon="19.3893128"/>
  <node id="418215055" lat="54.1619980" lon="19.3895543"/>
  <node id="418215056" lat="54.1624113" lon="19.3896127"/>
  <node id="418215057" lat="54.1631526" lon="19.3893666"/>
  <node id="418215058" lat="54.1636305" lon="19.3892299"/>
  <node id="421316827" lat="54.1510751" lon="19.4210117">
    <tag k="railway" v="tram_level_crossing"/>
  </node>
  <node id="443694499" lat="54.1602340" lon="19.4080310"/>
  <node id="443694503" lat="54.1598566" lon="19.4089798">
    <tag k="highway" v="traffic_signals"/>
    <tag k="railway" v="tram_level_crossing"/>
  </node>
  <node id="443694504" lat="54.1589245" lon="19.4124087"/>
  <node id="443694505" lat="54.1591617" lon="19.4136385"/>
  <node id="443694506" lat="54.1592097" lon="19.4103998"/>
  <node id="443694507" lat="54.1599495" lon="19.4092772">
    <tag k="highway" v="traffic_signals"/>
  </node>
  <node id="443694520" lat="54.1590019" lon="19.4127797"/>
  <node id="450156133" lat="54.1645545" lon="19.4038913"/>
  <node id="450156135" lat="54.1646950" lon="19.4041481"/>
  <node id="679484487" lat="54.1475915" lon="19.4178398"/>
  <node id="729676740" lat="54.1645883" lon="19.3986684"/>
  <node id="729676869" lat="54.1635385" lon="19.3979403"/>
  <node id="730911498" lat="54.1660915" lon="19.4066742"/>
  <node id="730911558" lat="54.1658981" lon="19.4060732"/>
  <node id="730911590" lat="54.1650685" lon="19.4047253"/>
  <node id="732237568" lat="54.1565884" lon="19.4107078"/>
  <node id="732237578" lat="54.1592739" lon="19.4151235">
    <tag k="railway" v="tram_level_crossing"/>
  </node>
  <node id="732237593" lat="54.1592757" lon="19.4150363">
    <tag k="railway" v="tram_level_crossing"/>
  </node>
  <node id="732237645" lat="54.1590629" lon="19.4187949">
    <tag k="railway" v="tram_level_crossing"/>
  </node>
  <node id="732237646" lat="54.1576304" lon="19.4103941"/>
  <node id="733863488" lat="54.1538931" lon="19.4125670"/>
  <node id="733863500" lat="54.1523512" lon="19.4176275"/>
  <node id="733863512" lat="54.1563399" lon="19.4105951"/>
  <node id="818620269" lat="54.1543286" lon="19.3952990"/>
  <node id="818620337" lat="54.1545428" lon="19.3959903"/>
  <node id="818620445" lat="54.1496949" lon="19.3902702"/>
  <node id="1296874905" lat="54.1531701" lon="19.3955530"/>
  <node id="1296874914" lat="54.1497729" lon="19.4115253"/>
  <node id="1296874947" lat="54.1504822" lon="19.4124529"/>
  <node id="1296874989" lat="54.1649007" lon="19.4044860"/>
  <node id="1296875040" lat="54.1539379" lon="19.3935679"/>
  <node id="1296875042" lat="54.1515660" lon="19.3974359"/>
  <node id="1296875055" lat="54.1545160" lon="19.4027462"/>
  <node id="1296875058" lat="54.1493780" lon="19.4052228"/>
  <node id="1296875063" lat="54.1598877" lon="19.4044253"/>
  <node id="1296875064" lat="54.1532963" lon="19.3969869"/>
  <node id="1296875066" lat="54.1530399" lon="19.3971993"/>
  <node id="1296875078" lat="54.1536906" lon="19.3924493"/>
  <node id="1296875087" lat="54.1469832" lon="19.4033058"/>
  <node id="1296875126" lat="54.1650738" lon="19.4167220"/>
  <node id="1296875159" lat="54.1485363" lon="19.4095389"/>
  <node id="1296875176" lat="54.1530807" lon="19.3965414"/>
  <node id="1296875194" lat="54.1498962" lon="19.4113654"/>
  <node id="1296875219" lat="54.1538423" lon="19.3934925"/>
  <node id="1296875245" lat="54.1469042" lon="19.3987057"/>
  <node id="1296875258" lat="54.1456939" lon="19.4040382"/>
  <node id="1296875266" lat="54.1546822" lon="19.3977488"/>
  <node id="1296875282" lat="54.1537732" lon="19.3936461"/>
  <node id="1296875295" lat="54.1561806" lon="19.4043664"/>
  <node id="1296875296" lat="54.1545367" lon="19.4037965"/>
  <node id="1296875299" lat="54.1493669" lon="19.4047551"/>
  <node id="1296875305" lat="54.1541924" lon="19.3973800"/>
  <node id="1296875312" lat="54.1587991" lon="19.4045017"/>
  <node id="1296875399" lat="54.1503790" lon="19.4055204"/>
  <node id="1296875402" lat="54.1635496" lon="19.4214268"/>
  <node id="1296875403" lat="54.1610621" lon="19.4244114"/>
  <node id="1296875415" lat="54.1512978" lon="19.3899550"/>
  <node id="1296875419" lat="54.1485520" lon="19.4083180"/>
  <node id="1296875436" lat="54.1555876" lon="19.4040557"/>
  <node id="1296875448" lat="54.1482838" lon="19.4114131"/>
  <node id="1296875460" lat="54.1539357" lon="19.3995421"/>
  <node id="1296875480" lat="54.1503328" lon="19.4046835"/>
  <node id="1296875520" lat="54.1520853" lon="19.4184414"/>
  <node id="1296875544" lat="54.1503835" lon="19.4028595">
    <tag k="crossing:barrier" v="double_half"/>
    <tag k="railway" v="level_crossing"/>
    <tag k="ref" v="204 028 051"/>
    <tag k="source:ref" v="#ŻółtaNaklejkaPLK"/>
  </node>
  <node id="1296875557" lat="54.1538008" lon="19.3935425"/>
  <node id="1296875571" lat="54.1503574" lon="19.4051284"/>
  <node id="1296875580" lat="54.1471219" lon="19.3982141"/>
  <node id="1296875583" lat="54.1645328" lon="19.4209070"/>
  <node id="1296875590" lat="54.1495312" lon="19.4081404"/>
  <node id="1296875597" lat="54.1471757" lon="19.4107648"/>
  <node id="1296875633" lat="54.1539667" lon="19.4000216"/>
  <node id="1296875634" lat="54.1570673" lon="19.3929392"/>
  <node id="1296875641" lat="54.1473781" lon="19.4097282"/>
  <node id="1296875647" lat="54.1530501" lon="19.4022424"/>
  <node id="1296875654" lat="54.1502365" lon="19.4028913"/>
  <node id="1296875657" lat="54.1611280" lon="19.4242721"/>
  <node id="1296875663" lat="54.1467681" lon="19.4035290"/>
  <node id="1296875679" lat="54.1532662" lon="19.4035264"/>
  <node id="1296875726" lat="54.1469542" lon="19.4033663"/>
  <node id="1296875731" lat="54.1478601" lon="19.4030937"/>
  <node id="1296875734" lat="54.1617559" lon="19.4200187"/>
  <node id="1296875753" lat="54.1580158" lon="19.4045132">
    <tag k="highway" v="traffic_signals"/>
  </node>
  <node id="1296875767" lat="54.1536039" lon="19.4043823"/>
  <node id="1296875776" lat="54.1529178" lon="19.3974301"/>
  <node id="1296875784" lat="54.1597910" lon="19.3893576"/>
  <node id="1296875794" lat="54.1537212" lon="19.3946209"/>
  <node id="1296875806" lat="54.1493296" lon="19.4029830"/>
  <node id="1296875816" lat="54.1608448" lon="19.4244356"/>
  <node id="1296875823" lat="54.1456879" lon="19.4037317"/>
  <node id="1296875835" lat="54.1460633" lon="19.4053272"/>
  <node id="1296875867" lat="54.1532061" lon="19.3964292"/>
  <node id="1296875868" lat="54.1519184" lon="19.3973006"/>
  <node id="1296875881" lat="54.1494414" lon="19.4066921"/>
  <node id="1296875892" lat="54.1609651" lon="19.4189247"/>
  <node id="1296875898" lat="54.1472232" lon="19.4029447"/>
  <node id="1296875903" lat="54.1627961" lon="19.4201489"/>
  <node id="1296875942" lat="54.1533767" lon="19.4038554"/>
  <node id="1296875949" lat="54.1634949" lon="19.4015572"/>
  <node id="1296875956" lat="54.1612409" lon="19.4040568"/>
  <node id="1296875958" lat="54.1519822" lon="19.3954781"/>
  <node id="1296875973" lat="54.1535937" lon="19.3950759"/>
  <node id="1296875974" lat="54.1556203" lon="19.3933960"/>
  <node id="1296875978" lat="54.1533355" lon="19.4020421"/>
  <node id="1296875991" lat="54.1465795" lon="19.3876759"/>
  <node id="1296875992" lat="54.1539417" lon="19.3934676"/>
  <node id="1296876001" lat="54.1589842" lon="19.4209792"/>
  <node id="1296876016" lat="54.1460689" lon="19.4040713"/>
  <node id="1296876022" lat="54.1552410" lon="19.3985917"/>
  <node id="1296876034" lat="54.1474519" lon="19.3953748"/>
  <node id="1296876038" lat="54.1638715" lon="19.4024486"/>
  <node id="1296876046" lat="54.1518732" lon="19.3964896"/>
  <node id="1296876048" lat="54.1517399" lon="19.3974148"/>
  <node id="1296876067" lat="54.1612152" lon="19.4044155"/>
  <node id="1296876074" lat="54.1611370" lon="19.4217655"/>
  <node id="1296876081" lat="54.1471456" lon="19.4029310"/>
  <node id="1296876132" lat="54.1484672" lon="19.4104934"/>
  <node id="1296876135" lat="54.1611755" lon="19.3893172"/>
  <node id="1298904693" lat="54.1550596" lon="19.3880925"/>
  <node id="1304253970" lat="54.1617882" lon="19.4108360"/>
  <node id="1304253971" lat="54.1612985" lon="19.4063241"/>
  <node id="1304253973" lat="54.1636160" lon="19.4098472"/>
  <node id="1304253975" lat="54.1638780" lon="19.4070512"/>
  <node id="1304253977" lat="54.1622142" lon="19.4102065"/>
  <node id="1304253987" lat="54.1644118" lon="19.4119977"/>
  <node id="1304253988" lat="54.1636942" lon="19.4139614"/>
  <node id="1304253989" lat="54.1601363" lon="19.4083558"/>
  <node id="1304253990" lat="54.1622010" lon="19.4102723"/>
  <node id="1304253992" lat="54.1621382" lon="19.4100374"/>
  <node id="1304253995" lat="54.1634515" lon="19.4081449"/>
  <node id="1304254001" lat="54.1619446" lon="19.4082000"/>
  <node id="1304254007" lat="54.1650625" lon="19.4063691">
    <tag k="crossing" v="zebra"/>
    <tag k="highway" v="crossing"/>
  </node>
  <node id="1304254013" lat="54.1635217" lon="19.4138540"/>
  <node id="1304254020" lat="54.1622592" lon="19.4076615"/>
  <node id="1304254024" lat="54.1600323" lon="19.4091614"/>
  <node id="1304254032" lat="54.1652814" lon="19.4116909"/>
  <node id="1304254035" lat="54.1604008" lon="19.4106984"/>
  <node id="1304254036" lat="54.1645658" lon="19.4137511"/>
  <node id="1304254037" lat="54.1623210" lon="19.4126857"/>
  <node id="1304254038" lat="54.1597631" lon="19.4091337">
    <tag k="highway" v="traffic_signals"/>
  </node>
  <node id="1304254043" lat="54.1614478" lon="19.4058769"/>
  <node id="1304254045" lat="54.1615636" lon="19.4055389"/>
  <node id="1304254049" lat="54.1612725" lon="19.4097679"/>
  <node id="1304254053" lat="54.1593569" lon="19.4132123"/>
  <node id="1304254054" lat="54.1624549" lon="19.4101568"/>
  <node id="1304254058" lat="54.1643725" lon="19.4066837"/>
  <node id="1304254063" lat="54.1645548" lon="19.4080656"/>
  <node id="1304254064" lat="54.1644706" lon="19.4095964"/>
  <node id="1304254065" lat="54.1639587" lon="19.4136525"/>
  <node id="1304254071" lat="54.1617932" lon="19.4044275"/>
  <node id="1304254072" lat="54.1606970" lon="19.4062725"/>
  <node id="1304254076" lat="54.1598599" lon="19.4094006">
    <tag k="highway" v="traffic_signals"/>
  </node>
  <node id="1304254078" lat="54.1592547" lon="19.4132619"/>
  <node id="1304254080" lat="54.1610375" lon="19.4076622">
    <tag k="barrier" v="gate"/>
  </node>
  <node id="1304254083" lat="54.1639684" lon="19.4140553"/>
  <node id="1304254087" lat="54.1645339" lon="19.4133270"/>
  <node id="1304254097" lat="54.1601055" lon="19.4099533"/>
  <node id="1304254098" lat="54.1645200" lon="19.4133058">
    <tag k="access" v="no"/>
    <tag k="barrier" v="bollard"/>
  </node>
  <node id="1304254099" lat="54.1599948" lon="19.4148080"/>
  <node id="1304254100" lat="54.1598250" lon="19.4147691"/>
  <node id="1304254106" lat="54.1638436" lon="19.4121113"/>
  <node id="1304254107" lat="54.1613795" lon="19.4063420"/>
  <node id="1304254110" lat="54.1626242" lon="19.4056751"/>
  <node id="1304254111" lat="54.1644638" lon="19.4093989"/>
  <node id="1304254115" lat="54.1640829" lon="19.4136407"/>
  <node id="1304254117" lat="54.1633369" lon="19.4071607"/>
  <node id="1304254122" lat="54.1619401" lon="19.4062762"/>
  <node id="1304254128" lat="54.1649056" lon="19.4143235"/>
  <node id="1304258596" lat="54.1588154" lon="19.4104069">
    <tag k="highway" v="crossing"/>
  </node>
  <node id="1304258599" lat="54.1567480" lon="19.3956389"/>
  <node id="1304258603" lat="54.1628882" lon="19.4017098"/>
  <node id="1304258624" lat="54.1653680" lon="19.4050165"/>
  <node id="1304258631" lat="54.1626790" lon="19.3985126"/>
  <node id="1304258642" lat="54.1623825" lon="19.4030149"/>
  <node id="1304258651" lat="54.1629192" lon="19.4018665"/>
  <node id="1304258665" lat="54.1556340" lon="19.3964804"/>
  <node id="1304258679" lat="54.1594515" lon="19.3987751"/>
  <node id="1304258686" lat="54.1553458" lon="19.3966776"/>
  <node id="1304258688" lat="54.1559295" lon="19.4094427"/>
  <node id="1304258700" lat="54.1612849" lon="19.3956465"/>
  <node id="1304258703" lat="54.1632024" lon="19.3952744"/>
  <node id="1304258707" lat="54.1589662" lon="19.4104342"/>
  <node id="1304258710" lat="54.1565627" lon="19.3958881"/>
  <node id="1304258717" lat="54.1561279" lon="19.4103470"/>
  <node id="1304258725" lat="54.1638058" lon="19.3995633"/>
  <node id="1304258731" lat="54.1620835" lon="19.3961049"/>
  <node id="1304258767" lat="54.1630479" lon="19.3999059"/>
  <node id="1304258769" lat="54.1591100" lon="19.3985890"/>
  <node id="1304258775" lat="54.1650996" lon="19.4005458"/>
  <node id="1304258779" lat="54.1644033" lon="19.3994509"/>
  <node id="1304258782" lat="54.1597069" lon="19.3988044"/>
  <node id="1304258791" lat="54.1550087" lon="19.3971014"/>
  <node id="1304258800" lat="54.1559208" lon="19.4089241"/>
  <node id="1304258809" lat="54.1632273" lon="19.3968180"/>
  <node id="1304258824" lat="54.1646491" lon="19.3992659"/>
  <node id="1304258826" lat="54.1645954" lon="19.3990366"/>
  <node id="1304258829" lat="54.1626716" lon="19.3964619"/>
  <node id="1304258833" lat="54.1571964" lon="19.4105152"/>
  <node id="1304258852" lat="54.1559518" lon="19.4098102"/>
  <node id="1304258871" lat="54.1615631" lon="19.4012164"/>
  <node id="1304258901" lat="54.1627599" lon="19.4021150"/>
  <node id="1304258905" lat="54.1634441" lon="19.4014298"/>
  <node id="1304258910" lat="54.1564862" lon="19.3959877"/>
  <node id="1304258935" lat="54.1574791" lon="19.3950819"/>
  <node id="1304258947" lat="54.1557763" lon="19.4083328"/>
  <node id="1304261321" lat="54.1568433" lon="19.3996834"/>
  <node id="1304261323" lat="54.1568475" lon="19.4028150"/>
  <node id="1304261324" lat="54.1587770" lon="19.4043717"/>
  <node id="1304261327" lat="54.1601410" lon="19.3988161"/>
  <node id="1304261328" lat="54.1580166" lon="19.4027939"/>
  <node id="1304261329" lat="54.1564416" lon="19.4012460">
    <tag k="highway" v="crossing"/>
  </node>
  <node id="1304261331" lat="54.1580155" lon="19.4036360"/>
  <node id="1304261332" lat="54.1580131" lon="19.3988852"/>
  <node id="1304261333" lat="54.1595765" lon="19.4015499"/>
  <node id="1304261334" lat="54.1580154" lon="19.4033149"/>
  <node id="1304261335" lat="54.1601912" lon="19.4014090"/>
  <node id="1304261336" lat="54.1564351" lon="19.4006343"/>
  <node id="1304261337" lat="54.1568364" lon="19.4036357"/>
  <node id="1304261338" lat="54.1582732" lon="19.3989016"/>
  <node id="1304261340" lat="54.1587041" lon="19.4008046"/>
  <node id="1304261343" lat="54.1563505" lon="19.3998085"/>
  <node id="1304261344" lat="54.1601670" lon="19.4001805"/>
  <node id="1304261345" lat="54.1583689" lon="19.3990791"/>
  <node id="1304261349" lat="54.1589135" lon="19.3985608"/>
  <node id="1304261351" lat="54.1585722" lon="19.3991443"/>
  <node id="1304261352" lat="54.1592104" lon="19.3998231"/>
  <node id="1304261353" lat="54.1583662" lon="19.4038215"/>
  <node id="1304261355" lat="54.1594883" lon="19.4006341"/>
  <node id="1304261356" lat="54.1580144" lon="19.4013409"/>
  <node id="1304261357" lat="54.1594149" lon="19.4002065"/>
  <node id="1304261358" lat="54.1583602" lon="19.4033188"/>
  <node id="1304261361" lat="54.1583614" lon="19.4026202"/>
  <node id="1304261362" lat="54.1568566" lon="19.4013572"/>
  <node id="1305376911" lat="54.1549094" lon="19.4122297"/>
  <node id="1305376926" lat="54.1579078" lon="19.3911895"/>
  <node id="1305376931" lat="54.1578431" lon="19.4151493"/>
  <node id="1305376932" lat="54.1557047" lon="19.3979594"/>
  <node id="1305376937" lat="54.1457480" lon="19.4167711"/>
  <node id="1305376957" lat="54.1615716" lon="19.3882559"/>
  <node id="1305376961" lat="54.1583473" lon="19.4149940"/>
  <node id="1305376968" lat="54.1573806" lon="19.4139976"/>
  <node id="1305376989" lat="54.1570819" lon="19.3949073"/>
  <node id="1305376998" lat="54.1570984" lon="19.3884346"/>
  <node id="1305377009" lat="54.1456022" lon="19.4167833"/>
  <node id="1305377029" lat="54.1610531" lon="19.3893569"/>
  <node id="1305377039" lat="54.1452227" lon="19.4171911"/>
  <node id="1305377040" lat="54.1560637" lon="19.4141659"/>
  <node id="1305377071" lat="54.1578486" lon="19.3904708"/>
  <node id="1305377086" lat="54.1642983" lon="19.3864471"/>
  <node id="1305377090" lat="54.1585792" lon="19.4097881"/>
  <node id="1305377091" lat="54.1604201" lon="19.3863548"/>
  <node id="1305377100" lat="54.1531481" lon="19.3910101"/>
  <node id="1305377116" lat="54.1632134" lon="19.3900829"/>
  <node id="1305377132" lat="54.1555230" lon="19.3938509"/>
  <node id="1305377151" lat="54.1592550" lon="19.4147398"/>
  <node id="1305377188" lat="54.1570358" lon="19.3947277"/>
  <node id="1305377198" lat="54.1599301" lon="19.3906513"/>
  <node id="1305377204" lat="54.1562238" lon="19.3961429"/>
  <node id="1305377228" lat="54.1621044" lon="19.3874105"/>
  <node id="1305377232" lat="54.1580526" lon="19.4095933"/>
  <node id="1305377238" lat="54.1542723" lon="19.4194794"/>
  <node id="1305377259" lat="54.1564777" lon="19.3953089"/>
  <node id="1305377269" lat="54.1536013" lon="19.4191714"/>
  <node id="1305377279" lat="54.1454084" lon="19.4169423"/>
  <node id="1305377290" lat="54.1622851" lon="19.3872993"/>
  <node id="1305377303" lat="54.1578495" lon="19.4095798"/>
  <node id="1305377309" lat="54.1451029" lon="19.4175684"/>
  <node id="1305377310" lat="54.1550019" lon="19.4136427"/>
  <node id="1305377331" lat="54.1564532" lon="19.3954853"/>
  <node id="1305377341" lat="54.1573272" lon="19.3907034"/>
  <node id="1305377360" lat="54.1576271" lon="19.4101657"/>
  <node id="1305377370" lat="54.1526577" lon="19.3894089"/>
  <node id="1305377402" lat="54.1555443" lon="19.3936155"/>
  <node id="1305377422" lat="54.1590854" lon="19.4131826"/>
  <node id="1305377442" lat="54.1538403" lon="19.3909496"/>
  <node id="1305377452" lat="54.1604539" lon="19.3985212"/>
  <node id="1305377453" lat="54.1578972" lon="19.4133237"/>
  <node id="1305377458" lat="54.1539035" lon="19.3910811"/>
  <node id="1305377474" lat="54.1543977" lon="19.3940389"/>
  <node id="1305377499" lat="54.1606288" lon="19.3867484"/>
  <node id="1305377525" lat="54.1557041" lon="19.4097173"/>
  <node id="1305377539" lat="54.1604827" lon="19.3906918"/>
  <node id="1305377540" lat="54.1538933" lon="19.4174130"/>
  <node id="1305377544" lat="54.1576713" lon="19.4175536"/>
  <node id="1305377550" lat="54.1486356" lon="19.4184746"/>
  <node id="1305377560" lat="54.1540000" lon="19.4122360">
    <tag k="crossing" v="zebra"/>
    <tag k="highway" v="crossing"/>
  </node>
  <node id="1305377574" lat="54.1593198" lon="19.4151875"/>
  <node id="1305377581" lat="54.1561156" lon="19.4137011"/>
  <node id="1305377602" lat="54.1571611" lon="19.3952153"/>
  <node id="1305377642" lat="54.1597442" lon="19.3896194"/>
  <node id="1305377653" lat="54.1551429" lon="19.4123919"/>
  <node id="1305377684" lat="54.1578820" lon="19.3880282"/>
  <node id="1305377699" lat="54.1637418" lon="19.3866510"/>
  <node id="1305377704" lat="54.1599024" lon="19.3882166"/>
  <node id="1305377721" lat="54.1529607" lon="19.3910270"/>
  <node id="1305377743" lat="54.1561763" lon="19.4130091"/>
  <node id="1305377786" lat="54.1552607" lon="19.3967698"/>
  <node id="1305377826" lat="54.1605083" lon="19.3864533"/>
  <node id="1305377830" lat="54.1578220" lon="19.4097531"/>
  <node id="1305377836" lat="54.1546603" lon="19.4162223"/>
  <node id="1376728166" lat="54.1596099" lon="19.4083559"/>
  <node id="1376728167" lat="54.1591889" lon="19.4074520"/>
  <node id="1376728170" lat="54.1590161" lon="19.4073627"/>
  <node id="1376728174" lat="54.1589530" lon="19.4075822"/>
  <node id="1376728182" lat="54.1596187" lon="19.4087951">
    <tag k="button_operated" v="yes"/>
    <tag k="crossing:signals" v="yes"/>
    <tag k="highway" v="crossing"/>
  </node>
  <node id="1376728184" lat="54.1591286" lon="19.4077450"/>
  <node id="1376728189" lat="54.1600267" lon="19.4085902"/>
  <node id="1376728193" lat="54.1590755" lon="19.4104887">
    <tag k="railway" v="tram_level_crossing"/>
  </node>
  <node id="1376728201" lat="54.1589537" lon="19.4075105">
    <tag k="railway" v="tram_level_crossing"/>
  </node>
  <node id="1376728202" lat="54.1591314" lon="19.4073567"/>
  <node id="1376728203" lat="54.1590989" lon="19.4077605"/>
  <node id="1376728204" lat="54.1591647" lon="19.4073963"/>
  <node id="1376728213" lat="54.1590517" lon="19.4073401"/>
  <node id="1376728215" lat="54.1591640" lon="19.4077043"/>
  <node id="1376728220" lat="54.1590271" lon="19.4077460"/>
  <node id="1376728221" lat="54.1591775" lon="19.4077850"/>
  <node id="1376728225" lat="54.1589662" lon="19.4076502"/>
  <node id="1376728228" lat="54.1589869" lon="19.4064275"/>
  <node id="1376728230" lat="54.1594060" lon="19.4082624"/>
  <node id="1376728242" lat="54.1594425" lon="19.4080147"/>
  <node id="1376728267" lat="54.1591985" lon="19.4074947"/>
  <node id="1376728269" lat="54.1597088" lon="19.4086045">
    <tag k="crossing" v="zebra"/>
    <tag k="highway" v="crossing"/>
    <tag k="tactile_paving" v="no"/>
  </node>
  <node id="1376728271" lat="54.1600814" lon="19.4085056"/>
  <node id="1376728273" lat="54.1590923" lon="19.4073373"/>
  <node id="1376728277" lat="54.1592002" lon="19.4075932">
    <tag k="railway" v="tram_level_crossing"/>
  </node>
  <node id="1377823450" lat="54.1516520" lon="19.4143522"/>
  <node id="1554370285" lat="54.1598597" lon="19.4042739">
    <tag k="railway" v="tram_level_crossing"/>
  </node>
  <node id="1554370329" lat="54.1598349" lon="19.4042771"/>
  <node id="1554370393" lat="54.1598710" lon="19.4044261">
    <tag k="railway" v="tram_level_crossing"/>
  </node>
  <node id="1554370445" lat="54.1600783" lon="19.3993253"/>
  <node id="1555898141" lat="54.1594122" lon="19.4037659"/>
  <node id="1555898246" lat="54.1580141" lon="19.4008769"/>
  <node id="1556117200" lat="54.1565004" lon="19.4038923"/>
  <node id="1556117435" lat="54.1568489" lon="19.3991113"/>
  <node id="1556117467" lat="54.1576877" lon="19.4027891"/>
  <node id="1556117470" lat="54.1568437" lon="19.3999763"/>
  <node id="1556117496" lat="54.1577465" lon="19.4013459"/>
  <node id="1556117566" lat="54.1577279" lon="19.3999312"/>
  <node id="1556117570" lat="54.1576604" lon="19.4013443"/>
  <node id="1556117606" lat="54.1568432" lon="19.3996230"/>
  <node id="1558337028" lat="54.1588490" lon="19.4050964"/>
  <node id="1559586256" lat="54.1575276" lon="19.3974371"/>
  <node id="1559586392" lat="54.1578161" lon="19.3972810"/>
  <node id="1560259959" lat="54.1610230" lon="19.3946252"/>
  <node id="1560260148" lat="54.1609321" lon="19.3929276"/>
  <node id="1560260189" lat="54.1610246" lon="19.3932281"/>
  <node id="1560260206" lat="54.1589862" lon="19.3959771"/>
  <node id="1560260269" lat="54.1600497" lon="19.3920132"/>
  <node id="1560260279" lat="54.1607429" lon="19.3960741"/>
  <node id="1560260406" lat="54.1610230" lon="19.3948995"/>
  <node id="1562398343" lat="54.1529939" lon="19.4020108"/>
  <node id="1562398344" lat="54.1525034" lon="19.3998326"/>
  <node id="1562398399" lat="54.1530885" lon="19.3958047"/>
  <node id="1562398464" lat="54.1536622" lon="19.3937640">
    <tag k="barrier" v="gate"/>
  </node>
  <node id="1562398517" lat="54.1554771" lon="19.4043872"/>
  <node id="1562398596" lat="54.1520063" lon="19.3953906">
    <tag k="barrier" v="gate"/>
  </node>
  <node id="1562398637" lat="54.1480010" lon="19.3960826"/>
  <node id="1562398672" lat="54.1532417" lon="19.3966031"/>
  <node id="1562398721" lat="54.1500747" lon="19.3998441"/>
  <node id="1562398879" lat="54.1489705" lon="19.3967607"/>
  <node id="1562399080" lat="54.1485523" lon="19.3965800"/>
  <node id="1594848924" lat="54.1640562" lon="19.4069499"/>
  <node id="1594848933" lat="54.1634636" lon="19.4071364">
    <tag k="crossing" v="zebra"/>
    <tag k="highway" v="crossing"/>
  </node>
  <node id="1707370268" lat="54.1559088" lon="19.3986414">
    <tag k="crossing" v="zebra"/>
    <tag k="crossing:island" v="no"/>
    <tag k="highway" v="crossing"/>
  </node>
  <node id="1707370286" lat="54.1559251" lon="19.4064156"/>
  <node id="1707416354" lat="54.1612934" lon="19.4031605"/>
  <node id="1707416360" lat="54.1613362" lon="19.3988480"/>
  <node id="1707505323" lat="54.1512437" lon="19.4173557"/>
  <node id="1707505333" lat="54.1512898" lon="19.4169144"/>
  <node id="1707505334" lat="54.1514860" lon="19.4174289"/>
  <node id="1707505340" lat="54.1512983" lon="19.4168938"/>
  <node id="1707505390" lat="54.1513812" lon="19.4165853"/>
  <node id="1707505395" lat="54.1514424" lon="19.4163696"/>
  <node id="1707505398" lat="54.1514582" lon="19.4163652"/>
  <node id="1707505406" lat="54.1514794" lon="19.4163652"/>
  <node id="1707505409" lat="54.1515269" lon="19.4166307"/>
  <node id="1707505413" lat="54.1516506" lon="19.4164267"/>
  <node id="1707505423" lat="54.1515839" lon="19.4169086"/>
  <node id="1707505448" lat="54.1515672" lon="19.4176900"/>
  <node id="1707505459" lat="54.1516040" lon="19.4166648"/>
  <node id="1707505474" lat="54.1516876" lon="19.4167199"/>
  <node id="1707505478" lat="54.1516182" lon="19.4169348"/>
  <node id="1707505479" lat="54.1516558" lon="19.4171837">
    <tag k="crossing" v="zebra"/>
    <tag k="highway" v="crossing"/>
  </node>
  <node id="1707505483" lat="54.1517506" lon="19.4164974"/>
  <node id="1707505521" lat="54.1517951" lon="19.4165373"/>
  <node id="1707505523" lat="54.1517143" lon="19.4170215"/>
  <node id="1707505538" lat="54.1519972" lon="19.4173049"/>
  <node id="1707505540" lat="54.1520688" lon="19.4170888"/>
  <node id="1707505541" lat="54.1521377" lon="19.4168762"/>
  <node id="1709180300" lat="54.1595296" lon="19.4081777">
    <tag k="railway" v="tram_level_crossing"/>
  </node>
  <node id="1709180393" lat="54.1597855" lon="19.4091954">
    <tag k="railway" v="tram_level_crossing"/>
  </node>
  <node id="1713057325" lat="54.1604852" lon="19.4041750"/>
  <node id="1713057380" lat="54.1647782" lon="19.3991616"/>
  <node id="1713057405" lat="54.1637434" lon="19.3984423"/>
  <node id="1713057415" lat="54.1645117" lon="19.4052735"/>
  <node id="1740412045" lat="54.1598993" lon="19.4044271">
    <tag k="railway" v="tram_level_crossing"/>
  </node>
  <node id="1740412047" lat="54.1596172" lon="19.4073190">
    <tag k="railway" v="tram_level_crossing"/>
  </node>
  <node id="1740412074" lat="54.1598870" lon="19.4042708">
    <tag k="railway" v="tram_level_crossing"/>
  </node>
  <node id="1747626290" lat="54.1586245" lon="19.3984312"/>
  <node id="1747660773" lat="54.1561793" lon="19.4045284"/>
  <node id="1747660818" lat="54.1515461" lon="19.4116628"/>
  <node id="1747753065" lat="54.1658274" lon="19.4060107"/>
  <node id="1748678582" lat="54.1594637" lon="19.4043156"/>
  <node id="1751188974" lat="54.1556708" lon="19.3986612"/>
  <node id="1752731178" lat="54.1591840" lon="19.4138102"/>
  <node id="1752731215" lat="54.1578578" lon="19.4087087"/>
  <node id="1752731282" lat="54.1576168" lon="19.4093529"/>
  <node id="1752731508" lat="54.1576058" lon="19.4084056"/>
  <node id="1752731571" lat="54.1582610" lon="19.4087280"/>
  <node id="1753963997" lat="54.1552377" lon="19.4071744"/>
  <node id="1753964006" lat="54.1555695" lon="19.4067978"/>
  <node id="1753964010" lat="54.1544164" lon="19.4091313"/>
  <node id="1753964035" lat="54.1544311" lon="19.4085388"/>
  <node id="1753964068" lat="54.1554659" lon="19.4078579"/>
  <node id="1753964102" lat="54.1537753" lon="19.4069994"/>
  <node id="1753964111" lat="54.1536611" lon="19.4119918"/>
  <node id="1753964120" lat="54.1529729" lon="19.4066459"/>
  <node id="1753964127" lat="54.1543099" lon="19.4071357"/>
  <node id="1753964144" lat="54.1538315" lon="19.4099273"/>
  <node id="1753964149" lat="54.1532310" lon="19.4112629"/>
  <node id="1753964161" lat="54.1513982" lon="19.4029205"/>
  <node id="1753964168" lat="54.1541381" lon="19.4071077"/>
  <node id="1753964181" lat="54.1531338" lon="19.4067186"/>
  <node id="1753964185" lat="54.1549825" lon="19.4092523"/>
  <node id="1753964189" lat="54.1513824" lon="19.4027254"/>
  <node id="1753964198" lat="54.1539876" lon="19.4074673"/>
  <node id="1753964214" lat="54.1518572" lon="19.4025292"/>
  <node id="1753964227" lat="54.1524362" lon="19.4073727"/>
  <node id="1753964228" lat="54.1535587" lon="19.4094722"/>
  <node id="1753964230" lat="54.1555152" lon="19.4080753"/>
  <node id="1753964235" lat="54.1538625" lon="19.4093482"/>
  <node id="1753964236" lat="54.1535416" lon="19.4077190"/>
  <node id="1753964237" lat="54.1555647" lon="19.4064729">
    <tag k="crossing:markings" v="zebra"/>
    <tag k="highway" v="crossing"/>
  </node>
  <node id="1753964248" lat="54.1538808" lon="19.4063578"/>
  <node id="1753964253" lat="54.1514149" lon="19.4031310"/>
  <node id="1753964277" lat="54.1541481" lon="19.4100262"/>
  <node id="1753964279" lat="54.1516192" lon="19.4071193"/>
  <node id="1753964282" lat="54.1519959" lon="19.4110718"/>
  <node id="1753964284" lat="54.1540484" lon="19.4079168"/>
  <node id="1753964289" lat="54.1537007" lon="19.4113748"/>
  <node id="1753964291" lat="54.1533993" lon="19.4060917"/>
  <node id="1753964292" lat="54.1533874" lon="19.4094245"/>
  <node id="1753964294" lat="54.1513750" lon="19.4026406"/>
  <node id="1754951013" lat="54.1470134" lon="19.4032261">
    <tag k="crossing:markings" v="zebra"/>
    <tag k="highway" v="crossing"/>
  </node>
  <node id="1757368627" lat="54.1492528" lon="19.4067903"/>
  <node id="1757368651" lat="54.1493366" lon="19.4032560"/>
  <node id="1757368692" lat="54.1493319" lon="19.4030753"/>
  <node id="1757368837" lat="54.1476470" lon="19.4030783"/>
  <node id="1757368868" lat="54.1493354" lon="19.4081708"/>
  <node id="1757368869" lat="54.1478058" lon="19.4054489"/>
  <node id="1757368873" lat="54.1477074" lon="19.4062419"/>
  <node id="1757368881" lat="54.1484519" lon="19.4030660"/>
  <node id="1757368890" lat="54.1493421" lon="19.4034668">
    <tag k="crossing" v="marked"/>
    <tag k="crossing:island" v="no"/>
    <tag k="highway" v="crossing"/>
  </node>
  <node id="1757368906" lat="54.1502500" lon="19.4031783"/>
  <node id="1757368919" lat="54.1502420" lon="19.4030225"/>
  <node id="1758174812" lat="54.1562441" lon="19.4045287">
    <tag k="crossing" v="traffic_signals"/>
    <tag k="crossing:markings" v="zebra"/>
    <tag k="highway" v="crossing"/>
  </node>
  <node id="1758174815" lat="54.1545998" lon="19.3947190"/>
  <node id="1758174871" lat="54.1555416" lon="19.3939667"/>
  <node id="1758174967" lat="54.1558659" lon="19.3949966"/>
  <node id="1758174993" lat="54.1467950" lon="19.4105421"/>
  <node id="1758335249" lat="54.1460283" lon="19.4036689"/>
  <node id="1758335576" lat="54.1472742" lon="19.4075718"/>
  <node id="1758335646" lat="54.1459528" lon="19.4069547"/>
  <node id="1758335679" lat="54.1450075" lon="19.4094962"/>
  <node id="1758545614" lat="54.1486909" lon="19.4162459"/>
  <node id="1758545645" lat="54.1489345" lon="19.4165869"/>
  <node id="1758545742" lat="54.1477693" lon="19.4111121"/>
  <node id="1758545760" lat="54.1485826" lon="19.4184422">
    <tag k="crossing" v="zebra"/>
    <tag k="highway" v="crossing"/>
  </node>
  <node id="1758545893" lat="54.1470866" lon="19.4111857"/>
  <node id="1778215761" lat="54.1583702" lon="19.4176576"/>
  <node id="1778215880" lat="54.1541961" lon="19.4132669"/>
  <node id="1778215905" lat="54.1549767" lon="19.4136311"/>
  <node id="1778216063" lat="54.1584900" lon="19.4175158">
    <tag k="barrier" v="gate"/>
  </node>
  <node id="1778216070" lat="54.1577760" lon="19.4160647"/>
  <node id="1778216100" lat="54.1565988" lon="19.4108995">
    <tag k="barrier" v="lift_gate"/>
  </node>
  <node id="1778216144" lat="54.1561401" lon="19.4137068"/>
  <node id="1778216149" lat="54.1566163" lon="19.4112709"/>
  <node id="1778863000" lat="54.1581503" lon="19.4182265"/>
  <node id="1778863081" lat="54.1536101" lon="19.4191175"/>
  <node id="1778863211" lat="54.1544700" lon="19.4176349"/>
  <node id="1778863218" lat="54.1575450" lon="19.4174978">
    <tag k="crossing" v="zebra"/>
    <tag k="highway" v="crossing"/>
  </node>
  <node id="1778863266" lat="54.1536086" lon="19.4191266"/>
  <node id="1778863267" lat="54.1582670" lon="19.4182780"/>
  <node id="1778863280" lat="54.1533884" lon="19.4160109"/>
  <node id="1828800180" lat="54.1626233" lon="19.4024038"/>
  <node id="1828800181" lat="54.1626674" lon="19.4022971"/>
  <node id="1828800182" lat="54.1628727" lon="19.4018931"/>
  <node id="1828811984" lat="54.1624993" lon="19.3997932"/>
  <node id="1828821769" lat="54.1632575" lon="19.4037731"/>
  <node id="1829646925" lat="54.1640656" lon="19.3995398"/>
  <node id="1829646936" lat="54.1644935" lon="19.3993634"/>
  <node id="1831389435" lat="54.1654727" lon="19.4051251"/>
  <node id="1833045155" lat="54.1606573" lon="19.4071443"/>
  <node id="1833045173" lat="54.1632382" lon="19.4052073">
    <tag k="crossing" v="zebra"/>
    <tag k="highway" v="crossing"/>
    <tag k="tactile_paving" v="yes"/>
  </node>
  <node id="1833055300" lat="54.1635042" lon="19.4015509">
    <tag k="railway" v="tram_level_crossing"/>
  </node>
  <node id="1833062862" lat="54.1615101" lon="19.4094195"/>
  <node id="1833062864" lat="54.1620682" lon="19.4079042"/>
  <node id="1833062866" lat="54.1630606" lon="19.4051149"/>
  <node id="1833062868" lat="54.1631490" lon="19.4063649"/>
  <node id="1833068075" lat="54.1617820" lon="19.3995766"/>
  <node id="1833078460" lat="54.1658895" lon="19.4060660"/>
  <node id="1833134637" lat="54.1622115" lon="19.4077008"/>
  <node id="1833134640" lat="54.1623220" lon="19.4060306"/>
  <node id="1833134643" lat="54.1627580" lon="19.4055034"/>
  <node id="1833134659" lat="54.1627914" lon="19.4054880"/>
  <node id="1833134661" lat="54.1628193" lon="19.4053404"/>
  <node id="1833134665" lat="54.1628199" lon="19.4054828"/>
  <node id="1833134667" lat="54.1628544" lon="19.4051833"/>
  <node id="1833134669" lat="54.1627750" lon="19.4049143"/>
  <node id="1833134672" lat="54.1628197" lon="19.4050212"/>
  <node id="1833134674" lat="54.1628450" lon="19.4051011"/>
  <node id="1833134676" lat="54.1628742" lon="19.4055002"/>
  <node id="1833134679" lat="54.1629270" lon="19.4053135"/>
  <node id="1833134681" lat="54.1629485" lon="19.4056085"/>
  <node id="1833134683" lat="54.1629856" lon="19.4051849"/>
  <node id="1833134685" lat="54.1630171" lon="19.4051497"/>
  <node id="1833134687" lat="54.1633771" lon="19.4074082">
    <tag k="crossing" v="zebra"/>
    <tag k="highway" v="crossing"/>
  </node>
  <node id="1833134688" lat="54.1637637" lon="19.4111847"/>
  <node id="1833134690" lat="54.1639169" lon="19.4081424"/>
  <node id="1833184135" lat="54.1625034" lon="19.4058335"/>
  <node id="1835353782" lat="54.1616881" lon="19.4106286"/>
  <node id="1835365513" lat="54.1605223" lon="19.4108747"/>
  <node id="1835365514" lat="54.1605819" lon="19.4104793"/>
  <node id="1835365528" lat="54.1608711" lon="19.4112206"/>
  <node id="1835365541" lat="54.1611623" lon="19.4115011"/>
  <node id="1835365564" lat="54.1617414" lon="19.4120948"/>
  <node id="1835387761" lat="54.1630380" lon="19.4099160"/>
  <node id="1836611071" lat="54.1653363" lon="19.4079513"/>
  <node id="1852461656" lat="54.1612695" lon="19.4076833"/>
  <node id="1852461690" lat="54.1613318" lon="19.4088710"/>
  <node id="1852461721" lat="54.1607531" lon="19.4100784"/>
  <node id="1852461824" lat="54.1615315" lon="19.4083614"/>
  <node id="1852461854" lat="54.1605337" lon="19.4077777"/>
  <node id="1852461898" lat="54.1617916" lon="19.4086715"/>
  <node id="1852461965" lat="54.1610196" lon="19.4098008"/>
  <node id="1869043261" lat="54.1588173" lon="19.4114432"/>
  <node id="1869043262" lat="54.1588855" lon="19.4121831"/>
  <node id="1869043319" lat="54.1592542" lon="19.4078927"/>
  <node id="1869043363" lat="54.1602628" lon="19.4087204"/>
  <node id="1869043434" lat="54.1606405" lon="19.4110143"/>
  <node id="1869088470" lat="54.1574529" lon="19.4045165"/>
  <node id="1869140946" lat="54.1587637" lon="19.4038057"/>
  <node id="1874582153" lat="54.1593382" lon="19.4139313"/>
  <node id="1874633022" lat="54.1543339" lon="19.4092025"/>
  <node id="1874633802" lat="54.1548554" lon="19.4091724"/>
  <node id="1874664411" lat="54.1531080" lon="19.4056633"/>
  <node id="1874664433" lat="54.1532202" lon="19.4057491"/>
  <node id="1880060442" lat="54.1525697" lon="19.4162984">
    <tag k="crossing" v="marked"/>
    <tag k="highway" v="crossing"/>
    <tag k="tactile_paving" v="yes"/>
  </node>
  <node id="1880060599" lat="54.1527307" lon="19.4164526">
    <tag k="crossing" v="marked"/>
    <tag k="highway" v="crossing"/>
    <tag k="tactile_paving" v="yes"/>
  </node>
  <node id="2014502123" lat="54.1525817" lon="19.4162604"/>
  <node id="2014502126" lat="54.1527433" lon="19.4164154"/>
  <node id="2113442720" lat="54.1630452" lon="19.3995936"/>
  <node id="2127879803" lat="54.1609693" lon="19.4046369">
    <tag k="crossing" v="traffic_signals"/>
    <tag k="crossing:markings" v="zebra"/>
    <tag k="crossing_ref" v="zebra"/>
    <tag k="highway" v="crossing"/>
  </node>
  <node id="2127879807" lat="54.1609976" lon="19.4044017"/>
  <node id="2127879813" lat="54.1610293" lon="19.4040642"/>
  <node id="2127879819" lat="54.1610671" lon="19.4035997"/>
  <node id="2127879826" lat="54.1611909" lon="19.4046790">
    <tag k="crossing" v="traffic_signals"/>
    <tag k="crossing:markings" v="zebra"/>
    <tag k="crossing_ref" v="zebra"/>
    <tag k="highway" v="crossing"/>
  </node>
  <node id="2127879839" lat="54.1611124" lon="19.4013734"/>
  <node id="2127879866" lat="54.1613635" lon="19.4044234">
    <tag k="crossing" v="traffic_signals"/>
    <tag k="crossing:markings" v="zebra"/>
    <tag k="crossing_ref" v="zebra"/>
    <tag k="highway" v="crossing"/>
  </node>
  <node id="2127879876" lat="54.1616349" lon="19.4044295"/>
  <node id="2127879878" lat="54.1618374" lon="19.4040650"/>
  <node id="2127879890" lat="54.1626414" lon="19.4044666"/>
  <node id="2127915882" lat="54.1619288" lon="19.4044397"/>
  <node id="2127915883" lat="54.1620098" lon="19.4044539"/>
  <node id="2127915884" lat="54.1621193" lon="19.4044905"/>
  <node id="2127915885" lat="54.1622645" lon="19.4045474"/>
  <node id="2127915886" lat="54.1623942" lon="19.4046226"/>
  <node id="2127915887" lat="54.1625062" lon="19.4046980"/>
  <node id="2129092621" lat="54.1603511" lon="19.4084609"/>
  <node id="2129092625" lat="54.1607948" lon="19.4041192"/>
  <node id="2129092628" lat="54.1606860" lon="19.4044030"/>
  <node id="2129120341" lat="54.1604857" lon="19.4044078"/>
  <node id="2129202166" lat="54.1610987" lon="19.4029200"/>
  <node id="2129202167" lat="54.1611141" lon="19.4010955"/>
  <node id="2129202171" lat="54.1611301" lon="19.3994845"/>
  <node id="2129202172" lat="54.1611603" lon="19.4012030"/>
  <node id="2129202173" lat="54.1612479" lon="19.3993936"/>
  <node id="2129202175" lat="54.1611909" lon="19.4012494"/>
  <node id="2129202178" lat="54.1612266" lon="19.4012638"/>
  <node id="2129202183" lat="54.1613251" lon="19.3996829"/>
  <node id="2129203352" lat="54.1613257" lon="19.3995776"/>
  <node id="2129203354" lat="54.1621762" lon="19.3996858"/>
  <node id="2129341055" lat="54.1598785" lon="19.3985238"/>
  <node id="2129341072" lat="54.1611380" lon="19.3988429"/>
  <node id="2129341076" lat="54.1615234" lon="19.3988281"/>
  <node id="2129341081" lat="54.1616350" lon="19.3988011"/>
  <node id="2129341083" lat="54.1615719" lon="19.3985171"/>
  <node id="2129341091" lat="54.1617393" lon="19.3984799"/>
  <node id="2129341093" lat="54.1617786" lon="19.3987504"/>
  <node id="2129341099" lat="54.1618999" lon="19.3986946"/>
  <node id="2129341118" lat="54.1620378" lon="19.3986070"/>
  <node id="2129341124" lat="54.1622888" lon="19.3984068"/>
  <node id="2129341126" lat="54.1624189" lon="19.3983009"/>
  <node id="2129341128" lat="54.1624970" lon="19.3982458"/>
  <node id="2129341131" lat="54.1625788" lon="19.3981921"/>
  <node id="2129341135" lat="54.1626587" lon="19.3981456"/>
  <node id="2129341159" lat="54.1627384" lon="19.3981145"/>
  <node id="2129341176" lat="54.1629830" lon="19.3980741"/>
  <node id="2129341178" lat="54.1630817" lon="19.3980832"/>
  <node id="2129341180" lat="54.1631960" lon="19.3981069"/>
  <node id="2129341184" lat="54.1633271" lon="19.3978051"/>
  <node id="2129341186" lat="54.1633123" lon="19.3981569"/>
  <node id="2129341188" lat="54.1634631" lon="19.3978868"/>
  <node id="2129366248" lat="54.1631941" lon="19.3977562"/>
  <node id="2129366253" lat="54.1633946" lon="19.3978428"/>
  <node id="2129366257" lat="54.1638190" lon="19.3981382"/>
  <node id="2129366261" lat="54.1641108" lon="19.3983369"/>
  <node id="2129366264" lat="54.1643659" lon="19.3988743"/>
  <node id="2129366271" lat="54.1649651" lon="19.3992906"/>
  <node id="2129366273" lat="54.1651388" lon="19.3990416"/>
  <node id="2129366277" lat="54.1651363" lon="19.3994036"/>
  <node id="2129366278" lat="54.1652298" lon="19.3990924"/>
  <node id="2129396945" lat="54.1614432" lon="19.4018200"/>
  <node id="2129396948" lat="54.1614433" lon="19.3985224"/>
  <node id="2129396972" lat="54.1615015" lon="19.4012435"/>
  <node id="2134331889" lat="54.1576270" lon="19.3960237"/>
  <node id="2134331893" lat="54.1583500" lon="19.3930570"/>
  <node id="2134331899" lat="54.1592859" lon="19.3929354"/>
  <node id="2134331903" lat="54.1595562" lon="19.3984520"/>
  <node id="2134984363" lat="54.1574494" lon="19.3960581"/>
  <node id="2134984377" lat="54.1574130" lon="19.3929329"/>
  <node id="2134984416" lat="54.1578020" lon="19.3959927"/>
  <node id="2134984431" lat="54.1579466" lon="19.3972280"/>
  <node id="2135000024" lat="54.1572596" lon="19.3951678"/>
  <node id="2135000025" lat="54.1575932" lon="19.3950444"/>
  <node id="2136164705" lat="54.1597779" lon="19.3985185"/>
  <node id="2136178293" lat="54.1600262" lon="19.3940916"/>
  <node id="2136178295" lat="54.1608019" lon="19.3928621"/>
  <node id="2136178305" lat="54.1610261" lon="19.3950092"/>
  <node id="2136178316" lat="54.1611432" lon="19.3954630"/>
  <node id="2136178321" lat="54.1612136" lon="19.3955613"/>
  <node id="2247064148" lat="54.1555231" lon="19.3937593"/>
  <node id="2247066355" lat="54.1527986" lon="19.3912693"/>
  <node id="2251002081" lat="54.1611825" lon="19.4235797"/>
  <node id="2251002106" lat="54.1611647" lon="19.4220508"/>
  <node id="2251002138" lat="54.1611030" lon="19.4243652"/>
  <node id="2251002146" lat="54.1611862" lon="19.4225994"/>
  <node id="2251002158" lat="54.1610064" lon="19.4244364"/>
  <node id="2251004887" lat="54.1611884" lon="19.4229503"/>
  <node id="2251004935" lat="54.1611918" lon="19.4232433"/>
  <node id="2251085634" lat="54.1525598" lon="19.3988505"/>
  <node id="2251085635" lat="54.1526304" lon="19.3982747"/>
  <node id="2251085636" lat="54.1530366" lon="19.3971121">
    <tag k="highway" v="stop"/>
  </node>
  <node id="2251085637" lat="54.1530555" lon="19.3969194"/>
  <node id="2251085638" lat="54.1530800" lon="19.3966406"/>
  <node id="2251085639" lat="54.1530808" lon="19.3959615"/>
  <node id="2251085640" lat="54.1531008" lon="19.3957256"/>
  <node id="2251085642" lat="54.1531269" lon="19.3956314"/>
  <node id="2251085644" lat="54.1532761" lon="19.3967872"/>
  <node id="2251085645" lat="54.1532836" lon="19.3968774"/>
  <node id="2251085646" lat="54.1535577" lon="19.3951271"/>
  <node id="2251085647" lat="54.1536708" lon="19.3949064"/>
  <node id="2251085648" lat="54.1537111" lon="19.3947179"/>
  <node id="2251085652" lat="54.1555210" lon="19.4040129"/>
  <node id="2251085655" lat="54.1558023" lon="19.3999698"/>
  <node id="2251085656" lat="54.1558056" lon="19.4067392"/>
  <node id="2251107538" lat="54.1539417" lon="19.3996995"/>
  <node id="2251107539" lat="54.1539448" lon="19.3992785"/>
  <node id="2251107540" lat="54.1539466" lon="19.3998289"/>
  <node id="2251107541" lat="54.1539864" lon="19.4001432"/>
  <node id="2251107542" lat="54.1540030" lon="19.3989362"/>
  <node id="2251107543" lat="54.1540206" lon="19.4002729"/>
  <node id="2251107544" lat="54.1540465" lon="19.3986159"/>
  <node id="2251107546" lat="54.1541236" lon="19.3979077"/>
  <node id="2251107547" lat="54.1543772" lon="19.4016129"/>
  <node id="2251107548" lat="54.1545048" lon="19.3975369"/>
  <node id="2251107549" lat="54.1552821" lon="19.3986254"/>
  <node id="2251107550" lat="54.1553583" lon="19.3986703"/>
  <node id="2252082964" lat="54.1588864" lon="19.4107414">
    <tag k="crossing" v="zebra"/>
    <tag k="highway" v="crossing"/>
  </node>
  <node id="2252082970" lat="54.1590678" lon="19.4108626">
    <tag k="crossing" v="zebra"/>
    <tag k="highway" v="crossing"/>
  </node>
  <node id="2252087517" lat="54.1608172" lon="19.4065256"/>
  <node id="2252087519" lat="54.1602900" lon="19.4074115">
    <tag k="crossing" v="zebra"/>
    <tag k="highway" v="crossing"/>
  </node>
  <node id="2252200330" lat="54.1609081" lon="19.4040907"/>
  <node id="2252393841" lat="54.1560686" lon="19.4178758"/>
  <node id="2252393846" lat="54.1560116" lon="19.4193440"/>
  <node id="2252393849" lat="54.1562235" lon="19.4179805"/>
  <node id="2252393855" lat="54.1557031" lon="19.4177961"/>
  <node id="2252393864" lat="54.1560895" lon="19.4179211"/>
  <node id="2252393874" lat="54.1557850" lon="19.4200319">
    <tag k="barrier" v="lift_gate"/>
  </node>
  <node id="2252393898" lat="54.1558825" lon="19.4194344"/>
  <node id="2252393908" lat="54.1555326" lon="19.4188972"/>
  <node id="2252393913" lat="54.1555838" lon="19.4185663"/>
  <node id="2252582566" lat="54.1532178" lon="19.4033465"/>
  <node id="2252582572" lat="54.1534944" lon="19.4041476"/>
  <node id="2252582576" lat="54.1536983" lon="19.4045493"/>
  <node id="2252582578" lat="54.1537653" lon="19.4046443"/>
  <node id="2252582608" lat="54.1544581" lon="19.4021412"/>
  <node id="2252582610" lat="54.1544903" lon="19.4024639"/>
  <node id="2252582612" lat="54.1547858" lon="19.4058004"/>
  <node id="2252582616" lat="54.1552211" lon="19.4058227"/>
  <node id="2252610687" lat="54.1557183" lon="19.4176981"/>
  <node id="2252610688" lat="54.1558005" lon="19.4177340">
    <tag k="crossing" v="zebra"/>
    <tag k="highway" v="crossing"/>
  </node>
  <node id="2252610692" lat="54.1560559" lon="19.4178557"/>
  <node id="2253931819" lat="54.1584148" lon="19.3991478"/>
  <node id="2253931827" lat="54.1585917" lon="19.3979546"/>
  <node id="2253931830" lat="54.1592949" lon="19.3983520"/>
  <node id="2253931856" lat="54.1582223" lon="19.3980122"/>
  <node id="2253931877" lat="54.1590696" lon="19.3978871"/>
  <node id="2253931883" lat="54.1586018" lon="19.3991233"/>
  <node id="2253931895" lat="54.1583844" lon="19.3991091"/>
  <node id="2253961050" lat="54.1547437" lon="19.3977013"/>
  <node id="2253966012" lat="54.1550640" lon="19.3972336">
    <tag k="crossing" v="zebra"/>
    <tag k="highway" v="crossing"/>
  </node>
  <node id="2253986019" lat="54.1550550" lon="19.3975214"/>
  <node id="2254033556" lat="54.1493496" lon="19.4168508"/>
  <node id="2254033561" lat="54.1488161" lon="19.4187312"/>
  <node id="2254033563" lat="54.1493421" lon="19.4177437"/>
  <node id="2254033564" lat="54.1496799" lon="19.4169855"/>
  <node id="2254033565" lat="54.1488971" lon="19.4183945"/>
  <node id="2254033568" lat="54.1497279" lon="19.4170112"/>
  <node id="2254033570" lat="54.1515264" lon="19.4178127"/>
  <node id="2254033572" lat="54.1498314" lon="19.4173430"/>
  <node id="2254033573" lat="54.1491966" lon="19.4176615"/>
  <node id="2254033575" lat="54.1493955" lon="19.4176028"/>
  <node id="2254033577" lat="54.1498120" lon="19.4171476"/>
  <node id="2254033581" lat="54.1495871" lon="19.4195254"/>
  <node id="2254033584" lat="54.1498261" lon="19.4172157"/>
  <node id="2254033586" lat="54.1491593" lon="19.4193900"/>
  <node id="2254033588" lat="54.1493589" lon="19.4176301"/>
  <node id="2254033593" lat="54.1487706" lon="19.4182985"/>
  <node id="2254033595" lat="54.1486870" lon="19.4182399"/>
  <node id="2254033598" lat="54.1492009" lon="19.4186099"/>
  <node id="2254033600" lat="54.1491219" lon="19.4196094"/>
  <node id="2254033604" lat="54.1493117" lon="19.4181342"/>
  <node id="2254033605" lat="54.1497635" lon="19.4170444"/>
  <node id="2254033607" lat="54.1514026" lon="19.4179452"/>
  <node id="2254033609" lat="54.1490083" lon="19.4166404"/>
  <node id="2254033611" lat="54.1497687" lon="19.4178971"/>
  <node id="2254033612" lat="54.1491325" lon="19.4189496"/>
  <node id="2254033614" lat="54.1497864" lon="19.4177386"/>
  <node id="2254033622" lat="54.1514445" lon="19.4178840"/>
  <node id="2254033623" lat="54.1488855" lon="19.4178198"/>
  <node id="2254033625" lat="54.1491421" lon="19.4194073"/>
  <node id="2254033627" lat="54.1493757" lon="19.4176052"/>
  <node id="2254033632" lat="54.1508413" lon="19.4196654"/>
  <node id="2254053943" lat="54.1497479" lon="19.4145451"/>
  <node id="2254053946" lat="54.1491739" lon="19.4155550">
    <tag k="crossing" v="zebra"/>
    <tag k="crossing:island" v="no"/>
    <tag k="highway" v="crossing"/>
    <tag k="tactile_paving" v="no"/>
  </node>
  <node id="2254053977" lat="54.1497251" lon="19.4146895"/>
  <node id="2254054045" lat="54.1493155" lon="19.4145206"/>
  <node id="2254381704" lat="54.1649975" lon="19.4167614"/>
  <node id="2254851447" lat="54.1660998" lon="19.4062718"/>
  <node id="2254905285" lat="54.1653066" lon="19.4049525"/>
  <node id="2254990029" lat="54.1588450" lon="19.4110081"/>
  <node id="2254990179" lat="54.1589919" lon="19.4077069"/>
  <node id="2254990223" lat="54.1592026" lon="19.4075398">
    <tag k="railway" v="tram_level_crossing"/>
  </node>
  <node id="2254990267" lat="54.1591894" lon="19.4076458"/>
  <node id="2254990297" lat="54.1592291" lon="19.4077107"/>
  <node id="2254990452" lat="54.1592627" lon="19.4073999"/>
  <node id="2254990514" lat="54.1593547" lon="19.4073626"/>
  <node id="2254990542" lat="54.1595097" lon="19.4081294"/>
  <node id="2254990673" lat="54.1596329" lon="19.4073166">
    <tag k="railway" v="tram_level_crossing"/>
  </node>
  <node id="2254990742" lat="54.1597897" lon="19.4071708"/>
  <node id="2254990810" lat="54.1597926" lon="19.4086921"/>
  <node id="2254991014" lat="54.1598264" lon="19.4086999"/>
  <node id="2254991142" lat="54.1598691" lon="19.4087058"/>
  <node id="2254991189" lat="54.1599180" lon="19.4086880"/>
  <node id="2254991200" lat="54.1599117" lon="19.4091605">
    <tag k="railway" v="tram_level_crossing"/>
  </node>
  <node id="2254991223" lat="54.1599718" lon="19.4086564"/>
  <node id="2254991412" lat="54.1601161" lon="19.4090354"/>
  <node id="2255231484" lat="54.1577598" lon="19.4118986"/>
  <node id="2255231532" lat="54.1579918" lon="19.4142754"/>
  <node id="2255483469" lat="54.1621168" lon="19.4172368"/>
  <node id="2255483496" lat="54.1606109" lon="19.4189578"/>
  <node id="2255483517" lat="54.1615478" lon="19.4174740"/>
  <node id="2255498523" lat="54.1647449" lon="19.4194720"/>
  <node id="2255498535" lat="54.1647200" lon="19.4197369"/>
  <node id="2255593318" lat="54.1605034" lon="19.4105638">
    <tag k="crossing" v="zebra"/>
    <tag k="highway" v="crossing"/>
  </node>
  <node id="2255593319" lat="54.1599336" lon="19.4096013">
    <tag k="crossing" v="zebra"/>
    <tag k="highway" v="crossing"/>
  </node>
  <node id="2255593324" lat="54.1601579" lon="19.4089624">
    <tag k="crossing" v="zebra"/>
    <tag k="highway" v="crossing"/>
  </node>
  <node id="2255593325" lat="54.1596552" lon="19.4092723">
    <tag k="crossing" v="zebra"/>
    <tag k="highway" v="crossing"/>
  </node>
  <node id="2255593336" lat="54.1633126" lon="19.4136932"/>
  <node id="2255593337" lat="54.1595978" lon="19.4087474">
    <tag k="crossing" v="zebra"/>
    <tag k="highway" v="crossing"/>
    <tag k="tactile_paving" v="no"/>
  </node>
  <node id="2255593338" lat="54.1600021" lon="19.4086242">
    <tag k="crossing" v="zebra"/>
    <tag k="highway" v="crossing"/>
  </node>
  <node id="2255593346" lat="54.1600201" lon="19.4086602">
    <tag k="crossing" v="zebra"/>
    <tag k="highway" v="crossing"/>
  </node>
  <node id="2255593348" lat="54.1624123" lon="19.4127799">
    <tag k="crossing" v="zebra"/>
    <tag k="highway" v="crossing"/>
  </node>
  <node id="2255593352" lat="54.1622788" lon="19.4128107">
    <tag k="highway" v="crossing"/>
  </node>
  <node id="2255593356" lat="54.1641229" lon="19.4140959">
    <tag k="crossing" v="zebra"/>
    <tag k="highway" v="crossing"/>
  </node>
  <node id="2255593365" lat="54.1622428" lon="19.4126000">
    <tag k="crossing" v="zebra"/>
    <tag k="highway" v="crossing"/>
  </node>
  <node id="2255593367" lat="54.1600154" lon="19.4094861">
    <tag k="crossing" v="zebra"/>
    <tag k="highway" v="crossing"/>
  </node>
  <node id="2255593373" lat="54.1597651" lon="19.4095255">
    <tag k="crossing" v="zebra"/>
    <tag k="highway" v="crossing"/>
  </node>
  <node id="2256017089" lat="54.1635558" lon="19.4143842"/>
  <node id="2256017091" lat="54.1641585" lon="19.4150029"/>
  <node id="2256017098" lat="54.1638619" lon="19.4140283">
    <tag k="crossing" v="zebra"/>
    <tag k="highway" v="crossing"/>
  </node>
  <node id="2256017103" lat="54.1640964" lon="19.4146304"/>
  <node id="2256069753" lat="54.1652563" lon="19.4090379"/>
  <node id="2256184300" lat="54.1500260" lon="19.4112674"/>
  <node id="2256184339" lat="54.1502290" lon="19.4112656"/>
  <node id="2257406827" lat="54.1493855" lon="19.4056055"/>
  <node id="2257406858" lat="54.1493315" lon="19.4081063"/>
  <node id="2258544981" lat="54.1559023" lon="19.4087655"/>
  <node id="2258544989" lat="54.1562468" lon="19.4105129"/>
  <node id="2263122509" lat="54.1588257" lon="19.4102555">
    <tag k="highway" v="crossing"/>
  </node>
  <node id="2263122520" lat="54.1591879" lon="19.4177518">
    <tag k="crossing" v="zebra"/>
    <tag k="highway" v="crossing"/>
  </node>
  <node id="2263122523" lat="54.1590711" lon="19.4180711">
    <tag k="crossing" v="zebra"/>
    <tag k="highway" v="crossing"/>
  </node>
  <node id="2263122530" lat="54.1580158" lon="19.4042408">
    <tag k="crossing" v="traffic_signals"/>
    <tag k="crossing:markings" v="dots"/>
    <tag k="highway" v="crossing"/>
  </node>
  <node id="2263122537" lat="54.1592714" lon="19.4133680">
    <tag k="crossing" v="zebra"/>
    <tag k="highway" v="crossing"/>
  </node>
  <node id="2263122540" lat="54.1591326" lon="19.4134317">
    <tag k="crossing" v="zebra"/>
    <tag k="highway" v="crossing"/>
  </node>
  <node id="2263122542" lat="54.1590509" lon="19.4079844">
    <tag k="crossing" v="zebra"/>
    <tag k="highway" v="crossing"/>
  </node>
  <node id="2263122544" lat="54.1581578" lon="19.4043721">
    <tag k="crossing" v="traffic_signals"/>
    <tag k="crossing:markings" v="zebra"/>
    <tag k="highway" v="crossing"/>
    <tag k="tactile_paving" v="no"/>
  </node>
  <node id="2263122552" lat="54.1590962" lon="19.4191456">
    <tag k="crossing" v="zebra"/>
    <tag k="highway" v="crossing"/>
  </node>
  <node id="2263122554" lat="54.1581571" lon="19.4045147">
    <tag k="crossing" v="traffic_signals"/>
    <tag k="crossing:markings" v="zebra"/>
    <tag k="highway" v="crossing"/>
    <tag k="tactile_paving" v="no"/>
  </node>
  <node id="2263122557" lat="54.1560790" lon="19.4041705">
    <tag k="crossing" v="traffic_signals"/>
    <tag k="crossing:markings" v="zebra"/>
    <tag k="highway" v="crossing"/>
  </node>
  <node id="2278899192" lat="54.1555761" lon="19.3935009"/>
  <node id="2278899193" lat="54.1556973" lon="19.3945016"/>
  <node id="2278899194" lat="54.1559639" lon="19.3952595"/>
  <node id="2278899195" lat="54.1560518" lon="19.3954872"/>
  <node id="2278899196" lat="54.1561665" lon="19.3959254"/>
  <node id="2278899197" lat="54.1563168" lon="19.3960951"/>
  <node id="2278899198" lat="54.1564109" lon="19.3960416"/>
  <node id="2278899199" lat="54.1565285" lon="19.3959398"/>
  <node id="2278899200" lat="54.1568877" lon="19.3954577"/>
  <node id="2278899201" lat="54.1571031" lon="19.3952553"/>
  <node id="2278899203" lat="54.1571723" lon="19.3958276"/>
  <node id="2278899204" lat="54.1578304" lon="19.3984920">
    <tag k="highway" v="traffic_signals"/>
    <tag k="traffic_signals:direction" v="forward"/>
  </node>
  <node id="2278899205" lat="54.1593665" lon="19.3983781"/>
  <node id="2278912610" lat="54.1551756" lon="19.3968911"/>
  <node id="2278912611" lat="54.1554054" lon="19.3968520"/>
  <node id="2278912612" lat="54.1555092" lon="19.3972048"/>
  <node id="2278912613" lat="54.1555925" lon="19.3975241"/>
  <node id="2278912615" lat="54.1561128" lon="19.3957171"/>
  <node id="2278912616" lat="54.1564611" lon="19.3931303"/>
  <node id="2278912617" lat="54.1571956" lon="19.3928995"/>
  <node id="2278912618" lat="54.1572530" lon="19.3928860"/>
  <node id="2278912619" lat="54.1573484" lon="19.3928822"/>
  <node id="2278912632" lat="54.1584907" lon="19.3967621"/>
  <node id="2278912638" lat="54.1596536" lon="19.3984896"/>
  <node id="2278912641" lat="54.1603103" lon="19.3985223"/>
  <node id="2278912643" lat="54.1610511" lon="19.3985168"/>
  <node id="2278919541" lat="54.1609026" lon="19.3928955"/>
  <node id="2278919543" lat="54.1610511" lon="19.3952094"/>
  <node id="2278919545" lat="54.1610907" lon="19.3953566"/>
  <node id="2278919551" lat="54.1613982" lon="19.3957369"/>
  <node id="2278919553" lat="54.1614914" lon="19.3958010">
    <tag k="crossing" v="zebra"/>
    <tag k="crossing:island" v="no"/>
    <tag k="highway" v="crossing"/>
    <tag k="tactile_paving" v="no"/>
  </node>
  <node id="2278919555" lat="54.1617128" lon="19.3958961"/>
  <node id="2281058934" lat="54.1555334" lon="19.3936795"/>
  <node id="2281058936" lat="54.1573041" lon="19.3928782"/>
  <node id="2281058938" lat="54.1573865" lon="19.3929002"/>
  <node id="2281058939" lat="54.1574765" lon="19.3930978"/>
  <node id="2281058940" lat="54.1580131" lon="19.3931058">
    <tag k="crossing:signals" v="no"/>
    <tag k="highway" v="crossing"/>
  </node>
  <node id="2281058941" lat="54.1581884" lon="19.3930795"/>
  <node id="2281058948" lat="54.1599750" lon="19.3928892"/>
  <node id="2281058950" lat="54.1608492" lon="19.3928684"/>
  <node id="2281071735" lat="54.1573345" lon="19.3960691"/>
  <node id="2281071736" lat="54.1575690" lon="19.3960336"/>
  <node id="2281079674" lat="54.1599544" lon="19.3924956"/>
  <node id="2281079675" lat="54.1599645" lon="19.3924128"/>
  <node id="2281079677" lat="54.1599826" lon="19.3923431"/>
  <node id="2281079678" lat="54.1600307" lon="19.3922087"/>
  <node id="2281079679" lat="54.1600428" lon="19.3921482"/>
  <node id="2283486465" lat="54.1616592" lon="19.4040584"/>
  <node id="2289252574" lat="54.1557753" lon="19.4015415"/>
  <node id="2289252584" lat="54.1576298" lon="19.4103556"/>
  <node id="2289392643" lat="54.1539294" lon="19.4065065"/>
  <node id="2289392644" lat="54.1539637" lon="19.4067162"/>
  <node id="2289392645" lat="54.1539665" lon="19.4070895"/>
  <node id="2289392646" lat="54.1539708" lon="19.4069394"/>
  <node id="2289392647" lat="54.1539744" lon="19.4072090"/>
  <node id="2290250625" lat="54.1637894" lon="19.4091742"/>
  <node id="2290250628" lat="54.1646873" lon="19.4092026"/>
  <node id="2290250629" lat="54.1644523" lon="19.4086715"/>
  <node id="2290250634" lat="54.1645072" lon="19.4092668"/>
  <node id="2290250645" lat="54.1643607" lon="19.4090150"/>
  <node id="2290250646" lat="54.1638319" lon="19.4097838"/>
  <node id="2290250652" lat="54.1646335" lon="19.4086192"/>
  <node id="2290250654" lat="54.1646822" lon="19.4091478"/>
  <node id="2290251320" lat="54.1646423" lon="19.4087146"/>
  <node id="2291788938" lat="54.1563998" lon="19.3997312"/>
  <node id="2291788941" lat="54.1563635" lon="19.4001745"/>
  <node id="2294018020" lat="54.1574246" lon="19.3967897"/>
  <node id="2294018021" lat="54.1573803" lon="19.3966164"/>
  <node id="2294018022" lat="54.1587719" lon="19.3966900"/>
  <node id="2337328449" lat="54.1464100" lon="19.3939999"/>
  <node id="2337328450" lat="54.1465453" lon="19.3939005"/>
  <node id="2337328451" lat="54.1466003" lon="19.3938838"/>
  <node id="2337328452" lat="54.1466615" lon="19.3939032"/>
  <node id="2337328453" lat="54.1467162" lon="19.3939734"/>
  <node id="2337328456" lat="54.1471154" lon="19.3947472"/>
  <node id="2337328457" lat="54.1477297" lon="19.3937643"/>
  <node id="2337328575" lat="54.1562303" lon="19.3911302"/>
  <node id="2337328576" lat="54.1563854" lon="19.3911171"/>
  <node id="2337328578" lat="54.1603741" lon="19.3906368"/>
  <node id="2337328597" lat="54.1632766" lon="19.3949412"/>
  <node id="2337328598" lat="54.1633232" lon="19.3947854"/>
  <node id="2337328599" lat="54.1633692" lon="19.3892948"/>
  <node id="2337328600" lat="54.1633941" lon="19.3946227"/>
  <node id="2337328601" lat="54.1634792" lon="19.3945293"/>
  <node id="2337328602" lat="54.1635683" lon="19.3944566"/>
  <node id="2337328603" lat="54.1637021" lon="19.3944324"/>
  <node id="2337328604" lat="54.1638601" lon="19.3944497"/>
  <node id="2337328608" lat="54.1640526" lon="19.3944359"/>
  <node id="2337328611" lat="54.1641037" lon="19.3944386"/>
  <node id="2337328614" lat="54.1642309" lon="19.3943805"/>
  <node id="2337328617" lat="54.1643262" lon="19.3943736"/>
  <node id="2337328644" lat="54.1655342" lon="19.3944573"/>
  <node id="2344151953" lat="54.1588035" lon="19.4046432">
    <tag k="crossing" v="uncontrolled"/>
    <tag k="crossing:markings" v="zebra"/>
    <tag k="highway" v="crossing"/>
  </node>
  <node id="2344153512" lat="54.1587784" lon="19.4042249">
    <tag k="crossing" v="uncontrolled"/>
    <tag k="crossing:markings" v="dots"/>
    <tag k="highway" v="crossing"/>
  </node>
  <node id="2344154482" lat="54.1560723" lon="19.4055252"/>
  <node id="2344182113" lat="54.1546967" lon="19.3965352"/>
  <node id="2344184515" lat="54.1513993" lon="19.3910760">
    <tag k="crossing:markings" v="zebra"/>
    <tag k="highway" v="crossing"/>
  </node>
  <node id="2352222033" lat="54.1646573" lon="19.4169574"/>
  <node id="2353294953" lat="54.1565796" lon="19.4105318"/>
  <node id="2353320870" lat="54.1595108" lon="19.3987854">
    <tag k="railway" v="tram_level_crossing"/>
  </node>
  <node id="2355701276" lat="54.1657061" lon="19.3965945"/>
  <node id="2355701279" lat="54.1641548" lon="19.3963153"/>
  <node id="2355701281" lat="54.1636840" lon="19.3972304"/>
  <node id="2355701282" lat="54.1646721" lon="19.3963413"/>
  <node id="2355701284" lat="54.1654266" lon="19.3965524"/>
  <node id="2355701286" lat="54.1637956" lon="19.3967128"/>
  <node id="2355701288" lat="54.1642506" lon="19.3962965"/>
  <node id="2355701290" lat="54.1638134" lon="19.3964239"/>
  <node id="2355701292" lat="54.1661874" lon="19.3965657"/>
  <node id="2355701607" lat="54.1637251" lon="19.3964484"/>
  <node id="2355701608" lat="54.1635536" lon="19.3965040"/>
  <node id="2361226268" lat="54.1616143" lon="19.4163166"/>
  <node id="2361229897" lat="54.1592103" lon="19.4188166">
    <tag k="crossing" v="zebra"/>
    <tag k="highway" v="crossing"/>
    <tag k="tactile_paving" v="no"/>
  </node>
  <node id="2361229902" lat="54.1592371" lon="19.4181107">
    <tag k="crossing" v="zebra"/>
    <tag k="highway" v="crossing"/>
    <tag k="tactile_paving" v="no"/>
  </node>
  <node id="2361229915" lat="54.1594080" lon="19.4139148"/>
  <node id="2361233182" lat="54.1579131" lon="19.4071557">
    <tag k="highway" v="turning_circle"/>
  </node>
  <node id="2371742779" lat="54.1598342" lon="19.3897113">
    <tag k="direction" v="backward"/>
    <tag k="highway" v="give_way"/>
  </node>
  <node id="2380181251" lat="54.1611464" lon="19.4011705"/>
  <node id="2380181252" lat="54.1611689" lon="19.3994134"/>
  <node id="2380181253" lat="54.1611866" lon="19.3993959"/>
  <node id="2380181254" lat="54.1612244" lon="19.3993833"/>
  <node id="2380181256" lat="54.1612662" lon="19.3994169"/>
  <node id="2380181257" lat="54.1612777" lon="19.3994434"/>
  <node id="2380181258" lat="54.1614314" lon="19.3988430"/>
  <node id="2380195004" lat="54.1592603" lon="19.3986977"/>
  <node id="2380195006" lat="54.1594056" lon="19.3987609"/>
  <node id="2380195021" lat="54.1595758" lon="19.3987929">
    <tag k="railway" v="tram_level_crossing"/>
  </node>
  <node id="2380195031" lat="54.1601850" lon="19.3985210"/>
  <node id="2380195035" lat="54.1611731" lon="19.3986611">
    <tag k="railway" v="tram_level_crossing"/>
  </node>
  <node id="2380195036" lat="54.1611523" lon="19.3987214">
    <tag k="railway" v="tram_level_crossing"/>
  </node>
  <node id="2380195040" lat="54.1616561" lon="19.3985032"/>
  <node id="2380195043" lat="54.1618180" lon="19.3984481"/>
  <node id="2380195044" lat="54.1619343" lon="19.3983905"/>
  <node id="2380215819" lat="54.1621038" lon="19.3985567"/>
  <node id="2380215820" lat="54.1621603" lon="19.3985115"/>
  <node id="2380215826" lat="54.1629961" lon="19.3977328"/>
  <node id="2380215827" lat="54.1630575" lon="19.3977334"/>
  <node id="2380215828" lat="54.1631313" lon="19.3977427"/>
  <node id="2380215829" lat="54.1636779" lon="19.3980376"/>
  <node id="2380241195" lat="54.1627803" lon="19.3981044">
    <tag k="railway" v="tram_level_crossing"/>
  </node>
  <node id="2380241205" lat="54.1628367" lon="19.3980905">
    <tag k="railway" v="tram_level_crossing"/>
  </node>
  <node id="2380241284" lat="54.1630030" lon="19.3996860"/>
  <node id="2380241286" lat="54.1630179" lon="19.3997622"/>
  <node id="2380241289" lat="54.1630084" lon="19.3996379">
    <tag k="railway" v="tram_level_crossing"/>
  </node>
  <node id="2380241295" lat="54.1630339" lon="19.3999149">
    <tag k="railway" v="tram_level_crossing"/>
  </node>
  <node id="2380241306" lat="54.1630742" lon="19.4000282"/>
  <node id="2380241308" lat="54.1630816" lon="19.3995741"/>
  <node id="2380241313" lat="54.1631327" lon="19.3995652"/>
  <node id="2380241316" lat="54.1631268" lon="19.4002383"/>
  <node id="2380241320" lat="54.1631541" lon="19.3980949">
    <tag k="railway" v="tram_level_crossing"/>
  </node>
  <node id="2380241322" lat="54.1632034" lon="19.3995689"/>
  <node id="2380241327" lat="54.1631925" lon="19.4005083"/>
  <node id="2380241338" lat="54.1633441" lon="19.3995747"/>
  <node id="2380271879" lat="54.1648528" lon="19.3992110"/>
  <node id="2380271881" lat="54.1650643" lon="19.3993574"/>
  <node id="2380281491" lat="54.1653060" lon="19.3991319"/>
  <node id="2380290749" lat="54.1642856" lon="19.3994865"/>
  <node id="2380290750" lat="54.1644424" lon="19.3994272"/>
  <node id="2380290751" lat="54.1645395" lon="19.3992864"/>
  <node id="2380290752" lat="54.1645691" lon="19.3992564"/>
  <node id="2380290753" lat="54.1645962" lon="19.3992456"/>
  <node id="2380290754" lat="54.1646249" lon="19.3992486"/>
  <node id="2380290755" lat="54.1646749" lon="19.3993095"/>
  <node id="2380290756" lat="54.1646954" lon="19.3993663"/>
  <node id="2380290757" lat="54.1646083" lon="19.4008073"/>
  <node id="2380290758" lat="54.1646624" lon="19.4008098"/>
  <node id="2380290759" lat="54.1649028" lon="19.4006934"/>
  <node id="2380290760" lat="54.1649487" lon="19.4006847"/>
  <node id="2380290762" lat="54.1650237" lon="19.4006831">
    <tag k="crossing" v="zebra"/>
    <tag k="highway" v="crossing"/>
  </node>
  <node id="2380290763" lat="54.1651172" lon="19.4006028"/>
  <node id="2380290765" lat="54.1652356" lon="19.4007016"/>
  <node id="2380290767" lat="54.1653484" lon="19.4007161"/>
  <node id="2381059267" lat="54.1628894" lon="19.3974544"/>
  <node id="2381059268" lat="54.1629096" lon="19.3965804"/>
  <node id="2381059269" lat="54.1629171" lon="19.3969872"/>
  <node id="2381059271" lat="54.1629394" lon="19.3967318"/>
  <node id="2381059272" lat="54.1629559" lon="19.3965952"/>
  <node id="2381059273" lat="54.1630209" lon="19.3966099"/>
  <node id="2381059274" lat="54.1629835" lon="19.3963642"/>
  <node id="2381059275" lat="54.1630167" lon="19.3961614"/>
  <node id="2381059276" lat="54.1630432" lon="19.3966131"/>
  <node id="2381059277" lat="54.1630859" lon="19.3966168"/>
  <node id="2381059278" lat="54.1631487" lon="19.3966133"/>
  <node id="2381059279" lat="54.1632875" lon="19.3965810"/>
  <node id="2381059282" lat="54.1634208" lon="19.3965468"/>
  <node id="2381059289" lat="54.1636972" lon="19.3964570">
    <tag k="crossing" v="zebra"/>
    <tag k="highway" v="crossing"/>
  </node>
  <node id="2381059298" lat="54.1637237" lon="19.3971285"/>
  <node id="2381059300" lat="54.1637396" lon="19.3970660"/>
  <node id="2381059302" lat="54.1637679" lon="19.3969003"/>
  <node id="2381059303" lat="54.1638170" lon="19.3964523"/>
  <node id="2381059304" lat="54.1638178" lon="19.3965520"/>
  <node id="2381059305" lat="54.1638192" lon="19.3965000"/>
  <node id="2381059315" lat="54.1643472" lon="19.3962899"/>
  <node id="2381059319" lat="54.1644360" lon="19.3962933"/>
  <node id="2381059322" lat="54.1644982" lon="19.3963006"/>
  <node id="2381059324" lat="54.1645699" lon="19.3963145"/>
  <node id="2381059328" lat="54.1648210" lon="19.3963830"/>
  <node id="2381059330" lat="54.1651308" lon="19.3964690"/>
  <node id="2381068594" lat="54.1655696" lon="19.3965826"/>
  <node id="2381068595" lat="54.1657962" lon="19.3965976"/>
  <node id="2381068596" lat="54.1658848" lon="19.3965983"/>
  <node id="2381068597" lat="54.1660240" lon="19.3965891"/>
  <node id="2381117443" lat="54.1654084" lon="19.3991708"/>
  <node id="2381117447" lat="54.1654646" lon="19.3991720"/>
  <node id="2381117452" lat="54.1654905" lon="19.3991654"/>
  <node id="2381117457" lat="54.1655426" lon="19.3991410"/>
  <node id="2383528170" lat="54.1589296" lon="19.4194385">
    <tag k="barrier" v="gate"/>
  </node>
  <node id="2383528171" lat="54.1590767" lon="19.4194578"/>
  <node id="2383528172" lat="54.1585470" lon="19.4193913"/>
  <node id="2383528173" lat="54.1588156" lon="19.4194476"/>
  <node id="2383528174" lat="54.1586852" lon="19.4194476"/>
  <node id="2383528175" lat="54.1583680" lon="19.4192867"/>
  <node id="2383528176" lat="54.1581315" lon="19.4191593"/>
  <node id="2383528177" lat="54.1581954" lon="19.4191875">
    <tag k="barrier" v="gate"/>
  </node>
  <node id="2383528882" lat="54.1589925" lon="19.4177806"/>
  <node id="2383528883" lat="54.1590176" lon="19.4180574"/>
  <node id="2384747669" lat="54.1616507" lon="19.4063315"/>
  <node id="2384747681" lat="54.1617868" lon="19.4046207"/>
  <node id="2385303461" lat="54.1590358" lon="19.4105116"/>
  <node id="2385303515" lat="54.1590488" lon="19.4105790">
    <tag k="railway" v="tram_level_crossing"/>
  </node>
  <node id="2385303681" lat="54.1592146" lon="19.4078321"/>
  <node id="2385304674" lat="54.1598854" lon="19.4046908">
    <tag k="crossing" v="traffic_signals"/>
    <tag k="crossing:markings" v="zebra"/>
    <tag k="highway" v="crossing"/>
  </node>
  <node id="2385304760" lat="54.1601335" lon="19.4044334"/>
  <node id="2385304785" lat="54.1605910" lon="19.4044053"/>
  <node id="2385304852" lat="54.1605900" lon="19.4056538"/>
  <node id="2385304894" lat="54.1606244" lon="19.4052547"/>
  <node id="2385616884" lat="54.1600180" lon="19.3985229"/>
  <node id="2396113518" lat="54.1644547" lon="19.4219456">
    <tag k="crossing" v="zebra"/>
    <tag k="highway" v="crossing"/>
  </node>
  <node id="2396116453" lat="54.1646993" lon="19.4170862">
    <tag k="crossing" v="zebra"/>
    <tag k="highway" v="crossing"/>
  </node>
  <node id="2399711515" lat="54.1587267" lon="19.4026040"/>
  <node id="2406689244" lat="54.1636645" lon="19.4050666"/>
  <node id="2406689249" lat="54.1642353" lon="19.4052069"/>
  <node id="2406689255" lat="54.1632915" lon="19.4049398">
    <tag k="crossing" v="zebra"/>
    <tag k="highway" v="crossing"/>
    <tag k="tactile_paving" v="yes"/>
  </node>
  <node id="2406695928" lat="54.1596951" lon="19.4203226"/>
  <node id="2406695930" lat="54.1602166" lon="19.4200129"/>
  <node id="2406695933" lat="54.1596172" lon="19.4202246"/>
  <node id="2406695934" lat="54.1600516" lon="19.4198262"/>
  <node id="2406695936" lat="54.1601317" lon="19.4199657"/>
  <node id="2406695937" lat="54.1602156" lon="19.4202974"/>
  <node id="2406695938" lat="54.1601789" lon="19.4203792"/>
  <node id="2406695940" lat="54.1600893" lon="19.4199120"/>
  <node id="2406695944" lat="54.1600269" lon="19.4189229"/>
  <node id="2406695948" lat="54.1600186" lon="19.4197243"/>
  <node id="2406695950" lat="54.1599951" lon="19.4195901"/>
  <node id="2406695954" lat="54.1596431" lon="19.4195563"/>
  <node id="2407941965" lat="54.1617186" lon="19.4157585"/>
  <node id="2407985610" lat="54.1598234" lon="19.4203328"/>
  <node id="2407985664" lat="54.1607423" lon="19.4194675"/>
  <node id="2407985672" lat="54.1608888" lon="19.4194815"/>
  <node id="2408001472" lat="54.1610466" lon="19.4188864"/>
  <node id="2409975849" lat="54.1604401" lon="19.3947821"/>
  <node id="2411047759" lat="54.1595462" lon="19.4123614"/>
  <node id="2412954512" lat="54.1590424" lon="19.4121978"/>
  <node id="2412954515" lat="54.1618678" lon="19.4122255"/>
  <node id="2412954518" lat="54.1615236" lon="19.4118692"/>
  <node id="2412954519" lat="54.1621004" lon="19.4124560"/>
  <node id="2412954528" lat="54.1618735" lon="19.4136173"/>
  <node id="2412954590" lat="54.1620964" lon="19.4137343"/>
  <node id="2413500879" lat="54.1599301" lon="19.4195828">
    <tag k="crossing" v="zebra"/>
    <tag k="highway" v="crossing"/>
  </node>
  <node id="2413500887" lat="54.1600107" lon="19.4192699">
    <tag k="barrier" v="lift_gate"/>
  </node>
  <node id="2413513095" lat="54.1595882" lon="19.4188654"/>
  <node id="2413647625" lat="54.1610012" lon="19.4200831"/>
  <node id="2413647626" lat="54.1609814" lon="19.4194916"/>
  <node id="2413656534" lat="54.1598524" lon="19.4188996"/>
  <node id="2413656558" lat="54.1598788" lon="19.4184460"/>
  <node id="2413656560" lat="54.1599283" lon="19.4184487"/>
  <node id="2414221909" lat="54.1599042" lon="19.4140227"/>
  <node id="2414221914" lat="54.1596417" lon="19.4162050"/>
  <node id="2414221923" lat="54.1595674" lon="19.4180431"/>
  <node id="2414221938" lat="54.1603770" lon="19.4176484"/>
  <node id="2414221941" lat="54.1599284" lon="19.4174052">
    <tag k="barrier" v="gate"/>
  </node>
  <node id="2414221990" lat="54.1594360" lon="19.4160657"/>
  <node id="2414221991" lat="54.1592834" lon="19.4160446"/>
  <node id="2414221993" lat="54.1594663" lon="19.4161778"/>
  <node id="2414222031" lat="54.1596419" lon="19.4139185"/>
  <node id="2414222038" lat="54.1597912" lon="19.4177815"/>
  <node id="2414222039" lat="54.1604073" lon="19.4170526">
    <tag k="barrier" v="gate"/>
  </node>
  <node id="2414222059" lat="54.1595206" lon="19.4139091"/>
  <node id="2414222080" lat="54.1593050" lon="19.4177142"/>
  <node id="2414222097" lat="54.1599219" lon="19.4175707"/>
  <node id="2414263544" lat="54.1581138" lon="19.4150523"/>
  <node id="2417861307" lat="54.1587570" lon="19.3984518"/>
  <node id="2417861308" lat="54.1588581" lon="19.3984677"/>
  <node id="2417861310" lat="54.1588870" lon="19.3983678"/>
  <node id="2417861311" lat="54.1589477" lon="19.3985031"/>
  <node id="2417861312" lat="54.1590307" lon="19.3985374"/>
  <node id="2417861313" lat="54.1590689" lon="19.3983427">
    <tag k="crossing" v="zebra"/>
    <tag k="highway" v="crossing"/>
  </node>
  <node id="2417861315" lat="54.1613236" lon="19.3987243">
    <tag k="railway" v="tram_level_crossing"/>
  </node>
  <node id="2417861316" lat="54.1613165" lon="19.3986609">
    <tag k="railway" v="tram_level_crossing"/>
  </node>
  <node id="2421608638" lat="54.1598965" lon="19.3988095"/>
  <node id="2421609780" lat="54.1608397" lon="19.3985184"/>
  <node id="2424616814" lat="54.1515659" lon="19.3910029"/>
  <node id="2424616840" lat="54.1541439" lon="19.3909686"/>
  <node id="2424616849" lat="54.1543885" lon="19.3909636"/>
  <node id="2424616868" lat="54.1545687" lon="19.3975817"/>
  <node id="2424616883" lat="54.1550503" lon="19.3970526">
    <tag k="crossing:island" v="no"/>
    <tag k="crossing:markings" v="yes"/>
    <tag k="crossing:signals" v="no"/>
    <tag k="highway" v="crossing"/>
  </node>
  <node id="2424616890" lat="54.1550753" lon="19.3975092"/>
  <node id="2424616958" lat="54.1555543" lon="19.3986864"/>
  <node id="2424616962" lat="54.1557153" lon="19.3989206">
    <tag k="crossing" v="zebra"/>
    <tag k="highway" v="crossing"/>
  </node>
  <node id="2424616984" lat="54.1558990" lon="19.4068089"/>
  <node id="2424616987" lat="54.1559000" lon="19.3979591"/>
  <node id="2424616996" lat="54.1559683" lon="19.3982885"/>
  <node id="2424617160" lat="54.1593522" lon="19.3986255"/>
  <node id="2424617164" lat="54.1593743" lon="19.3987230"/>
  <node id="2424617167" lat="54.1593671" lon="19.3984761"/>
  <node id="2424617175" lat="54.1594330" lon="19.3984032"/>
  <node id="2424617214" lat="54.1595921" lon="19.3990947"/>
  <node id="2424617216" lat="54.1600100" lon="19.4042540">
    <tag k="crossing" v="traffic_signals"/>
    <tag k="crossing:markings" v="dots"/>
    <tag k="highway" v="crossing"/>
  </node>
  <node id="2424617217" lat="54.1600219" lon="19.4044301">
    <tag k="crossing" v="traffic_signals"/>
    <tag k="crossing:markings" v="dots"/>
    <tag k="highway" v="crossing"/>
  </node>
  <node id="2424617218" lat="54.1601401" lon="19.3990165">
    <tag k="crossing" v="zebra"/>
    <tag k="highway" v="crossing"/>
  </node>
  <node id="2424617219" lat="54.1604325" lon="19.3896579">
    <tag k="crossing" v="uncontrolled"/>
    <tag k="crossing:island" v="no"/>
    <tag k="highway" v="crossing"/>
  </node>
  <node id="2424657510" lat="54.1576325" lon="19.4104356"/>
  <node id="2424657544" lat="54.1593484" lon="19.4160568">
    <tag k="crossing" v="zebra"/>
    <tag k="highway" v="crossing"/>
  </node>
  <node id="2424657547" lat="54.1593637" lon="19.4146888"/>
  <node id="2424657549" lat="54.1594185" lon="19.4147000">
    <tag k="crossing" v="zebra"/>
    <tag k="highway" v="crossing"/>
  </node>
  <node id="2424657551" lat="54.1593866" lon="19.4131594"/>
  <node id="2424657554" lat="54.1596605" lon="19.4147452"/>
  <node id="2440173280" lat="54.1650127" lon="19.4063050"/>
  <node id="2440173281" lat="54.1650438" lon="19.4063086"/>
  <node id="2440173282" lat="54.1652462" lon="19.4072795"/>
  <node id="2441254002" lat="54.1611879" lon="19.4227858"/>
  <node id="2441254079" lat="54.1611813" lon="19.4224050"/>
  <node id="2444656270" lat="54.1549972" lon="19.3910160">
    <tag k="crossing" v="traffic_signals"/>
    <tag k="highway" v="crossing"/>
  </node>
  <node id="2444656271" lat="54.1550678" lon="19.3887464"/>
  <node id="2444656272" lat="54.1550889" lon="19.3910228"/>
  <node id="2444656273" lat="54.1551602" lon="19.3905063"/>
  <node id="2445966633" lat="54.1496182" lon="19.4125294"/>
  <node id="2445966658" lat="54.1491699" lon="19.4133488"/>
  <node id="2445966772" lat="54.1493832" lon="19.4140386"/>
  <node id="2445966948" lat="54.1490898" lon="19.4139236"/>
  <node id="2445967013" lat="54.1494582" lon="19.4134778"/>
  <node id="2445999507" lat="54.1473882" lon="19.4030027"/>
  <node id="2445999515" lat="54.1532575" lon="19.4021038"/>
  <node id="2447211618" lat="54.1625211" lon="19.4194147"/>
  <node id="2448192866" lat="54.1514970" lon="19.4150156"/>
  <node id="2460134657" lat="54.1592169" lon="19.4150947">
    <tag k="crossing" v="zebra"/>
    <tag k="highway" v="crossing"/>
  </node>
  <node id="2460134667" lat="54.1590256" lon="19.4187757">
    <tag k="crossing" v="zebra"/>
    <tag k="highway" v="crossing"/>
    <tag k="tactile_paving" v="no"/>
  </node>
  <node id="2460391062" lat="54.1607180" lon="19.4189630"/>
  <node id="2460391065" lat="54.1608040" lon="19.4189587"/>
  <node id="2460391067" lat="54.1608885" lon="19.4189431"/>
  <node id="2460391069" lat="54.1610459" lon="19.4186922">
    <tag k="crossing" v="zebra"/>
    <tag k="crossing:island" v="no"/>
    <tag k="highway" v="crossing"/>
    <tag k="tactile_paving" v="no"/>
  </node>
  <node id="2460391072" lat="54.1612713" lon="19.4188592">
    <tag k="crossing" v="zebra"/>
    <tag k="highway" v="crossing"/>
  </node>
  <node id="2501537400" lat="54.1625948" lon="19.3895698"/>
  <node id="2501537401" lat="54.1622299" lon="19.3896060"/>
  <node id="2502526753" lat="54.1615796" lon="19.4174527"/>
  <node id="2502526764" lat="54.1625949" lon="19.4193265"/>
  <node id="2502526768" lat="54.1627543" lon="19.4179975"/>
  <node id="2502526780" lat="54.1627685" lon="19.4183136"/>
  <node id="2502526795" lat="54.1627073" lon="19.4179113"/>
  <node id="2502526817" lat="54.1627698" lon="19.4182579"/>
  <node id="2502526820" lat="54.1627717" lon="19.4188154"/>
  <node id="2502526825" lat="54.1628786" lon="19.4169823"/>
  <node id="2502526845" lat="54.1626726" lon="19.4191830"/>
  <node id="2502526860" lat="54.1626099" lon="19.4192988">
    <tag k="crossing" v="zebra"/>
    <tag k="highway" v="crossing"/>
  </node>
  <node id="2502526863" lat="54.1625801" lon="19.4178710"/>
  <node id="2502526869" lat="54.1627575" lon="19.4189305"/>
  <node id="2502526874" lat="54.1626494" lon="19.4182559"/>
  <node id="2502526897" lat="54.1624479" lon="19.4171223"/>
  <node id="2502526901" lat="54.1627732" lon="19.4181124"/>
  <node id="2502526908" lat="54.1626579" lon="19.4178763"/>
  <node id="2503654517" lat="54.1610139" lon="19.4202688"/>
  <node id="2503654543" lat="54.1617063" lon="19.4203139"/>
  <node id="2509331210" lat="54.1517093" lon="19.4062430"/>
  <node id="2509331211" lat="54.1529244" lon="19.4055602"/>
  <node id="2509331212" lat="54.1528717" lon="19.4075095"/>
  <node id="2509331213" lat="54.1528315" lon="19.4065762"/>
  <node id="2509333333" lat="54.1509929" lon="19.4208433"/>
  <node id="2509333335" lat="54.1516731" lon="19.4185316"/>
  <node id="2509333337" lat="54.1529717" lon="19.4194351"/>
  <node id="2509333338" lat="54.1515225" lon="19.4200862"/>
  <node id="2509333339" lat="54.1521894" lon="19.4203775"/>
  <node id="2509779040" lat="54.1601855" lon="19.4044372"/>
  <node id="2509779041" lat="54.1610864" lon="19.4032947"/>
  <node id="2509779237" lat="54.1632921" lon="19.4009113"/>
  <node id="2509779243" lat="54.1633784" lon="19.4012250"/>
  <node id="2509779248" lat="54.1636798" lon="19.4020034"/>
  <node id="2509779251" lat="54.1639121" lon="19.4051272"/>
  <node id="2509779267" lat="54.1649722" lon="19.4045929"/>
  <node id="2516835264" lat="54.1514229" lon="19.4163849"/>
  <node id="2516835319" lat="54.1515791" lon="19.4178002"/>
  <node id="2516835356" lat="54.1516166" lon="19.4172889"/>
  <node id="2516836606" lat="54.1530744" lon="19.4131614"/>
  <node id="2516836626" lat="54.1531240" lon="19.4127927"/>
  <node id="2516836636" lat="54.1530886" lon="19.4128890"/>
  <node id="2516836644" lat="54.1530790" lon="19.4132090"/>
  <node id="2516836662" lat="54.1531359" lon="19.4127808"/>
  <node id="2516836685" lat="54.1530873" lon="19.4132402"/>
  <node id="2516836715" lat="54.1531522" lon="19.4127794"/>
  <node id="2516836740" lat="54.1531375" lon="19.4128934"/>
  <node id="2516836753" lat="54.1531723" lon="19.4128986"/>
  <node id="2516836762" lat="54.1532776" lon="19.4128004"/>
  <node id="2516836770" lat="54.1531993" lon="19.4129088"/>
  <node id="2516836783" lat="54.1532965" lon="19.4128126"/>
  <node id="2516836788" lat="54.1532282" lon="19.4129305"/>
  <node id="2516836811" lat="54.1532826" lon="19.4138960"/>
  <node id="2516836817" lat="54.1532481" lon="19.4141624"/>
  <node id="2516836891" lat="54.1532900" lon="19.4142598"/>
  <node id="2516837009" lat="54.1534021" lon="19.4135561"/>
  <node id="2516837034" lat="54.1535091" lon="19.4132187"/>
  <node id="2516837159" lat="54.1534331" lon="19.4129526"/>
  <node id="2516837193" lat="54.1534383" lon="19.4129675"/>
  <node id="2516837204" lat="54.1534380" lon="19.4129977"/>
  <node id="2516837276" lat="54.1535462" lon="19.4131644"/>
  <node id="2516837468" lat="54.1536109" lon="19.4130916"/>
  <node id="2516837484" lat="54.1537292" lon="19.4130445"/>
  <node id="2516837681" lat="54.1557151" lon="19.4075011">
    <tag k="railway" v="tram_level_crossing"/>
  </node>
  <node id="2518367313" lat="54.1635884" lon="19.4138995"/>
  <node id="2518367358" lat="54.1634886" lon="19.4145352"/>
  <node id="2518367363" lat="54.1631714" lon="19.4142590">
    <tag k="barrier" v="gate"/>
  </node>
  <node id="2518367377" lat="54.1633088" lon="19.4144283"/>
  <node id="2518367379" lat="54.1633923" lon="19.4145193"/>
  <node id="2518367387" lat="54.1635145" lon="19.4169844"/>
  <node id="2575638100" lat="54.1555900" lon="19.4100890"/>
  <node id="2775965653" lat="54.1653705" lon="19.3991641"/>
  <node id="2785115713" lat="54.1564781" lon="19.4106694"/>
  <node id="2785115716" lat="54.1566232" lon="19.4107095"/>
  <node id="2785115717" lat="54.1567575" lon="19.4106756"/>
  <node id="2785115723" lat="54.1578794" lon="19.4073753"/>
  <node id="2785115724" lat="54.1578910" lon="19.4072562"/>
  <node id="2785115725" lat="54.1580857" lon="19.4096033"/>
  <node id="2785115726" lat="54.1581584" lon="19.4096474"/>
  <node id="2785115728" lat="54.1581652" lon="19.4095445"/>
  <node id="2785115729" lat="54.1581697" lon="19.4091205"/>
  <node id="2785115732" lat="54.1583447" lon="19.4095348"/>
  <node id="2785115741" lat="54.1582346" lon="19.4096978"/>
  <node id="2785115745" lat="54.1584745" lon="19.4090188"/>
  <node id="2785115765" lat="54.1585709" lon="19.4087928"/>
  <node id="2785115777" lat="54.1584005" lon="19.4087354"/>
  <node id="2785115780" lat="54.1587503" lon="19.4088268"/>
  <node id="2785115782" lat="54.1588151" lon="19.4088407">
    <tag k="highway" v="turning_circle"/>
  </node>
  <node id="2785115805" lat="54.1590334" lon="19.4081223"/>
  <node id="2801891705" lat="54.1476117" lon="19.4082188"/>
  <node id="2807018309" lat="54.1605954" lon="19.3866130"/>
  <node id="2807018326" lat="54.1612970" lon="19.3893000"/>
  <node id="2807040260" lat="54.1580079" lon="19.3977309"/>
  <node id="2807040261" lat="54.1597389" lon="19.3974710"/>
  <node id="2851396022" lat="54.1617374" lon="19.3995683"/>
  <node id="2914275561" lat="54.1613899" lon="19.3995760">
    <tag k="crossing" v="zebra"/>
    <tag k="highway" v="crossing"/>
  </node>
  <node id="2934458253" lat="54.1580131" lon="19.3987965">
    <tag k="highway" v="traffic_signals"/>
    <tag k="traffic_signals:direction" v="forward"/>
  </node>
  <node id="3012098281" lat="54.1468107" lon="19.3906856"/>
  <node id="3012098282" lat="54.1480054" lon="19.3891403"/>
  <node id="3012098283" lat="54.1480242" lon="19.3890915"/>
  <node id="3012098284" lat="54.1480557" lon="19.3890096"/>
  <node id="3012100158" lat="54.1474134" lon="19.3898933"/>
  <node id="3012100159" lat="54.1476450" lon="19.3903019"/>
  <node id="3012100160" lat="54.1479080" lon="19.3892642"/>
  <node id="3012100161" lat="54.1480030" lon="19.3898157"/>
  <node id="3012100162" lat="54.1480323" lon="19.3897157"/>
  <node id="3025063233" lat="54.1630274" lon="19.3948989"/>
  <node id="3025063234" lat="54.1628688" lon="19.3943149"/>
  <node id="3025063235" lat="54.1631386" lon="19.3937483"/>
  <node id="3025063236" lat="54.1632972" lon="19.3931333"/>
  <node id="3025063237" lat="54.1633922" lon="19.3927982"/>
  <node id="3025063238" lat="54.1634405" lon="19.3925981"/>
  <node id="3025063239" lat="54.1634851" lon="19.3923639"/>
  <node id="3025063240" lat="54.1635043" lon="19.3920884"/>
  <node id="3025063310" lat="54.1630322" lon="19.3954195"/>
  <node id="3025063311" lat="54.1622664" lon="19.3950057"/>
  <node id="3025063313" lat="54.1624658" lon="19.3916834"/>
  <node id="3025063314" lat="54.1629258" lon="19.3915990"/>
  <node id="3025063315" lat="54.1628196" lon="19.3941706"/>
  <node id="3025064627" lat="54.1620320" lon="19.3948542"/>
  <node id="3025064628" lat="54.1619042" lon="19.3943999"/>
  <node id="3025064629" lat="54.1619342" lon="19.3917710"/>
  <node id="3025072101" lat="54.1622986" lon="19.3943912"/>
  <node id="3025072102" lat="54.1626736" lon="19.3944522"/>
  <node id="3025078980" lat="54.1631313" lon="19.3915666"/>
  <node id="3025078981" lat="54.1631313" lon="19.3917507"/>
  <node id="3025080553" lat="54.1633604" lon="19.3915425"/>
  <node id="3025080554" lat="54.1633642" lon="19.3917391"/>
  <node id="3026588013" lat="54.1642053" lon="19.4068244">
    <tag k="traffic_calming" v="bump"/>
  </node>
  <node id="3026592433" lat="54.1651896" lon="19.4069895"/>
  <node id="3026592439" lat="54.1653946" lon="19.4080001"/>
  <node id="3026618927" lat="54.1628579" lon="19.3977526"/>
  <node id="3027348088" lat="54.1629047" lon="19.3972473"/>
  <node id="3027348091" lat="54.1628954" lon="19.3973724"/>
  <node id="3029162205" lat="54.1578138" lon="19.3961955"/>
  <node id="3029207015" lat="54.1603638" lon="19.3973625"/>
  <node id="3029207016" lat="54.1608626" lon="19.3972410"/>
  <node id="3029448606" lat="54.1602374" lon="19.3928865"/>
  <node id="3184410291" lat="54.1564691" lon="19.3972489"/>
  <node id="3184410294" lat="54.1565499" lon="19.3973415"/>
  <node id="3184410295" lat="54.1565620" lon="19.3976597"/>
  <node id="3186777488" lat="54.1572994" lon="19.3963115"/>
  <node id="3186777501" lat="54.1574524" lon="19.3930032"/>
  <node id="3186777514" lat="54.1577523" lon="19.3960051"/>
  <node id="3186777531" lat="54.1579429" lon="19.4013439"/>
  <node id="3186777534" lat="54.1579667" lon="19.4027942"/>
  <node id="3186777536" lat="54.1579653" lon="19.4036358"/>
  <node id="3186777563" lat="54.1595815" lon="19.3957629">
    <tag k="crossing:signals" v="no"/>
    <tag k="highway" v="crossing"/>
  </node>
  <node id="3186777566" lat="54.1596472" lon="19.3968744"/>
  <node id="3187286975" lat="54.1616729" lon="19.4207048">
    <tag k="highway" v="turning_circle"/>
  </node>
  <node id="3187286998" lat="54.1649947" lon="19.3983194"/>
  <node id="3187749288" lat="54.1551562" lon="19.4114183"/>
  <node id="3187749311" lat="54.1554569" lon="19.4125764"/>
  <node id="3187749312" lat="54.1554911" lon="19.4115364"/>
  <node id="3187749322" lat="54.1556422" lon="19.4114941"/>
  <node id="3187749325" lat="54.1556951" lon="19.4114048"/>
  <node id="3187749326" lat="54.1558478" lon="19.4085219"/>
  <node id="3187749329" lat="54.1558442" lon="19.4110835"/>
  <node id="3187749334" lat="54.1559156" lon="19.4110192"/>
  <node id="3210773919" lat="54.1545288" lon="19.4039762"/>
  <node id="3210775942" lat="54.1545091" lon="19.4040266"/>
  <node id="3210775947" lat="54.1545334" lon="19.4038808"/>
  <node id="3210776198" lat="54.1544858" lon="19.4040271"/>
  <node id="3210776333" lat="54.1545247" lon="19.4040072"/>
  <node id="3213256791" lat="54.1613006" lon="19.4026311"/>
  <node id="3213357122" lat="54.1613922" lon="19.4030995">
    <tag k="crossing:markings" v="zebra"/>
    <tag k="highway" v="crossing"/>
  </node>
  <node id="3213357158" lat="54.1619942" lon="19.4030564"/>
  <node id="3277671761" lat="54.1585790" lon="19.3977475"/>
  <node id="3277671783" lat="54.1591443" lon="19.3985972"/>
  <node id="3277671784" lat="54.1591683" lon="19.3985903"/>
  <node id="3277671786" lat="54.1591810" lon="19.3983653"/>
  <node id="3277671787" lat="54.1591893" lon="19.3985702"/>
  <node id="3277671788" lat="54.1592036" lon="19.3983981"/>
  <node id="3277671789" lat="54.1592104" lon="19.3985163"/>
  <node id="3277671790" lat="54.1592113" lon="19.3984277"/>
  <node id="3277671791" lat="54.1592159" lon="19.3984705"/>
  <node id="3277671792" lat="54.1593221" lon="19.3987294"/>
  <node id="3277671793" lat="54.1593520" lon="19.3985585"/>
  <node id="3277671794" lat="54.1593566" lon="19.3985152"/>
  <node id="3277671795" lat="54.1593576" lon="19.3986757"/>
  <node id="3277671797" lat="54.1593827" lon="19.3984400"/>
  <node id="3277671798" lat="54.1594025" lon="19.3984178"/>
  <node id="3277671805" lat="54.1602042" lon="19.3958843">
    <tag k="crossing:signals" v="no"/>
    <tag k="highway" v="crossing"/>
  </node>
  <node id="3277671806" lat="54.1602748" lon="19.3965568"/>
  <node id="3277671807" lat="54.1604147" lon="19.3978390"/>
  <node id="3277671811" lat="54.1610684" lon="19.3952844"/>
  <node id="3277671813" lat="54.1611412" lon="19.3987917"/>
  <node id="3277671816" lat="54.1612044" lon="19.3993859"/>
  <node id="3277671819" lat="54.1612032" lon="19.3985952"/>
  <node id="3277671822" lat="54.1613129" lon="19.4012564"/>
  <node id="3277671824" lat="54.1614272" lon="19.4012479">
    <tag k="crossing" v="zebra"/>
    <tag k="highway" v="crossing"/>
  </node>
  <node id="3277671850" lat="54.1628651" lon="19.3977035"/>
  <node id="3277671851" lat="54.1628843" lon="19.3975178"/>
  <node id="3277671964" lat="54.1643925" lon="19.3978272"/>
  <node id="3277671965" lat="54.1650816" lon="19.3990074"/>
  <node id="3277671967" lat="54.1651842" lon="19.3990682"/>
  <node id="3277671980" lat="54.1654422" lon="19.3991746"/>
  <node id="3277671990" lat="54.1655169" lon="19.3991551"/>
  <node id="3303500071" lat="54.1530698" lon="19.4154702"/>
  <node id="3303500077" lat="54.1533864" lon="19.4145905"/>
  <node id="3303500090" lat="54.1547137" lon="19.4104328"/>
  <node id="3303500092" lat="54.1556718" lon="19.4076269">
    <tag k="railway" v="tram_level_crossing"/>
  </node>
  <node id="3306115268" lat="54.1478476" lon="19.4211489"/>
  <node id="3306115281" lat="54.1488497" lon="19.4174803"/>
  <node id="3306115286" lat="54.1493333" lon="19.4120516"/>
  <node id="3306115290" lat="54.1497992" lon="19.4115898"/>
  <node id="3306115291" lat="54.1499147" lon="19.4114344"/>
  <node id="3307640366" lat="54.1596365" lon="19.4163102"/>
  <node id="3325471062" lat="54.1645304" lon="19.4170141"/>
  <node id="3325471063" lat="54.1645973" lon="19.4169901"/>
  <node id="3325516161" lat="54.1644273" lon="19.4170312"/>
  <node id="3350705413" lat="54.1597803" lon="19.4072181"/>
  <node id="3350708403" lat="54.1596621" lon="19.4084885"/>
  <node id="3350716514" lat="54.1597943" lon="19.4090824">
    <tag k="railway" v="tram_level_crossing"/>
  </node>
  <node id="3350716707" lat="54.1598934" lon="19.4091008">
    <tag k="railway" v="tram_level_crossing"/>
  </node>
  <node id="3350716709" lat="54.1598859" lon="19.4089269">
    <tag k="railway" v="tram_level_crossing"/>
  </node>
  <node id="3350716905" lat="54.1592332" lon="19.4161387">
    <tag k="railway" v="tram_level_crossing"/>
  </node>
  <node id="3350716908" lat="54.1597533" lon="19.4086651"/>
  <node id="3350719096" lat="54.1603988" lon="19.4074142"/>
  <node id="3350737293" lat="54.1586516" lon="19.4102739"/>
  <node id="3350738103" lat="54.1598261" lon="19.4089036"/>
  <node id="3350738599" lat="54.1595663" lon="19.4082619">
    <tag k="railway" v="tram_level_crossing"/>
  </node>
  <node id="3389981734" lat="54.1515899" lon="19.4147559"/>
  <node id="3489343429" lat="54.1650246" lon="19.4046681"/>
  <node id="3491019104" lat="54.1625957" lon="19.4074859"/>
  <node id="3491019311" lat="54.1629374" lon="19.4052786">
    <tag k="crossing" v="zebra"/>
    <tag k="highway" v="crossing"/>
  </node>
  <node id="3491019698" lat="54.1614048" lon="19.4040514">
    <tag k="crossing" v="traffic_signals"/>
    <tag k="crossing:markings" v="zebra"/>
    <tag k="crossing_ref" v="zebra"/>
    <tag k="highway" v="crossing"/>
  </node>
  <node id="3491019703" lat="54.1619523" lon="19.4040841"/>
  <node id="3491034395" lat="54.1629129" lon="19.4054230"/>
  <node id="3491034693" lat="54.1612654" lon="19.4037734">
    <tag k="crossing" v="traffic_signals"/>
    <tag k="crossing:markings" v="zebra"/>
    <tag k="crossing_ref" v="zebra"/>
    <tag k="highway" v="crossing"/>
  </node>
  <node id="3491063696" lat="54.1629074" lon="19.4055349"/>
  <node id="3491063993" lat="54.1611198" lon="19.4062640"/>
  <node id="3491064294" lat="54.1629176" lon="19.4054943"/>
  <node id="3491064495" lat="54.1628451" lon="19.4052529"/>
  <node id="3491258235" lat="54.1641408" lon="19.4030234"/>
  <node id="3491258237" lat="54.1645266" lon="19.4050729">
    <tag k="crossing" v="zebra"/>
    <tag k="highway" v="crossing"/>
  </node>
  <node id="3491261120" lat="54.1629923" lon="19.3999413">
    <tag k="crossing" v="zebra"/>
    <tag k="highway" v="crossing"/>
  </node>
  <node id="3491274103" lat="54.1631791" lon="19.4003982">
    <tag k="railway" v="tram_level_crossing"/>
  </node>
  <node id="3495193606" lat="54.1531272" lon="19.4155265"/>
  <node id="3495193622" lat="54.1542757" lon="19.4118173"/>
  <node id="3495193626" lat="54.1535966" lon="19.3918914"/>
  <node id="3495193628" lat="54.1535035" lon="19.3916659"/>
  <node id="3495193629" lat="54.1533520" lon="19.3914391"/>
  <node id="3495193630" lat="54.1532532" lon="19.3913534"/>
  <node id="3495193631" lat="54.1531375" lon="19.3912829"/>
  <node id="3495193632" lat="54.1530051" lon="19.3912170"/>
  <node id="3495193633" lat="54.1528893" lon="19.3911631"/>
  <node id="3495193634" lat="54.1527443" lon="19.3911131"/>
  <node id="3495193636" lat="54.1531184" lon="19.3914192"/>
  <node id="3495193637" lat="54.1532215" lon="19.3914949"/>
  <node id="3495193638" lat="54.1532897" lon="19.3915624"/>
  <node id="3495193641" lat="54.1534366" lon="19.3917498"/>
  <node id="3495193642" lat="54.1535695" lon="19.3920668"/>
  <node id="3495193649" lat="54.1536074" lon="19.3916308"/>
  <node id="3495193650" lat="54.1537712" lon="19.3913309"/>
  <node id="3495193660" lat="54.1551418" lon="19.3974166"/>
  <node id="3495193666" lat="54.1554603" lon="19.3986949"/>
  <node id="3495193689" lat="54.1551805" lon="19.4016338"/>
  <node id="3495194395" lat="54.1549642" lon="19.4016794"/>
  <node id="3495194440" lat="54.1558438" lon="19.4006108"/>
  <node id="3495194462" lat="54.1562409" lon="19.4043699">
    <tag k="crossing" v="traffic_signals"/>
    <tag k="crossing:markings" v="zebra"/>
    <tag k="highway" v="crossing"/>
  </node>
  <node id="3495263273" lat="54.1559982" lon="19.4055049"/>
  <node id="3495268334" lat="54.1511440" lon="19.4210797"/>
  <node id="3495268338" lat="54.1516342" lon="19.4179839"/>
  <node id="3495268340" lat="54.1517044" lon="19.4180982"/>
  <node id="3495268342" lat="54.1519260" lon="19.4182979"/>
  <node id="3495268411" lat="54.1596950" lon="19.4044317">
    <tag k="crossing" v="traffic_signals"/>
    <tag k="crossing:markings" v="zebra"/>
    <tag k="highway" v="crossing"/>
  </node>
  <node id="3495268420" lat="54.1612387" lon="19.4040826"/>
  <node id="3495268425" lat="54.1603899" lon="19.4044172"/>
  <node id="3495268442" lat="54.1611971" lon="19.4040570"/>
  <node id="3559434901" lat="54.1592156" lon="19.4141442"/>
  <node id="3559435099" lat="54.1585698" lon="19.4179229"/>
  <node id="3559451320" lat="54.1608934" lon="19.4152349"/>
  <node id="3559451512" lat="54.1600785" lon="19.4154331"/>
  <node id="3559451513" lat="54.1601118" lon="19.4148630"/>
  <node id="3559451617" lat="54.1593525" lon="19.4141121"/>
  <node id="3559451709" lat="54.1599309" lon="19.4147859"/>
  <node id="3559451795" lat="54.1592386" lon="19.4145291"/>
  <node id="3562089808" lat="54.1593859" lon="19.4146933"/>
  <node id="3562089813" lat="54.1593088" lon="19.4160497"/>
  <node id="3562089821" lat="54.1590964" lon="19.4197444"/>
  <node id="3575437237" lat="54.1593274" lon="19.3998224"/>
  <node id="3621017376" lat="54.1538211" lon="19.3911495"/>
  <node id="3621017851" lat="54.1559544" lon="19.4015103"/>
  <node id="3705166316" lat="54.1543541" lon="19.4118774"/>
  <node id="3733117998" lat="54.1503449" lon="19.4028682">
    <tag k="crossing:barrier" v="double_half"/>
    <tag k="railway" v="level_crossing"/>
    <tag k="ref" v="204 028 051"/>
    <tag k="source:ref" v="#ŻółtaNaklejkaPLK"/>
  </node>
  <node id="3733140270" lat="54.1476805" lon="19.3957036"/>
  <node id="3733140286" lat="54.1464797" lon="19.3939459">
    <tag k="railway" v="level_crossing"/>
  </node>
  <node id="3733140293" lat="54.1504251" lon="19.4028497">
    <tag k="railway" v="level_crossing"/>
    <tag k="ref" v="204 028 051"/>
    <tag k="source:ref" v="#ŻółtaNaklejkaPLK"/>
  </node>
  <node id="3734055283" lat="54.1509898" lon="19.4208874"/>
  <node id="3734055285" lat="54.1510069" lon="19.4209284"/>
  <node id="3736108942" lat="54.1481409" lon="19.3890805"/>
  <node id="3736108945" lat="54.1493633" lon="19.3900268"/>
  <node id="3736108977" lat="54.1489693" lon="19.3893152"/>
  <node id="3736108987" lat="54.1500606" lon="19.3905326"/>
  <node id="3736109050" lat="54.1490694" lon="19.3898095"/>
  <node id="3736109051" lat="54.1488912" lon="19.3894145"/>
  <node id="3736109063" lat="54.1487571" lon="19.3892133"/>
  <node id="3736109064" lat="54.1498220" lon="19.3903656"/>
  <node id="3736109067" lat="54.1513834" lon="19.3887106">
    <tag k="crossing" v="uncontrolled"/>
    <tag k="crossing:island" v="yes"/>
    <tag k="highway" v="crossing"/>
  </node>
  <node id="3736109069" lat="54.1506870" lon="19.3908041"/>
  <node id="3736109072" lat="54.1505389" lon="19.3907856"/>
  <node id="3736109076" lat="54.1476545" lon="19.3886597"/>
  <node id="3736109084" lat="54.1487978" lon="19.3893179"/>
  <node id="3736109098" lat="54.1489984" lon="19.3891751"/>
  <node id="3736109110" lat="54.1488972" lon="19.3895535"/>
  <node id="3736109122" lat="54.1489145" lon="19.3896922"/>
  <node id="3736109339" lat="54.1502948" lon="19.3906708"/>
  <node id="3736109373" lat="54.1483184" lon="19.3888923"/>
  <node id="3736109383" lat="54.1493070" lon="19.3899853"/>
  <node id="3736109404" lat="54.1513346" lon="19.3882425"/>
  <node id="3736109406" lat="54.1489155" lon="19.3893602"/>
  <node id="3736109576" lat="54.1487972" lon="19.3896034"/>
  <node id="3736109608" lat="54.1469979" lon="19.3880955"/>
  <node id="3736109623" lat="54.1489410" lon="19.3887593"/>
  <node id="3736109770" lat="54.1488148" lon="19.3894314"/>
  <node id="3736424939" lat="54.1514836" lon="19.3912980"/>
  <node id="3736424952" lat="54.1478181" lon="19.3900668"/>
  <node id="3736424995" lat="54.1485455" lon="19.3894117"/>
  <node id="3736425010" lat="54.1476116" lon="19.3896412"/>
  <node id="3736426030" lat="54.1516537" lon="19.3912722"/>
  <node id="3736426032" lat="54.1519550" lon="19.3912916"/>
  <node id="3736426060" lat="54.1517925" lon="19.3912843"/>
  <node id="3736426152" lat="54.1514690" lon="19.3917761"/>
  <node id="3736426159" lat="54.1519778" lon="19.3910710"/>
  <node id="3736426164" lat="54.1516338" lon="19.3918029"/>
  <node id="3736426175" lat="54.1503337" lon="19.3906904"/>
  <node id="3736426194" lat="54.1517751" lon="19.3918046"/>
  <node id="3739954828" lat="54.1513994" lon="19.3889999"/>
  <node id="3739954847" lat="54.1518065" lon="19.3892571"/>
  <node id="3739954863" lat="54.1513897" lon="19.3893581"/>
  <node id="3739954871" lat="54.1513567" lon="19.3884543"/>
  <node id="3739954874" lat="54.1518189" lon="19.3892526"/>
  <node id="3739954875" lat="54.1519581" lon="19.3892021"/>
  <node id="3739954896" lat="54.1517608" lon="19.3887146"/>
  <node id="3739965547" lat="54.1526838" lon="19.3868699"/>
  <node id="3739965583" lat="54.1525266" lon="19.3905252"/>
  <node id="3739965602" lat="54.1523194" lon="19.3898552"/>
  <node id="3739965760" lat="54.1520421" lon="19.3902549"/>
  <node id="3739965786" lat="54.1528833" lon="19.3888735"/>
  <node id="3739965787" lat="54.1521623" lon="19.3890988"/>
  <node id="3739984236" lat="54.1538357" lon="19.3907672"/>
  <node id="3739984248" lat="54.1542787" lon="19.3903912"/>
  <node id="3739984259" lat="54.1545654" lon="19.3886643"/>
  <node id="3739984311" lat="54.1546409" lon="19.3906129"/>
  <node id="3739984315" lat="54.1540942" lon="19.3887255"/>
  <node id="3739984936" lat="54.1549055" lon="19.3907336"/>
  <node id="3739984937" lat="54.1550241" lon="19.3902575"/>
  <node id="3739984967" lat="54.1546574" lon="19.3904158"/>
  <node id="3739984968" lat="54.1551336" lon="19.3907610"/>
  <node id="3739984974" lat="54.1542944" lon="19.3905896"/>
  <node id="3739984981" lat="54.1545207" lon="19.3906223"/>
  <node id="3739984983" lat="54.1542073" lon="19.3903970"/>
  <node id="3739984984" lat="54.1544052" lon="19.3903809"/>
  <node id="3739984987" lat="54.1546596" lon="19.3903187"/>
  <node id="3741317647" lat="54.1609365" lon="19.3893986"/>
  <node id="3741317648" lat="54.1551328" lon="19.3910280"/>
  <node id="3741317649" lat="54.1601433" lon="19.3868454"/>
  <node id="3741317651" lat="54.1552878" lon="19.3910405"/>
  <node id="3741368957" lat="54.1556171" lon="19.3906832"/>
  <node id="3741368965" lat="54.1556586" lon="19.3914377"/>
  <node id="3741368969" lat="54.1557422" lon="19.3919679"/>
  <node id="3741368972" lat="54.1556487" lon="19.3916220"/>
  <node id="3741368975" lat="54.1555518" lon="19.3920282"/>
  <node id="3741368977" lat="54.1556164" lon="19.3907448"/>
  <node id="3741368987" lat="54.1553021" lon="19.3910417"/>
  <node id="3741368994" lat="54.1556478" lon="19.3915415"/>
  <node id="3741369001" lat="54.1556494" lon="19.3905678"/>
  <node id="3741369003" lat="54.1556714" lon="19.3904739"/>
  <node id="3741369008" lat="54.1555642" lon="19.3910650"/>
  <node id="3741369009" lat="54.1556492" lon="19.3914967"/>
  <node id="3741369012" lat="54.1553477" lon="19.3910453"/>
  <node id="3741369016" lat="54.1558848" lon="19.3915503"/>
  <node id="3741369020" lat="54.1556995" lon="19.3913572"/>
  <node id="3741369125" lat="54.1554634" lon="19.3910567"/>
  <node id="3741369146" lat="54.1564720" lon="19.3906722"/>
  <node id="3741369152" lat="54.1557953" lon="19.3913465"/>
  <node id="3741369153" lat="54.1558347" lon="19.3913859"/>
  <node id="3741369154" lat="54.1557278" lon="19.3913411"/>
  <node id="3741369158" lat="54.1562484" lon="19.3903411"/>
  <node id="3741369161" lat="54.1558691" lon="19.3914537"/>
  <node id="3741369167" lat="54.1556696" lon="19.3913921"/>
  <node id="3741369184" lat="54.1556965" lon="19.3904337"/>
  <node id="3741369186" lat="54.1546251" lon="19.3909846"/>
  <node id="3741369188" lat="54.1558283" lon="19.3907693"/>
  <node id="3741369193" lat="54.1555157" lon="19.3916603"/>
  <node id="3741369217" lat="54.1557592" lon="19.3913357"/>
  <node id="3741422980" lat="54.1586094" lon="19.3910138"/>
  <node id="3741422994" lat="54.1585296" lon="19.3901808"/>
  <node id="3741445933" lat="54.1602654" lon="19.3896085"/>
  <node id="3741445949" lat="54.1599023" lon="19.3896317">
    <tag k="crossing" v="uncontrolled"/>
    <tag k="crossing:island" v="no"/>
    <tag k="highway" v="crossing"/>
  </node>
  <node id="3741445961" lat="54.1604360" lon="19.3897330">
    <tag k="direction" v="backward"/>
    <tag k="highway" v="stop"/>
    <tag k="stop" v="minor"/>
  </node>
  <node id="3741445974" lat="54.1603643" lon="19.3895964"/>
  <node id="3741445986" lat="54.1603144" lon="19.3896042"/>
  <node id="3741446007" lat="54.1607935" lon="19.3894531"/>
  <node id="3741484924" lat="54.1598750" lon="19.3883876"/>
  <node id="3741523730" lat="54.1597933" lon="19.3892907"/>
  <node id="3741552183" lat="54.1578677" lon="19.3890484"/>
  <node id="3741552189" lat="54.1583771" lon="19.3899885"/>
  <node id="3741552211" lat="54.1578772" lon="19.3883671"/>
  <node id="3741553461" lat="54.1584115" lon="19.3902323"/>
  <node id="3780726744" lat="54.1647757" lon="19.3891689"/>
  <node id="3780726747" lat="54.1641350" lon="19.3891888"/>
  <node id="3780726748" lat="54.1621386" lon="19.3895927"/>
  <node id="3780726750" lat="54.1623253" lon="19.3896118"/>
  <node id="3780726753" lat="54.1635292" lon="19.3892508"/>
  <node id="3780726754" lat="54.1651215" lon="19.3891481"/>
  <node id="3780726755" lat="54.1644695" lon="19.3891780"/>
  <node id="3780729457" lat="54.1649743" lon="19.3891593"/>
  <node id="3780729462" lat="54.1637814" lon="19.3892061"/>
  <node id="3780729463" lat="54.1625084" lon="19.3895962"/>
  <node id="3780742412" lat="54.1631815" lon="19.3900852"/>
  <node id="3780742415" lat="54.1631746" lon="19.3896046"/>
  <node id="3780745482" lat="54.1628431" lon="19.3898579"/>
  <node id="3780745485" lat="54.1640423" lon="19.3892679"/>
  <node id="3780745490" lat="54.1643719" lon="19.3898525"/>
  <node id="3780745505" lat="54.1631493" lon="19.3902656"/>
  <node id="3780745507" lat="54.1640217" lon="19.3900322"/>
  <node id="3780745508" lat="54.1624733" lon="19.3896022"/>
  <node id="3780745511" lat="54.1640845" lon="19.3899920"/>
  <node id="3780745514" lat="54.1627820" lon="19.3895016"/>
  <node id="3780745515" lat="54.1640811" lon="19.3899037"/>
  <node id="3780745517" lat="54.1638209" lon="19.3892042"/>
  <node id="3780745518" lat="54.1624136" lon="19.3903648"/>
  <node id="3780745550" lat="54.1640659" lon="19.3895013"/>
  <node id="3780745553" lat="54.1631642" lon="19.3901194"/>
  <node id="3780745556" lat="54.1638238" lon="19.3894126"/>
  <node id="3780748357" lat="54.1638128" lon="19.3898901"/>
  <node id="3780748362" lat="54.1639133" lon="19.3900456"/>
  <node id="3780748364" lat="54.1640423" lon="19.3891933"/>
  <node id="3780748369" lat="54.1638413" lon="19.3899626"/>
  <node id="3780748370" lat="54.1624642" lon="19.3897186"/>
  <node id="3780753664" lat="54.1619223" lon="19.3895229"/>
  <node id="3781750146" lat="54.1616266" lon="19.3881205"/>
  <node id="3781757558" lat="54.1639685" lon="19.3865666"/>
  <node id="3781757562" lat="54.1642401" lon="19.3864655"/>
  <node id="3781757564" lat="54.1629363" lon="19.3870381"/>
  <node id="3781757567" lat="54.1622038" lon="19.3873394"/>
  <node id="3781757573" lat="54.1616917" lon="19.3880084"/>
  <node id="3781757576" lat="54.1627647" lon="19.3871144"/>
  <node id="3781771653" lat="54.1626429" lon="19.3890238"/>
  <node id="3781772762" lat="54.1628159" lon="19.3870916"/>
  <node id="3781772770" lat="54.1625377" lon="19.3885785"/>
  <node id="3781772979" lat="54.1627159" lon="19.3895257"/>
  <node id="3781912564" lat="54.1607899" lon="19.3877385"/>
  <node id="3781912580" lat="54.1617181" lon="19.3879701"/>
  <node id="3781912583" lat="54.1607656" lon="19.3875894"/>
  <node id="3781912655" lat="54.1622272" lon="19.3873279"/>
  <node id="3781931600" lat="54.1631934" lon="19.3869145"/>
  <node id="3781944861" lat="54.1610173" lon="19.3891368"/>
  <node id="3790078474" lat="54.1539765" lon="19.3910199"/>
  <node id="3790078482" lat="54.1555943" lon="19.3908448"/>
  <node id="3790078483" lat="54.1540893" lon="19.3909804"/>
  <node id="3790078484" lat="54.1598306" lon="19.3888341"/>
  <node id="3802480435" lat="54.1520183" lon="19.3953078"/>
  <node id="3802480437" lat="54.1520337" lon="19.3952646"/>
  <node id="3802480438" lat="54.1520594" lon="19.3952325"/>
  <node id="3802480441" lat="54.1521011" lon="19.3952216"/>
  <node id="3802480454" lat="54.1524564" lon="19.3952676"/>
  <node id="3881032886" lat="54.1520192" lon="19.4179857">
    <tag k="crossing" v="zebra"/>
    <tag k="highway" v="crossing"/>
  </node>
  <node id="3881032888" lat="54.1521784" lon="19.4185253">
    <tag k="crossing" v="marked"/>
    <tag k="highway" v="crossing"/>
  </node>
  <node id="3881032889" lat="54.1521820" lon="19.4181370">
    <tag k="crossing" v="zebra"/>
    <tag k="highway" v="crossing"/>
  </node>
  <node id="3887195357" lat="54.1596932" lon="19.4042949">
    <tag k="crossing" v="traffic_signals"/>
    <tag k="crossing:markings" v="zebra"/>
    <tag k="highway" v="crossing"/>
  </node>
  <node id="3899720977" lat="54.1548877" lon="19.4091866"/>
  <node id="3899720979" lat="54.1568808" lon="19.4106244"/>
  <node id="3899720981" lat="54.1590417" lon="19.4071815">
    <tag k="crossing" v="zebra"/>
    <tag k="crossing:island" v="yes"/>
    <tag k="highway" v="crossing"/>
  </node>
  <node id="3899733556" lat="54.1589790" lon="19.4194460">
    <tag k="crossing" v="zebra"/>
    <tag k="highway" v="crossing"/>
  </node>
  <node id="3899736861" lat="54.1608686" lon="19.4041001">
    <tag k="crossing" v="traffic_signals"/>
    <tag k="crossing:markings" v="dots"/>
    <tag k="crossing_ref" v="zebra"/>
    <tag k="highway" v="crossing"/>
  </node>
  <node id="3899736862" lat="54.1608711" lon="19.4043960">
    <tag k="crossing" v="traffic_signals"/>
    <tag k="crossing:markings" v="dots"/>
    <tag k="crossing_ref" v="zebra"/>
    <tag k="highway" v="crossing"/>
  </node>
  <node id="3899736865" lat="54.1610555" lon="19.4037629">
    <tag k="crossing" v="traffic_signals"/>
    <tag k="crossing:markings" v="zebra"/>
    <tag k="crossing_ref" v="zebra"/>
    <tag k="highway" v="crossing"/>
  </node>
  <node id="3899736867" lat="54.1616060" lon="19.4175472">
    <tag k="crossing" v="zebra"/>
    <tag k="highway" v="crossing"/>
  </node>
  <node id="3899736869" lat="54.1628504" lon="19.4052135">
    <tag k="crossing" v="zebra"/>
    <tag k="highway" v="crossing"/>
  </node>
  <node id="3899736870" lat="54.1634349" lon="19.4145408"/>
  <node id="3899739894" lat="54.1514942" lon="19.3893549"/>
  <node id="3899739896" lat="54.1519683" lon="19.3911768"/>
  <node id="3899751982" lat="54.1562525" lon="19.3961997"/>
  <node id="3899751987" lat="54.1624663" lon="19.3896919"/>
  <node id="3899751988" lat="54.1627954" lon="19.3895795"/>
  <node id="3899751989" lat="54.1631598" lon="19.3894444">
    <tag k="crossing:markings" v="zebra"/>
    <tag k="highway" v="crossing"/>
  </node>
  <node id="3899751990" lat="54.1638216" lon="19.3892540"/>
  <node id="3899751991" lat="54.1640423" lon="19.3892358"/>
  <node id="3899765999" lat="54.1576352" lon="19.3950260"/>
  <node id="3899766001" lat="54.1579012" lon="19.3972411"/>
  <node id="3899766006" lat="54.1584043" lon="19.3959819"/>
  <node id="3899766007" lat="54.1589774" lon="19.3958905"/>
  <node id="3899766009" lat="54.1590622" lon="19.3985584">
    <tag k="crossing" v="zebra"/>
    <tag k="highway" v="crossing"/>
  </node>
  <node id="3899766013" lat="54.1599578" lon="19.3909478"/>
  <node id="3899766015" lat="54.1600292" lon="19.3917796"/>
  <node id="3899766017" lat="54.1602375" lon="19.3929767"/>
  <node id="3899766020" lat="54.1609153" lon="19.3988371">
    <tag k="crossing" v="zebra"/>
    <tag k="highway" v="crossing"/>
  </node>
  <node id="3899766021" lat="54.1609158" lon="19.3985178">
    <tag k="crossing" v="zebra"/>
    <tag k="highway" v="crossing"/>
  </node>
  <node id="3899766022" lat="54.1609453" lon="19.3985176"/>
  <node id="3899766023" lat="54.1609479" lon="19.3988383"/>
  <node id="3899766024" lat="54.1611343" lon="19.3991183">
    <tag k="crossing" v="zebra"/>
    <tag k="highway" v="crossing"/>
  </node>
  <node id="3899785057" lat="54.1613299" lon="19.3991240">
    <tag k="crossing" v="zebra"/>
    <tag k="highway" v="crossing"/>
  </node>
  <node id="3899785058" lat="54.1613852" lon="19.3985216">
    <tag k="crossing" v="zebra"/>
    <tag k="highway" v="crossing"/>
  </node>
  <node id="3899785059" lat="54.1614425" lon="19.3988412">
    <tag k="crossing" v="zebra"/>
    <tag k="highway" v="crossing"/>
  </node>
  <node id="3899785060" lat="54.1628800" lon="19.3975693">
    <tag k="crossing" v="zebra"/>
    <tag k="highway" v="crossing"/>
  </node>
  <node id="3899785061" lat="54.1634270" lon="19.3982238">
    <tag k="crossing:markings" v="zebra"/>
    <tag k="highway" v="crossing"/>
  </node>
  <node id="3899785062" lat="54.1635055" lon="19.3979169">
    <tag k="crossing:markings" v="zebra"/>
    <tag k="highway" v="crossing"/>
  </node>
  <node id="3899785063" lat="54.1637982" lon="19.3966924"/>
  <node id="3909308772" lat="54.1559685" lon="19.4032136"/>
  <node id="3909308773" lat="54.1560358" lon="19.4028006"/>
  <node id="3935914842" lat="54.1590033" lon="19.4132012">
    <tag k="crossing" v="zebra"/>
    <tag k="highway" v="crossing"/>
  </node>
  <node id="3935914843" lat="54.1590238" lon="19.4068451"/>
  <node id="3935918179" lat="54.1588247" lon="19.4112071"/>
  <node id="3935918199" lat="54.1594025" lon="19.4130806"/>
  <node id="3935919999" lat="54.1593278" lon="19.4132301">
    <tag k="crossing" v="zebra"/>
    <tag k="highway" v="crossing"/>
  </node>
  <node id="3935920032" lat="54.1611304" lon="19.4177168"/>
  <node id="3935920035" lat="54.1611901" lon="19.4177073"/>
  <node id="3935927067" lat="54.1632320" lon="19.4169557"/>
  <node id="3935927070" lat="54.1635208" lon="19.4167632"/>
  <node id="3935927376" lat="54.1638673" lon="19.4167937"/>
  <node id="3935931278" lat="54.1635626" lon="19.4140461">
    <tag k="crossing" v="zebra"/>
    <tag k="highway" v="crossing"/>
  </node>
  <node id="4037336906" lat="54.1602465" lon="19.3930570"/>
  <node id="4037336998" lat="54.1599166" lon="19.3930732"/>
  <node id="4037337098" lat="54.1601830" lon="19.3956455">
    <tag k="crossing:signals" v="no"/>
    <tag k="highway" v="crossing"/>
  </node>
  <node id="4037337190" lat="54.1585276" lon="19.3930263"/>
  <node id="4037337289" lat="54.1581088" lon="19.3932232">
    <tag k="crossing:signals" v="no"/>
    <tag k="highway" v="crossing"/>
  </node>
  <node id="4037337602" lat="54.1599555" lon="19.3934689"/>
  <node id="4037337807" lat="54.1596007" lon="19.3959995">
    <tag k="crossing:signals" v="no"/>
    <tag k="highway" v="crossing"/>
  </node>
  <node id="4233351408" lat="54.1529391" lon="19.4207318"/>
  <node id="4326898643" lat="54.1524935" lon="19.3939108"/>
  <node id="4326898647" lat="54.1532547" lon="19.3938078"/>
  <node id="4326898648" lat="54.1533473" lon="19.3937957"/>
  <node id="4326898662" lat="54.1534487" lon="19.3937824"/>
  <node id="4326898665" lat="54.1535296" lon="19.3937824"/>
  <node id="4326898666" lat="54.1535445" lon="19.3941874"/>
  <node id="4326898674" lat="54.1537652" lon="19.3937506"/>
  <node id="4431610140" lat="54.1598877" lon="19.4046587"/>
  <node id="4431610143" lat="54.1597293" lon="19.4044295"/>
  <node id="4431610144" lat="54.1597271" lon="19.4042944"/>
  <node id="4431610154" lat="54.1588018" lon="19.4046073"/>
  <node id="4431610159" lat="54.1569755" lon="19.4046066"/>
  <node id="4431610161" lat="54.1581289" lon="19.4043702">
    <tag k="crossing" v="traffic_signals"/>
    <tag k="crossing:markings" v="dots"/>
    <tag k="highway" v="crossing"/>
  </node>
  <node id="4431610162" lat="54.1581276" lon="19.4045134">
    <tag k="crossing" v="traffic_signals"/>
    <tag k="crossing:markings" v="dots"/>
    <tag k="highway" v="crossing"/>
  </node>
  <node id="4431610164" lat="54.1600603" lon="19.4044280">
    <tag k="crossing" v="traffic_signals"/>
    <tag k="crossing:markings" v="zebra"/>
    <tag k="highway" v="crossing"/>
  </node>
  <node id="4431610165" lat="54.1600518" lon="19.4042502">
    <tag k="crossing" v="traffic_signals"/>
    <tag k="crossing:markings" v="zebra"/>
    <tag k="highway" v="crossing"/>
  </node>
  <node id="4552921535" lat="54.1589643" lon="19.4074556">
    <tag k="railway" v="tram_level_crossing"/>
  </node>
  <node id="4552943058" lat="54.1595741" lon="19.4073281">
    <tag k="railway" v="tram_level_crossing"/>
  </node>
  <node id="4553635784" lat="54.1587848" lon="19.4184652"/>
  <node id="4553635787" lat="54.1591101" lon="19.4180817">
    <tag k="railway" v="tram_level_crossing"/>
  </node>
  <node id="4553665263" lat="54.1647026" lon="19.4041359">
    <tag k="railway" v="tram_level_crossing"/>
  </node>
  <node id="4553665270" lat="54.1646869" lon="19.4041611">
    <tag k="railway" v="tram_level_crossing"/>
  </node>
  <node id="4584261683" lat="54.1641172" lon="19.4185204"/>
  <node id="4584261726" lat="54.1647094" lon="19.4198043"/>
  <node id="4584261753" lat="54.1646239" lon="19.4197531"/>
  <node id="4584261759" lat="54.1636031" lon="19.4177115"/>
  <node id="4584261773" lat="54.1641229" lon="19.4177463"/>
  <node id="4584261779" lat="54.1645016" lon="19.4212270"/>
  <node id="4584261796" lat="54.1647310" lon="19.4185964"/>
  <node id="4703803190" lat="54.1624222" lon="19.3917486"/>
  <node id="4703803192" lat="54.1628358" lon="19.3943974"/>
  <node id="4703803194" lat="54.1624093" lon="19.3917982"/>
  <node id="4703803195" lat="54.1628054" lon="19.3944379"/>
  <node id="4742040810" lat="54.1561993" lon="19.4055215"/>
  <node id="4742040818" lat="54.1569634" lon="19.4045238"/>
  <node id="4742041831" lat="54.1561557" lon="19.4055385"/>
  <node id="4742041843" lat="54.1561327" lon="19.4055339">
    <tag k="crossing" v="zebra"/>
    <tag k="highway" v="crossing"/>
  </node>
  <node id="4742041861" lat="54.1565166" lon="19.4013309"/>
  <node id="4742041865" lat="54.1562293" lon="19.4054223"/>
  <node id="4742041873" lat="54.1600975" lon="19.3921475"/>
  <node id="4742041879" lat="54.1565056" lon="19.4066328"/>
  <node id="4742041884" lat="54.1566822" lon="19.4059555"/>
  <node id="4742041895" lat="54.1562889" lon="19.4049596"/>
  <node id="4742041897" lat="54.1563031" lon="19.4049301"/>
  <node id="4742041898" lat="54.1562772" lon="19.4050172"/>
  <node id="4742041914" lat="54.1561825" lon="19.4055371"/>
  <node id="4742041923" lat="54.1567268" lon="19.4038905"/>
  <node id="4742041930" lat="54.1569739" lon="19.4046906"/>
  <node id="4742041932" lat="54.1604234" lon="19.3920812"/>
  <node id="4742041943" lat="54.1576427" lon="19.4052748"/>
  <node id="4742041953" lat="54.1575932" lon="19.4060272"/>
  <node id="4742041956" lat="54.1568897" lon="19.4047849"/>
  <node id="4742041967" lat="54.1576593" lon="19.4063289"/>
  <node id="4742041991" lat="54.1562178" lon="19.4054741"/>
  <node id="4742041995" lat="54.1563378" lon="19.4048814"/>
  <node id="4859937254" lat="54.1483674" lon="19.4194231"/>
  <node id="4859937255" lat="54.1481291" lon="19.4192747"/>
  <node id="4859937256" lat="54.1477641" lon="19.4190362"/>
  <node id="4859937257" lat="54.1472439" lon="19.4186906"/>
  <node id="4859937258" lat="54.1468585" lon="19.4184132"/>
  <node id="4859937259" lat="54.1465747" lon="19.4182055"/>
  <node id="4859937260" lat="54.1471893" lon="19.4189313"/>
  <node id="4859937262" lat="54.1469126" lon="19.4201516"/>
  <node id="4859937263" lat="54.1469936" lon="19.4188054"/>
  <node id="4884088834" lat="54.1538738" lon="19.4047698"/>
  <node id="4884088836" lat="54.1540342" lon="19.4049601"/>
  <node id="4884088839" lat="54.1536600" lon="19.4060798"/>
  <node id="5022603440" lat="54.1628746" lon="19.3976413"/>
  <node id="5086257669" lat="54.1645413" lon="19.4104702"/>
  <node id="5086257670" lat="54.1657470" lon="19.4116006"/>
  <node id="5137127285" lat="54.1505603" lon="19.4120872"/>
  <node id="5137127286" lat="54.1527160" lon="19.4123952"/>
  <node id="5137127291" lat="54.1526750" lon="19.4125810">
    <tag k="crossing" v="marked"/>
    <tag k="highway" v="crossing"/>
  </node>
  <node id="5137127292" lat="54.1526849" lon="19.4127422"/>
  <node id="5137127293" lat="54.1526771" lon="19.4128564"/>
  <node id="5137127294" lat="54.1526601" lon="19.4129368"/>
  <node id="5137127295" lat="54.1526379" lon="19.4130053"/>
  <node id="5137127296" lat="54.1525498" lon="19.4131496"/>
  <node id="5137127297" lat="54.1525079" lon="19.4131920"/>
  <node id="5137127298" lat="54.1524090" lon="19.4132391"/>
  <node id="5137127299" lat="54.1524011" lon="19.4131549"/>
  <node id="5137127300" lat="54.1524484" lon="19.4131287"/>
  <node id="5137127301" lat="54.1525034" lon="19.4130860"/>
  <node id="5137127302" lat="54.1525549" lon="19.4130230"/>
  <node id="5137127303" lat="54.1525960" lon="19.4129422"/>
  <node id="5137127304" lat="54.1526155" lon="19.4128554"/>
  <node id="5137127305" lat="54.1526210" lon="19.4127734"/>
  <node id="5137127306" lat="54.1525821" lon="19.4126367">
    <tag k="crossing" v="marked"/>
    <tag k="highway" v="crossing"/>
  </node>
  <node id="5137127308" lat="54.1525537" lon="19.4126046"/>
  <node id="5137127309" lat="54.1525184" lon="19.4125893"/>
  <node id="5137127310" lat="54.1524379" lon="19.4125970"/>
  <node id="5137127311" lat="54.1523419" lon="19.4132547"/>
  <node id="5137127318" lat="54.1523310" lon="19.4131698"/>
  <node id="5137127928" lat="54.1519333" lon="19.4118902"/>
  <node id="5137127929" lat="54.1519432" lon="19.4119938"/>
  <node id="5137127930" lat="54.1520199" lon="19.4115182"/>
  <node id="5137127931" lat="54.1520086" lon="19.4116515"/>
  <node id="5137127939" lat="54.1525132" lon="19.4119510"/>
  <node id="5137127940" lat="54.1524540" lon="19.4118797"/>
  <node id="5137127941" lat="54.1523614" lon="19.4118156"/>
  <node id="5137127942" lat="54.1522988" lon="19.4117930"/>
  <node id="5137127943" lat="54.1522229" lon="19.4117942"/>
  <node id="5137127944" lat="54.1521496" lon="19.4118211">
    <tag k="crossing:markings" v="zebra"/>
    <tag k="highway" v="crossing"/>
  </node>
  <node id="5137127945" lat="54.1520535" lon="19.4118912"/>
  <node id="5137127946" lat="54.1519936" lon="19.4119641"/>
  <node id="5137127948" lat="54.1519525" lon="19.4120606"/>
  <node id="5137127953" lat="54.1518002" lon="19.4131683"/>
  <node id="5137127954" lat="54.1524873" lon="19.4123419"/>
  <node id="5137127959" lat="54.1524800" lon="19.4120089"/>
  <node id="5137127960" lat="54.1524213" lon="19.4119427"/>
  <node id="5137127961" lat="54.1523142" lon="19.4118960"/>
  <node id="5137127963" lat="54.1522446" lon="19.4118927"/>
  <node id="5137127964" lat="54.1521093" lon="19.4119718"/>
  <node id="5137127966" lat="54.1520560" lon="19.4120410"/>
  <node id="5137127968" lat="54.1519240" lon="19.4124601"/>
  <node id="5137127970" lat="54.1518608" lon="19.4130023">
    <tag k="bicycle" v="yes"/>
    <tag k="crossing:markings" v="zebra"/>
    <tag k="highway" v="crossing"/>
  </node>
  <node id="5137127976" lat="54.1518467" lon="19.4131740"/>
  <node id="5137127978" lat="54.1518793" lon="19.4132980"/>
  <node id="5137127979" lat="54.1518709" lon="19.4133287"/>
  <node id="5137127980" lat="54.1518573" lon="19.4133534"/>
  <node id="5137127982" lat="54.1517962" lon="19.4133678"/>
  <node id="5137127986" lat="54.1518171" lon="19.4133753"/>
  <node id="5137127987" lat="54.1518761" lon="19.4132258"/>
  <node id="5137128029" lat="54.1538312" lon="19.4124373"/>
  <node id="5137128033" lat="54.1536118" lon="19.4124936"/>
  <node id="5137128034" lat="54.1535029" lon="19.4124451"/>
  <node id="5137128035" lat="54.1533365" lon="19.4123874"/>
  <node id="5137128036" lat="54.1532056" lon="19.4123622"/>
  <node id="5137128037" lat="54.1530602" lon="19.4123527"/>
  <node id="5137128038" lat="54.1529307" lon="19.4123527"/>
  <node id="5137128040" lat="54.1522656" lon="19.4125627"/>
  <node id="5137128041" lat="54.1525403" lon="19.4124478"/>
  <node id="5137128043" lat="54.1521084" lon="19.4126301"/>
  <node id="5137128044" lat="54.1519657" lon="19.4126541"/>
  <node id="5137128045" lat="54.1498865" lon="19.4125077"/>
  <node id="5137128047" lat="54.1499007" lon="19.4124075"/>
  <node id="5137128197" lat="54.1498531" lon="19.4115026"/>
  <node id="5137128219" lat="54.1506840" lon="19.4110454"/>
  <node id="5137128220" lat="54.1506782" lon="19.4109500">
    <tag k="crossing" v="marked"/>
    <tag k="crossing:island" v="no"/>
    <tag k="highway" v="crossing"/>
  </node>
  <node id="5137128224" lat="54.1506713" lon="19.4115572">
    <tag k="crossing" v="zebra"/>
    <tag k="highway" v="crossing"/>
  </node>
  <node id="5137128228" lat="54.1500416" lon="19.4124752"/>
  <node id="5137128229" lat="54.1494621" lon="19.4123194"/>
  <node id="5137128230" lat="54.1494644" lon="19.4122428"/>
  <node id="5137128231" lat="54.1495200" lon="19.4120994"/>
  <node id="5137128232" lat="54.1495879" lon="19.4120565"/>
  <node id="5137128233" lat="54.1496757" lon="19.4120924"/>
  <node id="5137128235" lat="54.1497107" lon="19.4121463"/>
  <node id="5137128236" lat="54.1497405" lon="19.4122964"/>
  <node id="5137128237" lat="54.1497334" lon="19.4123684"/>
  <node id="5137128238" lat="54.1497139" lon="19.4124333"/>
  <node id="5137128239" lat="54.1496549" lon="19.4125128"/>
  <node id="5137128240" lat="54.1494995" lon="19.4124569"/>
  <node id="5137128245" lat="54.1519657" lon="19.4125497"/>
  <node id="5137128248" lat="54.1504483" lon="19.4126590"/>
  <node id="5137128251" lat="54.1507206" lon="19.4127089"/>
  <node id="5137128252" lat="54.1511392" lon="19.4127367"/>
  <node id="5137128253" lat="54.1513336" lon="19.4127263"/>
  <node id="5137128254" lat="54.1515305" lon="19.4127048"/>
  <node id="5137128255" lat="54.1518545" lon="19.4126296"/>
  <node id="5137128258" lat="54.1526630" lon="19.4122847"/>
  <node id="5137128260" lat="54.1531504" lon="19.4121930"/>
  <node id="5137128261" lat="54.1532857" lon="19.4122087"/>
  <node id="5137128262" lat="54.1534576" lon="19.4122501"/>
  <node id="5159352786" lat="54.1630048" lon="19.4055577"/>
  <node id="5201587424" lat="54.1527419" lon="19.4133768"/>
  <node id="5201587425" lat="54.1527925" lon="19.4128413"/>
  <node id="5297141908" lat="54.1608048" lon="19.4065734">
    <tag k="crossing" v="zebra"/>
    <tag k="highway" v="crossing"/>
  </node>
  <node id="5297141910" lat="54.1606510" lon="19.4064510">
    <tag k="crossing" v="zebra"/>
    <tag k="highway" v="crossing"/>
  </node>
  <node id="5297142133" lat="54.1599738" lon="19.3906402"/>
  <node id="5397682908" lat="54.1558834" lon="19.4192754"/>
  <node id="5397682909" lat="54.1561578" lon="19.4179454"/>
  <node id="5431295322" lat="54.1441214" lon="19.4218960">
    <tag k="barrier" v="gate"/>
  </node>
  <node id="5434851767" lat="54.1459506" lon="19.4058654"/>
  <node id="5434851768" lat="54.1460765" lon="19.4052224"/>
  <node id="5434851769" lat="54.1459719" lon="19.4057291"/>
  <node id="5434851770" lat="54.1458904" lon="19.4067709"/>
  <node id="5434851773" lat="54.1461991" lon="19.4070815"/>
  <node id="5434851774" lat="54.1459579" lon="19.4058048"/>
  <node id="5434851776" lat="54.1459349" lon="19.4060232"/>
  <node id="5434851779" lat="54.1459157" lon="19.4062593"/>
  <node id="5434851781" lat="54.1458894" lon="19.4066713"/>
  <node id="5434851783" lat="54.1458963" lon="19.4068575"/>
  <node id="5434851784" lat="54.1459179" lon="19.4069127"/>
  <node id="5434851816" lat="54.1465953" lon="19.4035634"/>
  <node id="5434851820" lat="54.1460401" lon="19.4040304"/>
  <node id="5434855224" lat="54.1477800" lon="19.4062936"/>
  <node id="5434855225" lat="54.1477970" lon="19.4059164"/>
  <node id="5434855226" lat="54.1469305" lon="19.4074106"/>
  <node id="5434855232" lat="54.1472023" lon="19.4041893"/>
  <node id="5434855235" lat="54.1476829" lon="19.4062287">
    <tag k="barrier" v="bollard"/>
  </node>
  <node id="5434855237" lat="54.1468824" lon="19.4034681"/>
  <node id="5434855238" lat="54.1470924" lon="19.4030074"/>
  <node id="5434855239" lat="54.1470319" lon="19.4031715"/>
  <node id="5434874442" lat="54.1473178" lon="19.4029782"/>
  <node id="5434874447" lat="54.1503246" lon="19.4112826"/>
  <node id="5434993459" lat="54.1493364" lon="19.4143670">
    <tag k="crossing" v="zebra"/>
    <tag k="crossing:island" v="no"/>
    <tag k="highway" v="crossing"/>
    <tag k="tactile_paving" v="no"/>
  </node>
  <node id="5434993460" lat="54.1487759" lon="19.4188981"/>
  <node id="5434993493" lat="54.1488181" lon="19.4164804"/>
  <node id="5434993494" lat="54.1497911" lon="19.4170932"/>
  <node id="5434993495" lat="54.1494429" lon="19.4197208"/>
  <node id="5434993496" lat="54.1491322" lon="19.4196339"/>
  <node id="5434993497" lat="54.1494639" lon="19.4194797"/>
  <node id="5434993498" lat="54.1494227" lon="19.4198867"/>
  <node id="5434993499" lat="54.1494016" lon="19.4199683"/>
  <node id="5434993500" lat="54.1493660" lon="19.4200650"/>
  <node id="5434993501" lat="54.1493283" lon="19.4201257"/>
  <node id="5434993502" lat="54.1492661" lon="19.4201617"/>
  <node id="5434993503" lat="54.1492227" lon="19.4201617"/>
  <node id="5434993504" lat="54.1498448" lon="19.4196629"/>
  <node id="5434993505" lat="54.1496127" lon="19.4192955"/>
  <node id="5434993506" lat="54.1498903" lon="19.4194562"/>
  <node id="5434993507" lat="54.1496399" lon="19.4190605"/>
  <node id="5434993508" lat="54.1499425" lon="19.4192324"/>
  <node id="5434994229" lat="54.1501311" lon="19.4173002"/>
  <node id="5434994230" lat="54.1501515" lon="19.4173297"/>
  <node id="5434994231" lat="54.1501541" lon="19.4173924"/>
  <node id="5434994232" lat="54.1499615" lon="19.4190597"/>
  <node id="5434994250" lat="54.1499847" lon="19.4175275"/>
  <node id="5434994251" lat="54.1501335" lon="19.4175687"/>
  <node id="5434994252" lat="54.1499209" lon="19.4178357"/>
  <node id="5434994253" lat="54.1500959" lon="19.4178896"/>
  <node id="5434994254" lat="54.1498698" lon="19.4181515"/>
  <node id="5434994255" lat="54.1500564" lon="19.4182269"/>
  <node id="5434994256" lat="54.1498126" lon="19.4184588"/>
  <node id="5434994257" lat="54.1497642" lon="19.4187655"/>
  <node id="5434994258" lat="54.1500168" lon="19.4185646"/>
  <node id="5434994259" lat="54.1499922" lon="19.4188798"/>
  <node id="5434994260" lat="54.1500294" lon="19.4186614"/>
  <node id="5434994261" lat="54.1498310" lon="19.4172737"/>
  <node id="5435058165" lat="54.1495596" lon="19.4158754"/>
  <node id="5435074570" lat="54.1494770" lon="19.4164983"/>
  <node id="5435136500" lat="54.1497254" lon="19.4113477"/>
  <node id="5435187690" lat="54.1500924" lon="19.4029052">
    <tag k="crossing" v="zebra"/>
    <tag k="crossing:island" v="no"/>
    <tag k="highway" v="crossing"/>
  </node>
  <node id="5435187709" lat="54.1485164" lon="19.4100237"/>
  <node id="5435187710" lat="54.1483387" lon="19.4083026"/>
  <node id="5435187711" lat="54.1487336" lon="19.4082864"/>
  <node id="5435295485" lat="54.1476245" lon="19.4077356"/>
  <node id="5435344534" lat="54.1458021" lon="19.4099612"/>
  <node id="5435344536" lat="54.1463269" lon="19.4102682"/>
  <node id="5435344544" lat="54.1456027" lon="19.4098445"/>
  <node id="5435344545" lat="54.1465426" lon="19.4103944"/>
  <node id="5435453798" lat="54.1470890" lon="19.4107140">
    <tag k="crossing" v="zebra"/>
    <tag k="highway" v="crossing"/>
  </node>
  <node id="5435453799" lat="54.1471415" lon="19.4109250">
    <tag k="barrier" v="gate"/>
  </node>
  <node id="5435453800" lat="54.1487639" lon="19.4164074"/>
  <node id="5435453801" lat="54.1456718" lon="19.4167677"/>
  <node id="5435453802" lat="54.1455275" lon="19.4168268"/>
  <node id="5435453803" lat="54.1454691" lon="19.4168808"/>
  <node id="5435453804" lat="54.1453489" lon="19.4170079"/>
  <node id="5435453805" lat="54.1452880" lon="19.4170749"/>
  <node id="5435453806" lat="54.1451572" lon="19.4173608"/>
  <node id="5435453807" lat="54.1458694" lon="19.4168218"/>
  <node id="5435453809" lat="54.1488920" lon="19.4165560"/>
  <node id="5435453810" lat="54.1487016" lon="19.4162972">
    <tag k="barrier" v="gate"/>
  </node>
  <node id="5435476746" lat="54.1469890" lon="19.4174734"/>
  <node id="5435528970" lat="54.1469177" lon="19.4034267"/>
  <node id="5435637614" lat="54.1612291" lon="19.4063014"/>
  <node id="5435716759" lat="54.1610870" lon="19.4083183"/>
  <node id="5435786098" lat="54.1621130" lon="19.4078217"/>
  <node id="5435786102" lat="54.1620411" lon="19.4067147"/>
  <node id="5435786109" lat="54.1620201" lon="19.4080051"/>
  <node id="5435786110" lat="54.1615898" lon="19.4092487"/>
  <node id="5435786114" lat="54.1614183" lon="19.4095771"/>
  <node id="5435786115" lat="54.1632168" lon="19.4071995">
    <tag k="crossing" v="zebra"/>
    <tag k="highway" v="crossing"/>
  </node>
  <node id="5435786116" lat="54.1632952" lon="19.4069315">
    <tag k="crossing" v="zebra"/>
    <tag k="highway" v="crossing"/>
  </node>
  <node id="5435786118" lat="54.1636079" lon="19.4097590"/>
  <node id="5435786119" lat="54.1628657" lon="19.4099974"/>
  <node id="5435786120" lat="54.1629181" lon="19.4107029"/>
  <node id="5435787121" lat="54.1632968" lon="19.4098460"/>
  <node id="5435787122" lat="54.1633767" lon="19.4107579"/>
  <node id="5435787123" lat="54.1635755" lon="19.4094362">
    <tag k="crossing" v="zebra"/>
    <tag k="highway" v="crossing"/>
  </node>
  <node id="5435787124" lat="54.1639745" lon="19.4138772">
    <tag k="crossing" v="zebra"/>
    <tag k="highway" v="crossing"/>
  </node>
  <node id="5435787125" lat="54.1637935" lon="19.4140071"/>
  <node id="5436098305" lat="54.1653731" lon="19.4079656"/>
  <node id="5436098306" lat="54.1654117" lon="19.4080431"/>
  <node id="5436098307" lat="54.1644753" lon="19.4093248"/>
  <node id="5436098309" lat="54.1650717" lon="19.4064114">
    <tag k="barrier" v="lift_gate"/>
  </node>
  <node id="5436133814" lat="54.1639977" lon="19.4111205"/>
  <node id="5436133816" lat="54.1640257" lon="19.4114811"/>
  <node id="5436133817" lat="54.1637968" lon="19.4115341"/>
  <node id="5436144623" lat="54.1656769" lon="19.4115838">
    <tag k="crossing" v="zebra"/>
    <tag k="highway" v="crossing"/>
  </node>
  <node id="5436144624" lat="54.1651846" lon="19.4117845"/>
  <node id="5436144625" lat="54.1655920" lon="19.4116021"/>
  <node id="5436144660" lat="54.1648588" lon="19.4118827"/>
  <node id="5436228459" lat="54.1645518" lon="19.4119672"/>
  <node id="5436228461" lat="54.1645179" lon="19.4132803"/>
  <node id="5436228462" lat="54.1646718" lon="19.4142588"/>
  <node id="5436228469" lat="54.1650551" lon="19.4118296"/>
  <node id="5436228470" lat="54.1650089" lon="19.4112385"/>
  <node id="5436228471" lat="54.1646291" lon="19.4113523"/>
  <node id="5436228472" lat="54.1646402" lon="19.4115040"/>
  <node id="5436228474" lat="54.1650432" lon="19.4116617"/>
  <node id="5436228475" lat="54.1648022" lon="19.4117176"/>
  <node id="5436228482" lat="54.1644920" lon="19.4119800"/>
  <node id="5437228650" lat="54.1632547" lon="19.4098578"/>
  <node id="5437228651" lat="54.1631506" lon="19.4089239"/>
  <node id="5437228652" lat="54.1630418" lon="19.4089542"/>
  <node id="5437228653" lat="54.1630680" lon="19.4091946"/>
  <node id="5437228654" lat="54.1631891" lon="19.4092678"/>
  <node id="5437288223" lat="54.1645745" lon="19.4044012"/>
  <node id="5437288224" lat="54.1646270" lon="19.4042505"/>
  <node id="5437288225" lat="54.1645955" lon="19.4043159"/>
  <node id="5437302426" lat="54.1646953" lon="19.4028462"/>
  <node id="5437313414" lat="54.1649099" lon="19.4029435"/>
  <node id="5437461123" lat="54.1606035" lon="19.4062497"/>
  <node id="5437810902" lat="54.1611534" lon="19.4098906"/>
  <node id="5437810903" lat="54.1610098" lon="19.4095434"/>
  <node id="5437810904" lat="54.1607267" lon="19.4098810"/>
  <node id="5437810905" lat="54.1605612" lon="19.4094789"/>
  <node id="5437810906" lat="54.1606767" lon="19.4093651"/>
  <node id="5437810907" lat="54.1608438" lon="19.4097448"/>
  <node id="5437810908" lat="54.1607911" lon="19.4092229"/>
  <node id="5437810909" lat="54.1609502" lon="19.4096149"/>
  <node id="5437810914" lat="54.1610874" lon="19.4097301"/>
  <node id="5437810915" lat="54.1607267" lon="19.4101058"/>
  <node id="5437810916" lat="54.1610537" lon="19.4096395">
    <tag k="barrier" v="gate"/>
  </node>
  <node id="5437881850" lat="54.1652641" lon="19.4075201"/>
  <node id="5437881851" lat="54.1647032" lon="19.4075654"/>
  <node id="5437881852" lat="54.1652652" lon="19.4073683"/>
  <node id="5437981130" lat="54.1598908" lon="19.4045348"/>
  <node id="5437981132" lat="54.1598443" lon="19.4050846"/>
  <node id="5437981133" lat="54.1596042" lon="19.4073214">
    <tag k="railway" v="tram_level_crossing"/>
  </node>
  <node id="5437981135" lat="54.1597706" lon="19.4050852">
    <tag k="crossing" v="zebra"/>
    <tag k="highway" v="crossing"/>
  </node>
  <node id="5437981166" lat="54.1593074" lon="19.4073748"/>
  <node id="5437981167" lat="54.1597588" lon="19.4072614"/>
  <node id="5437981168" lat="54.1598619" lon="19.4073039"/>
  <node id="5437981170" lat="54.1598938" lon="19.4060762"/>
  <node id="5437981173" lat="54.1603165" lon="19.4071363"/>
  <node id="5437981174" lat="54.1603517" lon="19.4069678"/>
  <node id="5437981175" lat="54.1598240" lon="19.4068097"/>
  <node id="5438017884" lat="54.1604483" lon="19.4065051"/>
  <node id="5438017885" lat="54.1598692" lon="19.4063345"/>
  <node id="5438017886" lat="54.1603953" lon="19.4067627"/>
  <node id="5438017887" lat="54.1598422" lon="19.4066246"/>
  <node id="5438017888" lat="54.1598752" lon="19.4062691">
    <tag k="barrier" v="bollard"/>
  </node>
  <node id="5438017889" lat="54.1605250" lon="19.4062416"/>
  <node id="5438017891" lat="54.1605309" lon="19.4061971"/>
  <node id="5438017892" lat="54.1606329" lon="19.4049958"/>
  <node id="5438017893" lat="54.1606448" lon="19.4044040"/>
  <node id="5438017894" lat="54.1605341" lon="19.4061576">
    <tag k="access" v="destination"/>
    <tag k="barrier" v="lift_gate"/>
  </node>
  <node id="5438017906" lat="54.1598047" lon="19.4070202"/>
  <node id="5438017908" lat="54.1597290" lon="19.4072905"/>
  <node id="5438020675" lat="54.1488478" lon="19.4162803"/>
  <node id="5438285984" lat="54.1589860" lon="19.4074024"/>
  <node id="5438285985" lat="54.1590058" lon="19.4066265"/>
  <node id="5438285986" lat="54.1590679" lon="19.4077632"/>
  <node id="5438285987" lat="54.1590540" lon="19.4079448"/>
  <node id="5438285988" lat="54.1589550" lon="19.4092369"/>
  <node id="5438407045" lat="54.1582613" lon="19.4064319"/>
  <node id="5438407046" lat="54.1582818" lon="19.4053429"/>
  <node id="5438407047" lat="54.1584278" lon="19.4052302"/>
  <node id="5438407048" lat="54.1584184" lon="19.4055977"/>
  <node id="5438428479" lat="54.1589115" lon="19.4056993"/>
  <node id="5438428480" lat="54.1587949" lon="19.4057388">
    <tag k="barrier" v="lift_gate"/>
  </node>
  <node id="5438428481" lat="54.1586846" lon="19.4057774"/>
  <node id="5438428482" lat="54.1585700" lon="19.4058136"/>
  <node id="5438428483" lat="54.1589765" lon="19.4063141"/>
  <node id="5438428484" lat="54.1588608" lon="19.4063731">
    <tag k="barrier" v="lift_gate"/>
  </node>
  <node id="5438428485" lat="54.1587497" lon="19.4064076"/>
  <node id="5438428486" lat="54.1583239" lon="19.4065383"/>
  <node id="5438428487" lat="54.1587622" lon="19.4068188"/>
  <node id="5438428488" lat="54.1586711" lon="19.4067449"/>
  <node id="5438428489" lat="54.1586401" lon="19.4064442"/>
  <node id="5438428490" lat="54.1585146" lon="19.4052365"/>
  <node id="5438531323" lat="54.1569763" lon="19.4046350">
    <tag k="crossing" v="unmarked"/>
    <tag k="crossing:markings" v="no"/>
    <tag k="highway" v="crossing"/>
  </node>
  <node id="5438531335" lat="54.1576074" lon="19.4063248"/>
  <node id="5438531336" lat="54.1576725" lon="19.4062836"/>
  <node id="5438531337" lat="54.1575890" lon="19.4062786"/>
  <node id="5438531338" lat="54.1576771" lon="19.4053167"/>
  <node id="5438531339" lat="54.1571052" lon="19.4052807"/>
  <node id="5438531340" lat="54.1568624" lon="19.4052855"/>
  <node id="5438531341" lat="54.1572334" lon="19.4055263"/>
  <node id="5438531342" lat="54.1569724" lon="19.4055445"/>
  <node id="5438531343" lat="54.1569700" lon="19.4060121"/>
  <node id="5438531344" lat="54.1572371" lon="19.4057793"/>
  <node id="5438531345" lat="54.1569721" lon="19.4057754"/>
  <node id="5438531349" lat="54.1574534" lon="19.4045890"/>
  <node id="5438531350" lat="54.1574537" lon="19.4046220"/>
  <node id="5438531353" lat="54.1563156" lon="19.4049007"/>
  <node id="5438606625" lat="54.1584903" lon="19.4087767"/>
  <node id="5438684649" lat="54.1553885" lon="19.4059334"/>
  <node id="5438684650" lat="54.1553175" lon="19.4058562"/>
  <node id="5438684653" lat="54.1547103" lon="19.4057580"/>
  <node id="5438684654" lat="54.1546361" lon="19.4056977"/>
  <node id="5438684656" lat="54.1555398" lon="19.4069788"/>
  <node id="5438684657" lat="54.1556267" lon="19.4062826"/>
  <node id="5438684665" lat="54.1553431" lon="19.4078625"/>
  <node id="5438684677" lat="54.1557508" lon="19.4064302"/>
  <node id="5438684678" lat="54.1557651" lon="19.4063071"/>
  <node id="5438684681" lat="54.1556597" lon="19.4063784"/>
  <node id="5438684683" lat="54.1555406" lon="19.4061855"/>
  <node id="5438684688" lat="54.1542766" lon="19.4071244"/>
  <node id="5438684698" lat="54.1553836" lon="19.4071492"/>
  <node id="5438684701" lat="54.1547852" lon="19.4069861"/>
  <node id="5438684707" lat="54.1546372" lon="19.4074180"/>
  <node id="5438684708" lat="54.1546857" lon="19.4076018"/>
  <node id="5438684709" lat="54.1547454" lon="19.4077156"/>
  <node id="5438684710" lat="54.1548294" lon="19.4077825"/>
  <node id="5438684711" lat="54.1548977" lon="19.4078059"/>
  <node id="5438684713" lat="54.1549594" lon="19.4069335"/>
  <node id="5438684717" lat="54.1548145" lon="19.4074178"/>
  <node id="5438684718" lat="54.1548200" lon="19.4075027"/>
  <node id="5438684719" lat="54.1548434" lon="19.4075392"/>
  <node id="5438684720" lat="54.1549589" lon="19.4076587"/>
  <node id="5438684721" lat="54.1550920" lon="19.4076505"/>
  <node id="5438684722" lat="54.1550311" lon="19.4076963"/>
  <node id="5438684723" lat="54.1549957" lon="19.4076857"/>
  <node id="5438684724" lat="54.1547124" lon="19.4076627"/>
  <node id="5438684725" lat="54.1549996" lon="19.4077221">
    <tag k="direction" v="forward"/>
    <tag k="highway" v="stop"/>
  </node>
  <node id="5438684726" lat="54.1548122" lon="19.4074609"/>
  <node id="5438684727" lat="54.1552925" lon="19.4071899"/>
  <node id="5438684728" lat="54.1553448" lon="19.4071760"/>
  <node id="5438687746" lat="54.1556643" lon="19.4050738"/>
  <node id="5439354091" lat="54.1559559" lon="19.4043722"/>
  <node id="5439354092" lat="54.1560865" lon="19.4044573"/>
  <node id="5439354107" lat="54.1587509" lon="19.4035603"/>
  <node id="5439354108" lat="54.1583647" lon="19.4035635"/>
  <node id="5439354114" lat="54.1593652" lon="19.4025549"/>
  <node id="5440827372" lat="54.1598244" lon="19.4041548"/>
  <node id="5440827376" lat="54.1582292" lon="19.3988792"/>
  <node id="5440827377" lat="54.1582529" lon="19.3988837"/>
  <node id="5440827378" lat="54.1585874" lon="19.3991368"/>
  <node id="5440827379" lat="54.1580130" lon="19.3987206">
    <tag k="crossing" v="traffic_signals"/>
    <tag k="crossing:island" v="no"/>
    <tag k="crossing:markings" v="zebra"/>
    <tag k="highway" v="crossing"/>
    <tag k="tactile_paving" v="no"/>
  </node>
  <node id="5440827380" lat="54.1581747" lon="19.3984657">
    <tag k="crossing" v="traffic_signals"/>
    <tag k="crossing:island" v="no"/>
    <tag k="crossing:markings" v="zebra"/>
    <tag k="highway" v="crossing"/>
    <tag k="tactile_paving" v="no"/>
  </node>
  <node id="5440827381" lat="54.1578838" lon="19.3984879">
    <tag k="crossing" v="traffic_signals"/>
    <tag k="crossing:island" v="no"/>
    <tag k="crossing:markings" v="zebra"/>
    <tag k="highway" v="crossing"/>
    <tag k="tactile_paving" v="no"/>
  </node>
  <node id="5440827382" lat="54.1580147" lon="19.4018920"/>
  <node id="5440827385" lat="54.1582013" lon="19.4018851"/>
  <node id="5440827386" lat="54.1591041" lon="19.4014561"/>
  <node id="5440827387" lat="54.1583478" lon="19.4008733"/>
  <node id="5440827388" lat="54.1583168" lon="19.4018614"/>
  <node id="5440827393" lat="54.1582485" lon="19.4008647"/>
  <node id="5440827394" lat="54.1581845" lon="19.4008671"/>
  <node id="5440827396" lat="54.1583255" lon="19.3998304"/>
  <node id="5440827400" lat="54.1581788" lon="19.3998033"/>
  <node id="5440827403" lat="54.1583267" lon="19.4007918"/>
  <node id="5440827404" lat="54.1581574" lon="19.3997389">
    <tag k="barrier" v="lift_gate"/>
  </node>
  <node id="5440827406" lat="54.1583863" lon="19.4015781"/>
  <node id="5440827407" lat="54.1583468" lon="19.4017753"/>
  <node id="5440827408" lat="54.1585423" lon="19.4017562">
    <tag k="barrier" v="bollard"/>
    <tag k="bollard" v="foldable"/>
  </node>
  <node id="5440827409" lat="54.1591138" lon="19.4016845">
    <tag k="barrier" v="bollard"/>
    <tag k="bollard" v="removable"/>
  </node>
  <node id="5440827412" lat="54.1582964" lon="19.4018782"/>
  <node id="5440827419" lat="54.1587744" lon="19.4041057">
    <tag k="barrier" v="bollard"/>
    <tag k="colour" v="black"/>
    <tag k="material" v="metal"/>
    <tag k="motor_vehicle" v="no"/>
  </node>
  <node id="5440968639" lat="54.1586841" lon="19.3997738"/>
  <node id="5440968640" lat="54.1585141" lon="19.3995952"/>
  <node id="5440968641" lat="54.1587117" lon="19.3998008"/>
  <node id="5440968642" lat="54.1586949" lon="19.3997887"/>
  <node id="5440968643" lat="54.1580135" lon="19.3995950"/>
  <node id="5440968644" lat="54.1581476" lon="19.3995969"/>
  <node id="5440968645" lat="54.1585433" lon="19.3996050"/>
  <node id="5440968646" lat="54.1585685" lon="19.3996255"/>
  <node id="5440968647" lat="54.1593757" lon="19.3998957"/>
  <node id="5440968649" lat="54.1596854" lon="19.4024914">
    <tag k="railway" v="tram_level_crossing"/>
  </node>
  <node id="5440968650" lat="54.1597140" lon="19.4024850">
    <tag k="railway" v="tram_level_crossing"/>
  </node>
  <node id="5440968651" lat="54.1596314" lon="19.4015400">
    <tag k="railway" v="tram_level_crossing"/>
  </node>
  <node id="5440968652" lat="54.1596023" lon="19.4015447">
    <tag k="railway" v="tram_level_crossing"/>
  </node>
  <node id="5440968653" lat="54.1601431" lon="19.3991162"/>
  <node id="5440968657" lat="54.1595636" lon="19.3990996"/>
  <node id="5440968658" lat="54.1595444" lon="19.3991121"/>
  <node id="5440968659" lat="54.1595268" lon="19.3991489"/>
  <node id="5440968660" lat="54.1595266" lon="19.3992437"/>
  <node id="5440968661" lat="54.1595417" lon="19.3992947"/>
  <node id="5440968662" lat="54.1595701" lon="19.3993179"/>
  <node id="5440968663" lat="54.1601484" lon="19.3993263"/>
  <node id="5440968664" lat="54.1595238" lon="19.3991915"/>
  <node id="5440968666" lat="54.1596630" lon="19.4025362">
    <tag k="crossing" v="zebra"/>
    <tag k="highway" v="crossing"/>
    <tag k="tactile_paving" v="no"/>
  </node>
  <node id="5440968669" lat="54.1596600" lon="19.4024970"/>
  <node id="5440968683" lat="54.1598265" lon="19.4001814"/>
  <node id="5440968685" lat="54.1601445" lon="19.4005606"/>
  <node id="5440968686" lat="54.1598211" lon="19.3997015"/>
  <node id="5440968687" lat="54.1595031" lon="19.4001796">
    <tag k="railway" v="tram_level_crossing"/>
  </node>
  <node id="5440968688" lat="54.1594747" lon="19.4001849">
    <tag k="railway" v="tram_level_crossing"/>
  </node>
  <node id="5441964841" lat="54.1604060" lon="19.4062190">
    <tag k="barrier" v="lift_gate"/>
  </node>
  <node id="5442033038" lat="54.1576932" lon="19.4032044"/>
  <node id="5442033039" lat="54.1575067" lon="19.4032101"/>
  <node id="5442033040" lat="54.1576895" lon="19.4029256">
    <tag k="access" v="private"/>
    <tag k="barrier" v="gate"/>
  </node>
  <node id="5442183749" lat="54.1568056" lon="19.4037465"/>
  <node id="5442183750" lat="54.1567715" lon="19.4038371"/>
  <node id="5442183751" lat="54.1564406" lon="19.4007178"/>
  <node id="5442183752" lat="54.1564535" lon="19.4012955"/>
  <node id="5442183753" lat="54.1564759" lon="19.4013260"/>
  <node id="5442183764" lat="54.1550747" lon="19.3983653"/>
  <node id="5442183767" lat="54.1552208" lon="19.3987548"/>
  <node id="5442183768" lat="54.1546097" lon="19.3976294"/>
  <node id="5442183774" lat="54.1552030" lon="19.3985429"/>
  <node id="5442183780" lat="54.1551753" lon="19.3985083"/>
  <node id="5442183781" lat="54.1552232" lon="19.3982510"/>
  <node id="5442183782" lat="54.1551062" lon="19.3980069"/>
  <node id="5442183783" lat="54.1550072" lon="19.3980028"/>
  <node id="5442183784" lat="54.1548347" lon="19.3976363"/>
  <node id="5442183788" lat="54.1555964" lon="19.3984560">
    <tag k="crossing" v="zebra"/>
    <tag k="crossing:island" v="no"/>
    <tag k="highway" v="crossing"/>
  </node>
  <node id="5442231996" lat="54.1553257" lon="19.3986526"/>
  <node id="5442231997" lat="54.1549289" lon="19.3981382"/>
  <node id="5442231998" lat="54.1554144" lon="19.3986880"/>
  <node id="5442574869" lat="54.1593988" lon="19.4057832"/>
  <node id="5442574870" lat="54.1591489" lon="19.4057744"/>
  <node id="5442574871" lat="54.1592067" lon="19.4066177"/>
  <node id="5442574872" lat="54.1592189" lon="19.4067979"/>
  <node id="5442574873" lat="54.1593655" lon="19.4067884"/>
  <node id="5442574874" lat="54.1593400" lon="19.4062531"/>
  <node id="5442574875" lat="54.1594521" lon="19.4062270"/>
  <node id="5442574876" lat="54.1595143" lon="19.4055044"/>
  <node id="5442574877" lat="54.1591450" lon="19.4055035"/>
  <node id="5442574878" lat="54.1591778" lon="19.4064300"/>
  <node id="5442574879" lat="54.1590878" lon="19.4064527"/>
  <node id="5442574880" lat="54.1591283" lon="19.4055422"/>
  <node id="5442574881" lat="54.1591527" lon="19.4062694"/>
  <node id="5442574882" lat="54.1591018" lon="19.4062816">
    <tag k="barrier" v="lift_gate"/>
  </node>
  <node id="5442574883" lat="54.1592339" lon="19.4062763"/>
  <node id="5442574884" lat="54.1592394" lon="19.4063762">
    <tag k="access" v="private"/>
    <tag k="amenity" v="parking_entrance"/>
    <tag k="parking" v="underground"/>
  </node>
  <node id="5442728195" lat="54.1530289" lon="19.4189065"/>
  <node id="5442728199" lat="54.1527442" lon="19.4206362"/>
  <node id="5442855063" lat="54.1583979" lon="19.3991322"/>
  <node id="5443317370" lat="54.1578622" lon="19.4084092"/>
  <node id="5443317371" lat="54.1578831" lon="19.4073201"/>
  <node id="5443317372" lat="54.1576236" lon="19.4073248"/>
  <node id="5443317373" lat="54.1574301" lon="19.4072972"/>
  <node id="5443317374" lat="54.1578025" lon="19.4098111"/>
  <node id="5443317375" lat="54.1578425" lon="19.4096409"/>
  <node id="5443317389" lat="54.1560690" lon="19.4102336"/>
  <node id="5443317395" lat="54.1565929" lon="19.4107894"/>
  <node id="5443317396" lat="54.1565924" lon="19.4107768"/>
  <node id="5443317623" lat="54.1553297" lon="19.4115607"/>
  <node id="5443337492" lat="54.1554700" lon="19.4124847"/>
  <node id="5443427542" lat="54.1526232" lon="19.4111646"/>
  <node id="5443455689" lat="54.1534407" lon="19.4076869"/>
  <node id="5443455690" lat="54.1544090" lon="19.4090103"/>
  <node id="5443689167" lat="54.1534390" lon="19.4131520"/>
  <node id="5443689174" lat="54.1530904" lon="19.4128281"/>
  <node id="5443689175" lat="54.1532650" lon="19.4127096"/>
  <node id="5443689176" lat="54.1529060" lon="19.4126729"/>
  <node id="5443689177" lat="54.1530945" lon="19.4126926"/>
  <node id="5443689178" lat="54.1535264" lon="19.4131914"/>
  <node id="5443689179" lat="54.1532345" lon="19.4138423"/>
  <node id="5443689180" lat="54.1532043" lon="19.4137959"/>
  <node id="5443689181" lat="54.1531839" lon="19.4137733"/>
  <node id="5443689182" lat="54.1531792" lon="19.4137153"/>
  <node id="5443689183" lat="54.1532668" lon="19.4134203"/>
  <node id="5443689184" lat="54.1533933" lon="19.4131020"/>
  <node id="5443689185" lat="54.1532822" lon="19.4134358"/>
  <node id="5443689186" lat="54.1532096" lon="19.4140729"/>
  <node id="5443689192" lat="54.1530837" lon="19.4139728"/>
  <node id="5443790295" lat="54.1568119" lon="19.4138643"/>
  <node id="5443790306" lat="54.1566412" lon="19.4122567"/>
  <node id="5443790311" lat="54.1554656" lon="19.4125157"/>
  <node id="5443831883" lat="54.1527896" lon="19.4148671"/>
  <node id="5443831884" lat="54.1526823" lon="19.4148813"/>
  <node id="5444780591" lat="54.1579339" lon="19.4086943">
    <tag k="crossing" v="zebra"/>
    <tag k="highway" v="crossing"/>
  </node>
  <node id="5445966945" lat="54.1651236" lon="19.4006854"/>
  <node id="5446015377" lat="54.1564650" lon="19.4013150"/>
  <node id="5446015378" lat="54.1564456" lon="19.4012765"/>
  <node id="5446015379" lat="54.1563676" lon="19.4002243"/>
  <node id="5446031997" lat="54.1625311" lon="19.4002133"/>
  <node id="5446031998" lat="54.1629616" lon="19.4016582"/>
  <node id="5446031999" lat="54.1625932" lon="19.3989302"/>
  <node id="5448454331" lat="54.1616100" lon="19.4026262"/>
  <node id="5448454332" lat="54.1616395" lon="19.4021260"/>
  <node id="5448454333" lat="54.1613661" lon="19.4026300"/>
  <node id="5448454334" lat="54.1614947" lon="19.4026295"/>
  <node id="5448454335" lat="54.1613896" lon="19.4026290"/>
  <node id="5448454336" lat="54.1615501" lon="19.4012271"/>
  <node id="5448454337" lat="54.1611749" lon="19.4012302"/>
  <node id="5448454338" lat="54.1612082" lon="19.4012607"/>
  <node id="5448454343" lat="54.1615354" lon="19.4012378"/>
  <node id="5448454345" lat="54.1613163" lon="19.4006785"/>
  <node id="5448495832" lat="54.1601863" lon="19.4081972"/>
  <node id="5448495834" lat="54.1621240" lon="19.4041326"/>
  <node id="5448495835" lat="54.1622115" lon="19.4041704"/>
  <node id="5448495836" lat="54.1623887" lon="19.4042756"/>
  <node id="5448495837" lat="54.1624680" lon="19.4043283"/>
  <node id="5448495838" lat="54.1625554" lon="19.4043979"/>
  <node id="5448495839" lat="54.1623032" lon="19.4042230"/>
  <node id="5448495840" lat="54.1620429" lon="19.4041083"/>
  <node id="5451351799" lat="54.1554827" lon="19.4007273"/>
  <node id="5451351805" lat="54.1555810" lon="19.4015830"/>
  <node id="5451351806" lat="54.1556162" lon="19.4021601"/>
  <node id="5451351807" lat="54.1553583" lon="19.4007692"/>
  <node id="5451351808" lat="54.1553002" lon="19.4006753"/>
  <node id="5451351809" lat="54.1547175" lon="19.4007826"/>
  <node id="5451351810" lat="54.1546578" lon="19.4007075"/>
  <node id="5451351811" lat="54.1546515" lon="19.4006244"/>
  <node id="5451351812" lat="54.1546735" lon="19.4005359"/>
  <node id="5451351813" lat="54.1551479" lon="19.4004608"/>
  <node id="5451351814" lat="54.1551730" lon="19.4005198"/>
  <node id="5451351815" lat="54.1551813" lon="19.4006968"/>
  <node id="5451351816" lat="54.1548808" lon="19.4010133"/>
  <node id="5451351817" lat="54.1552845" lon="19.4009301"/>
  <node id="5451351818" lat="54.1555091" lon="19.4010764"/>
  <node id="5451351819" lat="54.1554866" lon="19.4008649"/>
  <node id="5451351820" lat="54.1553854" lon="19.3998136">
    <tag k="barrier" v="gate"/>
  </node>
  <node id="5451352621" lat="54.1554320" lon="19.4002506"/>
  <node id="5451352622" lat="54.1553065" lon="19.4002918"/>
  <node id="5454700895" lat="54.1614424" lon="19.3975356">
    <tag k="barrier" v="gate"/>
  </node>
  <node id="5454700896" lat="54.1612890" lon="19.3982348"/>
  <node id="5454700897" lat="54.1612790" lon="19.3982870"/>
  <node id="5454700898" lat="54.1612779" lon="19.3983325">
    <tag k="crossing" v="zebra"/>
    <tag k="highway" v="crossing"/>
  </node>
  <node id="5454700899" lat="54.1613016" lon="19.3985908"/>
  <node id="5454700900" lat="54.1612919" lon="19.3985529"/>
  <node id="5454700901" lat="54.1612322" lon="19.3985504"/>
  <node id="5454737744" lat="54.1580136" lon="19.3998508"/>
  <node id="5454786553" lat="54.1628482" lon="19.3965611">
    <tag k="crossing" v="zebra"/>
    <tag k="highway" v="crossing"/>
  </node>
  <node id="5454822551" lat="54.1660548" lon="19.3965847">
    <tag k="crossing" v="zebra"/>
    <tag k="highway" v="crossing"/>
  </node>
  <node id="5454880377" lat="54.1578608" lon="19.4085081">
    <tag k="crossing" v="zebra"/>
    <tag k="highway" v="crossing"/>
  </node>
  <node id="5454880378" lat="54.1582679" lon="19.4097079"/>
  <node id="5458609348" lat="54.1592560" lon="19.4151105"/>
  <node id="5458609349" lat="54.1592926" lon="19.4147207">
    <tag k="railway" v="tram_level_crossing"/>
  </node>
  <node id="5458609350" lat="54.1609181" lon="19.4153080"/>
  <node id="5458609351" lat="54.1604337" lon="19.4147688"/>
  <node id="5458609352" lat="54.1607283" lon="19.4148988"/>
  <node id="5458609353" lat="54.1604005" lon="19.4149904"/>
  <node id="5458609357" lat="54.1599240" lon="19.4175152"/>
  <node id="5458609358" lat="54.1595583" lon="19.4174465"/>
  <node id="5458609359" lat="54.1598373" lon="19.4174981">
    <tag k="barrier" v="gate"/>
  </node>
  <node id="5458609366" lat="54.1593674" lon="19.4153878"/>
  <node id="5458609367" lat="54.1599708" lon="19.4141215"/>
  <node id="5458609368" lat="54.1598286" lon="19.4146866"/>
  <node id="5458609398" lat="54.1616317" lon="19.4176592"/>
  <node id="5458609403" lat="54.1616312" lon="19.4178240"/>
  <node id="5458609404" lat="54.1614357" lon="19.4178092"/>
  <node id="5458609405" lat="54.1618589" lon="19.4178374"/>
  <node id="5458609406" lat="54.1618628" lon="19.4176631"/>
  <node id="5458609407" lat="54.1617437" lon="19.4176577"/>
  <node id="5458609408" lat="54.1617422" lon="19.4178307"/>
  <node id="5458615364" lat="54.1609268" lon="19.4189366"/>
  <node id="5458615367" lat="54.1610473" lon="19.4207937"/>
  <node id="5458615368" lat="54.1610809" lon="19.4212011"/>
  <node id="5458615369" lat="54.1611536" lon="19.4219262"/>
  <node id="5458615370" lat="54.1611752" lon="19.4222298"/>
  <node id="5458687163" lat="54.1616866" lon="19.4188654"/>
  <node id="5458687166" lat="54.1627240" lon="19.4199647"/>
  <node id="5458750389" lat="54.1603810" lon="19.4175694">
    <tag k="crossing" v="zebra"/>
    <tag k="highway" v="crossing"/>
  </node>
  <node id="5458750390" lat="54.1609329" lon="19.4177108">
    <tag k="crossing" v="zebra"/>
    <tag k="highway" v="crossing"/>
  </node>
  <node id="5458750391" lat="54.1610543" lon="19.4179330">
    <tag k="crossing" v="zebra"/>
    <tag k="highway" v="crossing"/>
  </node>
  <node id="5458765959" lat="54.1610545" lon="19.4178816">
    <tag k="highway" v="give_way"/>
  </node>
  <node id="5461275777" lat="54.1649172" lon="19.4000135"/>
  <node id="5461275778" lat="54.1650321" lon="19.3999034"/>
  <node id="5461275779" lat="54.1649277" lon="19.3996038"/>
  <node id="5461275780" lat="54.1649011" lon="19.3995829"/>
  <node id="5461275781" lat="54.1648722" lon="19.3995677"/>
  <node id="5461275782" lat="54.1648500" lon="19.3995677"/>
  <node id="5461275783" lat="54.1648300" lon="19.3995734"/>
  <node id="5461275784" lat="54.1648156" lon="19.3995848"/>
  <node id="5461275785" lat="54.1647832" lon="19.3996225"/>
  <node id="5461275786" lat="54.1649831" lon="19.4002058"/>
  <node id="5464445351" lat="54.1609968" lon="19.3930537"/>
  <node id="5464445352" lat="54.1610197" lon="19.3931691"/>
  <node id="5464445353" lat="54.1610118" lon="19.3931114"/>
  <node id="5464445354" lat="54.1609841" lon="19.3930202"/>
  <node id="5464445355" lat="54.1608755" lon="19.3928786"/>
  <node id="5464445356" lat="54.1609609" lon="19.3929719"/>
  <node id="5464445366" lat="54.1609656" lon="19.3946254"/>
  <node id="5464445368" lat="54.1603453" lon="19.3939758"/>
  <node id="5464445369" lat="54.1610331" lon="19.3951120"/>
  <node id="5464445370" lat="54.1600500" lon="19.3920836"/>
  <node id="5464497302" lat="54.1604692" lon="19.3950297"/>
  <node id="5464497303" lat="54.1609256" lon="19.3949065"/>
  <node id="5464497304" lat="54.1603154" lon="19.3936743"/>
  <node id="5471018284" lat="54.1515643" lon="19.4175498"/>
  <node id="5471018285" lat="54.1515730" lon="19.4174739"/>
  <node id="5471018286" lat="54.1513586" lon="19.4168176"/>
  <node id="5471018297" lat="54.1514085" lon="19.4164065"/>
  <node id="5471018300" lat="54.1515628" lon="19.4176249"/>
  <node id="5471018301" lat="54.1514746" lon="19.4178507"/>
  <node id="5471018302" lat="54.1513640" lon="19.4180324"/>
  <node id="5471018303" lat="54.1513180" lon="19.4168661">
    <tag k="crossing" v="zebra"/>
    <tag k="highway" v="crossing"/>
  </node>
  <node id="5471018307" lat="54.1517011" lon="19.4164567"/>
  <node id="5471018308" lat="54.1515736" lon="19.4163882"/>
  <node id="5471018309" lat="54.1515548" lon="19.4168921"/>
  <node id="5471018310" lat="54.1515928" lon="19.4173715"/>
  <node id="5471018311" lat="54.1514991" lon="19.4178301"/>
  <node id="5471048025" lat="54.1518153" lon="19.4181981">
    <tag k="crossing" v="zebra"/>
    <tag k="crossing:island" v="yes"/>
    <tag k="highway" v="crossing"/>
  </node>
  <node id="5471108173" lat="54.1514158" lon="19.4200287"/>
  <node id="5471108174" lat="54.1515700" lon="19.4194880"/>
  <node id="5471108175" lat="54.1512715" lon="19.4206907"/>
  <node id="5471108182" lat="54.1516895" lon="19.4196060"/>
  <node id="5471315622" lat="54.1557458" lon="19.4028987"/>
  <node id="5471315623" lat="54.1558070" lon="19.4038987"/>
  <node id="5471315624" lat="54.1557984" lon="19.4039335"/>
  <node id="5471315625" lat="54.1557049" lon="19.4041547"/>
  <node id="5471315635" lat="54.1558941" lon="19.4007911"/>
  <node id="5471315638" lat="54.1535560" lon="19.3915117"/>
  <node id="5471315639" lat="54.1533678" lon="19.3916473"/>
  <node id="5471315641" lat="54.1534309" lon="19.3915358"/>
  <node id="5471315642" lat="54.1533958" lon="19.3914881"/>
  <node id="5471315648" lat="54.1534698" lon="19.3916022"/>
  <node id="5471777535" lat="54.1540151" lon="19.4126834"/>
  <node id="5471777542" lat="54.1541166" lon="19.4123384">
    <tag k="crossing" v="zebra"/>
    <tag k="highway" v="crossing"/>
  </node>
  <node id="5471801779" lat="54.1595696" lon="19.4014792">
    <tag k="crossing" v="zebra"/>
    <tag k="highway" v="crossing"/>
  </node>
  <node id="5471801788" lat="54.1569631" lon="19.4043834"/>
  <node id="5478484238" lat="54.1593161" lon="19.4152737"/>
  <node id="5478484240" lat="54.1592667" lon="19.4149499"/>
  <node id="5478654406" lat="54.1589513" lon="19.4177734"/>
  <node id="5478654407" lat="54.1584827" lon="19.4176759"/>
  <node id="5478654408" lat="54.1582150" lon="19.4177941">
    <tag k="crossing" v="zebra"/>
    <tag k="highway" v="crossing"/>
  </node>
  <node id="5478654409" lat="54.1582947" lon="19.4180983">
    <tag k="crossing" v="zebra"/>
    <tag k="crossing:island" v="no"/>
    <tag k="highway" v="crossing"/>
    <tag k="tactile_paving" v="yes"/>
  </node>
  <node id="5478654411" lat="54.1576796" lon="19.4174302">
    <tag k="crossing" v="zebra"/>
    <tag k="highway" v="crossing"/>
  </node>
  <node id="5478654414" lat="54.1558645" lon="19.4167547"/>
  <node id="5478654417" lat="54.1555619" lon="19.4187070">
    <tag k="crossing" v="zebra"/>
    <tag k="crossing:island" v="no"/>
    <tag k="highway" v="crossing"/>
    <tag k="tactile_paving" v="no"/>
  </node>
  <node id="5478654418" lat="54.1559775" lon="19.4168047">
    <tag k="crossing" v="zebra"/>
    <tag k="highway" v="crossing"/>
  </node>
  <node id="5478654419" lat="54.1558393" lon="19.4169172">
    <tag k="crossing" v="zebra"/>
    <tag k="highway" v="crossing"/>
  </node>
  <node id="5478655522" lat="54.1589792" lon="19.4187267"/>
  <node id="5478655535" lat="54.1593173" lon="19.4137131"/>
  <node id="5478655537" lat="54.1593700" lon="19.4132006"/>
  <node id="5478655538" lat="54.1593791" lon="19.4131847"/>
  <node id="5478655539" lat="54.1598197" lon="19.4092898">
    <tag k="railway" v="tram_level_crossing"/>
  </node>
  <node id="5478655540" lat="54.1597990" lon="19.4092328">
    <tag k="railway" v="tram_level_crossing"/>
  </node>
  <node id="5478655541" lat="54.1597577" lon="19.4091407">
    <tag k="railway" v="tram_level_crossing"/>
  </node>
  <node id="5478655542" lat="54.1597584" lon="19.4091219">
    <tag k="railway" v="tram_level_crossing"/>
  </node>
  <node id="5478817505" lat="54.1612776" lon="19.4116095">
    <tag k="crossing" v="zebra"/>
    <tag k="highway" v="crossing"/>
  </node>
  <node id="5478817507" lat="54.1637887" lon="19.4114397">
    <tag k="crossing" v="zebra"/>
    <tag k="highway" v="crossing"/>
  </node>
  <node id="5478817508" lat="54.1633045" lon="19.4099335">
    <tag k="barrier" v="lift_gate"/>
  </node>
  <node id="5478817509" lat="54.1633360" lon="19.4102937">
    <tag k="direction" v="both"/>
    <tag k="traffic_calming" v="bump"/>
  </node>
  <node id="5478817510" lat="54.1631191" lon="19.4098942">
    <tag k="direction" v="both"/>
    <tag k="traffic_calming" v="bump"/>
  </node>
  <node id="5478817511" lat="54.1630652" lon="19.4108499"/>
  <node id="5478817512" lat="54.1631267" lon="19.4117404"/>
  <node id="5478817513" lat="54.1631155" lon="19.4116126">
    <tag k="barrier" v="lift_gate"/>
  </node>
  <node id="5478817514" lat="54.1638071" lon="19.4116614"/>
  <node id="5478817515" lat="54.1628831" lon="19.4117415"/>
  <node id="5478817516" lat="54.1628164" lon="19.4116516"/>
  <node id="5478817517" lat="54.1625553" lon="19.4117094"/>
  <node id="5478817518" lat="54.1627539" lon="19.4116663"/>
  <node id="5478817519" lat="54.1626569" lon="19.4114776"/>
  <node id="5478817520" lat="54.1626237" lon="19.4110034"/>
  <node id="5478817921" lat="54.1625988" lon="19.4109697"/>
  <node id="5478817922" lat="54.1625056" lon="19.4109839"/>
  <node id="5478817923" lat="54.1624838" lon="19.4110175"/>
  <node id="5478817924" lat="54.1625211" lon="19.4115006"/>
  <node id="5478817925" lat="54.1634380" lon="19.4113361"/>
  <node id="5478817926" lat="54.1634557" lon="19.4117220"/>
  <node id="5478817927" lat="54.1639102" lon="19.4130028"/>
  <node id="5478817928" lat="54.1634121" lon="19.4130561"/>
  <node id="5478817929" lat="54.1633914" lon="19.4130738"/>
  <node id="5478817930" lat="54.1633811" lon="19.4131057"/>
  <node id="5478817931" lat="54.1633966" lon="19.4131764"/>
  <node id="5478817932" lat="54.1636681" lon="19.4133941"/>
  <node id="5478817933" lat="54.1633795" lon="19.4131437"/>
  <node id="5478817946" lat="54.1637174" lon="19.4121760"/>
  <node id="5478817947" lat="54.1630763" lon="19.4122934"/>
  <node id="5478817948" lat="54.1639748" lon="19.4139742"/>
  <node id="5486330409" lat="54.1601988" lon="19.4203485"/>
  <node id="5486336440" lat="54.1596423" lon="19.4202879"/>
  <node id="5486336443" lat="54.1597607" lon="19.4203269"/>
  <node id="5486336445" lat="54.1596317" lon="19.4198500"/>
  <node id="5486336492" lat="54.1596680" lon="19.4203111"/>
  <node id="5486336513" lat="54.1598628" lon="19.4187204">
    <tag k="barrier" v="gate"/>
  </node>
  <node id="5490367643" lat="54.1459277" lon="19.4061123"/>
  <node id="5490367644" lat="54.1460706" lon="19.4052694"/>
  <node id="5490367646" lat="54.1460714" lon="19.4044527"/>
  <node id="5495947454" lat="54.1444555" lon="19.4091733"/>
  <node id="5522542324" lat="54.1631077" lon="19.3957134"/>
  <node id="5522542381" lat="54.1617117" lon="19.3952251"/>
  <node id="5522542382" lat="54.1616689" lon="19.3954049">
    <tag k="barrier" v="lift_gate"/>
  </node>
  <node id="5522542383" lat="54.1615833" lon="19.3958405"/>
  <node id="5522542384" lat="54.1617435" lon="19.3950687"/>
  <node id="5522542385" lat="54.1617331" lon="19.3949766"/>
  <node id="5522542386" lat="54.1616854" lon="19.3949625"/>
  <node id="5522542387" lat="54.1611135" lon="19.3949625"/>
  <node id="5522542388" lat="54.1611239" lon="19.3950793"/>
  <node id="5522542389" lat="54.1611467" lon="19.3951430"/>
  <node id="5522542390" lat="54.1616067" lon="19.3951607"/>
  <node id="5522542391" lat="54.1630501" lon="19.3959968"/>
  <node id="5522542392" lat="54.1629213" lon="19.3959244">
    <tag k="barrier" v="lift_gate"/>
  </node>
  <node id="5522542393" lat="54.1628609" lon="19.3958905"/>
  <node id="5522542394" lat="54.1628948" lon="19.3956492"/>
  <node id="5522542395" lat="54.1620403" lon="19.3951634"/>
  <node id="5522542396" lat="54.1619987" lon="19.3951979"/>
  <node id="5522542397" lat="54.1619602" lon="19.3953847"/>
  <node id="5522542420" lat="54.1629980" lon="19.3962754"/>
  <node id="5522542421" lat="54.1632470" lon="19.3964080"/>
  <node id="5522542422" lat="54.1633040" lon="19.3964258"/>
  <node id="5522542432" lat="54.1631252" lon="19.3963468">
    <tag k="barrier" v="lift_gate"/>
  </node>
  <node id="5522660508" lat="54.1642501" lon="19.3977073"/>
  <node id="5522660509" lat="54.1642204" lon="19.3978250"/>
  <node id="5522660510" lat="54.1637399" lon="19.3974333"/>
  <node id="5522660511" lat="54.1636959" lon="19.3974494"/>
  <node id="5522660512" lat="54.1636739" lon="19.3974789"/>
  <node id="5522660513" lat="54.1636629" lon="19.3975326"/>
  <node id="5522660514" lat="54.1636613" lon="19.3975916"/>
  <node id="5522660515" lat="54.1636708" lon="19.3976452"/>
  <node id="5522660516" lat="54.1637210" lon="19.3977123"/>
  <node id="5522660517" lat="54.1642141" lon="19.3980744"/>
  <node id="5522660518" lat="54.1642439" lon="19.3980744"/>
  <node id="5522660519" lat="54.1642659" lon="19.3980583"/>
  <node id="5522660520" lat="54.1642816" lon="19.3980047"/>
  <node id="5522664221" lat="54.1642816" lon="19.3979322"/>
  <node id="5522664222" lat="54.1642581" lon="19.3978759"/>
  <node id="5522664239" lat="54.1642398" lon="19.3977481">
    <tag k="barrier" v="gate"/>
  </node>
  <node id="5522664240" lat="54.1629240" lon="19.3968831"/>
  <node id="5522664241" lat="54.1629272" lon="19.3968339"/>
  <node id="5522664246" lat="54.1633784" lon="19.3969545"/>
  <node id="5522664287" lat="54.1635325" lon="19.3970936"/>
  <node id="5522664310" lat="54.1638102" lon="19.3966072"/>
  <node id="5522664311" lat="54.1641239" lon="19.3967481"/>
  <node id="5522664312" lat="54.1643307" lon="19.3968302"/>
  <node id="5522664314" lat="54.1640784" lon="19.3967277"/>
  <node id="5522664315" lat="54.1640007" lon="19.3966928"/>
  <node id="5522664318" lat="54.1638819" lon="19.3966394"/>
  <node id="5522664336" lat="54.1647133" lon="19.3980961"/>
  <node id="5522664337" lat="54.1647712" lon="19.3978817">
    <tag k="barrier" v="gate"/>
  </node>
  <node id="5522664338" lat="54.1647952" lon="19.3977624"/>
  <node id="5522664339" lat="54.1648097" lon="19.3976678"/>
  <node id="5522664340" lat="54.1648073" lon="19.3975937"/>
  <node id="5522664341" lat="54.1647880" lon="19.3974580"/>
  <node id="5522664342" lat="54.1647687" lon="19.3973675"/>
  <node id="5522664343" lat="54.1642016" lon="19.3976664"/>
  <node id="5522664344" lat="54.1642224" lon="19.3975881">
    <tag k="barrier" v="gate"/>
  </node>
  <node id="5522664345" lat="54.1642623" lon="19.3973893"/>
  <node id="5522664370" lat="54.1612031" lon="19.3971747"/>
  <node id="5522664373" lat="54.1626463" lon="19.3964465"/>
  <node id="5522664377" lat="54.1615515" lon="19.3958268"/>
  <node id="5522683458" lat="54.1609135" lon="19.3946409"/>
  <node id="5522683481" lat="54.1600748" lon="19.3921547"/>
  <node id="5522695872" lat="54.1597479" lon="19.3976126"/>
  <node id="5522733148" lat="54.1590986" lon="19.3975597">
    <tag k="highway" v="crossing"/>
  </node>
  <node id="5522733149" lat="54.1592492" lon="19.3975446">
    <tag k="highway" v="crossing"/>
  </node>
  <node id="5522733150" lat="54.1591844" lon="19.3975520"/>
  <node id="5522797501" lat="54.1585750" lon="19.3976377"/>
  <node id="5522797502" lat="54.1586099" lon="19.3976322"/>
  <node id="5522797503" lat="54.1583201" lon="19.3976800"/>
  <node id="5522797517" lat="54.1580515" lon="19.3977238"/>
  <node id="5522798255" lat="54.1579378" lon="19.3977483"/>
  <node id="5522798256" lat="54.1577412" lon="19.3977820"/>
  <node id="5522798257" lat="54.1577425" lon="19.3978792"/>
  <node id="5522798258" lat="54.1577410" lon="19.3980217"/>
  <node id="5522798259" lat="54.1569227" lon="19.3980861"/>
  <node id="5522798261" lat="54.1564511" lon="19.3953591"/>
  <node id="5522798262" lat="54.1569930" lon="19.3946225"/>
  <node id="5522798263" lat="54.1569071" lon="19.3944636">
    <tag k="barrier" v="gate"/>
  </node>
  <node id="5522798264" lat="54.1567165" lon="19.3936607"/>
  <node id="5522798265" lat="54.1568118" lon="19.3942757"/>
  <node id="5522798266" lat="54.1568341" lon="19.3943328"/>
  <node id="5522798272" lat="54.1572708" lon="19.3939937"/>
  <node id="5522798273" lat="54.1572792" lon="19.3941548"/>
  <node id="5522798274" lat="54.1572467" lon="19.3943265"/>
  <node id="5522798275" lat="54.1571443" lon="19.3948283">
    <tag k="barrier" v="gate"/>
  </node>
  <node id="5522798276" lat="54.1571095" lon="19.3950179"/>
  <node id="5522834598" lat="54.1562698" lon="19.3962764">
    <tag k="barrier" v="gate"/>
  </node>
  <node id="5522834599" lat="54.1564964" lon="19.3973248"/>
  <node id="5522835643" lat="54.1579708" lon="19.3977422"/>
  <node id="5522835677" lat="54.1560010" lon="19.3953556"/>
  <node id="5522835678" lat="54.1558661" lon="19.3954698"/>
  <node id="5522835679" lat="54.1556018" lon="19.3954296"/>
  <node id="5522835680" lat="54.1554482" lon="19.3954036"/>
  <node id="5522835681" lat="54.1553947" lon="19.3954053"/>
  <node id="5522835682" lat="54.1553344" lon="19.3952273"/>
  <node id="5522835683" lat="54.1553624" lon="19.3951342"/>
  <node id="5522835684" lat="54.1554496" lon="19.3948082"/>
  <node id="5522835685" lat="54.1554953" lon="19.3946167"/>
  <node id="5522835686" lat="54.1554953" lon="19.3944773"/>
  <node id="5522835687" lat="54.1554620" lon="19.3943379"/>
  <node id="5522835688" lat="54.1554385" lon="19.3942434"/>
  <node id="5522835689" lat="54.1553043" lon="19.3943521"/>
  <node id="5522835690" lat="54.1554394" lon="19.3948464"/>
  <node id="5522835695" lat="54.1552336" lon="19.3966992"/>
  <node id="5522835696" lat="54.1549430" lon="19.3958381"/>
  <node id="5531302728" lat="54.1580733" lon="19.3977202"/>
  <node id="5535691200" lat="54.1547383" lon="19.3964884"/>
  <node id="5535691201" lat="54.1545966" lon="19.3966338"/>
  <node id="5535691203" lat="54.1544198" lon="19.3962487"/>
  <node id="5535691204" lat="54.1545127" lon="19.3964243"/>
  <node id="5535691205" lat="54.1546083" lon="19.3966862"/>
  <node id="5535691206" lat="54.1547337" lon="19.3969958"/>
  <node id="5535691322" lat="54.1539179" lon="19.3972382"/>
  <node id="5535691323" lat="54.1540054" lon="19.3967014"/>
  <node id="5535691324" lat="54.1540191" lon="19.3966068"/>
  <node id="5535691325" lat="54.1540376" lon="19.3965613"/>
  <node id="5535691326" lat="54.1540964" lon="19.3964935"/>
  <node id="5535691327" lat="54.1542474" lon="19.3963313"/>
  <node id="5535691328" lat="54.1543664" lon="19.3962110"/>
  <node id="5535691329" lat="54.1542796" lon="19.3961865"/>
  <node id="5535691330" lat="54.1539948" lon="19.3952912"/>
  <node id="5535691331" lat="54.1539340" lon="19.3952625"/>
  <node id="5535691332" lat="54.1538821" lon="19.3952625"/>
  <node id="5535691333" lat="54.1537659" lon="19.3953465"/>
  <node id="5535691334" lat="54.1536332" lon="19.3954960"/>
  <node id="5535691335" lat="54.1535826" lon="19.3955917"/>
  <node id="5535691336" lat="54.1535785" lon="19.3956758"/>
  <node id="5535691337" lat="54.1535908" lon="19.3957878"/>
  <node id="5535691338" lat="54.1536920" lon="19.3962245"/>
  <node id="5535691339" lat="54.1539617" lon="19.3952675"/>
  <node id="5535691358" lat="54.1537816" lon="19.3953352"/>
  <node id="5535691359" lat="54.1536538" lon="19.3950827"/>
  <node id="5535691360" lat="54.1536246" lon="19.3950263"/>
  <node id="5535691372" lat="54.1536857" lon="19.3951460">
    <tag k="barrier" v="gate"/>
  </node>
  <node id="5535691386" lat="54.1538228" lon="19.3935123"/>
  <node id="5535691387" lat="54.1537851" lon="19.3935875"/>
  <node id="5535691396" lat="54.1530927" lon="19.3954253"/>
  <node id="5535691397" lat="54.1530350" lon="19.3953236"/>
  <node id="5535691398" lat="54.1529953" lon="19.3952713">
    <tag k="barrier" v="gate"/>
  </node>
  <node id="5535691399" lat="54.1527833" lon="19.3952420"/>
  <node id="5535691426" lat="54.1525571" lon="19.3955487"/>
  <node id="5535691427" lat="54.1525223" lon="19.3965185"/>
  <node id="5535691456" lat="54.1524110" lon="19.3972637"/>
  <node id="5535691457" lat="54.1521960" lon="19.3972079"/>
  <node id="5535691458" lat="54.1516394" lon="19.3974438"/>
  <node id="5535691459" lat="54.1516846" lon="19.3974353"/>
  <node id="5535691460" lat="54.1521106" lon="19.3972118"/>
  <node id="5535691461" lat="54.1518726" lon="19.3973328"/>
  <node id="5535691462" lat="54.1520145" lon="19.3972470"/>
  <node id="5535691463" lat="54.1518386" lon="19.3969045"/>
  <node id="5535691464" lat="54.1518581" lon="19.3970957"/>
  <node id="5535691465" lat="54.1518450" lon="19.3970152"/>
  <node id="5535723142" lat="54.1501313" lon="19.3946297"/>
  <node id="5535723166" lat="54.1491973" lon="19.3947659"/>
  <node id="5535723167" lat="54.1492604" lon="19.3950555"/>
  <node id="5535723168" lat="54.1492983" lon="19.3952281"/>
  <node id="5535723169" lat="54.1493074" lon="19.3953760"/>
  <node id="5535723174" lat="54.1484799" lon="19.3956953"/>
  <node id="5535723175" lat="54.1492815" lon="19.3958123"/>
  <node id="5535723176" lat="54.1492182" lon="19.3968534"/>
  <node id="5535723198" lat="54.1478265" lon="19.3938709"/>
  <node id="5535723199" lat="54.1485603" lon="19.3939948"/>
  <node id="5535723200" lat="54.1484816" lon="19.3956052"/>
  <node id="5535723205" lat="54.1482918" lon="19.3963904"/>
  <node id="5535723521" lat="54.1519469" lon="19.3958055"/>
  <node id="5535723522" lat="54.1518808" lon="19.3964191"/>
  <node id="5535723526" lat="54.1513940" lon="19.3973920"/>
  <node id="5535723527" lat="54.1514788" lon="19.3962828"/>
  <node id="5535723528" lat="54.1515203" lon="19.3957626"/>
  <node id="5535723529" lat="54.1515513" lon="19.3956033"/>
  <node id="5535723533" lat="54.1484733" lon="19.3960617"/>
  <node id="5535723534" lat="54.1484919" lon="19.3963661"/>
  <node id="5535723535" lat="54.1475336" lon="19.3955024"/>
  <node id="5535723537" lat="54.1466288" lon="19.3938900"/>
  <node id="5535786846" lat="54.1499938" lon="19.3998476"/>
  <node id="5535786847" lat="54.1498830" lon="19.3999407"/>
  <node id="5535786848" lat="54.1499508" lon="19.3998698"/>
  <node id="5535786849" lat="54.1506124" lon="19.4028084"/>
  <node id="5535786850" lat="54.1505465" lon="19.4025745"/>
  <node id="5535786851" lat="54.1505084" lon="19.4023448"/>
  <node id="5535786852" lat="54.1504762" lon="19.4020379"/>
  <node id="5535786853" lat="54.1504631" lon="19.4016598"/>
  <node id="5535786854" lat="54.1504381" lon="19.4015114"/>
  <node id="5535786855" lat="54.1503560" lon="19.4012634"/>
  <node id="5535786856" lat="54.1499417" lon="19.4000905"/>
  <node id="5535786857" lat="54.1494149" lon="19.3987471"/>
  <node id="5535786910" lat="54.1520053" lon="19.3998349"/>
  <node id="5535786911" lat="54.1520053" lon="19.3999446">
    <tag k="barrier" v="gate"/>
  </node>
  <node id="5535786912" lat="54.1520234" lon="19.4003451"/>
  <node id="5535786913" lat="54.1520721" lon="19.4009120"/>
  <node id="5535786914" lat="54.1521677" lon="19.4017963"/>
  <node id="5535786915" lat="54.1522273" lon="19.4019596"/>
  <node id="5535786916" lat="54.1522471" lon="19.4021383"/>
  <node id="5535786917" lat="54.1522616" lon="19.4022523">
    <tag k="barrier" v="gate"/>
  </node>
  <node id="5535786918" lat="54.1522878" lon="19.4024329"/>
  <node id="5535786954" lat="54.1525445" lon="19.3998262"/>
  <node id="5535786971" lat="54.1525701" lon="19.3986327"/>
  <node id="5535786987" lat="54.1499095" lon="19.3970264"/>
  <node id="5536207347" lat="54.1525535" lon="19.3999479"/>
  <node id="5536207348" lat="54.1527938" lon="19.4006422"/>
  <node id="5536207349" lat="54.1528472" lon="19.4007805"/>
  <node id="5536207350" lat="54.1528704" lon="19.4008665"/>
  <node id="5536207352" lat="54.1531267" lon="19.4020229"/>
  <node id="5536207353" lat="54.1532799" lon="19.4019980"/>
  <node id="5536207383" lat="54.1526346" lon="19.4000011"/>
  <node id="5536207384" lat="54.1527826" lon="19.3999950"/>
  <node id="5536207385" lat="54.1529125" lon="19.4000135"/>
  <node id="5536207386" lat="54.1529034" lon="19.4000997"/>
  <node id="5536207387" lat="54.1534032" lon="19.4002137"/>
  <node id="5536207388" lat="54.1534159" lon="19.4000227"/>
  <node id="5536207389" lat="54.1529197" lon="19.3999149"/>
  <node id="5536207390" lat="54.1531037" lon="19.3996745"/>
  <node id="5536207391" lat="54.1528836" lon="19.3996314"/>
  <node id="5536207392" lat="54.1528496" lon="19.4000045"/>
  <node id="5536207401" lat="54.1538653" lon="19.3999736"/>
  <node id="5536207402" lat="54.1539156" lon="19.3999870"/>
  <node id="5536207403" lat="54.1539627" lon="19.3999829"/>
  <node id="5536207405" lat="54.1540512" lon="19.3985725"/>
  <node id="5536207406" lat="54.1537778" lon="19.3984947"/>
  <node id="5536207407" lat="54.1538752" lon="19.3976176"/>
  <node id="5536207408" lat="54.1538846" lon="19.3974406"/>
  <node id="5536207409" lat="54.1535368" lon="19.3974036"/>
  <node id="5536207410" lat="54.1534700" lon="19.3974081"/>
  <node id="5536207411" lat="54.1534632" lon="19.3974970"/>
  <node id="5536207412" lat="54.1532705" lon="19.3985537"/>
  <node id="5536207413" lat="54.1534621" lon="19.3987629"/>
  <node id="5536207414" lat="54.1536302" lon="19.3989453"/>
  <node id="5536207415" lat="54.1537433" lon="19.3986476"/>
  <node id="5536207416" lat="54.1535029" lon="19.3992940"/>
  <node id="5536207417" lat="54.1532375" lon="19.3989319"/>
  <node id="5536207418" lat="54.1547831" lon="19.3979074"/>
  <node id="5536207419" lat="54.1545094" lon="19.3984154"/>
  <node id="5536207420" lat="54.1544880" lon="19.3984276"/>
  <node id="5536207621" lat="54.1544213" lon="19.3983707"/>
  <node id="5536207622" lat="54.1541785" lon="19.3982853"/>
  <node id="5536207623" lat="54.1540589" lon="19.3985023"/>
  <node id="5536207624" lat="54.1544475" lon="19.3986207"/>
  <node id="5536207625" lat="54.1545322" lon="19.3983731"/>
  <node id="5536207626" lat="54.1546547" lon="19.3985130"/>
  <node id="5536207627" lat="54.1547930" lon="19.3982551"/>
  <node id="5536207631" lat="54.1547136" lon="19.3980363"/>
  <node id="5536207643" lat="54.1553053" lon="19.4008848"/>
  <node id="5536207644" lat="54.1551950" lon="19.4006943"/>
  <node id="5536207651" lat="54.1543626" lon="19.4015582"/>
  <node id="5536207652" lat="54.1546676" lon="19.4015110"/>
  <node id="5536207653" lat="54.1546827" lon="19.4017376"/>
  <node id="5536207656" lat="54.1544601" lon="19.4015229"/>
  <node id="5536207661" lat="54.1538854" lon="19.3985242">
    <tag k="barrier" v="gate"/>
  </node>
  <node id="5536207668" lat="54.1534820" lon="19.3997993"/>
  <node id="5537742485" lat="54.1557779" lon="19.4039821"/>
  <node id="5537742508" lat="54.1550008" lon="19.4038962"/>
  <node id="5537742509" lat="54.1550116" lon="19.4037918">
    <tag k="barrier" v="gate"/>
  </node>
  <node id="5537742510" lat="54.1550447" lon="19.4031672"/>
  <node id="5537742511" lat="54.1550768" lon="19.4030946"/>
  <node id="5537742512" lat="54.1551121" lon="19.4030274"/>
  <node id="5537742513" lat="54.1551722" lon="19.4029867"/>
  <node id="5537742514" lat="54.1554862" lon="19.4029230"/>
  <node id="5537742515" lat="54.1550272" lon="19.4034963"/>
  <node id="5537742516" lat="54.1555007" lon="19.4034114"/>
  <node id="5537742519" lat="54.1555329" lon="19.4042197">
    <tag k="barrier" v="lift_gate"/>
  </node>
  <node id="5537749128" lat="54.1554141" lon="19.4039822"/>
  <node id="5537749129" lat="54.1552155" lon="19.4045622"/>
  <node id="5537749131" lat="54.1550775" lon="19.4049904"/>
  <node id="5537749134" lat="54.1550712" lon="19.4051846">
    <tag k="barrier" v="gate"/>
  </node>
  <node id="5537749135" lat="54.1550691" lon="19.4052777"/>
  <node id="5537749138" lat="54.1549151" lon="19.4057037">
    <tag k="barrier" v="gate"/>
  </node>
  <node id="5537749140" lat="54.1548918" lon="19.4058273"/>
  <node id="5537749154" lat="54.1551303" lon="19.4048100"/>
  <node id="5537749155" lat="54.1549651" lon="19.4046433"/>
  <node id="5537749159" lat="54.1550901" lon="19.4047695"/>
  <node id="5537749172" lat="54.1548011" lon="19.4045661"/>
  <node id="5537749173" lat="54.1544455" lon="19.4054608"/>
  <node id="5537749178" lat="54.1539536" lon="19.4048632"/>
  <node id="5537749179" lat="54.1539936" lon="19.4047680">
    <tag k="barrier" v="gate"/>
  </node>
  <node id="5537749180" lat="54.1540243" lon="19.4046894"/>
  <node id="5537749181" lat="54.1543598" lon="19.4050807"/>
  <node id="5537749182" lat="54.1541695" lon="19.4043305"/>
  <node id="5537749186" lat="54.1540681" lon="19.4033372"/>
  <node id="5537749187" lat="54.1542370" lon="19.4037354"/>
  <node id="5537749188" lat="54.1542879" lon="19.4037670"/>
  <node id="5537749189" lat="54.1543998" lon="19.4037913"/>
  <node id="5537749217" lat="54.1539493" lon="19.4018818"/>
  <node id="5537749218" lat="54.1539576" lon="19.4019735">
    <tag k="barrier" v="gate"/>
  </node>
  <node id="5537749219" lat="54.1539737" lon="19.4021896"/>
  <node id="5537749222" lat="54.1539901" lon="19.4029103"/>
  <node id="5537749224" lat="54.1538234" lon="19.4029210"/>
  <node id="5537749228" lat="54.1538223" lon="19.4030540"/>
  <node id="5537749232" lat="54.1541412" lon="19.4030442"/>
  <node id="5537749236" lat="54.1541432" lon="19.4029135"/>
  <node id="5537749237" lat="54.1544652" lon="19.4028462">
    <tag k="barrier" v="gate"/>
  </node>
  <node id="5537749238" lat="54.1545180" lon="19.4028363"/>
  <node id="5537749253" lat="54.1551215" lon="19.4075678"/>
  <node id="5537749254" lat="54.1551892" lon="19.4073560"/>
  <node id="5537749258" lat="54.1549518" lon="19.4077774"/>
  <node id="5537749323" lat="54.1544459" lon="19.4063427"/>
  <node id="5537749324" lat="54.1542709" lon="19.4060423"/>
  <node id="5537749325" lat="54.1543329" lon="19.4061489"/>
  <node id="5537749326" lat="54.1544526" lon="19.4058510"/>
  <node id="5537749327" lat="54.1545039" lon="19.4057131"/>
  <node id="5537749328" lat="54.1545485" lon="19.4055888"/>
  <node id="5537749382" lat="54.1523222" lon="19.4024249"/>
  <node id="5537749383" lat="54.1523493" lon="19.4026866"/>
  <node id="5537749387" lat="54.1524934" lon="19.4028368"/>
  <node id="5537749388" lat="54.1525201" lon="19.4029513"/>
  <node id="5537749389" lat="54.1526738" lon="19.4030701"/>
  <node id="5537749390" lat="54.1527573" lon="19.4025463"/>
  <node id="5537749391" lat="54.1523419" lon="19.4026252"/>
  <node id="5537749395" lat="54.1523697" lon="19.4026199"/>
  <node id="5537749421" lat="54.1532044" lon="19.4032521"/>
  <node id="5537749422" lat="54.1528178" lon="19.4034305"/>
  <node id="5537749423" lat="54.1529395" lon="19.4040750"/>
  <node id="5537749424" lat="54.1529285" lon="19.4041591"/>
  <node id="5537749425" lat="54.1528944" lon="19.4042711"/>
  <node id="5537749426" lat="54.1528465" lon="19.4043762"/>
  <node id="5537749427" lat="54.1529070" lon="19.4039028">
    <tag k="barrier" v="gate"/>
  </node>
  <node id="5551950384" lat="54.1514045" lon="19.4029965">
    <tag k="barrier" v="lift_gate"/>
  </node>
  <node id="5551950405" lat="54.1538166" lon="19.4062456"/>
  <node id="5551950406" lat="54.1537055" lon="19.4061136"/>
  <node id="5551950407" lat="54.1534156" lon="19.4058985"/>
  <node id="5551950408" lat="54.1535209" lon="19.4068796"/>
  <node id="5551950409" lat="54.1533386" lon="19.4068112"/>
  <node id="5551950410" lat="54.1533027" lon="19.4067950"/>
  <node id="5551951053" lat="54.1540051" lon="19.4071041"/>
  <node id="5552002755" lat="54.1486553" lon="19.4019418"/>
  <node id="5552002756" lat="54.1486732" lon="19.4030542"/>
  <node id="5552002775" lat="54.1486735" lon="19.4029987"/>
  <node id="5552002799" lat="54.1474825" lon="19.4022257"/>
  <node id="5552002800" lat="54.1474881" lon="19.4030327"/>
  <node id="5552003094" lat="54.1475983" lon="19.4005370"/>
  <node id="5552003095" lat="54.1465771" lon="19.4005322"/>
  <node id="5552003339" lat="54.1463641" lon="19.3995462"/>
  <node id="5552003340" lat="54.1466119" lon="19.3991888"/>
  <node id="5552003341" lat="54.1467332" lon="19.3990379"/>
  <node id="5552003359" lat="54.1471269" lon="19.4028743">
    <tag k="direction" v="forward"/>
    <tag k="highway" v="give_way"/>
  </node>
  <node id="5552003360" lat="54.1470985" lon="19.4027774"/>
  <node id="5552003361" lat="54.1464788" lon="19.4006011"/>
  <node id="5552003362" lat="54.1462747" lon="19.3997893"/>
  <node id="5552003416" lat="54.1460648" lon="19.3990756"/>
  <node id="5552003417" lat="54.1458948" lon="19.3985094"/>
  <node id="5552003418" lat="54.1457100" lon="19.3976834"/>
  <node id="5552003523" lat="54.1465115" lon="19.3972642"/>
  <node id="5552003524" lat="54.1470629" lon="19.3980924"/>
  <node id="5554404903" lat="54.1471151" lon="19.4029612"/>
  <node id="5554525501" lat="54.1463776" lon="19.4071531"/>
  <node id="5554526021" lat="54.1460115" lon="19.4069821"/>
  <node id="5554526023" lat="54.1457449" lon="19.4099277"/>
  <node id="5554526025" lat="54.1454349" lon="19.4097463"/>
  <node id="5554526028" lat="54.1463833" lon="19.4103012"/>
  <node id="5554526068" lat="54.1468521" lon="19.4034949"/>
  <node id="5554526077" lat="54.1477963" lon="19.4063832"/>
  <node id="5554526173" lat="54.1477124" lon="19.4072560"/>
  <node id="5554526175" lat="54.1476544" lon="19.4077496"/>
  <node id="5554526176" lat="54.1476246" lon="19.4080627"/>
  <node id="5554526177" lat="54.1476189" lon="19.4081229"/>
  <node id="5554576747" lat="54.1504131" lon="19.4061401"/>
  <node id="5554576797" lat="54.1511850" lon="19.4115453"/>
  <node id="5562501578" lat="54.1597903" lon="19.3893976">
    <tag k="crossing" v="uncontrolled"/>
    <tag k="crossing:island" v="no"/>
    <tag k="crossing:markings" v="zebra"/>
    <tag k="highway" v="crossing"/>
  </node>
  <node id="5562504056" lat="54.1559688" lon="19.3953829"/>
  <node id="5599773852" lat="54.1530423" lon="19.4126874"/>
  <node id="5599773879" lat="54.1524518" lon="19.4138431"/>
  <node id="5599773880" lat="54.1527205" lon="19.4138461"/>
  <node id="5599773881" lat="54.1527081" lon="19.4141885"/>
  <node id="5599773884" lat="54.1518715" lon="19.4139661"/>
  <node id="5599773886" lat="54.1519113" lon="19.4135860"/>
  <node id="5599773892" lat="54.1520016" lon="19.4147431"/>
  <node id="5599773893" lat="54.1524547" lon="19.4148496"/>
  <node id="5599773894" lat="54.1526927" lon="19.4145220"/>
  <node id="5599773895" lat="54.1518432" lon="19.4142707"/>
  <node id="5599773896" lat="54.1530235" lon="19.4141278"/>
  <node id="5599773898" lat="54.1529074" lon="19.4153107"/>
  <node id="5599773899" lat="54.1527275" lon="19.4150496"/>
  <node id="5599773902" lat="54.1528318" lon="19.4152365"/>
  <node id="5599774346" lat="54.1512698" lon="19.4173631"/>
  <node id="5599774352" lat="54.1513014" lon="19.4173731">
    <tag k="barrier" v="lift_gate"/>
  </node>
  <node id="5600141722" lat="54.1507779" lon="19.4199116"/>
  <node id="5600141723" lat="54.1507303" lon="19.4201556"/>
  <node id="5600141724" lat="54.1506827" lon="19.4204137"/>
  <node id="5600141725" lat="54.1505589" lon="19.4208792"/>
  <node id="5613491237" lat="54.1494843" lon="19.4121623"/>
  <node id="5613491238" lat="54.1495353" lon="19.4125034"/>
  <node id="5613491239" lat="54.1499706" lon="19.4136455"/>
  <node id="5613491240" lat="54.1494660" lon="19.4134192"/>
  <node id="5613491241" lat="54.1498525" lon="19.4130386"/>
  <node id="5613491242" lat="54.1497744" lon="19.4135575"/>
  <node id="5613491243" lat="54.1496638" lon="19.4129642"/>
  <node id="5613491244" lat="54.1495869" lon="19.4134735"/>
  <node id="5613491245" lat="54.1498126" lon="19.4133038"/>
  <node id="5613491246" lat="54.1496230" lon="19.4132347"/>
  <node id="5613491248" lat="54.1498152" lon="19.4135758"/>
  <node id="5613491249" lat="54.1495580" lon="19.4134605"/>
  <node id="5613491251" lat="54.1495240" lon="19.4134452">
    <tag k="barrier" v="lift_gate"/>
  </node>
  <node id="5613491252" lat="54.1497441" lon="19.4143905"/>
  <node id="5613491253" lat="54.1496288" lon="19.4153796"/>
  <node id="5613491256" lat="54.1497373" lon="19.4146122"/>
  <node id="5613491261" lat="54.1495002" lon="19.4163234"/>
  <node id="5613491262" lat="54.1497024" lon="19.4163968"/>
  <node id="5613491263" lat="54.1497239" lon="19.4162198"/>
  <node id="5613491274" lat="54.1494235" lon="19.4168809"/>
  <node id="5613491278" lat="54.1491367" lon="19.4167195"/>
  <node id="5613491280" lat="54.1496885" lon="19.4177046"/>
  <node id="5613491281" lat="54.1497148" lon="19.4177137"/>
  <node id="5613491282" lat="54.1496938" lon="19.4178702"/>
  <node id="5613491285" lat="54.1495253" lon="19.4178096"/>
  <node id="5613491293" lat="54.1498312" lon="19.4173075"/>
  <node id="5613491294" lat="54.1496608" lon="19.4188716"/>
  <node id="5613491308" lat="54.1495709" lon="19.4195194"/>
  <node id="5613491309" lat="54.1496444" lon="19.4190196"/>
  <node id="5613491313" lat="54.1495569" lon="19.4195142"/>
  <node id="5613492434" lat="54.1490418" lon="19.4166611"/>
  <node id="5613492435" lat="54.1489811" lon="19.4167847"/>
  <node id="5613492438" lat="54.1488342" lon="19.4175550"/>
  <node id="5613492517" lat="54.1480338" lon="19.4205649"/>
  <node id="5628419079" lat="54.1488384" lon="19.4163437"/>
  <node id="5628419081" lat="54.1489077" lon="19.4158765"/>
  <node id="5628419082" lat="54.1486856" lon="19.4161597"/>
  <node id="5628419083" lat="54.1486879" lon="19.4160980"/>
  <node id="5628419084" lat="54.1488049" lon="19.4152410"/>
  <node id="5628419091" lat="54.1477554" lon="19.4155301"/>
  <node id="5628419092" lat="54.1485224" lon="19.4159907"/>
  <node id="5628419098" lat="54.1481377" lon="19.4157597"/>
  <node id="5628420248" lat="54.1481749" lon="19.4113494"/>
  <node id="5628420249" lat="54.1481384" lon="19.4114915">
    <tag k="barrier" v="gate"/>
  </node>
  <node id="5628420250" lat="54.1481146" lon="19.4115747"/>
  <node id="5628420251" lat="54.1480421" lon="19.4115640"/>
  <node id="5628420252" lat="54.1477332" lon="19.4113835"/>
  <node id="5628420253" lat="54.1477114" lon="19.4113853"/>
  <node id="5628420254" lat="54.1476855" lon="19.4113959"/>
  <node id="5628420255" lat="54.1476648" lon="19.4114172"/>
  <node id="5628420256" lat="54.1476492" lon="19.4114490"/>
  <node id="5628420257" lat="54.1476430" lon="19.4114844"/>
  <node id="5628420258" lat="54.1476430" lon="19.4115251"/>
  <node id="5628420259" lat="54.1476461" lon="19.4115605"/>
  <node id="5628420260" lat="54.1476555" lon="19.4115870"/>
  <node id="5628420261" lat="54.1476669" lon="19.4116154"/>
  <node id="5628420262" lat="54.1476855" lon="19.4116384"/>
  <node id="5628420263" lat="54.1477125" lon="19.4116561"/>
  <node id="5628420264" lat="54.1480410" lon="19.4118224"/>
  <node id="5628420265" lat="54.1480690" lon="19.4118224"/>
  <node id="5628420266" lat="54.1480794" lon="19.4118932"/>
  <node id="5628420267" lat="54.1480970" lon="19.4119427"/>
  <node id="5628420268" lat="54.1481239" lon="19.4119887"/>
  <node id="5628420269" lat="54.1481613" lon="19.4120277"/>
  <node id="5628420270" lat="54.1483281" lon="19.4121887"/>
  <node id="5628420272" lat="54.1479803" lon="19.4117917"/>
  <node id="5628420295" lat="54.1470505" lon="19.4113884"/>
  <node id="5628420296" lat="54.1470054" lon="19.4115308"/>
  <node id="5628420297" lat="54.1468960" lon="19.4118531"/>
  <node id="5628420298" lat="54.1467934" lon="19.4122220"/>
  <node id="5628420299" lat="54.1468440" lon="19.4122757"/>
  <node id="5628420300" lat="54.1468974" lon="19.4123317"/>
  <node id="5628420301" lat="54.1467620" lon="19.4126586"/>
  <node id="5628420302" lat="54.1471723" lon="19.4116359"/>
  <node id="5628420303" lat="54.1473637" lon="19.4115682"/>
  <node id="5628420336" lat="54.1447205" lon="19.4093283"/>
  <node id="5628573467" lat="54.1462388" lon="19.4179812"/>
  <node id="5628573468" lat="54.1461600" lon="19.4179455"/>
  <node id="5628573469" lat="54.1461037" lon="19.4179345"/>
  <node id="5628573470" lat="54.1460361" lon="19.4179345"/>
  <node id="5628573471" lat="54.1459717" lon="19.4179784"/>
  <node id="5628573472" lat="54.1459299" lon="19.4180169"/>
  <node id="5628573473" lat="54.1458929" lon="19.4180993"/>
  <node id="5628573474" lat="54.1457947" lon="19.4185224"/>
  <node id="5628573475" lat="54.1457818" lon="19.4186680"/>
  <node id="5628573476" lat="54.1457432" lon="19.4188658"/>
  <node id="5628573477" lat="54.1453795" lon="19.4203823"/>
  <node id="5628573478" lat="54.1452862" lon="19.4207093"/>
  <node id="5628573479" lat="54.1451623" lon="19.4213576"/>
  <node id="5628573480" lat="54.1451365" lon="19.4215197"/>
  <node id="5628573481" lat="54.1451301" lon="19.4216488"/>
  <node id="5628573482" lat="54.1451301" lon="19.4217560"/>
  <node id="5628573483" lat="54.1451414" lon="19.4218466"/>
  <node id="5628573484" lat="54.1451526" lon="19.4219208"/>
  <node id="5628573485" lat="54.1451703" lon="19.4219950"/>
  <node id="5628573486" lat="54.1451993" lon="19.4220747"/>
  <node id="5628573487" lat="54.1452331" lon="19.4221351"/>
  <node id="5628573488" lat="54.1452733" lon="19.4221846"/>
  <node id="5628573489" lat="54.1453473" lon="19.4222450"/>
  <node id="5628573490" lat="54.1455308" lon="19.4223274"/>
  <node id="5628573491" lat="54.1461069" lon="19.4226159"/>
  <node id="5628573550" lat="54.1470928" lon="19.4175368"/>
  <node id="5628573551" lat="54.1468935" lon="19.4184384"/>
  <node id="5628573571" lat="54.1480632" lon="19.4195207">
    <tag k="barrier" v="gate"/>
  </node>
  <node id="5628573572" lat="54.1480212" lon="19.4196714"/>
  <node id="5628573573" lat="54.1473586" lon="19.4192433"/>
  <node id="5628573612" lat="54.1472089" lon="19.4188447">
    <tag k="barrier" v="gate"/>
  </node>
  <node id="5628573613" lat="54.1469804" lon="19.4185009"/>
  <node id="5628573614" lat="54.1469417" lon="19.4185517"/>
  <node id="5628573615" lat="54.1469141" lon="19.4186115"/>
  <node id="5628573616" lat="54.1466370" lon="19.4199365"/>
  <node id="5628573713" lat="54.1477490" lon="19.4190262"/>
  <node id="5628573714" lat="54.1478851" lon="19.4184269"/>
  <node id="5628573715" lat="54.1477900" lon="19.4188455"/>
  <node id="5628573716" lat="54.1474467" lon="19.4186281"/>
  <node id="5628573717" lat="54.1477625" lon="19.4189667">
    <tag k="barrier" v="gate"/>
  </node>
  <node id="5628573718" lat="54.1472556" lon="19.4186408">
    <tag k="barrier" v="gate"/>
  </node>
  <node id="5628573719" lat="54.1473437" lon="19.4182239"/>
  <node id="5628573720" lat="54.1473671" lon="19.4181695"/>
  <node id="5628573721" lat="54.1475613" lon="19.4179883"/>
  <node id="5628573724" lat="54.1472784" lon="19.4185469"/>
  <node id="5630224566" lat="54.1489502" lon="19.4165983">
    <tag k="crossing" v="zebra"/>
    <tag k="highway" v="crossing"/>
    <tag k="tactile_paving" v="no"/>
  </node>
  <node id="5642241660" lat="54.1598203" lon="19.4041139">
    <tag k="crossing" v="traffic_signals"/>
    <tag k="crossing:markings" v="zebra"/>
    <tag k="highway" v="crossing"/>
  </node>
  <node id="5642241677" lat="54.1603002" lon="19.4042071"/>
  <node id="5642241678" lat="54.1602741" lon="19.4037960"/>
  <node id="5642241680" lat="54.1602338" lon="19.4035543"/>
  <node id="5642241681" lat="54.1602121" lon="19.4033880"/>
  <node id="5642241682" lat="54.1602059" lon="19.4032854"/>
  <node id="5642241683" lat="54.1602539" lon="19.3996640"/>
  <node id="5642241702" lat="54.1600897" lon="19.4023748">
    <tag k="highway" v="turning_circle"/>
  </node>
  <node id="5642241824" lat="54.1595406" lon="19.4001799">
    <tag k="crossing" v="zebra"/>
    <tag k="highway" v="crossing"/>
  </node>
  <node id="5642241826" lat="54.1597584" lon="19.4024720">
    <tag k="crossing" v="zebra"/>
    <tag k="highway" v="crossing"/>
    <tag k="tactile_paving" v="no"/>
  </node>
  <node id="5642241827" lat="54.1596694" lon="19.4015256">
    <tag k="crossing" v="zebra"/>
    <tag k="highway" v="crossing"/>
  </node>
  <node id="5642241847" lat="54.1601424" lon="19.3990686"/>
  <node id="5642241848" lat="54.1601554" lon="19.3996483"/>
  <node id="5642241849" lat="54.1601512" lon="19.4004479"/>
  <node id="5642241880" lat="54.1599515" lon="19.4024154"/>
  <node id="5642241881" lat="54.1600101" lon="19.4030293"/>
  <node id="5642284969" lat="54.1607637" lon="19.4041248"/>
  <node id="5642284970" lat="54.1601061" lon="19.4042408"/>
  <node id="5642284974" lat="54.1608277" lon="19.4041107">
    <tag k="crossing" v="traffic_signals"/>
    <tag k="crossing:markings" v="zebra"/>
    <tag k="crossing_ref" v="zebra"/>
    <tag k="highway" v="crossing"/>
  </node>
  <node id="5642284975" lat="54.1608284" lon="19.4043976">
    <tag k="crossing" v="traffic_signals"/>
    <tag k="crossing:markings" v="zebra"/>
    <tag k="crossing_ref" v="zebra"/>
    <tag k="highway" v="crossing"/>
  </node>
  <node id="5643682385" lat="54.1582606" lon="19.3988898"/>
  <node id="5643682386" lat="54.1581138" lon="19.3988824"/>
  <node id="5643682390" lat="54.1594563" lon="19.4003002"/>
  <node id="5643682391" lat="54.1594400" lon="19.4002489"/>
  <node id="5643682392" lat="54.1593472" lon="19.3998308"/>
  <node id="5643682393" lat="54.1593646" lon="19.3998563"/>
  <node id="5643682418" lat="54.1594032" lon="19.4001136">
    <tag k="crossing" v="zebra"/>
    <tag k="highway" v="crossing"/>
  </node>
  <node id="5643683139" lat="54.1580138" lon="19.4001901"/>
  <node id="5643683140" lat="54.1580140" lon="19.4006592"/>
  <node id="5643683144" lat="54.1580145" lon="19.4016520"/>
  <node id="5643683145" lat="54.1580142" lon="19.4010568"/>
  <node id="5643683168" lat="54.1595257" lon="19.4015647">
    <tag k="crossing" v="zebra"/>
    <tag k="highway" v="crossing"/>
  </node>
  <node id="5643683171" lat="54.1594405" lon="19.4006433">
    <tag k="crossing" v="zebra"/>
    <tag k="highway" v="crossing"/>
  </node>
  <node id="5643683176" lat="54.1595823" lon="19.4016160"/>
  <node id="5643683177" lat="54.1591122" lon="19.4016462"/>
  <node id="5643683178" lat="54.1595728" lon="19.4015123"/>
  <node id="5643683185" lat="54.1580468" lon="19.4018908"/>
  <node id="5643689155" lat="54.1580122" lon="19.4022914"/>
  <node id="5643689156" lat="54.1580153" lon="19.4030986"/>
  <node id="5643689175" lat="54.1587766" lon="19.4041727">
    <tag k="crossing" v="uncontrolled"/>
    <tag k="crossing:markings" v="zebra"/>
    <tag k="highway" v="crossing"/>
  </node>
  <node id="5643689177" lat="54.1580158" lon="19.4041923">
    <tag k="crossing" v="traffic_signals"/>
    <tag k="crossing:markings" v="zebra"/>
    <tag k="highway" v="crossing"/>
  </node>
  <node id="5643689182" lat="54.1581089" lon="19.4033169">
    <tag k="crossing" v="zebra"/>
    <tag k="highway" v="crossing"/>
    <tag k="tactile_paving" v="no"/>
  </node>
  <node id="5643689184" lat="54.1581082" lon="19.4018885">
    <tag k="crossing" v="zebra"/>
    <tag k="highway" v="crossing"/>
    <tag k="tactile_paving" v="no"/>
  </node>
  <node id="5643689185" lat="54.1581046" lon="19.4008741">
    <tag k="crossing" v="zebra"/>
    <tag k="highway" v="crossing"/>
  </node>
  <node id="5643689187" lat="54.1580785" lon="19.3995959">
    <tag k="crossing" v="zebra"/>
    <tag k="highway" v="crossing"/>
    <tag k="tactile_paving" v="no"/>
  </node>
  <node id="5643689188" lat="54.1580749" lon="19.3988835">
    <tag k="crossing" v="zebra"/>
    <tag k="highway" v="crossing"/>
    <tag k="tactile_paving" v="no"/>
  </node>
  <node id="5643689196" lat="54.1588942" lon="19.3985957">
    <tag k="crossing" v="zebra"/>
    <tag k="highway" v="crossing"/>
  </node>
  <node id="5644504292" lat="54.1558792" lon="19.3986413"/>
  <node id="5644504301" lat="54.1563736" lon="19.3997502"/>
  <node id="5644504302" lat="54.1569360" lon="19.3999716">
    <tag k="crossing" v="zebra"/>
    <tag k="highway" v="crossing"/>
  </node>
  <node id="5644504305" lat="54.1558320" lon="19.4012468">
    <tag k="crossing" v="zebra"/>
    <tag k="highway" v="crossing"/>
    <tag k="tactile_paving" v="no"/>
  </node>
  <node id="5644504306" lat="54.1559346" lon="19.4012255">
    <tag k="crossing" v="zebra"/>
    <tag k="highway" v="crossing"/>
    <tag k="tactile_paving" v="no"/>
  </node>
  <node id="5644504312" lat="54.1568554" lon="19.4012297">
    <tag k="crossing" v="zebra"/>
    <tag k="highway" v="crossing"/>
  </node>
  <node id="5644504313" lat="54.1577445" lon="19.4011970">
    <tag k="crossing" v="zebra"/>
    <tag k="highway" v="crossing"/>
    <tag k="tactile_paving" v="no"/>
  </node>
  <node id="5644505233" lat="54.1580113" lon="19.3982261">
    <tag k="crossing" v="traffic_signals"/>
    <tag k="crossing:island" v="no"/>
    <tag k="crossing:markings" v="zebra"/>
    <tag k="highway" v="crossing"/>
    <tag k="tactile_paving" v="no"/>
  </node>
  <node id="5644505259" lat="54.1577378" lon="19.4006847"/>
  <node id="5644505265" lat="54.1568538" lon="19.4010623"/>
  <node id="5644505269" lat="54.1566945" lon="19.4013447"/>
  <node id="5644505273" lat="54.1565682" lon="19.4038977"/>
  <node id="5644505280" lat="54.1575725" lon="19.4027927"/>
  <node id="5644505281" lat="54.1569961" lon="19.4028104"/>
  <node id="5644505283" lat="54.1574924" lon="19.4027951"/>
  <node id="5644505286" lat="54.1571028" lon="19.4028071"/>
  <node id="5644505287" lat="54.1576117" lon="19.4036340"/>
  <node id="5644505290" lat="54.1570950" lon="19.4036315"/>
  <node id="5644505292" lat="54.1575239" lon="19.4013465"/>
  <node id="5644505293" lat="54.1569254" lon="19.4013561"/>
  <node id="5644505298" lat="54.1580135" lon="19.3996810"/>
  <node id="5644505299" lat="54.1580139" lon="19.4003072"/>
  <node id="5644505304" lat="54.1580140" lon="19.4006116"/>
  <node id="5644505305" lat="54.1580143" lon="19.4010918"/>
  <node id="5644505307" lat="54.1580148" lon="19.4022276">
    <tag k="crossing" v="zebra"/>
    <tag k="crossing:island" v="no"/>
    <tag k="highway" v="crossing"/>
    <tag k="tactile_paving" v="no"/>
  </node>
  <node id="5644505313" lat="54.1580165" lon="19.4025321"/>
  <node id="5644505318" lat="54.1580148" lon="19.4021686"/>
  <node id="5645375202" lat="54.1543903" lon="19.3955189"/>
  <node id="5645375205" lat="54.1555344" lon="19.3986882">
    <tag k="crossing" v="zebra"/>
    <tag k="crossing:island" v="no"/>
    <tag k="highway" v="crossing"/>
  </node>
  <node id="5645375208" lat="54.1550620" lon="19.3975172">
    <tag k="crossing" v="zebra"/>
    <tag k="highway" v="crossing"/>
  </node>
  <node id="5645375211" lat="54.1546833" lon="19.3965484">
    <tag k="crossing" v="zebra"/>
    <tag k="highway" v="crossing"/>
    <tag k="tactile_paving" v="no"/>
  </node>
  <node id="5645380126" lat="54.1550672" lon="19.3970284">
    <tag k="crossing" v="zebra"/>
    <tag k="crossing:island" v="no"/>
    <tag k="highway" v="crossing"/>
  </node>
  <node id="5645380142" lat="54.1557558" lon="19.4015462">
    <tag k="crossing" v="zebra"/>
    <tag k="highway" v="crossing"/>
  </node>
  <node id="5645380146" lat="54.1559375" lon="19.4043577"/>
  <node id="5645380150" lat="54.1557484" lon="19.4063026">
    <tag k="crossing" v="zebra"/>
    <tag k="highway" v="crossing"/>
  </node>
  <node id="5645380151" lat="54.1557348" lon="19.4064244">
    <tag k="crossing" v="zebra"/>
    <tag k="highway" v="crossing"/>
  </node>
  <node id="5645380157" lat="54.1553240" lon="19.4078494">
    <tag k="crossing:markings" v="yes"/>
    <tag k="highway" v="crossing"/>
    <tag k="tactile_paving" v="no"/>
  </node>
  <node id="5645380164" lat="54.1557969" lon="19.4067797">
    <tag k="crossing" v="zebra"/>
    <tag k="highway" v="crossing"/>
    <tag k="tactile_paving" v="no"/>
  </node>
  <node id="5645380165" lat="54.1558901" lon="19.4068533">
    <tag k="crossing" v="zebra"/>
    <tag k="highway" v="crossing"/>
    <tag k="tactile_paving" v="no"/>
  </node>
  <node id="5645750094" lat="54.1598797" lon="19.4047456"/>
  <node id="5645750100" lat="54.1598490" lon="19.4050397"/>
  <node id="5645750225" lat="54.1610277" lon="19.4060809">
    <tag k="crossing" v="zebra"/>
    <tag k="highway" v="crossing"/>
  </node>
  <node id="5645750226" lat="54.1610044" lon="19.4060296"/>
  <node id="5645750229" lat="54.1609562" lon="19.4059269"/>
  <node id="5645750232" lat="54.1609927" lon="19.4062609">
    <tag k="crossing" v="zebra"/>
    <tag k="highway" v="crossing"/>
  </node>
  <node id="5645750236" lat="54.1608776" lon="19.4062777"/>
  <node id="5645750299" lat="54.1606267" lon="19.4062562">
    <tag k="crossing" v="zebra"/>
    <tag k="highway" v="crossing"/>
  </node>
  <node id="5645750301" lat="54.1606359" lon="19.4046734">
    <tag k="barrier" v="lift_gate"/>
  </node>
  <node id="5645750302" lat="54.1606384" lon="19.4045975"/>
  <node id="5645750303" lat="54.1606413" lon="19.4045097"/>
  <node id="5645750314" lat="54.1599030" lon="19.4073235"/>
  <node id="5645750428" lat="54.1596523" lon="19.4073115"/>
  <node id="5645802907" lat="54.1591729" lon="19.4063525"/>
  <node id="5645802914" lat="54.1593436" lon="19.4063315">
    <tag k="barrier" v="lift_gate"/>
  </node>
  <node id="5645802918" lat="54.1594589" lon="19.4061482"/>
  <node id="5645802926" lat="54.1591620" lon="19.4058909"/>
  <node id="5645802927" lat="54.1591334" lon="19.4056434"/>
  <node id="5645802936" lat="54.1597298" lon="19.4050869"/>
  <node id="5645802937" lat="54.1589076" lon="19.4050860"/>
  <node id="5645803016" lat="54.1589584" lon="19.4074798"/>
  <node id="5645835840" lat="54.1573771" lon="19.4060220"/>
  <node id="5645835899" lat="54.1588003" lon="19.4045378"/>
  <node id="5646189378" lat="54.1578450" lon="19.4073601"/>
  <node id="5646189390" lat="54.1578873" lon="19.4095823"/>
  <node id="5646189416" lat="54.1582164" lon="19.4096857"/>
  <node id="5646189624" lat="54.1581660" lon="19.4094718"/>
  <node id="5646189629" lat="54.1582131" lon="19.4087243"/>
  <node id="5646189632" lat="54.1578637" lon="19.4083908"/>
  <node id="5646189634" lat="54.1578597" lon="19.4085565"/>
  <node id="5646189637" lat="54.1578491" lon="19.4094088"/>
  <node id="5646189642" lat="54.1577023" lon="19.4073356"/>
  <node id="5646189651" lat="54.1576078" lon="19.4084920"/>
  <node id="5646189662" lat="54.1572222" lon="19.4095786"/>
  <node id="5646189663" lat="54.1571543" lon="19.4095766"/>
  <node id="5646189664" lat="54.1571043" lon="19.4095461"/>
  <node id="5646189665" lat="54.1570650" lon="19.4094912"/>
  <node id="5646189666" lat="54.1570281" lon="19.4094038"/>
  <node id="5646189667" lat="54.1569984" lon="19.4093062"/>
  <node id="5646189668" lat="54.1569829" lon="19.4085846"/>
  <node id="5646189669" lat="54.1569627" lon="19.4081475"/>
  <node id="5646189670" lat="54.1567362" lon="19.4093244"/>
  <node id="5646189671" lat="54.1566019" lon="19.4093365"/>
  <node id="5646189672" lat="54.1568209" lon="19.4093185"/>
  <node id="5646189673" lat="54.1568401" lon="19.4100075"/>
  <node id="5646189674" lat="54.1573971" lon="19.4098611"/>
  <node id="5646189675" lat="54.1573910" lon="19.4095587"/>
  <node id="5646189676" lat="54.1569018" lon="19.4093129"/>
  <node id="5646189684" lat="54.1573937" lon="19.4096925"/>
  <node id="5646189689" lat="54.1568974" lon="19.4081541"/>
  <node id="5646189821" lat="54.1576178" lon="19.4095333"/>
  <node id="5646189822" lat="54.1576219" lon="19.4098354"/>
  <node id="5646189828" lat="54.1565858" lon="19.4106557"/>
  <node id="5652062043" lat="54.1581435" lon="19.4103022"/>
  <node id="5652062044" lat="54.1581547" lon="19.4104981"/>
  <node id="5652062045" lat="54.1583950" lon="19.4104499"/>
  <node id="5652062046" lat="54.1584594" lon="19.4102996"/>
  <node id="5652062047" lat="54.1584746" lon="19.4102500"/>
  <node id="5652062050" lat="54.1584320" lon="19.4103635"/>
  <node id="5652062063" lat="54.1581488" lon="19.4103947"/>
  <node id="5652062068" lat="54.1590335" lon="19.4129321"/>
  <node id="5652062100" lat="54.1578923" lon="19.4132610">
    <tag k="crossing" v="unmarked"/>
    <tag k="highway" v="crossing"/>
  </node>
  <node id="5652062102" lat="54.1579437" lon="19.4133191">
    <tag k="crossing" v="zebra"/>
    <tag k="highway" v="crossing"/>
  </node>
  <node id="5652093008" lat="54.1609775" lon="19.4045684">
    <tag k="crossing" v="traffic_signals"/>
    <tag k="crossing:markings" v="dots"/>
    <tag k="crossing_ref" v="zebra"/>
    <tag k="highway" v="crossing"/>
  </node>
  <node id="5652093012" lat="54.1611981" lon="19.4046128">
    <tag k="crossing" v="traffic_signals"/>
    <tag k="crossing:markings" v="dots"/>
    <tag k="crossing_ref" v="zebra"/>
    <tag k="highway" v="crossing"/>
  </node>
  <node id="5653415460" lat="54.1592555" lon="19.4150047"/>
  <node id="5653415461" lat="54.1592393" lon="19.4150494"/>
  <node id="5653415467" lat="54.1577287" lon="19.4147643"/>
  <node id="5653415468" lat="54.1577727" lon="19.4147912"/>
  <node id="5653415469" lat="54.1578056" lon="19.4148341"/>
  <node id="5653415470" lat="54.1578292" lon="19.4148958"/>
  <node id="5653415471" lat="54.1578481" lon="19.4149762"/>
  <node id="5653415472" lat="54.1578496" lon="19.4150513"/>
  <node id="5653415473" lat="54.1577004" lon="19.4147697"/>
  <node id="5653415474" lat="54.1576737" lon="19.4148180"/>
  <node id="5653415475" lat="54.1576580" lon="19.4149011"/>
  <node id="5653415476" lat="54.1576203" lon="19.4155046"/>
  <node id="5653415477" lat="54.1572732" lon="19.4148421"/>
  <node id="5653415478" lat="54.1570078" lon="19.4151533"/>
  <node id="5653415479" lat="54.1576327" lon="19.4153070"/>
  <node id="5653416543" lat="54.1576882" lon="19.4173073"/>
  <node id="5653416544" lat="54.1578419" lon="19.4151888"/>
  <node id="5653416547" lat="54.1585041" lon="19.4172392"/>
  <node id="5653416548" lat="54.1585790" lon="19.4172137"/>
  <node id="5653416549" lat="54.1589911" lon="19.4172904"/>
  <node id="5653416555" lat="54.1585409" lon="19.4172256"/>
  <node id="5653416560" lat="54.1583396" lon="19.4178187"/>
  <node id="5653416565" lat="54.1576744" lon="19.4175052"/>
  <node id="5653416579" lat="54.1579933" lon="19.4150949">
    <tag k="crossing" v="marked"/>
    <tag k="highway" v="crossing"/>
  </node>
  <node id="5653775962" lat="54.1569372" lon="19.4111689"/>
  <node id="5653775963" lat="54.1567310" lon="19.4111813"/>
  <node id="5653775964" lat="54.1566937" lon="19.4112432"/>
  <node id="5653775965" lat="54.1566156" lon="19.4112552"/>
  <node id="5653775972" lat="54.1567528" lon="19.4122483"/>
  <node id="5653775973" lat="54.1568098" lon="19.4123563"/>
  <node id="5653775974" lat="54.1570180" lon="19.4123421"/>
  <node id="5653775977" lat="54.1566384" lon="19.4121443"/>
  <node id="5653775978" lat="54.1567948" lon="19.4123212"/>
  <node id="5653775979" lat="54.1567600" lon="19.4113281"/>
  <node id="5653775980" lat="54.1567963" lon="19.4114202"/>
  <node id="5653775981" lat="54.1569714" lon="19.4117068"/>
  <node id="5653775982" lat="54.1569870" lon="19.4123442"/>
  <node id="5653775983" lat="54.1570097" lon="19.4115847"/>
  <node id="5653775984" lat="54.1569608" lon="19.4116896"/>
  <node id="5653775989" lat="54.1571691" lon="19.4128547">
    <tag k="highway" v="turning_circle"/>
  </node>
  <node id="5653775996" lat="54.1561462" lon="19.4129910"/>
  <node id="5653776005" lat="54.1571483" lon="19.4127840"/>
  <node id="5653776006" lat="54.1564320" lon="19.4136035"/>
  <node id="5653776007" lat="54.1564398" lon="19.4135794"/>
  <node id="5653776008" lat="54.1564548" lon="19.4135592"/>
  <node id="5653776009" lat="54.1564744" lon="19.4135512"/>
  <node id="5653776010" lat="54.1567618" lon="19.4136129"/>
  <node id="5653776011" lat="54.1567783" lon="19.4136317"/>
  <node id="5653776012" lat="54.1567885" lon="19.4136571"/>
  <node id="5653776013" lat="54.1567964" lon="19.4136893"/>
  <node id="5653776014" lat="54.1567971" lon="19.4137215"/>
  <node id="5653776354" lat="54.1573333" lon="19.4152333"/>
  <node id="5653776355" lat="54.1573961" lon="19.4152481"/>
  <node id="5653776358" lat="54.1572631" lon="19.4152168"/>
  <node id="5653776360" lat="54.1573852" lon="19.4148594"/>
  <node id="5653776367" lat="54.1571132" lon="19.4140213">
    <tag k="barrier" v="gate"/>
  </node>
  <node id="5653776368" lat="54.1570644" lon="19.4147734"/>
  <node id="5653776369" lat="54.1572420" lon="19.4148344">
    <tag k="barrier" v="gate"/>
  </node>
  <node id="5653776370" lat="54.1563972" lon="19.4137671"/>
  <node id="5653776371" lat="54.1564193" lon="19.4137723"/>
  <node id="5653776372" lat="54.1567878" lon="19.4138587"/>
  <node id="5653776373" lat="54.1571182" lon="19.4139361"/>
  <node id="5653776375" lat="54.1578455" lon="19.4151127"/>
  <node id="5653776383" lat="54.1575787" lon="19.4152931"/>
  <node id="5653776384" lat="54.1576033" lon="19.4148927"/>
  <node id="5653776406" lat="54.1561979" lon="19.4169021"/>
  <node id="5653776407" lat="54.1562579" lon="19.4166775">
    <tag k="barrier" v="lift_gate"/>
  </node>
  <node id="5653776408" lat="54.1563102" lon="19.4160624"/>
  <node id="5653776413" lat="54.1566409" lon="19.4170980"/>
  <node id="5653776414" lat="54.1566899" lon="19.4168186">
    <tag k="barrier" v="lift_gate"/>
  </node>
  <node id="5653776415" lat="54.1567125" lon="19.4166723"/>
  <node id="5653776416" lat="54.1567782" lon="19.4158649"/>
  <node id="5653776417" lat="54.1566547" lon="19.4158307"/>
  <node id="5653776418" lat="54.1565923" lon="19.4166154"/>
  <node id="5653776419" lat="54.1565983" lon="19.4166621"/>
  <node id="5653776420" lat="54.1566232" lon="19.4166946"/>
  <node id="5653776421" lat="54.1567006" lon="19.4167496"/>
  <node id="5653776423" lat="54.1566962" lon="19.4167777"/>
  <node id="5653776429" lat="54.1576213" lon="19.4167348"/>
  <node id="5653776430" lat="54.1575981" lon="19.4167915"/>
  <node id="5653776431" lat="54.1575122" lon="19.4168435"/>
  <node id="5653776432" lat="54.1573664" lon="19.4169087"/>
  <node id="5653776433" lat="54.1572812" lon="19.4169098"/>
  <node id="5653776446" lat="54.1562278" lon="19.4167876"/>
  <node id="5653776448" lat="54.1566600" lon="19.4169889">
    <tag k="crossing" v="zebra"/>
    <tag k="highway" v="crossing"/>
  </node>
  <node id="5653776450" lat="54.1573285" lon="19.4169131"/>
  <node id="5653776463" lat="54.1584859" lon="19.4176005">
    <tag k="crossing" v="zebra"/>
    <tag k="highway" v="crossing"/>
  </node>
  <node id="5658017900" lat="54.1553520" lon="19.4138179"/>
  <node id="5658017901" lat="54.1552929" lon="19.4141674"/>
  <node id="5658017902" lat="54.1552811" lon="19.4143153"/>
  <node id="5658017903" lat="54.1554417" lon="19.4143954"/>
  <node id="5658017904" lat="54.1553276" lon="19.4139566">
    <tag k="barrier" v="gate"/>
  </node>
  <node id="5658017911" lat="54.1552957" lon="19.4141501"/>
  <node id="5658017912" lat="54.1559870" lon="19.4141693"/>
  <node id="5658017913" lat="54.1560254" lon="19.4141827"/>
  <node id="5658017914" lat="54.1560062" lon="19.4141791"/>
  <node id="5658020104" lat="54.1557795" lon="19.4167171"/>
  <node id="5658020105" lat="54.1558808" lon="19.4160919"/>
  <node id="5658020106" lat="54.1558808" lon="19.4160674"/>
  <node id="5658020107" lat="54.1558780" lon="19.4160487"/>
  <node id="5658020108" lat="54.1558698" lon="19.4160254"/>
  <node id="5658020109" lat="54.1558596" lon="19.4160020"/>
  <node id="5658020110" lat="54.1558363" lon="19.4159799"/>
  <node id="5658020111" lat="54.1556709" lon="19.4159121"/>
  <node id="5658020112" lat="54.1556312" lon="19.4161818"/>
  <node id="5658020113" lat="54.1555553" lon="19.4161456"/>
  <node id="5658020114" lat="54.1558075" lon="19.4165433"/>
  <node id="5658020117" lat="54.1558599" lon="19.4162206"/>
  <node id="5658020119" lat="54.1556631" lon="19.4159649"/>
  <node id="5658020129" lat="54.1556873" lon="19.4166764"/>
  <node id="5658020130" lat="54.1552613" lon="19.4164880"/>
  <node id="5658020131" lat="54.1557979" lon="19.4166025">
    <tag k="crossing" v="zebra"/>
    <tag k="highway" v="crossing"/>
  </node>
  <node id="5658020150" lat="54.1546809" lon="19.4160709">
    <tag k="crossing" v="zebra"/>
    <tag k="highway" v="crossing"/>
  </node>
  <node id="5658020161" lat="54.1560472" lon="19.4141805"/>
  <node id="5658098017" lat="54.1548348" lon="19.4149068"/>
  <node id="5658098018" lat="54.1547577" lon="19.4148820">
    <tag k="barrier" v="lift_gate"/>
  </node>
  <node id="5658098019" lat="54.1544142" lon="19.4147518"/>
  <node id="5658098020" lat="54.1543936" lon="19.4147196"/>
  <node id="5658104021" lat="54.1543792" lon="19.4146783"/>
  <node id="5658104022" lat="54.1543685" lon="19.4146308"/>
  <node id="5658104023" lat="54.1543667" lon="19.4145849"/>
  <node id="5658104024" lat="54.1543747" lon="19.4145190"/>
  <node id="5658104025" lat="54.1544429" lon="19.4141025"/>
  <node id="5658104028" lat="54.1547068" lon="19.4148627"/>
  <node id="5658104038" lat="54.1544196" lon="19.4142412"/>
  <node id="5658104039" lat="54.1543888" lon="19.4144384"/>
  <node id="5658104046" lat="54.1535067" lon="19.4155439"/>
  <node id="5658104047" lat="54.1535351" lon="19.4154327"/>
  <node id="5658104048" lat="54.1536878" lon="19.4149175"/>
  <node id="5658104049" lat="54.1537576" lon="19.4149296"/>
  <node id="5658104050" lat="54.1539682" lon="19.4149619"/>
  <node id="5658104064" lat="54.1540543" lon="19.4137187"/>
  <node id="5658104082" lat="54.1534375" lon="19.4156816"/>
  <node id="5658104083" lat="54.1535728" lon="19.4153057"/>
  <node id="5658104084" lat="54.1532907" lon="19.4151498"/>
  <node id="5658104085" lat="54.1532121" lon="19.4150945"/>
  <node id="5658104086" lat="54.1537509" lon="19.4153996"/>
  <node id="5658104087" lat="54.1540680" lon="19.4155249"/>
  <node id="5658104088" lat="54.1540072" lon="19.4159335"/>
  <node id="5658104092" lat="54.1540245" lon="19.4158178">
    <tag k="crossing" v="zebra"/>
    <tag k="highway" v="crossing"/>
  </node>
  <node id="5658104099" lat="54.1531538" lon="19.4155526">
    <tag k="crossing" v="zebra"/>
    <tag k="crossing:island" v="yes"/>
    <tag k="highway" v="crossing"/>
  </node>
  <node id="5658104101" lat="54.1533106" lon="19.4151607">
    <tag k="crossing" v="zebra"/>
    <tag k="highway" v="crossing"/>
  </node>
  <node id="5658104112" lat="54.1537808" lon="19.4125905"/>
  <node id="5658104114" lat="54.1528079" lon="19.4152076">
    <tag k="crossing" v="zebra"/>
    <tag k="highway" v="crossing"/>
  </node>
  <node id="5658104118" lat="54.1532297" lon="19.4141197">
    <tag k="crossing" v="zebra"/>
    <tag k="highway" v="crossing"/>
  </node>
  <node id="5658104122" lat="54.1535547" lon="19.4131512">
    <tag k="crossing" v="zebra"/>
    <tag k="highway" v="crossing"/>
    <tag k="tactile_paving" v="no"/>
  </node>
  <node id="5658150472" lat="54.1543525" lon="19.4126164"/>
  <node id="5658150473" lat="54.1543161" lon="19.4125741"/>
  <node id="5658150474" lat="54.1542090" lon="19.4124928"/>
  <node id="5658150475" lat="54.1541498" lon="19.4124480"/>
  <node id="5658150476" lat="54.1540966" lon="19.4124042"/>
  <node id="5658150481" lat="54.1543730" lon="19.4126830"/>
  <node id="5658150482" lat="54.1543730" lon="19.4127950"/>
  <node id="5658150500" lat="54.1542304" lon="19.4130082"/>
  <node id="5658150501" lat="54.1542162" lon="19.4130931"/>
  <node id="5658193154" lat="54.1541710" lon="19.4124641">
    <tag k="crossing" v="zebra"/>
    <tag k="highway" v="crossing"/>
  </node>
  <node id="5658193162" lat="54.1539858" lon="19.4122812"/>
  <node id="5658193165" lat="54.1541029" lon="19.4123836"/>
  <node id="5658193172" lat="54.1549248" lon="19.4092097">
    <tag k="crossing" v="zebra"/>
    <tag k="highway" v="crossing"/>
    <tag k="tactile_paving" v="no"/>
  </node>
  <node id="5658193177" lat="54.1543784" lon="19.4118928">
    <tag k="crossing" v="zebra"/>
    <tag k="highway" v="crossing"/>
  </node>
  <node id="5658193193" lat="54.1554489" lon="19.4117143"/>
  <node id="5658193194" lat="54.1554640" lon="19.4117660"/>
  <node id="5658193195" lat="54.1553852" lon="19.4116100"/>
  <node id="5658193196" lat="54.1554151" lon="19.4116425"/>
  <node id="5658193197" lat="54.1554356" lon="19.4116769"/>
  <node id="5658193198" lat="54.1554232" lon="19.4115491"/>
  <node id="5658193199" lat="54.1555301" lon="19.4115297">
    <tag k="barrier" v="gate"/>
  </node>
  <node id="5658193200" lat="54.1557988" lon="19.4111497"/>
  <node id="5658193201" lat="54.1557612" lon="19.4112142"/>
  <node id="5658193202" lat="54.1557250" lon="19.4112921"/>
  <node id="5658193203" lat="54.1558217" lon="19.4114842"/>
  <node id="5658193204" lat="54.1558432" lon="19.4113908"/>
  <node id="5658193209" lat="54.1557338" lon="19.4114890"/>
  <node id="5658193215" lat="54.1559293" lon="19.4128606"/>
  <node id="5658193216" lat="54.1559903" lon="19.4125670">
    <tag k="barrier" v="gate"/>
  </node>
  <node id="5658193217" lat="54.1560037" lon="19.4125012"/>
  <node id="5658193218" lat="54.1560037" lon="19.4124552"/>
  <node id="5658241151" lat="54.1549965" lon="19.4119435"/>
  <node id="5658241152" lat="54.1548901" lon="19.4118587"/>
  <node id="5658241153" lat="54.1548641" lon="19.4118549"/>
  <node id="5658241154" lat="54.1548327" lon="19.4118549"/>
  <node id="5658241155" lat="54.1548089" lon="19.4118771"/>
  <node id="5658241156" lat="54.1547726" lon="19.4119705"/>
  <node id="5658241157" lat="54.1547395" lon="19.4121219"/>
  <node id="5658241158" lat="54.1549370" lon="19.4118961"/>
  <node id="5658241161" lat="54.1547564" lon="19.4120443"/>
  <node id="5658241163" lat="54.1552626" lon="19.4110923"/>
  <node id="5658241164" lat="54.1552061" lon="19.4110614"/>
  <node id="5658241165" lat="54.1550482" lon="19.4110660"/>
  <node id="5658241166" lat="54.1549496" lon="19.4113692"/>
  <node id="5658241167" lat="54.1549854" lon="19.4110598"/>
  <node id="5658241168" lat="54.1549101" lon="19.4110384"/>
  <node id="5658684242" lat="54.1585812" lon="19.4181861"/>
  <node id="5658684308" lat="54.1578508" lon="19.4209919">
    <tag k="crossing" v="zebra"/>
    <tag k="highway" v="crossing"/>
  </node>
  <node id="5658684318" lat="54.1579525" lon="19.4203234"/>
  <node id="5658684319" lat="54.1576423" lon="19.4201864"/>
  <node id="5658684621" lat="54.1575992" lon="19.4204374"/>
  <node id="5658684622" lat="54.1576806" lon="19.4199144"/>
  <node id="5658684623" lat="54.1576541" lon="19.4196833"/>
  <node id="5658684624" lat="54.1576232" lon="19.4196143"/>
  <node id="5658684625" lat="54.1576765" lon="19.4192641"/>
  <node id="5658684631" lat="54.1576722" lon="19.4198356"/>
  <node id="5658684634" lat="54.1576637" lon="19.4200345"/>
  <node id="5658684644" lat="54.1554585" lon="19.4194123"/>
  <node id="5658684650" lat="54.1559041" lon="19.4177833">
    <tag k="barrier" v="gate"/>
  </node>
  <node id="5658684652" lat="54.1558232" lon="19.4170209"/>
  <node id="5658684653" lat="54.1557358" lon="19.4175854"/>
  <node id="5659004140" lat="54.1544846" lon="19.4176400"/>
  <node id="5659004141" lat="54.1548593" lon="19.4177643"/>
  <node id="5659004142" lat="54.1549179" lon="19.4176241"/>
  <node id="5659004143" lat="54.1548918" lon="19.4174701"/>
  <node id="5659004144" lat="54.1545218" lon="19.4173366"/>
  <node id="5659004145" lat="54.1548985" lon="19.4177158"/>
  <node id="5659004146" lat="54.1549175" lon="19.4175363"/>
  <node id="5659004147" lat="54.1551053" lon="19.4164190"/>
  <node id="5659004148" lat="54.1550895" lon="19.4165325"/>
  <node id="5659004149" lat="54.1549035" lon="19.4175004"/>
  <node id="5659004150" lat="54.1549270" lon="19.4174531"/>
  <node id="5659004151" lat="54.1550226" lon="19.4169232"/>
  <node id="5659004152" lat="54.1550658" lon="19.4166972"/>
  <node id="5659004211" lat="54.1548768" lon="19.4197569"/>
  <node id="5659004212" lat="54.1549028" lon="19.4195973"/>
  <node id="5659004213" lat="54.1549252" lon="19.4194335"/>
  <node id="5659004214" lat="54.1549366" lon="19.4193713"/>
  <node id="5659004215" lat="54.1554227" lon="19.4194787"/>
  <node id="5659004216" lat="54.1553502" lon="19.4194450">
    <tag k="crossing" v="zebra"/>
    <tag k="highway" v="crossing"/>
    <tag k="tactile_paving" v="no"/>
  </node>
  <node id="5659004217" lat="54.1553315" lon="19.4194366"/>
  <node id="5659004218" lat="54.1552322" lon="19.4193966"/>
  <node id="5659004219" lat="54.1552018" lon="19.4193867"/>
  <node id="5659004324" lat="54.1548998" lon="19.4196192">
    <tag k="crossing" v="zebra"/>
    <tag k="highway" v="crossing"/>
  </node>
  <node id="5659004326" lat="54.1550134" lon="19.4198139"/>
  <node id="5659004327" lat="54.1543916" lon="19.4195341"/>
  <node id="5659004357" lat="54.1550581" lon="19.4167376"/>
  <node id="5659004364" lat="54.1543748" lon="19.4185911"/>
  <node id="5659004365" lat="54.1544448" lon="19.4179845"/>
  <node id="5659004366" lat="54.1546671" lon="19.4180742"/>
  <node id="5659004367" lat="54.1549373" lon="19.4182104"/>
  <node id="5659004368" lat="54.1544688" lon="19.4179946">
    <tag k="barrier" v="gate"/>
  </node>
  <node id="5660248304" lat="54.1542896" lon="19.4193307">
    <tag k="crossing" v="zebra"/>
    <tag k="highway" v="crossing"/>
  </node>
  <node id="5660248307" lat="54.1541483" lon="19.4194225">
    <tag k="crossing" v="zebra"/>
    <tag k="highway" v="crossing"/>
  </node>
  <node id="5660248310" lat="54.1536225" lon="19.4190429">
    <tag k="crossing" v="zebra"/>
    <tag k="highway" v="crossing"/>
  </node>
  <node id="5660248316" lat="54.1540988" lon="19.4193997"/>
  <node id="5660248317" lat="54.1536971" lon="19.4192153"/>
  <node id="5660495629" lat="54.1539089" lon="19.4173975"/>
  <node id="5660495630" lat="54.1539364" lon="19.4173846"/>
  <node id="5660495686" lat="54.1534200" lon="19.4158045">
    <tag k="barrier" v="gate"/>
  </node>
  <node id="5660495709" lat="54.1550971" lon="19.4164784">
    <tag k="crossing" v="zebra"/>
    <tag k="highway" v="crossing"/>
  </node>
  <node id="5660495712" lat="54.1546464" lon="19.4163408">
    <tag k="crossing" v="zebra"/>
    <tag k="highway" v="crossing"/>
  </node>
  <node id="5660495717" lat="54.1547470" lon="19.4162606">
    <tag k="crossing" v="zebra"/>
    <tag k="highway" v="crossing"/>
  </node>
  <node id="5660495719" lat="54.1545810" lon="19.4161872">
    <tag k="crossing" v="zebra"/>
    <tag k="highway" v="crossing"/>
  </node>
  <node id="5660495924" lat="54.1534279" lon="19.4157489">
    <tag k="crossing" v="zebra"/>
    <tag k="highway" v="crossing"/>
  </node>
  <node id="5660495931" lat="54.1530055" lon="19.4166751"/>
  <node id="5660495932" lat="54.1529615" lon="19.4168662"/>
  <node id="5660495933" lat="54.1527954" lon="19.4167635">
    <tag k="barrier" v="lift_gate"/>
  </node>
  <node id="5660495934" lat="54.1527396" lon="19.4167234"/>
  <node id="5660495935" lat="54.1526617" lon="19.4166662"/>
  <node id="5660495938" lat="54.1529716" lon="19.4168251"/>
  <node id="5660495947" lat="54.1525234" lon="19.4175495">
    <tag k="barrier" v="gate"/>
  </node>
  <node id="5660495957" lat="54.1524104" lon="19.4174443"/>
  <node id="5660495958" lat="54.1524828" lon="19.4175123"/>
  <node id="5660495959" lat="54.1526671" lon="19.4176939"/>
  <node id="5660495960" lat="54.1526739" lon="19.4177337"/>
  <node id="5660495961" lat="54.1526790" lon="19.4177700"/>
  <node id="5660495962" lat="54.1526790" lon="19.4178054"/>
  <node id="5660495963" lat="54.1526459" lon="19.4179814"/>
  <node id="5660495968" lat="54.1520062" lon="19.4180277"/>
  <node id="5660495971" lat="54.1521705" lon="19.4181716"/>
  <node id="5660496020" lat="54.1530476" lon="19.4188189">
    <tag k="crossing" v="zebra"/>
    <tag k="highway" v="crossing"/>
  </node>
  <node id="5660496021" lat="54.1531084" lon="19.4183923"/>
  <node id="5660496022" lat="54.1533105" lon="19.4184755"/>
  <node id="5660496023" lat="54.1532744" lon="19.4187297"/>
  <node id="5660496024" lat="54.1530730" lon="19.4186403"/>
  <node id="5660496025" lat="54.1529247" lon="19.4183146"/>
  <node id="5660496026" lat="54.1528553" lon="19.4187344"/>
  <node id="5660496027" lat="54.1531093" lon="19.4172277"/>
  <node id="5660496033" lat="54.1530572" lon="19.4187513"/>
  <node id="5660496034" lat="54.1532341" lon="19.4162654"/>
  <node id="5660496035" lat="54.1531359" lon="19.4165764"/>
  <node id="5660496036" lat="54.1531305" lon="19.4166191"/>
  <node id="5660496037" lat="54.1531305" lon="19.4166659"/>
  <node id="5660496038" lat="54.1531371" lon="19.4167096"/>
  <node id="5660496039" lat="54.1531460" lon="19.4167563"/>
  <node id="5660496040" lat="54.1531573" lon="19.4167868"/>
  <node id="5660496041" lat="54.1531775" lon="19.4168173"/>
  <node id="5660496042" lat="54.1532597" lon="19.4168712"/>
  <node id="5660496043" lat="54.1538390" lon="19.4171652"/>
  <node id="5660496044" lat="54.1538842" lon="19.4168242"/>
  <node id="5660496045" lat="54.1534931" lon="19.4166164"/>
  <node id="5660496046" lat="54.1534034" lon="19.4159126"/>
  <node id="5660496047" lat="54.1532121" lon="19.4158147"/>
  <node id="5660496048" lat="54.1533034" lon="19.4161510"/>
  <node id="5660496049" lat="54.1531571" lon="19.4160504"/>
  <node id="5660496051" lat="54.1533470" lon="19.4158837"/>
  <node id="5660496052" lat="54.1532928" lon="19.4161437"/>
  <node id="5660496053" lat="54.1534824" lon="19.4169842"/>
  <node id="5660918110" lat="54.1592788" lon="19.4161445"/>
  <node id="5660918111" lat="54.1591880" lon="19.4161330">
    <tag k="crossing" v="zebra"/>
    <tag k="highway" v="crossing"/>
  </node>
  <node id="5660918112" lat="54.1591153" lon="19.4161292"/>
  <node id="5660918113" lat="54.1590462" lon="19.4161628"/>
  <node id="5660918114" lat="54.1590022" lon="19.4162137"/>
  <node id="5660918115" lat="54.1589543" lon="19.4163371"/>
  <node id="5660918117" lat="54.1590697" lon="19.4160380">
    <tag k="barrier" v="gate"/>
  </node>
  <node id="5660918118" lat="54.1590273" lon="19.4160260"/>
  <node id="5660918119" lat="54.1587501" lon="19.4159897"/>
  <node id="5660918434" lat="54.1590506" lon="19.4198760"/>
  <node id="5660918437" lat="54.1590181" lon="19.4203970"/>
  <node id="5674726841" lat="54.1545151" lon="19.4198583"/>
  <node id="5674726842" lat="54.1543085" lon="19.4197519">
    <tag k="barrier" v="gate"/>
  </node>
  <node id="5674726843" lat="54.1541868" lon="19.4196540">
    <tag k="crossing" v="zebra"/>
    <tag k="highway" v="crossing"/>
    <tag k="tactile_paving" v="no"/>
  </node>
  <node id="5674726844" lat="54.1539786" lon="19.4194729"/>
  <node id="5674726845" lat="54.1538357" lon="19.4193334"/>
  <node id="5674726846" lat="54.1537467" lon="19.4192381"/>
  <node id="5674726847" lat="54.1545413" lon="19.4197003">
    <tag k="barrier" v="gate"/>
  </node>
  <node id="5674726856" lat="54.1545545" lon="19.4196089"/>
  <node id="5674726859" lat="54.1545443" lon="19.4196796">
    <tag k="crossing" v="zebra"/>
    <tag k="highway" v="crossing"/>
  </node>
  <node id="5674726894" lat="54.1529938" lon="19.4190603">
    <tag k="crossing" v="zebra"/>
    <tag k="highway" v="crossing"/>
    <tag k="tactile_paving" v="no"/>
  </node>
  <node id="5674726917" lat="54.1530348" lon="19.4194619"/>
  <node id="5674726918" lat="54.1529723" lon="19.4191965"/>
  <node id="5674726919" lat="54.1533800" lon="19.4196268"/>
  <node id="5674726920" lat="54.1534090" lon="19.4196639"/>
  <node id="5674726921" lat="54.1534238" lon="19.4196993"/>
  <node id="5674726922" lat="54.1534287" lon="19.4197329"/>
  <node id="5674726923" lat="54.1534329" lon="19.4197595"/>
  <node id="5674726924" lat="54.1534339" lon="19.4197860"/>
  <node id="5674726925" lat="54.1532634" lon="19.4208926"/>
  <node id="5674726926" lat="54.1529372" lon="19.4194177"/>
  <node id="5674726927" lat="54.1534117" lon="19.4199304"/>
  <node id="5674726928" lat="54.1528920" lon="19.4197031"/>
  <node id="5674726929" lat="54.1533769" lon="19.4201560"/>
  <node id="5674726930" lat="54.1528550" lon="19.4199366"/>
  <node id="5674726931" lat="54.1533393" lon="19.4203997"/>
  <node id="5674726932" lat="54.1528171" lon="19.4201760"/>
  <node id="5674726933" lat="54.1533029" lon="19.4206363"/>
  <node id="5674726934" lat="54.1527792" lon="19.4204152"/>
  <node id="5674726935" lat="54.1526289" lon="19.4190947"/>
  <node id="5674726936" lat="54.1524867" lon="19.4200193"/>
  <node id="5674726937" lat="54.1529664" lon="19.4192336"/>
  <node id="5674726938" lat="54.1529304" lon="19.4194611"/>
  <node id="5674726939" lat="54.1525944" lon="19.4193192"/>
  <node id="5674726940" lat="54.1525585" lon="19.4195527"/>
  <node id="5674726941" lat="54.1523869" lon="19.4194753"/>
  <node id="5674726942" lat="54.1525226" lon="19.4197859"/>
  <node id="5674726943" lat="54.1523472" lon="19.4197064"/>
  <node id="5674726945" lat="54.1524143" lon="19.4204824"/>
  <node id="5674726950" lat="54.1525029" lon="19.4199142"/>
  <node id="5674726958" lat="54.1522243" lon="19.4203938"/>
  <node id="5674726961" lat="54.1523038" lon="19.4204309"/>
  <node id="5676253337" lat="54.1557810" lon="19.4200565"/>
  <node id="5696555936" lat="54.1510503" lon="19.4209814"/>
  <node id="5705756833" lat="54.1578622" lon="19.3977649"/>
  <node id="5762250570" lat="54.1497153" lon="19.4118166"/>
  <node id="5762250571" lat="54.1500377" lon="19.4113344"/>
  <node id="5762250753" lat="54.1495355" lon="19.4129056"/>
  <node id="5762250857" lat="54.1499564" lon="19.4113082"/>
  <node id="5762251155" lat="54.1498230" lon="19.4114412"/>
  <node id="5792242148" lat="54.1493980" lon="19.4134481"/>
  <node id="5792242149" lat="54.1493273" lon="19.4140167">
    <tag k="crossing" v="zebra"/>
    <tag k="highway" v="crossing"/>
    <tag k="tactile_paving" v="no"/>
  </node>
  <node id="5792244153" lat="54.1485709" lon="19.4184340"/>
  <node id="5792244155" lat="54.1489755" lon="19.4166172"/>
  <node id="5792244160" lat="54.1483131" lon="19.4193909">
    <tag k="crossing" v="zebra"/>
    <tag k="highway" v="crossing"/>
  </node>
  <node id="5792244170" lat="54.1495728" lon="19.4134672"/>
  <node id="5792244171" lat="54.1494130" lon="19.4145643">
    <tag k="crossing" v="zebra"/>
    <tag k="highway" v="crossing"/>
  </node>
  <node id="5792244173" lat="54.1491101" lon="19.4167031"/>
  <node id="5792244182" lat="54.1487211" lon="19.4182638"/>
  <node id="5792244186" lat="54.1493511" lon="19.4145353"/>
  <node id="5807946412" lat="54.1620472" lon="19.3996501"/>
  <node id="5807946413" lat="54.1620568" lon="19.3994976"/>
  <node id="5807946414" lat="54.1620753" lon="19.3992127"/>
  <node id="5807946415" lat="54.1617112" lon="19.3992115"/>
  <node id="5807946416" lat="54.1623155" lon="19.3992979"/>
  <node id="5807946425" lat="54.1625582" lon="19.3989021">
    <tag k="barrier" v="gate"/>
  </node>
  <node id="5807946427" lat="54.1624260" lon="19.3988387"/>
  <node id="5807946443" lat="54.1626340" lon="19.3987295"/>
  <node id="5807946446" lat="54.1616779" lon="19.3995696"/>
  <node id="5807946447" lat="54.1620905" lon="19.3996620"/>
  <node id="5807946448" lat="54.1623307" lon="19.3997401"/>
  <node id="5807946449" lat="54.1624059" lon="19.4003446"/>
  <node id="5807946450" lat="54.1622009" lon="19.4005862"/>
  <node id="5807959117" lat="54.1612850" lon="19.3975945"/>
  <node id="5807959118" lat="54.1612913" lon="19.3979687"/>
  <node id="5807959119" lat="54.1613007" lon="19.3980063"/>
  <node id="5807959120" lat="54.1613125" lon="19.3980371"/>
  <node id="5807959121" lat="54.1613260" lon="19.3980575"/>
  <node id="5810371594" lat="54.1624858" lon="19.4028897"/>
  <node id="5810371595" lat="54.1624674" lon="19.4029429"/>
  <node id="5810371596" lat="54.1624401" lon="19.4029784"/>
  <node id="5810371597" lat="54.1624092" lon="19.4030055"/>
  <node id="5810371598" lat="54.1619860" lon="19.4030568"/>
  <node id="5810371599" lat="54.1619746" lon="19.4026355"/>
  <node id="5810371600" lat="54.1619808" lon="19.4025400"/>
  <node id="5810371601" lat="54.1620056" lon="19.4023984"/>
  <node id="5810371602" lat="54.1620233" lon="19.4021347"/>
  <node id="5810371603" lat="54.1620688" lon="19.4021241">
    <tag k="barrier" v="gate"/>
  </node>
  <node id="5810371604" lat="54.1622553" lon="19.4020498"/>
  <node id="5810371605" lat="54.1622636" lon="19.4025134"/>
  <node id="5810371625" lat="54.1614916" lon="19.4013415"/>
  <node id="5810371628" lat="54.1614447" lon="19.4018049"/>
  <node id="5810405634" lat="54.1616588" lon="19.4030797"/>
  <node id="5810405635" lat="54.1616503" lon="19.4037834"/>
  <node id="5810405636" lat="54.1617619" lon="19.4030724"/>
  <node id="5810405637" lat="54.1617628" lon="19.4031725">
    <tag k="barrier" v="gate"/>
  </node>
  <node id="5810405638" lat="54.1617528" lon="19.4036374"/>
  <node id="5810405639" lat="54.1617562" lon="19.4036584"/>
  <node id="5810405640" lat="54.1617699" lon="19.4036724"/>
  <node id="5810405641" lat="54.1618492" lon="19.4037180"/>
  <node id="5810405642" lat="54.1618663" lon="19.4037191"/>
  <node id="5810405643" lat="54.1618813" lon="19.4037121"/>
  <node id="5810405644" lat="54.1619312" lon="19.4036538"/>
  <node id="5810405645" lat="54.1619462" lon="19.4032825"/>
  <node id="5810405646" lat="54.1619197" lon="19.4036778"/>
  <node id="5810405647" lat="54.1618998" lon="19.4037020"/>
  <node id="5810405649" lat="54.1616575" lon="19.4032043"/>
  <node id="5810405650" lat="54.1622159" lon="19.4039202"/>
  <node id="5810405651" lat="54.1622302" lon="19.4030312"/>
  <node id="5810406957" lat="54.1625585" lon="19.4039855"/>
  <node id="5810406958" lat="54.1625687" lon="19.4031124"/>
  <node id="5810406959" lat="54.1626142" lon="19.4031379"/>
  <node id="5810406960" lat="54.1627163" lon="19.4031754"/>
  <node id="5810406961" lat="54.1627665" lon="19.4031915"/>
  <node id="5810406962" lat="54.1628388" lon="19.4035362"/>
  <node id="5810406977" lat="54.1626031" lon="19.4024753"/>
  <node id="5810406978" lat="54.1627634" lon="19.4026457"/>
  <node id="5810406979" lat="54.1628058" lon="19.4027195"/>
  <node id="5810406981" lat="54.1631056" lon="19.4031827">
    <tag k="barrier" v="gate"/>
  </node>
  <node id="5810406986" lat="54.1631483" lon="19.4031606"/>
  <node id="5810406987" lat="54.1629228" lon="19.4032774"/>
  <node id="5810407003" lat="54.1631387" lon="19.4033900">
    <tag k="barrier" v="gate"/>
  </node>
  <node id="5810407009" lat="54.1631839" lon="19.4033622"/>
  <node id="5810407010" lat="54.1630476" lon="19.4034557"/>
  <node id="5810407011" lat="54.1630092" lon="19.4035161"/>
  <node id="5810407012" lat="54.1629542" lon="19.4035885"/>
  <node id="5810407013" lat="54.1632667" lon="19.4038540"/>
  <node id="5810407014" lat="54.1632722" lon="19.4039211"/>
  <node id="5810407015" lat="54.1632714" lon="19.4039935"/>
  <node id="5810407016" lat="54.1632659" lon="19.4040700"/>
  <node id="5810407017" lat="54.1632494" lon="19.4041504"/>
  <node id="5810407018" lat="54.1631890" lon="19.4043395"/>
  <node id="5810407025" lat="54.1631662" lon="19.4042470">
    <tag k="barrier" v="gate"/>
  </node>
  <node id="5810407026" lat="54.1632068" lon="19.4042837"/>
  <node id="5810407027" lat="54.1630806" lon="19.4041746"/>
  <node id="5810407028" lat="54.1630445" lon="19.4041544"/>
  <node id="5810407029" lat="54.1630202" lon="19.4041571"/>
  <node id="5810407030" lat="54.1630037" lon="19.4041719"/>
  <node id="5810407031" lat="54.1629872" lon="19.4042041"/>
  <node id="5818313333" lat="54.1631233" lon="19.4015817"/>
  <node id="5818317980" lat="54.1632248" lon="19.4032977">
    <tag k="barrier" v="gate"/>
  </node>
  <node id="5818318256" lat="54.1631763" lon="19.4033193"/>
  <node id="5818318257" lat="54.1633939" lon="19.4031636"/>
  <node id="5818318258" lat="54.1635851" lon="19.4029526"/>
  <node id="5818318259" lat="54.1636140" lon="19.4029433"/>
  <node id="5818318260" lat="54.1636663" lon="19.4029541"/>
  <node id="5818318261" lat="54.1639071" lon="19.4029941"/>
  <node id="5818318267" lat="54.1633156" lon="19.4040967"/>
  <node id="5818318268" lat="54.1633621" lon="19.4041807"/>
  <node id="5818318269" lat="54.1634031" lon="19.4042251"/>
  <node id="5818318270" lat="54.1634906" lon="19.4043115"/>
  <node id="5818318271" lat="54.1635439" lon="19.4043488"/>
  <node id="5818318272" lat="54.1636109" lon="19.4043722"/>
  <node id="5818318273" lat="54.1636683" lon="19.4043862"/>
  <node id="5818318274" lat="54.1637612" lon="19.4045870"/>
  <node id="5818318278" lat="54.1634219" lon="19.4042437">
    <tag k="barrier" v="gate"/>
  </node>
  <node id="5818318280" lat="54.1636336" lon="19.4043777"/>
  <node id="5818318298" lat="54.1645625" lon="19.4045697"/>
  <node id="5818318299" lat="54.1643171" lon="19.4045252"/>
  <node id="5818318300" lat="54.1645834" lon="19.4043485"/>
  <node id="5818318306" lat="54.1645514" lon="19.4047201"/>
  <node id="5818318307" lat="54.1645365" lon="19.4049368"/>
  <node id="5818318310" lat="54.1644960" lon="19.4045575">
    <tag k="crossing" v="zebra"/>
    <tag k="highway" v="crossing"/>
  </node>
  <node id="5818318315" lat="54.1645587" lon="19.4046210"/>
  <node id="5818318335" lat="54.1633965" lon="19.4014523">
    <tag k="crossing" v="zebra"/>
    <tag k="highway" v="crossing"/>
  </node>
  <node id="5825524327" lat="54.1645606" lon="19.3992650">
    <tag k="crossing" v="zebra"/>
    <tag k="highway" v="crossing"/>
  </node>
  <node id="5825524330" lat="54.1642173" lon="19.3995030"/>
  <node id="5825524340" lat="54.1639315" lon="19.3990508"/>
  <node id="5825524341" lat="54.1639291" lon="19.3992235"/>
  <node id="5825524342" lat="54.1639495" lon="19.3995503"/>
  <node id="5825524349" lat="54.1635778" lon="19.3994654">
    <tag k="barrier" v="lift_gate"/>
  </node>
  <node id="5825524350" lat="54.1635768" lon="19.3989268"/>
  <node id="5825524351" lat="54.1635780" lon="19.3995689"/>
  <node id="5825524554" lat="54.1635778" lon="19.3994183"/>
  <node id="5825524557" lat="54.1635770" lon="19.3989615"/>
  <node id="5825524558" lat="54.1637485" lon="19.3995647"/>
  <node id="5825524559" lat="54.1637281" lon="19.3991247"/>
  <node id="5825524560" lat="54.1637658" lon="19.3987948"/>
  <node id="5825524561" lat="54.1636386" lon="19.3987090"/>
  <node id="5825524563" lat="54.1637459" lon="19.3995087"/>
  <node id="5825524569" lat="54.1634390" lon="19.3995724"/>
  <node id="5825524570" lat="54.1634453" lon="19.3991881"/>
  <node id="5825524571" lat="54.1634657" lon="19.3987670"/>
  <node id="5825524572" lat="54.1632459" lon="19.3995707"/>
  <node id="5825524573" lat="54.1632517" lon="19.3994890">
    <tag k="barrier" v="gate"/>
  </node>
  <node id="5825524574" lat="54.1632686" lon="19.3992498"/>
  <node id="5825524576" lat="54.1630645" lon="19.3995833">
    <tag k="crossing" v="zebra"/>
    <tag k="highway" v="crossing"/>
  </node>
  <node id="5825584143" lat="54.1649292" lon="19.4000485"/>
  <node id="5825584148" lat="54.1650244" lon="19.4003262"/>
  <node id="5825584151" lat="54.1649352" lon="19.4000660"/>
  <node id="5825584152" lat="54.1647367" lon="19.3994869"/>
  <node id="5825584280" lat="54.1652636" lon="19.4007052">
    <tag k="crossing" v="zebra"/>
    <tag k="highway" v="crossing"/>
  </node>
  <node id="5825584300" lat="54.1641618" lon="19.3996231">
    <tag k="barrier" v="gate"/>
  </node>
  <node id="5825584304" lat="54.1643716" lon="19.3994605"/>
  <node id="5825584305" lat="54.1644288" lon="19.3996940"/>
  <node id="5825584306" lat="54.1644649" lon="19.3998234"/>
  <node id="5825584307" lat="54.1644892" lon="19.3999281"/>
  <node id="5825584308" lat="54.1644955" lon="19.3999805"/>
  <node id="5825584309" lat="54.1644955" lon="19.4000221"/>
  <node id="5825584310" lat="54.1644901" lon="19.4000668"/>
  <node id="5825584311" lat="54.1644793" lon="19.4001207"/>
  <node id="5825584312" lat="54.1644649" lon="19.4001715"/>
  <node id="5825584313" lat="54.1644468" lon="19.4002101"/>
  <node id="5825584314" lat="54.1644234" lon="19.4002439"/>
  <node id="5825584315" lat="54.1644026" lon="19.4002640"/>
  <node id="5825584316" lat="54.1642872" lon="19.4003487"/>
  <node id="5825584317" lat="54.1644695" lon="19.3996479">
    <tag k="barrier" v="lift_gate"/>
  </node>
  <node id="5825584318" lat="54.1645821" lon="19.4000283"/>
  <node id="5825584319" lat="54.1637650" lon="19.4007448"/>
  <node id="5825584323" lat="54.1631487" lon="19.4003283"/>
  <node id="5825584349" lat="54.1631676" lon="19.4004060"/>
  <node id="5825584350" lat="54.1634492" lon="19.4002138">
    <tag k="barrier" v="gate"/>
  </node>
  <node id="5825584351" lat="54.1635495" lon="19.4001478"/>
  <node id="5825584352" lat="54.1636415" lon="19.4001139"/>
  <node id="5825584353" lat="54.1637678" lon="19.4001047"/>
  <node id="5825584354" lat="54.1639085" lon="19.4000554"/>
  <node id="5825584355" lat="54.1641917" lon="19.3999383"/>
  <node id="5825584356" lat="54.1633654" lon="19.4002710"/>
  <node id="5825584357" lat="54.1633855" lon="19.4003497">
    <tag k="barrier" v="gate"/>
  </node>
  <node id="5825584358" lat="54.1634341" lon="19.4005357"/>
  <node id="5825584359" lat="54.1635919" lon="19.4004586"/>
  <node id="5825584360" lat="54.1642287" lon="19.4002168"/>
  <node id="5825584361" lat="54.1641516" lon="19.3995189"/>
  <node id="5825584362" lat="54.1632226" lon="19.4003685">
    <tag k="crossing" v="zebra"/>
    <tag k="highway" v="crossing"/>
  </node>
  <node id="5825584366" lat="54.1635304" lon="19.4015333"/>
  <node id="5825713551" lat="54.1634966" lon="19.4050213"/>
  <node id="5825713552" lat="54.1643594" lon="19.4052368"/>
  <node id="5833960834" lat="54.1640935" lon="19.4011511"/>
  <node id="5833960837" lat="54.1643329" lon="19.4009934"/>
  <node id="5833960838" lat="54.1642736" lon="19.4022249"/>
  <node id="5833960839" lat="54.1642880" lon="19.4014947"/>
  <node id="5833960840" lat="54.1642790" lon="19.4013699"/>
  <node id="5833960841" lat="54.1642450" lon="19.4011834"/>
  <node id="5833960842" lat="54.1642188" lon="19.4010685"/>
  <node id="5833960847" lat="54.1642536" lon="19.4012303"/>
  <node id="5833960848" lat="54.1642514" lon="19.4012182">
    <tag k="barrier" v="lift_gate"/>
  </node>
  <node id="5833960849" lat="54.1646521" lon="19.4019258"/>
  <node id="5833960850" lat="54.1646689" lon="19.4010036">
    <tag k="barrier" v="lift_gate"/>
  </node>
  <node id="5833960851" lat="54.1646696" lon="19.4010298"/>
  <node id="5833960857" lat="54.1649966" lon="19.4006837"/>
  <node id="5833960863" lat="54.1649260" lon="19.4006890"/>
  <node id="5833960866" lat="54.1647361" lon="19.4007741"/>
  <node id="5833997745" lat="54.1660241" lon="19.4061939">
    <tag k="crossing" v="traffic_signals"/>
    <tag k="highway" v="crossing"/>
  </node>
  <node id="5833997746" lat="54.1659225" lon="19.4065213">
    <tag k="crossing" v="traffic_signals"/>
    <tag k="highway" v="crossing"/>
  </node>
  <node id="5833997771" lat="54.1649747" lon="19.4036713"/>
  <node id="5833997772" lat="54.1649410" lon="19.4030551"/>
  <node id="5833997773" lat="54.1649810" lon="19.4032128"/>
  <node id="5833997774" lat="54.1647760" lon="19.4028536"/>
  <node id="5833997775" lat="54.1648305" lon="19.4028703"/>
  <node id="5833997776" lat="54.1648744" lon="19.4028931">
    <tag k="barrier" v="gate"/>
  </node>
  <node id="5833997777" lat="54.1649959" lon="19.4033217"/>
  <node id="5833997778" lat="54.1650000" lon="19.4034205"/>
  <node id="5833997779" lat="54.1650017" lon="19.4035175"/>
  <node id="5833997780" lat="54.1649953" lon="19.4035985"/>
  <node id="5833997986" lat="54.1649969" lon="19.4035775"/>
  <node id="5833997987" lat="54.1648695" lon="19.4038509"/>
  <node id="5833997995" lat="54.1649571" lon="19.4037013"/>
  <node id="5833997996" lat="54.1647343" lon="19.4040818">
    <tag k="crossing" v="zebra"/>
    <tag k="highway" v="crossing"/>
  </node>
  <node id="5833998040" lat="54.1642487" lon="19.4012033">
    <tag k="crossing" v="zebra"/>
    <tag k="highway" v="crossing"/>
  </node>
  <node id="5833998041" lat="54.1646677" lon="19.4009678">
    <tag k="crossing" v="zebra"/>
    <tag k="highway" v="crossing"/>
  </node>
  <node id="5834287278" lat="54.1629561" lon="19.4052325"/>
  <node id="5834287279" lat="54.1628546" lon="19.4051590"/>
  <node id="5834287432" lat="54.1624568" lon="19.4058842"/>
  <node id="5834287462" lat="54.1610081" lon="19.4060378"/>
  <node id="5834287464" lat="54.1609548" lon="19.4062621"/>
  <node id="5834287494" lat="54.1627295" lon="19.4055399">
    <tag k="crossing" v="zebra"/>
    <tag k="highway" v="crossing"/>
  </node>
  <node id="5834287505" lat="54.1613643" lon="19.4060886">
    <tag k="crossing" v="zebra"/>
    <tag k="highway" v="crossing"/>
  </node>
  <node id="5834287507" lat="54.1615298" lon="19.4063363">
    <tag k="crossing" v="zebra"/>
    <tag k="highway" v="crossing"/>
  </node>
  <node id="5834287553" lat="54.1617685" lon="19.4047082"/>
  <node id="5834287557" lat="54.1617328" lon="19.4048541"/>
  <node id="5834287558" lat="54.1616600" lon="19.4047983">
    <tag k="crossing" v="zebra"/>
    <tag k="highway" v="crossing"/>
  </node>
  <node id="5834287559" lat="54.1615889" lon="19.4047507"/>
  <node id="5834287560" lat="54.1615609" lon="19.4047385"/>
  <node id="5834287561" lat="54.1615365" lon="19.4047304"/>
  <node id="5834287562" lat="54.1614294" lon="19.4048142"/>
  <node id="5834287563" lat="54.1614588" lon="19.4047586"/>
  <node id="5834287564" lat="54.1614783" lon="19.4047422"/>
  <node id="5834287565" lat="54.1614961" lon="19.4047303"/>
  <node id="5834287566" lat="54.1615133" lon="19.4047263"/>
  <node id="5834287568" lat="54.1616520" lon="19.4047929"/>
  <node id="5834287592" lat="54.1616961" lon="19.4049944"/>
  <node id="5834287602" lat="54.1614586" lon="19.4058454"/>
  <node id="5834287603" lat="54.1614028" lon="19.4058100">
    <tag k="crossing" v="zebra"/>
    <tag k="highway" v="crossing"/>
  </node>
  <node id="5834287604" lat="54.1613785" lon="19.4057947">
    <tag k="barrier" v="lift_gate"/>
  </node>
  <node id="5834287605" lat="54.1611735" lon="19.4056648"/>
  <node id="5839546058" lat="54.1628511" lon="19.4051352"/>
  <node id="5839546059" lat="54.1629132" lon="19.4054569"/>
  <node id="5839546060" lat="54.1629172" lon="19.4053647"/>
  <node id="5839546061" lat="54.1650283" lon="19.4063015"/>
  <node id="5839546062" lat="54.1650542" lon="19.4063309"/>
  <node id="5839546068" lat="54.1629802" lon="19.4057282">
    <tag k="crossing" v="zebra"/>
    <tag k="highway" v="crossing"/>
  </node>
  <node id="5839546306" lat="54.1630847" lon="19.4054859"/>
  <node id="5839546331" lat="54.1646582" lon="19.4065010"/>
  <node id="5839546332" lat="54.1648562" lon="19.4063895"/>
  <node id="5839546336" lat="54.1630237" lon="19.4058920"/>
  <node id="5839546337" lat="54.1629768" lon="19.4059245">
    <tag k="crossing" v="zebra"/>
    <tag k="highway" v="crossing"/>
  </node>
  <node id="5839546338" lat="54.1629366" lon="19.4059494"/>
  <node id="5839546339" lat="54.1629170" lon="19.4059548"/>
  <node id="5839546340" lat="54.1627333" lon="19.4058663"/>
  <node id="5839546354" lat="54.1632333" lon="19.4064607">
    <tag k="barrier" v="gate"/>
  </node>
  <node id="5839546356" lat="54.1634198" lon="19.4063274"/>
  <node id="5839546357" lat="54.1632180" lon="19.4064717">
    <tag k="crossing" v="zebra"/>
    <tag k="highway" v="crossing"/>
  </node>
  <node id="5839546358" lat="54.1631831" lon="19.4064967"/>
  <node id="5839741892" lat="54.1624192" lon="19.4075763"/>
  <node id="5839741922" lat="54.1624719" lon="19.4068710"/>
  <node id="5839741923" lat="54.1621160" lon="19.4070361"/>
  <node id="5839741924" lat="54.1622001" lon="19.4069843"/>
  <node id="5839741925" lat="54.1623944" lon="19.4069156"/>
  <node id="5839741926" lat="54.1623434" lon="19.4066515"/>
  <node id="5839741927" lat="54.1623434" lon="19.4066118"/>
  <node id="5839741928" lat="54.1623462" lon="19.4065815"/>
  <node id="5839741929" lat="54.1623585" lon="19.4065535"/>
  <node id="5839741930" lat="54.1623790" lon="19.4065254"/>
  <node id="5839741931" lat="54.1626524" lon="19.4063401"/>
  <node id="5839741934" lat="54.1624127" lon="19.4065031"/>
  <node id="5839741935" lat="54.1626249" lon="19.4063611"/>
  <node id="5839741936" lat="54.1626798" lon="19.4063350"/>
  <node id="5839741937" lat="54.1627122" lon="19.4063458"/>
  <node id="5839741938" lat="54.1627474" lon="19.4063766"/>
  <node id="5839741939" lat="54.1629441" lon="19.4064860"/>
  <node id="5839741940" lat="54.1629648" lon="19.4064906"/>
  <node id="5839741941" lat="54.1629855" lon="19.4064875"/>
  <node id="5839741942" lat="54.1630216" lon="19.4064644"/>
  <node id="5839741943" lat="54.1631076" lon="19.4063972">
    <tag k="crossing" v="zebra"/>
    <tag k="highway" v="crossing"/>
  </node>
  <node id="5839741944" lat="54.1628061" lon="19.4066154"/>
  <node id="5839741948" lat="54.1629515" lon="19.4065117"/>
  <node id="5839741961" lat="54.1619681" lon="19.4063979">
    <tag k="crossing" v="zebra"/>
    <tag k="highway" v="crossing"/>
  </node>
  <node id="5839741966" lat="54.1621476" lon="19.4070176">
    <tag k="crossing" v="zebra"/>
    <tag k="highway" v="crossing"/>
  </node>
  <node id="5839741968" lat="54.1622339" lon="19.4075518">
    <tag k="crossing" v="zebra"/>
    <tag k="highway" v="crossing"/>
  </node>
  <node id="5839998987" lat="54.1621577" lon="19.4077576"/>
  <node id="5839999007" lat="54.1617102" lon="19.4085636">
    <tag k="barrier" v="gate"/>
  </node>
  <node id="5839999019" lat="54.1611950" lon="19.4075338"/>
  <node id="5839999020" lat="54.1611014" lon="19.4075152">
    <tag k="crossing" v="zebra"/>
    <tag k="highway" v="crossing"/>
  </node>
  <node id="5839999021" lat="54.1610836" lon="19.4075070"/>
  <node id="5839999022" lat="54.1610424" lon="19.4074763"/>
  <node id="5839999023" lat="54.1611991" lon="19.4075689"/>
  <node id="5839999024" lat="54.1612094" lon="19.4076156"/>
  <node id="5839999025" lat="54.1612251" lon="19.4076506"/>
  <node id="5839999026" lat="54.1612456" lon="19.4076693"/>
  <node id="5839999027" lat="54.1616250" lon="19.4077043"/>
  <node id="5839999028" lat="54.1616387" lon="19.4076903"/>
  <node id="5839999029" lat="54.1616585" lon="19.4076564"/>
  <node id="5839999030" lat="54.1616694" lon="19.4076202"/>
  <node id="5839999031" lat="54.1616756" lon="19.4075829"/>
  <node id="5839999032" lat="54.1616756" lon="19.4075467"/>
  <node id="5839999033" lat="54.1616715" lon="19.4075093"/>
  <node id="5839999034" lat="54.1616612" lon="19.4074836"/>
  <node id="5839999035" lat="54.1616469" lon="19.4074650"/>
  <node id="5839999036" lat="54.1616243" lon="19.4074568"/>
  <node id="5839999037" lat="54.1613769" lon="19.4074381"/>
  <node id="5839999038" lat="54.1613543" lon="19.4074404"/>
  <node id="5839999039" lat="54.1613359" lon="19.4074474"/>
  <node id="5839999040" lat="54.1613194" lon="19.4074603"/>
  <node id="5839999041" lat="54.1613010" lon="19.4074731"/>
  <node id="5839999042" lat="54.1612757" lon="19.4074778"/>
  <node id="5839999043" lat="54.1612484" lon="19.4074801"/>
  <node id="5839999044" lat="54.1612217" lon="19.4074825"/>
  <node id="5839999045" lat="54.1612039" lon="19.4075000"/>
  <node id="5839999046" lat="54.1616626" lon="19.4074603"/>
  <node id="5839999047" lat="54.1616763" lon="19.4074474"/>
  <node id="5839999048" lat="54.1616845" lon="19.4074334"/>
  <node id="5839999049" lat="54.1616920" lon="19.4074089"/>
  <node id="5839999050" lat="54.1616811" lon="19.4075233"/>
  <node id="5839999051" lat="54.1616865" lon="19.4074615"/>
  <node id="5839999052" lat="54.1616988" lon="19.4073354"/>
  <node id="5839999053" lat="54.1616995" lon="19.4072933"/>
  <node id="5839999054" lat="54.1616954" lon="19.4072536"/>
  <node id="5839999055" lat="54.1616852" lon="19.4072034"/>
  <node id="5839999056" lat="54.1616715" lon="19.4071696"/>
  <node id="5839999057" lat="54.1616558" lon="19.4071591"/>
  <node id="5839999058" lat="54.1616312" lon="19.4071556"/>
  <node id="5839999059" lat="54.1615908" lon="19.4071509"/>
  <node id="5839999060" lat="54.1615382" lon="19.4071439"/>
  <node id="5839999061" lat="54.1614856" lon="19.4071322"/>
  <node id="5839999062" lat="54.1614480" lon="19.4071124"/>
  <node id="5839999063" lat="54.1614192" lon="19.4070832"/>
  <node id="5839999064" lat="54.1613837" lon="19.4070295"/>
  <node id="5839999065" lat="54.1613618" lon="19.4069839"/>
  <node id="5839999066" lat="54.1613475" lon="19.4069361"/>
  <node id="5839999067" lat="54.1613352" lon="19.4068754"/>
  <node id="5839999068" lat="54.1613270" lon="19.4068193"/>
  <node id="5839999069" lat="54.1613037" lon="19.4066562"/>
  <node id="5839999070" lat="54.1612985" lon="19.4064557"/>
  <node id="5839999076" lat="54.1612985" lon="19.4064289">
    <tag k="crossing" v="zebra"/>
    <tag k="highway" v="crossing"/>
  </node>
  <node id="5839999081" lat="54.1619908" lon="19.4066991">
    <tag k="crossing" v="zebra"/>
    <tag k="highway" v="crossing"/>
  </node>
  <node id="5839999084" lat="54.1621979" lon="19.4073942"/>
  <node id="5839999485" lat="54.1618789" lon="19.4067743"/>
  <node id="5839999486" lat="54.1619806" lon="19.4067061"/>
  <node id="5839999487" lat="54.1620311" lon="19.4066712"/>
  <node id="5839999488" lat="54.1617947" lon="19.4068385"/>
  <node id="5839999489" lat="54.1617774" lon="19.4068517"/>
  <node id="5839999490" lat="54.1617566" lon="19.4068629"/>
  <node id="5839999491" lat="54.1617375" lon="19.4068690"/>
  <node id="5839999492" lat="54.1617137" lon="19.4068690"/>
  <node id="5839999493" lat="54.1616596" lon="19.4068639"/>
  <node id="5839999494" lat="54.1618839" lon="19.4073203"/>
  <node id="5839999506" lat="54.1615956" lon="19.4077148"/>
  <node id="5839999531" lat="54.1617998" lon="19.4069503"/>
  <node id="5839999570" lat="54.1610863" lon="19.4065113">
    <tag k="crossing" v="zebra"/>
    <tag k="highway" v="crossing"/>
  </node>
  <node id="5840049756" lat="54.1610706" lon="19.4080752"/>
  <node id="5840049759" lat="54.1616113" lon="19.4081333"/>
  <node id="5840049761" lat="54.1617275" lon="19.4080271"/>
  <node id="5840049762" lat="54.1617753" lon="19.4079220"/>
  <node id="5840049763" lat="54.1616785" lon="19.4080664">
    <tag k="barrier" v="lift_gate"/>
  </node>
  <node id="5840049771" lat="54.1610599" lon="19.4079392">
    <tag k="barrier" v="gate"/>
  </node>
  <node id="5840049776" lat="54.1610382" lon="19.4076349">
    <tag k="crossing" v="zebra"/>
    <tag k="highway" v="crossing"/>
  </node>
  <node id="5840049778" lat="54.1611941" lon="19.4088144"/>
  <node id="5840049779" lat="54.1612630" lon="19.4088381"/>
  <node id="5840049780" lat="54.1610718" lon="19.4087746"/>
  <node id="5840049781" lat="54.1610349" lon="19.4087731"/>
  <node id="5840049782" lat="54.1610051" lon="19.4087839"/>
  <node id="5840053034" lat="54.1612251" lon="19.4095782"/>
  <node id="5840053040" lat="54.1611445" lon="19.4096672"/>
  <node id="5840053047" lat="54.1609689" lon="19.4095924"/>
  <node id="5840053070" lat="54.1611334" lon="19.4098419">
    <tag k="crossing" v="zebra"/>
    <tag k="highway" v="crossing"/>
  </node>
  <node id="5840053075" lat="54.1615514" lon="19.4091960">
    <tag k="crossing" v="zebra"/>
    <tag k="highway" v="crossing"/>
  </node>
  <node id="5840053077" lat="54.1617534" lon="19.4086188">
    <tag k="crossing" v="zebra"/>
    <tag k="highway" v="crossing"/>
  </node>
  <node id="5840053079" lat="54.1617639" lon="19.4087614">
    <tag k="crossing" v="zebra"/>
    <tag k="highway" v="crossing"/>
  </node>
  <node id="5840053081" lat="54.1615496" lon="19.4093417"/>
  <node id="5840053082" lat="54.1614731" lon="19.4094891"/>
  <node id="5840200350" lat="54.1605725" lon="19.4058113"/>
  <node id="5841700271" lat="54.1651427" lon="19.4067594"/>
  <node id="5841700820" lat="54.1636980" lon="19.4070882"/>
  <node id="5841700821" lat="54.1637083" lon="19.4072090"/>
  <node id="5841700822" lat="54.1637258" lon="19.4073728"/>
  <node id="5841700865" lat="54.1636118" lon="19.4081085"/>
  <node id="5841700866" lat="54.1636864" lon="19.4080987"/>
  <node id="5841700867" lat="54.1637718" lon="19.4081040"/>
  <node id="5841700868" lat="54.1638516" lon="19.4081314"/>
  <node id="5841831673" lat="54.1635400" lon="19.4090668"/>
  <node id="5841831674" lat="54.1635045" lon="19.4086967"/>
  <node id="5841831677" lat="54.1637039" lon="19.4071574">
    <tag k="crossing" v="zebra"/>
    <tag k="highway" v="crossing"/>
  </node>
  <node id="5841832286" lat="54.1634860" lon="19.4081371">
    <tag k="crossing" v="zebra"/>
    <tag k="highway" v="crossing"/>
  </node>
  <node id="5841832324" lat="54.1635443" lon="19.4091119">
    <tag k="traffic_calming" v="bump"/>
  </node>
  <node id="5841832329" lat="54.1636638" lon="19.4098332">
    <tag k="crossing" v="zebra"/>
    <tag k="highway" v="crossing"/>
  </node>
  <node id="5841832338" lat="54.1645035" lon="19.4092261"/>
  <node id="5841832344" lat="54.1647238" lon="19.4091920"/>
  <node id="5841832356" lat="54.1638979" lon="19.4091451"/>
  <node id="5841832357" lat="54.1639443" lon="19.4091330"/>
  <node id="5855539894" lat="54.1643667" lon="19.4096269"/>
  <node id="5855539897" lat="54.1639256" lon="19.4097563"/>
  <node id="5855539900" lat="54.1645213" lon="19.4102181"/>
  <node id="5855539914" lat="54.1637091" lon="19.4106901"/>
  <node id="5855539915" lat="54.1637504" lon="19.4106778">
    <tag k="crossing" v="zebra"/>
    <tag k="highway" v="crossing"/>
  </node>
  <node id="5855539916" lat="54.1639375" lon="19.4106219"/>
  <node id="5855539917" lat="54.1638552" lon="19.4097770"/>
  <node id="5855539919" lat="54.1638014" lon="19.4111744">
    <tag k="crossing" v="zebra"/>
    <tag k="highway" v="crossing"/>
  </node>
  <node id="5855539921" lat="54.1638314" lon="19.4115261">
    <tag k="crossing" v="zebra"/>
    <tag k="highway" v="crossing"/>
  </node>
  <node id="5855539923" lat="54.1638671" lon="19.4121074">
    <tag k="crossing" v="zebra"/>
    <tag k="highway" v="crossing"/>
  </node>
  <node id="5855539949" lat="54.1652869" lon="19.4107265"/>
  <node id="5855539950" lat="54.1644780" lon="19.4109425"/>
  <node id="5855539952" lat="54.1651611" lon="19.4107601"/>
  <node id="5855539963" lat="54.1653469" lon="19.4102320"/>
  <node id="5855539964" lat="54.1646842" lon="19.4104011"/>
  <node id="5855539966" lat="54.1652337" lon="19.4102628"/>
  <node id="5855539967" lat="54.1652546" lon="19.4102577"/>
  <node id="5855541895" lat="54.1653080" lon="19.4095091"/>
  <node id="5855541896" lat="54.1646774" lon="19.4096783"/>
  <node id="5855541901" lat="54.1652623" lon="19.4095214"/>
  <node id="5855541938" lat="54.1656982" lon="19.4115883"/>
  <node id="5858937196" lat="54.1650229" lon="19.4114106"/>
  <node id="5858937199" lat="54.1646649" lon="19.4118790">
    <tag k="barrier" v="lift_gate"/>
  </node>
  <node id="5858937200" lat="54.1646685" lon="19.4119351"/>
  <node id="5858937259" lat="54.1650655" lon="19.4118260"/>
  <node id="5858937453" lat="54.1640088" lon="19.4136477">
    <tag k="crossing" v="zebra"/>
    <tag k="highway" v="crossing"/>
    <tag k="tactile_paving" v="no"/>
  </node>
  <node id="5858937471" lat="54.1638688" lon="19.4124489">
    <tag k="traffic_calming" v="bump"/>
  </node>
  <node id="5858937485" lat="54.1639968" lon="19.4120813"/>
  <node id="5858937494" lat="54.1644233" lon="19.4121369"/>
  <node id="5858937495" lat="54.1645134" lon="19.4132255"/>
  <node id="5858937496" lat="54.1644176" lon="19.4120673">
    <tag k="barrier" v="lift_gate"/>
  </node>
  <node id="5858937499" lat="54.1643700" lon="19.4120061"/>
  <node id="5858937504" lat="54.1638947" lon="19.4127957"/>
  <node id="5858937505" lat="54.1639532" lon="19.4135794"/>
  <node id="5858937515" lat="54.1643403" lon="19.4120116"/>
  <node id="5858937518" lat="54.1641801" lon="19.4120453"/>
  <node id="5863265230" lat="54.1618425" lon="19.3896014"/>
  <node id="5863265231" lat="54.1617156" lon="19.3895431"/>
  <node id="5863265232" lat="54.1618229" lon="19.3897256"/>
  <node id="5863265233" lat="54.1616960" lon="19.3896674"/>
  <node id="5894310362" lat="54.1631810" lon="19.4072126"/>
  <node id="5894310365" lat="54.1629723" lon="19.4073031"/>
  <node id="5894310366" lat="54.1629470" lon="19.4073154"/>
  <node id="5894310367" lat="54.1629587" lon="19.4073881"/>
  <node id="5894310368" lat="54.1629748" lon="19.4074884"/>
  <node id="5894310369" lat="54.1629906" lon="19.4075773"/>
  <node id="5894312186" lat="54.1613049" lon="19.4098351">
    <tag k="crossing" v="zebra"/>
    <tag k="highway" v="crossing"/>
  </node>
  <node id="5894312189" lat="54.1616091" lon="19.4104650"/>
  <node id="5894312190" lat="54.1615202" lon="19.4102809"/>
  <node id="5894312202" lat="54.1618427" lon="19.4107616"/>
  <node id="5894312204" lat="54.1617431" lon="19.4105564"/>
  <node id="5894312214" lat="54.1616718" lon="19.4105949">
    <tag k="crossing" v="zebra"/>
    <tag k="highway" v="crossing"/>
  </node>
  <node id="5894312219" lat="54.1618101" lon="19.4086977"/>
  <node id="5894312220" lat="54.1619737" lon="19.4088635"/>
  <node id="5894312221" lat="54.1619963" lon="19.4088728"/>
  <node id="5894312222" lat="54.1620270" lon="19.4088666"/>
  <node id="5894312223" lat="54.1620549" lon="19.4088527"/>
  <node id="5894312224" lat="54.1621622" lon="19.4087449"/>
  <node id="5894312253" lat="54.1634552" lon="19.4081835"/>
  <node id="5894312254" lat="54.1632372" lon="19.4082347"/>
  <node id="5894312255" lat="54.1631813" lon="19.4076879"/>
  <node id="5894312256" lat="54.1630111" lon="19.4077326"/>
  <node id="5894312257" lat="54.1628671" lon="19.4078201"/>
  <node id="5894312259" lat="54.1634195" lon="19.4081919">
    <tag k="crossing" v="zebra"/>
    <tag k="highway" v="crossing"/>
  </node>
  <node id="5894312260" lat="54.1635730" lon="19.4097688">
    <tag k="crossing" v="zebra"/>
    <tag k="highway" v="crossing"/>
  </node>
  <node id="5894312262" lat="54.1632402" lon="19.4097274"/>
  <node id="5894312277" lat="54.1628716" lon="19.4100768"/>
  <node id="5894312287" lat="54.1630126" lon="19.4088575">
    <tag k="barrier" v="gate"/>
  </node>
  <node id="5894312289" lat="54.1629867" lon="19.4087443"/>
  <node id="5894312290" lat="54.1628054" lon="19.4088080"/>
  <node id="5894399186" lat="54.1630091" lon="19.4117491"/>
  <node id="5894399187" lat="54.1628498" lon="19.4116823"/>
  <node id="5894399191" lat="54.1630549" lon="19.4117457"/>
  <node id="5894399193" lat="54.1625905" lon="19.4117018"/>
  <node id="5894399207" lat="54.1627348" lon="19.4116292"/>
  <node id="5894399208" lat="54.1618298" lon="19.4109046">
    <tag k="crossing" v="zebra"/>
    <tag k="highway" v="crossing"/>
  </node>
  <node id="5894399209" lat="54.1618585" lon="19.4109280"/>
  <node id="5894399210" lat="54.1618885" lon="19.4109327"/>
  <node id="5894399211" lat="54.1619637" lon="19.4109093"/>
  <node id="5894399212" lat="54.1621688" lon="19.4106525">
    <tag k="noexit" v="yes"/>
  </node>
  <node id="5894399215" lat="54.1619737" lon="19.4108969"/>
  <node id="5894399252" lat="54.1632219" lon="19.4098666"/>
  <node id="5894399253" lat="54.1627776" lon="19.4100316"/>
  <node id="5894399254" lat="54.1630803" lon="19.4117438">
    <tag k="crossing" v="zebra"/>
    <tag k="highway" v="crossing"/>
  </node>
  <node id="5894399290" lat="54.1605209" lon="19.4108719">
    <tag k="crossing" v="zebra"/>
    <tag k="highway" v="crossing"/>
  </node>
  <node id="5894426214" lat="54.1629846" lon="19.4123309">
    <tag k="noexit" v="yes"/>
  </node>
  <node id="5894426215" lat="54.1630199" lon="19.4127721"/>
  <node id="5894426216" lat="54.1630152" lon="19.4128364"/>
  <node id="5894426217" lat="54.1630026" lon="19.4129196"/>
  <node id="5894426218" lat="54.1629034" lon="19.4132781"/>
  <node id="5894426237" lat="54.1637754" lon="19.4116669">
    <tag k="crossing" v="zebra"/>
    <tag k="highway" v="crossing"/>
  </node>
  <node id="5894426238" lat="54.1638098" lon="19.4121283">
    <tag k="crossing" v="zebra"/>
    <tag k="highway" v="crossing"/>
  </node>
  <node id="5894426239" lat="54.1638753" lon="19.4130067">
    <tag k="crossing" v="zebra"/>
    <tag k="highway" v="crossing"/>
  </node>
  <node id="5894426254" lat="54.1637210" lon="19.4130232"/>
  <node id="5894426255" lat="54.1638358" lon="19.4130109"/>
  <node id="5894426266" lat="54.1634921" lon="19.4132530"/>
  <node id="5894426267" lat="54.1635963" lon="19.4133365"/>
  <node id="5894426272" lat="54.1629234" lon="19.4132059"/>
  <node id="5894579857" lat="54.1610977" lon="19.4114389"/>
  <node id="5894579858" lat="54.1610606" lon="19.4115680">
    <tag k="crossing" v="zebra"/>
    <tag k="highway" v="crossing"/>
  </node>
  <node id="5894579859" lat="54.1610193" lon="19.4117116"/>
  <node id="5894579864" lat="54.1610539" lon="19.4115912"/>
  <node id="5909399825" lat="54.1622221" lon="19.4130987"/>
  <node id="5909399826" lat="54.1622674" lon="19.4128688"/>
  <node id="5909399856" lat="54.1619496" lon="19.4145210"/>
  <node id="5909399858" lat="54.1617224" lon="19.4157380"/>
  <node id="5909399879" lat="54.1621026" lon="19.4149257"/>
  <node id="5909399880" lat="54.1618944" lon="19.4148164"/>
  <node id="5909399881" lat="54.1618802" lon="19.4148926"/>
  <node id="5909400487" lat="54.1616665" lon="19.4160371"/>
  <node id="5909400503" lat="54.1621179" lon="19.4149249"/>
  <node id="5909400504" lat="54.1621360" lon="19.4149155"/>
  <node id="5909400505" lat="54.1621517" lon="19.4148901"/>
  <node id="5909400506" lat="54.1622475" lon="19.4143630"/>
  <node id="5909400511" lat="54.1619879" lon="19.4145399"/>
  <node id="5909400512" lat="54.1621283" lon="19.4146095"/>
  <node id="5909400513" lat="54.1622025" lon="19.4146465"/>
  <node id="5909400514" lat="54.1622548" lon="19.4143652"/>
  <node id="5909400515" lat="54.1621502" lon="19.4149376"/>
  <node id="5909400519" lat="54.1621379" lon="19.4146143"/>
  <node id="5909400538" lat="54.1624301" lon="19.4136505"/>
  <node id="5909400539" lat="54.1621433" lon="19.4134974"/>
  <node id="5909400559" lat="54.1625829" lon="19.4129520"/>
  <node id="5909400560" lat="54.1627530" lon="19.4131229"/>
  <node id="5909400565" lat="54.1623088" lon="19.4127219"/>
  <node id="5909400572" lat="54.1610863" lon="19.4114787"/>
  <node id="5909763248" lat="54.1631187" lon="19.4134965"/>
  <node id="5909763263" lat="54.1635496" lon="19.4147556"/>
  <node id="5909763264" lat="54.1635493" lon="19.4150414"/>
  <node id="5909763265" lat="54.1635544" lon="19.4150715"/>
  <node id="5909763266" lat="54.1635638" lon="19.4151015"/>
  <node id="5909763267" lat="54.1635793" lon="19.4151246"/>
  <node id="5909763268" lat="54.1636031" lon="19.4151405"/>
  <node id="5909763269" lat="54.1639999" lon="19.4153316"/>
  <node id="5909763270" lat="54.1640528" lon="19.4153422">
    <tag k="barrier" v="gate"/>
  </node>
  <node id="5909763271" lat="54.1634649" lon="19.4145451"/>
  <node id="5909763272" lat="54.1635201" lon="19.4145057"/>
  <node id="5909763273" lat="54.1635393" lon="19.4144578"/>
  <node id="5909763385" lat="54.1641831" lon="19.4146349"/>
  <node id="5909763386" lat="54.1644642" lon="19.4146884"/>
  <node id="5909763405" lat="54.1641398" lon="19.4153498"/>
  <node id="5909763411" lat="54.1642540" lon="19.4146440"/>
  <node id="5909763427" lat="54.1641971" lon="19.4141179"/>
  <node id="5909763430" lat="54.1645032" lon="19.4142088"/>
  <node id="5909796814" lat="54.1639852" lon="19.4170159"/>
  <node id="5909796825" lat="54.1643406" lon="19.4170368"/>
  <node id="5909796841" lat="54.1635164" lon="19.4169191">
    <tag k="crossing" v="zebra"/>
    <tag k="highway" v="crossing"/>
  </node>
  <node id="5909866711" lat="54.1592832" lon="19.4132495"/>
  <node id="5909866714" lat="54.1593659" lon="19.4139240"/>
  <node id="5909866730" lat="54.1597669" lon="19.4174850"/>
  <node id="5909866742" lat="54.1599227" lon="19.4175965">
    <tag k="crossing" v="zebra"/>
    <tag k="highway" v="crossing"/>
  </node>
  <node id="5909866745" lat="54.1597070" lon="19.4177698">
    <tag k="crossing" v="zebra"/>
    <tag k="highway" v="crossing"/>
  </node>
  <node id="5909866753" lat="54.1599441" lon="19.4170500"/>
  <node id="5909866754" lat="54.1599760" lon="19.4165098"/>
  <node id="5909866759" lat="54.1603846" lon="19.4174979"/>
  <node id="5909866772" lat="54.1600339" lon="19.4155243"/>
  <node id="5909866773" lat="54.1594064" lon="19.4153976">
    <tag k="barrier" v="gate"/>
  </node>
  <node id="5909866774" lat="54.1593116" lon="19.4153808"/>
  <node id="5909866775" lat="54.1593355" lon="19.4153836"/>
  <node id="5909866776" lat="54.1593854" lon="19.4153933">
    <tag k="crossing" v="zebra"/>
    <tag k="highway" v="crossing"/>
  </node>
  <node id="5909866779" lat="54.1592859" lon="19.4159850"/>
  <node id="5909866781" lat="54.1592799" lon="19.4161204"/>
  <node id="5909866782" lat="54.1592595" lon="19.4165616"/>
  <node id="5909867087" lat="54.1596830" lon="19.4164465"/>
  <node id="5909867088" lat="54.1597085" lon="19.4164671"/>
  <node id="5909867089" lat="54.1598164" lon="19.4164818"/>
  <node id="5909867094" lat="54.1599355" lon="19.4172457"/>
  <node id="5909867099" lat="54.1596630" lon="19.4164152"/>
  <node id="5909867100" lat="54.1596487" lon="19.4163787"/>
  <node id="5909867101" lat="54.1593979" lon="19.4160618"/>
  <node id="5909867103" lat="54.1596385" lon="19.4163445"/>
  <node id="5909867107" lat="54.1592413" lon="19.4169567"/>
  <node id="5909867134" lat="54.1593873" lon="19.4152883">
    <tag k="crossing" v="zebra"/>
    <tag k="highway" v="crossing"/>
  </node>
  <node id="5909867135" lat="54.1594121" lon="19.4152933">
    <tag k="barrier" v="gate"/>
  </node>
  <node id="5909867136" lat="54.1599728" lon="19.4154078"/>
  <node id="5909903733" lat="54.1597764" lon="19.4147620"/>
  <node id="5909903734" lat="54.1597277" lon="19.4147550">
    <tag k="barrier" v="lift_gate"/>
  </node>
  <node id="5909903736" lat="54.1601040" lon="19.4149958"/>
  <node id="5909903738" lat="54.1602551" lon="19.4149260"/>
  <node id="5909903740" lat="54.1601747" lon="19.4148906"/>
  <node id="5909903743" lat="54.1598471" lon="19.4147726"/>
  <node id="5909903744" lat="54.1600120" lon="19.4139594"/>
  <node id="5909903745" lat="54.1600297" lon="19.4139293"/>
  <node id="5909903746" lat="54.1600504" lon="19.4139151"/>
  <node id="5909903747" lat="54.1600825" lon="19.4139028"/>
  <node id="5909903748" lat="54.1601323" lon="19.4139081"/>
  <node id="5909903749" lat="54.1603589" lon="19.4139734"/>
  <node id="5909903750" lat="54.1601022" lon="19.4144001">
    <tag k="amenity" v="parking_entrance"/>
  </node>
  <node id="5909903751" lat="54.1599211" lon="19.4143191"/>
  <node id="5909903752" lat="54.1605503" lon="19.4140590"/>
  <node id="5909903753" lat="54.1606320" lon="19.4141608"/>
  <node id="5909903754" lat="54.1607861" lon="19.4143927"/>
  <node id="5909903755" lat="54.1609214" lon="19.4145838"/>
  <node id="5909903756" lat="54.1610549" lon="19.4147379"/>
  <node id="5909903757" lat="54.1611253" lon="19.4147995"/>
  <node id="5909903758" lat="54.1611596" lon="19.4148766"/>
  <node id="5909903759" lat="54.1611740" lon="19.4149351"/>
  <node id="5909903760" lat="54.1611740" lon="19.4150491"/>
  <node id="5909903761" lat="54.1610910" lon="19.4168581"/>
  <node id="5909903762" lat="54.1610802" lon="19.4168951"/>
  <node id="5909903763" lat="54.1610549" lon="19.4169290"/>
  <node id="5909903764" lat="54.1610134" lon="19.4169413"/>
  <node id="5909903765" lat="54.1609521" lon="19.4169352"/>
  <node id="5909903766" lat="54.1609106" lon="19.4169290"/>
  <node id="5909903767" lat="54.1608871" lon="19.4169074"/>
  <node id="5909903768" lat="54.1608727" lon="19.4168581"/>
  <node id="5909903769" lat="54.1609120" lon="19.4152661"/>
  <node id="5909903770" lat="54.1605912" lon="19.4140997"/>
  <node id="5909903771" lat="54.1605400" lon="19.4144347">
    <tag k="amenity" v="parking_entrance"/>
  </node>
  <node id="5909903772" lat="54.1610508" lon="19.4161670">
    <tag k="amenity" v="parking_entrance"/>
  </node>
  <node id="5909903773" lat="54.1608934" lon="19.4161505"/>
  <node id="5909903776" lat="54.1604204" lon="19.4148504"/>
  <node id="5909903778" lat="54.1607150" lon="19.4151413"/>
  <node id="5909903779" lat="54.1608438" lon="19.4152089"/>
  <node id="5909903782" lat="54.1605769" lon="19.4150751"/>
  <node id="5909903783" lat="54.1605505" lon="19.4150624"/>
  <node id="5909903784" lat="54.1604733" lon="19.4155094">
    <tag k="amenity" v="parking_entrance"/>
  </node>
  <node id="5909903985" lat="54.1609154" lon="19.4154017"/>
  <node id="5909903988" lat="54.1608981" lon="19.4159751"/>
  <node id="5909903989" lat="54.1606911" lon="19.4161237"/>
  <node id="5909903991" lat="54.1607965" lon="19.4161362"/>
  <node id="5909975457" lat="54.1635776" lon="19.4139611"/>
  <node id="5923999103" lat="54.1598551" lon="19.4188532"/>
  <node id="5923999131" lat="54.1610113" lon="19.4183767">
    <tag k="barrier" v="gate"/>
  </node>
  <node id="5923999139" lat="54.1610494" lon="19.4183795"/>
  <node id="5923999140" lat="54.1610222" lon="19.4183775"/>
  <node id="5923999141" lat="54.1608435" lon="19.4183643"/>
  <node id="5923999142" lat="54.1608469" lon="19.4182043"/>
  <node id="5923999168" lat="54.1620539" lon="19.4189181"/>
  <node id="5923999202" lat="54.1626553" lon="19.4176132"/>
  <node id="5923999204" lat="54.1625522" lon="19.4179458"/>
  <node id="5923999209" lat="54.1627689" lon="19.4183775"/>
  <node id="5923999214" lat="54.1627687" lon="19.4183450">
    <tag k="crossing" v="zebra"/>
    <tag k="highway" v="crossing"/>
  </node>
  <node id="5923999238" lat="54.1627686" lon="19.4183281"/>
  <node id="5923999239" lat="54.1627711" lon="19.4182036"/>
  <node id="5923999245" lat="54.1633777" lon="19.4169703">
    <tag k="crossing" v="zebra"/>
    <tag k="crossing:island" v="no"/>
    <tag k="highway" v="crossing"/>
  </node>
  <node id="5923999263" lat="54.1628054" lon="19.4201731"/>
  <node id="5923999264" lat="54.1626438" lon="19.4197473"/>
  <node id="5923999281" lat="54.1641614" lon="19.4185223">
    <tag k="barrier" v="gate"/>
  </node>
  <node id="5938649233" lat="54.1641221" lon="19.4180072"/>
  <node id="5938649234" lat="54.1641205" lon="19.4182531"/>
  <node id="5938649236" lat="54.1638916" lon="19.4177350"/>
  <node id="5938672910" lat="54.1647357" lon="19.4196141"/>
  <node id="5938672916" lat="54.1645153" lon="19.4210485"/>
  <node id="5938672917" lat="54.1646625" lon="19.4197746">
    <tag k="barrier" v="lift_gate"/>
  </node>
  <node id="5938672922" lat="54.1645936" lon="19.4197388"/>
  <node id="5938672923" lat="54.1646180" lon="19.4196078"/>
  <node id="5938672924" lat="54.1642861" lon="19.4194276"/>
  <node id="5938672925" lat="54.1642464" lon="19.4196402"/>
  <node id="5938672926" lat="54.1645476" lon="19.4197942"/>
  <node id="5938672927" lat="54.1641616" lon="19.4195971"/>
  <node id="5938672928" lat="54.1645548" lon="19.4198762"/>
  <node id="5938672929" lat="54.1645684" lon="19.4199714"/>
  <node id="5938672930" lat="54.1645729" lon="19.4200161"/>
  <node id="5938672931" lat="54.1645729" lon="19.4200577"/>
  <node id="5938672932" lat="54.1645621" lon="19.4201378"/>
  <node id="5938672962" lat="54.1644793" lon="19.4215955"/>
  <node id="5940096296" lat="54.1642700" lon="19.4227029"/>
  <node id="5940589170" lat="54.1600063" lon="19.4193894"/>
  <node id="5940589181" lat="54.1600234" lon="19.4189968">
    <tag k="crossing" v="zebra"/>
    <tag k="highway" v="crossing"/>
    <tag k="tactile_paving" v="no"/>
  </node>
  <node id="5940590085" lat="54.1609687" lon="19.4190507">
    <tag k="crossing" v="zebra"/>
    <tag k="crossing:island" v="no"/>
    <tag k="highway" v="crossing"/>
    <tag k="tactile_paving" v="no"/>
  </node>
  <node id="5940590092" lat="54.1590592" lon="19.4197384"/>
  <node id="5940590093" lat="54.1591188" lon="19.4197480">
    <tag k="crossing" v="zebra"/>
    <tag k="highway" v="crossing"/>
  </node>
  <node id="5940590094" lat="54.1591698" lon="19.4197563"/>
  <node id="5940590095" lat="54.1592864" lon="19.4197667"/>
  <node id="5940590096" lat="54.1592987" lon="19.4193499"/>
  <node id="5940590097" lat="54.1592331" lon="19.4193394"/>
  <node id="5940590098" lat="54.1592179" lon="19.4197606"/>
  <node id="5940590100" lat="54.1591400" lon="19.4197515">
    <tag k="barrier" v="gate"/>
  </node>
  <node id="5964728188" lat="54.1525664" lon="19.4138241"/>
  <node id="5964728197" lat="54.1519554" lon="19.4114987"/>
  <node id="5964728201" lat="54.1537536" lon="19.4125722">
    <tag k="crossing:markings" v="zebra"/>
    <tag k="highway" v="crossing"/>
  </node>
  <node id="5964728202" lat="54.1538035" lon="19.4124192">
    <tag k="crossing:markings" v="zebra"/>
    <tag k="highway" v="crossing"/>
  </node>
  <node id="5964728285" lat="54.1506917" lon="19.4114405"/>
  <node id="5964728302" lat="54.1515577" lon="19.4118784"/>
  <node id="5964728303" lat="54.1515703" lon="19.4117742"/>
  <node id="5964728304" lat="54.1515785" lon="19.4117530"/>
  <node id="5964728305" lat="54.1516171" lon="19.4117445"/>
  <node id="5964728306" lat="54.1516626" lon="19.4117726"/>
  <node id="5964728307" lat="54.1519120" lon="19.4120353"/>
  <node id="5964728330" lat="54.1520609" lon="19.4110889"/>
  <node id="5964728331" lat="54.1523877" lon="19.4111746"/>
  <node id="5964728332" lat="54.1523504" lon="19.4116113"/>
  <node id="5964728333" lat="54.1515732" lon="19.4113988"/>
  <node id="5964728334" lat="54.1516128" lon="19.4109657"/>
  <node id="5964728394" lat="54.1517414" lon="19.4118589"/>
  <node id="5964728396" lat="54.1518238" lon="19.4119592"/>
  <node id="5964728401" lat="54.1529746" lon="19.4137451"/>
  <node id="5964728428" lat="54.1536670" lon="19.4123375"/>
  <node id="5964729087" lat="54.1514835" lon="19.4123203"/>
  <node id="5972596925" lat="54.1508520" lon="19.4127238"/>
  <node id="5972596926" lat="54.1518718" lon="19.4123687"/>
  <node id="5972596928" lat="54.1518150" lon="19.4129911">
    <tag k="bicycle" v="yes"/>
    <tag k="crossing:markings" v="zebra"/>
    <tag k="highway" v="crossing"/>
  </node>
  <node id="5979164499" lat="54.1641094" lon="19.4223345"/>
  <node id="5979164538" lat="54.1638352" lon="19.4218844"/>
  <node id="5979346603" lat="54.1623797" lon="19.4202278"/>
  <node id="5979346604" lat="54.1623968" lon="19.4198706"/>
  <node id="5979346605" lat="54.1624030" lon="19.4198460"/>
  <node id="5979346606" lat="54.1624132" lon="19.4198262"/>
  <node id="5979346607" lat="54.1624351" lon="19.4197970"/>
  <node id="5979346608" lat="54.1625928" lon="19.4196091"/>
  <node id="5979346614" lat="54.1625580" lon="19.4196505">
    <tag k="crossing" v="zebra"/>
    <tag k="highway" v="crossing"/>
  </node>
  <node id="5979346633" lat="54.1617880" lon="19.4189715">
    <tag k="crossing" v="zebra"/>
    <tag k="highway" v="crossing"/>
    <tag k="tactile_paving" v="no"/>
  </node>
  <node id="5979346654" lat="54.1617516" lon="19.4201182"/>
  <node id="5979346655" lat="54.1617335" lon="19.4202194"/>
  <node id="5979346715" lat="54.1609867" lon="19.4196514"/>
  <node id="5979346731" lat="54.1609735" lon="19.4192180"/>
  <node id="5979346736" lat="54.1610199" lon="19.4203633"/>
  <node id="5979466950" lat="54.1610981" lon="19.4213741"/>
  <node id="5979687257" lat="54.1611843" lon="19.4235161"/>
  <node id="5979687366" lat="54.1611172" lon="19.4243272"/>
  <node id="5979687367" lat="54.1610842" lon="19.4243926"/>
  <node id="5979687368" lat="54.1610351" lon="19.4244282"/>
  <node id="6019712786" lat="54.1498009" lon="19.4124725">
    <tag k="crossing" v="marked"/>
    <tag k="highway" v="crossing"/>
    <tag k="tactile_paving" v="no"/>
  </node>
  <node id="6019712787" lat="54.1498175" lon="19.4123521">
    <tag k="crossing" v="marked"/>
    <tag k="highway" v="crossing"/>
    <tag k="tactile_paving" v="no"/>
  </node>
  <node id="6019712850" lat="54.1472627" lon="19.4050007"/>
  <node id="6019712852" lat="54.1471562" lon="19.4057159"/>
  <node id="6019712853" lat="54.1471617" lon="19.4044355"/>
  <node id="6019712855" lat="54.1471243" lon="19.4040735"/>
  <node id="6019712857" lat="54.1470763" lon="19.4036618"/>
  <node id="6019712896" lat="54.1470379" lon="19.4033980"/>
  <node id="6019713004" lat="54.1471675" lon="19.4048428"/>
  <node id="6019714487" lat="54.1495369" lon="19.4134510"/>
  <node id="6019891500" lat="54.1471953" lon="19.4106736"/>
  <node id="6019891501" lat="54.1474740" lon="19.4091581"/>
  <node id="6019891502" lat="54.1478507" lon="19.4082015"/>
  <node id="6019899086" lat="54.1481348" lon="19.4082711"/>
  <node id="6041103452" lat="54.1615983" lon="19.3957644"/>
  <node id="6041104324" lat="54.1617446" lon="19.3950012"/>
  <node id="6041104325" lat="54.1617456" lon="19.3950323"/>
  <node id="6041104326" lat="54.1611332" lon="19.3951205"/>
  <node id="6041106014" lat="54.1604243" lon="19.3973444"/>
  <node id="6082932498" lat="54.1536018" lon="19.4157523"/>
  <node id="6083055864" lat="54.1596775" lon="19.4073065">
    <tag k="crossing" v="zebra"/>
    <tag k="highway" v="crossing"/>
  </node>
  <node id="6106863937" lat="54.1629755" lon="19.3964312">
    <tag k="crossing" v="zebra"/>
    <tag k="highway" v="crossing"/>
  </node>
  <node id="6106863941" lat="54.1630601" lon="19.3963074">
    <tag k="crossing" v="zebra"/>
    <tag k="highway" v="crossing"/>
  </node>
  <node id="6106863947" lat="54.1631091" lon="19.3966155">
    <tag k="crossing" v="zebra"/>
    <tag k="highway" v="crossing"/>
  </node>
  <node id="6106863966" lat="54.1629337" lon="19.3967794">
    <tag k="crossing" v="zebra"/>
    <tag k="highway" v="crossing"/>
  </node>
  <node id="6106863975" lat="54.1638557" lon="19.3966277"/>
  <node id="6106863983" lat="54.1637910" lon="19.3967441">
    <tag k="crossing" v="zebra"/>
    <tag k="highway" v="crossing"/>
  </node>
  <node id="6106865986" lat="54.1638689" lon="19.3966335">
    <tag k="crossing" v="zebra"/>
    <tag k="highway" v="crossing"/>
  </node>
  <node id="6125216585" lat="54.1524658" lon="19.4174990"/>
  <node id="6125217116" lat="54.1527212" lon="19.4167099"/>
  <node id="6125224974" lat="54.1513802" lon="19.4027021"/>
  <node id="6125227243" lat="54.1523284" lon="19.4024880"/>
  <node id="6125227957" lat="54.1531564" lon="19.4021792">
    <tag k="crossing" v="marked"/>
    <tag k="highway" v="crossing"/>
  </node>
  <node id="6125227958" lat="54.1531442" lon="19.4020201">
    <tag k="crossing" v="marked"/>
    <tag k="highway" v="crossing"/>
  </node>
  <node id="6125227959" lat="54.1530930" lon="19.4023819">
    <tag k="highway" v="crossing"/>
  </node>
  <node id="6125229234" lat="54.1529325" lon="19.4022826">
    <tag k="crossing" v="marked"/>
    <tag k="highway" v="crossing"/>
  </node>
  <node id="6125288878" lat="54.1515546" lon="19.4115835"/>
  <node id="6125298796" lat="54.1518709" lon="19.4120086"/>
  <node id="6125302019" lat="54.1519355" lon="19.4117511">
    <tag k="crossing:markings" v="zebra"/>
    <tag k="highway" v="crossing"/>
  </node>
  <node id="6125302020" lat="54.1520250" lon="19.4117527">
    <tag k="crossing:markings" v="zebra"/>
    <tag k="highway" v="crossing"/>
  </node>
  <node id="6125305426" lat="54.1521576" lon="19.4119373"/>
  <node id="6125306385" lat="54.1503219" lon="19.4055144"/>
  <node id="6125306386" lat="54.1502995" lon="19.4051346"/>
  <node id="6125306387" lat="54.1502761" lon="19.4046848"/>
  <node id="6125309695" lat="54.1475760" lon="19.4077152"/>
  <node id="6125309696" lat="54.1482980" lon="19.4113487"/>
  <node id="6125318593" lat="54.1457320" lon="19.4040373"/>
  <node id="6340303606" lat="54.1510459" lon="19.3889791"/>
  <node id="6340303607" lat="54.1510708" lon="19.3890967"/>
  <node id="6340303608" lat="54.1511048" lon="19.3891811"/>
  <node id="6340303609" lat="54.1512772" lon="19.3893390">
    <tag k="crossing" v="unmarked"/>
    <tag k="highway" v="crossing"/>
  </node>
  <node id="6340303610" lat="54.1510268" lon="19.3888203"/>
  <node id="6340303611" lat="54.1496720" lon="19.3892308"/>
  <node id="6340303612" lat="54.1495366" lon="19.3883622"/>
  <node id="6340303614" lat="54.1509299" lon="19.3879175"/>
  <node id="6441654029" lat="54.1497392" lon="19.4114442">
    <tag k="crossing" v="marked"/>
    <tag k="highway" v="crossing"/>
  </node>
  <node id="6441665149" lat="54.1511087" lon="19.4115212"/>
  <node id="6441675698" lat="54.1506757" lon="19.4112770">
    <tag k="highway" v="mini_roundabout"/>
  </node>
  <node id="6441675785" lat="54.1496581" lon="19.4118014"/>
  <node id="6441675786" lat="54.1496935" lon="19.4117056"/>
  <node id="6441688473" lat="54.1509897" lon="19.4127340"/>
  <node id="6441690796" lat="54.1526768" lon="19.4125551"/>
  <node id="6441690797" lat="54.1523518" lon="19.4126046"/>
  <node id="6441690798" lat="54.1524628" lon="19.4132195"/>
  <node id="6441690799" lat="54.1525967" lon="19.4130913"/>
  <node id="6441690802" lat="54.1516956" lon="19.4139555"/>
  <node id="6441690807" lat="54.1519143" lon="19.4136912"/>
  <node id="6441690809" lat="54.1519481" lon="19.4132872">
    <tag k="crossing:markings" v="zebra"/>
    <tag k="highway" v="crossing"/>
  </node>
  <node id="6441738587" lat="54.1497513" lon="19.4116926"/>
  <node id="6441738592" lat="54.1505279" lon="19.4113274">
    <tag k="crossing:signals" v="no"/>
    <tag k="crossing_ref" v="zebra"/>
    <tag k="highway" v="crossing"/>
  </node>
  <node id="6441738595" lat="54.1499702" lon="19.4113799"/>
  <node id="6441738597" lat="54.1501205" lon="19.4113038"/>
  <node id="6441738601" lat="54.1501110" lon="19.4112368"/>
  <node id="6441741693" lat="54.1504836" lon="19.4113215"/>
  <node id="6441769245" lat="54.1496335" lon="19.4120620"/>
  <node id="6441769251" lat="54.1495756" lon="19.4125273"/>
  <node id="6441769255" lat="54.1497332" lon="19.4122170"/>
  <node id="6441771131" lat="54.1517644" lon="19.4133193"/>
  <node id="6441771132" lat="54.1517577" lon="19.4132842"/>
  <node id="6441771133" lat="54.1517665" lon="19.4132130"/>
  <node id="6441771135" lat="54.1517810" lon="19.4131856"/>
  <node id="6441774607" lat="54.1503069" lon="19.4125707"/>
  <node id="6441774608" lat="54.1503072" lon="19.4126605"/>
  <node id="6444971641" lat="54.1494098" lon="19.4061457"/>
  <node id="6444971642" lat="54.1493584" lon="19.4041973"/>
  <node id="6444971643" lat="54.1493765" lon="19.4051617"/>
  <node id="6444971673" lat="54.1512502" lon="19.3893210"/>
  <node id="6462610780" lat="54.1518926" lon="19.4122405"/>
  <node id="6462613985" lat="54.1518814" lon="19.4132614"/>
  <node id="6474801279" lat="54.1453564" lon="19.4097004"/>
  <node id="6690582730" lat="54.1506229" lon="19.3908023"/>
  <node id="6690582731" lat="54.1514404" lon="19.3909385"/>
  <node id="6690582733" lat="54.1507421" lon="19.3907988"/>
  <node id="6690582736" lat="54.1512026" lon="19.3905979"/>
  <node id="6690582737" lat="54.1512241" lon="19.3906738"/>
  <node id="6690582738" lat="54.1512194" lon="19.3908073"/>
  <node id="6690582739" lat="54.1511993" lon="19.3908656"/>
  <node id="6690582741" lat="54.1511784" lon="19.3909035"/>
  <node id="6690582742" lat="54.1510598" lon="19.3909324"/>
  <node id="6690582743" lat="54.1510269" lon="19.3909029"/>
  <node id="6690582744" lat="54.1510004" lon="19.3908584"/>
  <node id="6690582745" lat="54.1509751" lon="19.3907405"/>
  <node id="6690582746" lat="54.1509784" lon="19.3906773"/>
  <node id="6690582747" lat="54.1509898" lon="19.3906263"/>
  <node id="6690582748" lat="54.1510465" lon="19.3905334"/>
  <node id="6690582749" lat="54.1510819" lon="19.3905145"/>
  <node id="6690582750" lat="54.1511149" lon="19.3905146"/>
  <node id="6690582751" lat="54.1511794" lon="19.3905577"/>
  <node id="7165626184" lat="54.1600469" lon="19.4036750"/>
  <node id="7165676985" lat="54.1602384" lon="19.4036354"/>
  <node id="7201398052" lat="54.1525620" lon="19.4146701">
    <tag k="bus" v="yes"/>
    <tag k="name" v="11"/>
    <tag k="public_transport" v="stop_position"/>
    <tag k="route_ref" v="Flixbus 1200, 1385, K717(= PKS Elbląg), K1299(=PKS Gdańsk, Zelenogradsk Trans)"/>
  </node>
  <node id="7201398053" lat="54.1524979" lon="19.4146551">
    <tag k="bus" v="yes"/>
    <tag k="public_transport" v="stop_position"/>
    <tag k="ref" v="10"/>
  </node>
  <node id="7201398054" lat="54.1524427" lon="19.4146515">
    <tag k="bus" v="yes"/>
    <tag k="public_transport" v="stop_position"/>
    <tag k="ref" v="9"/>
  </node>
  <node id="7201398055" lat="54.1523815" lon="19.4146320">
    <tag k="bus" v="yes"/>
    <tag k="public_transport" v="stop_position"/>
    <tag k="ref" v="8"/>
  </node>
  <node id="7201398056" lat="54.1523264" lon="19.4146181">
    <tag k="bus" v="yes"/>
    <tag k="public_transport" v="stop_position"/>
    <tag k="ref" v="7"/>
  </node>
  <node id="7201398057" lat="54.1522595" lon="19.4145995">
    <tag k="bus" v="yes"/>
    <tag k="public_transport" v="stop_position"/>
    <tag k="ref" v="6"/>
  </node>
  <node id="7201398058" lat="54.1521920" lon="19.4145791">
    <tag k="bus" v="yes"/>
    <tag k="public_transport" v="stop_position"/>
    <tag k="ref" v="5"/>
  </node>
  <node id="7201398059" lat="54.1521340" lon="19.4145579">
    <tag k="bus" v="yes"/>
    <tag k="public_transport" v="stop_position"/>
    <tag k="ref" v="4"/>
  </node>
  <node id="7201398060" lat="54.1520707" lon="19.4145452">
    <tag k="bus" v="yes"/>
    <tag k="public_transport" v="stop_position"/>
    <tag k="ref" v="3"/>
  </node>
  <node id="7201398061" lat="54.1520100" lon="19.4145329">
    <tag k="bus" v="yes"/>
    <tag k="public_transport" v="stop_position"/>
    <tag k="ref" v="2"/>
  </node>
  <node id="7201398062" lat="54.1526068" lon="19.4148834"/>
  <node id="7201398063" lat="54.1525205" lon="19.4144727"/>
  <node id="7201398064" lat="54.1525441" lon="19.4148695"/>
  <node id="7201398065" lat="54.1524547" lon="19.4144539"/>
  <node id="7201398066" lat="54.1524892" lon="19.4148573"/>
  <node id="7201398067" lat="54.1523942" lon="19.4144366"/>
  <node id="7201398068" lat="54.1524244" lon="19.4148425"/>
  <node id="7201398069" lat="54.1523384" lon="19.4144207"/>
  <node id="7201398070" lat="54.1523734" lon="19.4148305"/>
  <node id="7201398071" lat="54.1522780" lon="19.4143999"/>
  <node id="7201398072" lat="54.1523026" lon="19.4148138"/>
  <node id="7201398073" lat="54.1522158" lon="19.4143816"/>
  <node id="7201398074" lat="54.1522344" lon="19.4147978"/>
  <node id="7201398075" lat="54.1521492" lon="19.4143591"/>
  <node id="7201398076" lat="54.1521811" lon="19.4147853"/>
  <node id="7201398077" lat="54.1520896" lon="19.4143436"/>
  <node id="7201398078" lat="54.1521189" lon="19.4147707"/>
  <node id="7201398079" lat="54.1520235" lon="19.4143240"/>
  <node id="7201398080" lat="54.1520593" lon="19.4147567"/>
  <node id="7201398081" lat="54.1519599" lon="19.4143052"/>
  <node id="7201398082" lat="54.1519928" lon="19.4147393"/>
  <node id="7201398083" lat="54.1518849" lon="19.4142830"/>
  <node id="7201398084" lat="54.1519455" lon="19.4145276">
    <tag k="bus" v="yes"/>
    <tag k="public_transport" v="stop_position"/>
    <tag k="ref" v="1"/>
  </node>
  <node id="7399115569" lat="54.1513471" lon="19.3916923"/>
  <node id="7399115570" lat="54.1513629" lon="19.3913723"/>
  <node id="7399115571" lat="54.1512854" lon="19.3907555"/>
  <node id="7399115572" lat="54.1512530" lon="19.3909033"/>
  <node id="7399115573" lat="54.1513467" lon="19.3908170">
    <tag k="crossing" v="marked"/>
    <tag k="highway" v="crossing"/>
    <tag k="tactile_paving" v="yes"/>
  </node>
  <node id="7399115574" lat="54.1513251" lon="19.3909205">
    <tag k="crossing" v="marked"/>
    <tag k="highway" v="crossing"/>
  </node>
  <node id="7399115581" lat="54.1508677" lon="19.3908290">
    <tag k="crossing:signals" v="no"/>
    <tag k="highway" v="crossing"/>
  </node>
  <node id="7399115582" lat="54.1508561" lon="19.3907311">
    <tag k="crossing:signals" v="no"/>
    <tag k="highway" v="crossing"/>
  </node>
  <node id="7399122185" lat="54.1511829" lon="19.3902780">
    <tag k="crossing" v="marked"/>
    <tag k="highway" v="crossing"/>
  </node>
  <node id="7399122186" lat="54.1512451" lon="19.3903239">
    <tag k="crossing" v="marked"/>
    <tag k="highway" v="crossing"/>
  </node>
  <node id="7399122212" lat="54.1599360" lon="19.3927641">
    <tag k="crossing" v="unmarked"/>
    <tag k="crossing:island" v="no"/>
    <tag k="highway" v="crossing"/>
  </node>
  <node id="7399122218" lat="54.1598896" lon="19.3906622">
    <tag k="crossing" v="unmarked"/>
    <tag k="crossing:island" v="no"/>
    <tag k="highway" v="crossing"/>
  </node>
  <node id="7399122220" lat="54.1626398" lon="19.3965792"/>
  <node id="7399122221" lat="54.1625949" lon="19.3967399"/>
  <node id="7399122222" lat="54.1626316" lon="19.3966094"/>
  <node id="7399122227" lat="54.1637099" lon="19.3971638"/>
  <node id="8016524243" lat="54.1598795" lon="19.4005666"/>
  <node id="8016524244" lat="54.1598227" lon="19.4004517">
    <tag k="access" v="permit"/>
    <tag k="barrier" v="lift_gate"/>
    <tag k="foot" v="destination"/>
  </node>
  <node id="8168817380" lat="54.1634340" lon="19.4014346">
    <tag k="railway" v="tram_level_crossing"/>
  </node>
  <node id="8168817384" lat="54.1642142" lon="19.3976188">
    <tag k="highway" v="crossing"/>
  </node>
  <node id="8168817385" lat="54.1647253" lon="19.3980518">
    <tag k="highway" v="crossing"/>
  </node>
  <node id="8168817394" lat="54.1606400" lon="19.4045502">
    <tag k="highway" v="crossing"/>
  </node>
  <node id="8168817397" lat="54.1602924" lon="19.4040951">
    <tag k="highway" v="crossing"/>
  </node>
  <node id="8168817398" lat="54.1602902" lon="19.4040589">
    <tag k="highway" v="crossing"/>
  </node>
  <node id="8168817404" lat="54.1590450" lon="19.4072338">
    <tag k="crossing:island" v="yes"/>
    <tag k="crossing:signals" v="no"/>
    <tag k="highway" v="crossing"/>
  </node>
  <node id="8168817409" lat="54.1597350" lon="19.4086402">
    <tag k="button_operated" v="yes"/>
    <tag k="crossing:signals" v="yes"/>
    <tag k="highway" v="crossing"/>
  </node>
  <node id="8168817410" lat="54.1597270" lon="19.4086509">
    <tag k="button_operated" v="yes"/>
    <tag k="crossing:signals" v="yes"/>
    <tag k="highway" v="crossing"/>
  </node>
  <node id="8168817411" lat="54.1599611" lon="19.4086627">
    <tag k="highway" v="crossing"/>
  </node>
  <node id="8168817412" lat="54.1599909" lon="19.4087225">
    <tag k="highway" v="crossing"/>
  </node>
  <node id="8168817413" lat="54.1601355" lon="19.4090015">
    <tag k="highway" v="crossing"/>
  </node>
  <node id="8168817414" lat="54.1588565" lon="19.4102700">
    <tag k="highway" v="crossing"/>
  </node>
  <node id="8168817415" lat="54.1588443" lon="19.4104206">
    <tag k="highway" v="crossing"/>
  </node>
  <node id="8168817416" lat="54.1588979" lon="19.4106898">
    <tag k="highway" v="crossing"/>
  </node>
  <node id="8168858218" lat="54.1590788" lon="19.4108089">
    <tag k="highway" v="crossing"/>
  </node>
  <node id="8168858220" lat="54.1590234" lon="19.4194515">
    <tag k="railway" v="tram_level_crossing"/>
  </node>
  <node id="8168858232" lat="54.1562163" lon="19.4043679">
    <tag k="crossing" v="traffic_signals"/>
    <tag k="crossing:markings" v="dots"/>
    <tag k="highway" v="crossing"/>
  </node>
  <node id="8168858233" lat="54.1562195" lon="19.4045274">
    <tag k="crossing" v="traffic_signals"/>
    <tag k="crossing:markings" v="dots"/>
    <tag k="highway" v="crossing"/>
  </node>
  <node id="8168858238" lat="54.1539514" lon="19.4126218">
    <tag k="railway" v="tram_level_crossing"/>
  </node>
  <node id="8168858241" lat="54.1539284" lon="19.4126002">
    <tag k="railway" v="tram_level_crossing"/>
  </node>
  <node id="8168858242" lat="54.1515817" lon="19.4194484">
    <tag k="railway" v="tram_level_crossing"/>
  </node>
  <node id="8168858244" lat="54.1516136" lon="19.4193397">
    <tag k="railway" v="tram_level_crossing"/>
  </node>
  <node id="8168858260" lat="54.1598317" lon="19.4050847">
    <tag k="railway" v="tram_level_crossing"/>
  </node>
  <node id="8168858286" lat="54.1559387" lon="19.4012881">
    <tag k="crossing" v="traffic_signals"/>
    <tag k="highway" v="crossing"/>
  </node>
  <node id="8168858287" lat="54.1558344" lon="19.4013081">
    <tag k="crossing" v="traffic_signals"/>
    <tag k="highway" v="crossing"/>
  </node>
  <node id="8219606126" lat="54.1586187" lon="19.3930166">
    <tag k="highway" v="crossing"/>
  </node>
  <node id="8219606127" lat="54.1586920" lon="19.3931376">
    <tag k="highway" v="crossing"/>
  </node>
  <node id="8219606137" lat="54.1589029" lon="19.3951028"/>
  <node id="8219606138" lat="54.1588221" lon="19.3943310"/>
  <node id="8259947401" lat="54.1629053" lon="19.3980792"/>
  <node id="8259947406" lat="54.1629298" lon="19.3977384"/>
  <node id="8259947411" lat="54.1621360" lon="19.3982576"/>
  <node id="8259947412" lat="54.1623318" lon="19.3981036"/>
  <node id="8259947413" lat="54.1625463" lon="19.3979231"/>
  <node id="8259947414" lat="54.1626416" lon="19.3978523"/>
  <node id="8259947415" lat="54.1627058" lon="19.3978116"/>
  <node id="8259947416" lat="54.1627897" lon="19.3977745"/>
  <node id="8259953821" lat="54.1592205" lon="19.3983405"/>
  <node id="8259953826" lat="54.1587179" lon="19.3984087"/>
  <node id="8259953827" lat="54.1582146" lon="19.3984626">
    <tag k="highway" v="traffic_signals"/>
    <tag k="traffic_signals:direction" v="backward"/>
  </node>
  <node id="8259953828" lat="54.1580109" lon="19.3981704">
    <tag k="highway" v="traffic_signals"/>
    <tag k="traffic_signals:direction" v="backward"/>
  </node>
  <node id="8259953833" lat="54.1515280" lon="19.3909902"/>
  <node id="8259953834" lat="54.1510157" lon="19.3905691"/>
  <node id="8259953835" lat="54.1510963" lon="19.3909442"/>
  <node id="8259953836" lat="54.1512279" lon="19.3907412"/>
  <node id="8259953837" lat="54.1512156" lon="19.3906340"/>
  <node id="8259953838" lat="54.1511510" lon="19.3905290"/>
  <node id="8259953839" lat="54.1509814" lon="19.3907964"/>
  <node id="8259953840" lat="54.1509267" lon="19.3906935"/>
  <node id="8259953841" lat="54.1513685" lon="19.3896145"/>
  <node id="8259953853" lat="54.1468439" lon="19.3879564"/>
  <node id="8259953854" lat="54.1467338" lon="19.3878514"/>
  <node id="8259953855" lat="54.1466532" lon="19.3877661"/>
  <node id="8261451322" lat="54.1601141" lon="19.4084162"/>
  <node id="8261451327" lat="54.1611477" lon="19.4049859"/>
  <node id="8261451328" lat="54.1610882" lon="19.4053066"/>
  <node id="8261451329" lat="54.1607445" lon="19.4060387"/>
  <node id="8261451330" lat="54.1608357" lon="19.4055397"/>
  <node id="8261451331" lat="54.1609165" lon="19.4050070"/>
  <node id="8261451352" lat="54.1468145" lon="19.4035137"/>
  <node id="8261451363" lat="54.1494742" lon="19.4123934"/>
  <node id="8261451365" lat="54.1495523" lon="19.4120703"/>
  <node id="8261451371" lat="54.1491845" lon="19.4154773"/>
  <node id="8261451372" lat="54.1490774" lon="19.4162121"/>
  <node id="8261451373" lat="54.1479173" lon="19.4209556"/>
  <node id="8261451404" lat="54.1505796" lon="19.4126874"/>
  <node id="8261451407" lat="54.1525103" lon="19.4121133"/>
  <node id="8261451409" lat="54.1525096" lon="19.4122277"/>
  <node id="8261451412" lat="54.1517778" lon="19.4133483"/>
  <node id="8261451413" lat="54.1517584" lon="19.4132473"/>
  <node id="8261451415" lat="54.1518641" lon="19.4131955"/>
  <node id="8261451419" lat="54.1514696" lon="19.4153910"/>
  <node id="8261451420" lat="54.1516365" lon="19.4154420">
    <tag k="bus" v="yes"/>
    <tag k="name" v="Dworzec"/>
    <tag k="public_transport" v="stop_position"/>
    <tag k="route_ref" v="20, 22"/>
  </node>
  <node id="8261451424" lat="54.1517740" lon="19.4154672"/>
  <node id="8261451427" lat="54.1518321" lon="19.4150523"/>
  <node id="8261451428" lat="54.1517812" lon="19.4149186">
    <tag k="bus" v="yes"/>
    <tag k="name" v="Dworzec"/>
    <tag k="network" v="ZKM Elbląg"/>
    <tag k="network:wikidata" v="Q11838296"/>
    <tag k="operator" v="ZKM Elbląg"/>
    <tag k="public_transport" v="stop_position"/>
    <tag k="ref_name" v="Dworzec, Elbląg"/>
    <tag k="route_ref" v="7, 14"/>
  </node>
  <node id="8261451430" lat="54.1516963" lon="19.4147125">
    <tag k="bus" v="yes"/>
    <tag k="name" v="Dworzec"/>
    <tag k="network" v="ZKM Elbląg"/>
    <tag k="operator" v="ZKM Elbląg"/>
    <tag k="public_transport" v="stop_position"/>
    <tag k="ref_name" v="Dworzec, Elbląg"/>
    <tag k="route_ref" v="9, 13, 17"/>
  </node>
  <node id="8261904459" lat="54.1597267" lon="19.3896471"/>
  <node id="8261904460" lat="54.1597074" lon="19.3896679"/>
  <node id="8261904461" lat="54.1596822" lon="19.3896854"/>
  <node id="8261904468" lat="54.1612849" lon="19.4033937"/>
  <node id="8261904482" lat="54.1630238" lon="19.4050891"/>
  <node id="8261904483" lat="54.1634406" lon="19.4052870"/>
  <node id="8261904484" lat="54.1636958" lon="19.4053473"/>
  <node id="8261904485" lat="54.1641260" lon="19.4054506"/>
  <node id="8261904486" lat="54.1646733" lon="19.4055820"/>
  <node id="8261904487" lat="54.1648217" lon="19.4056249"/>
  <node id="8261904488" lat="54.1648570" lon="19.4056397"/>
  <node id="8261904489" lat="54.1649418" lon="19.4056799"/>
  <node id="8261904490" lat="54.1650376" lon="19.4057362"/>
  <node id="8261904491" lat="54.1651350" lon="19.4058019"/>
  <node id="8261904492" lat="54.1652190" lon="19.4058744"/>
  <node id="8261904493" lat="54.1653744" lon="19.4060152"/>
  <node id="8261904494" lat="54.1656013" lon="19.4062271"/>
  <node id="8261904499" lat="54.1630487" lon="19.4047784"/>
  <node id="8261904500" lat="54.1633618" lon="19.4049757"/>
  <node id="8261904501" lat="54.1647788" lon="19.4053376"/>
  <node id="8261904502" lat="54.1649223" lon="19.4053773"/>
  <node id="8261904503" lat="54.1650433" lon="19.4054240"/>
  <node id="8261904504" lat="54.1651171" lon="19.4054579"/>
  <node id="8261904505" lat="54.1652333" lon="19.4055186"/>
  <node id="8261904506" lat="54.1653563" lon="19.4055980"/>
  <node id="8261904507" lat="54.1654520" lon="19.4056715"/>
  <node id="8261904508" lat="54.1655505" lon="19.4057544"/>
  <node id="8261904509" lat="54.1657104" lon="19.4059004"/>
  <node id="8263815304" lat="54.1620941" lon="19.4189310"/>
  <node id="8263815305" lat="54.1621494" lon="19.4189551"/>
  <node id="8263815306" lat="54.1621948" lon="19.4189793"/>
  <node id="8263815307" lat="54.1622415" lon="19.4190118"/>
  <node id="8263815308" lat="54.1622931" lon="19.4190611"/>
  <node id="8263815309" lat="54.1623502" lon="19.4191240"/>
  <node id="8263815310" lat="54.1623975" lon="19.4191859"/>
  <node id="8263815311" lat="54.1624393" lon="19.4192520"/>
  <node id="8263815312" lat="54.1624835" lon="19.4193349"/>
  <node id="8263815313" lat="54.1628170" lon="19.4202013"/>
  <node id="8263815314" lat="54.1628440" lon="19.4202590"/>
  <node id="8263815315" lat="54.1628925" lon="19.4203472"/>
  <node id="8263815316" lat="54.1629920" lon="19.4205077"/>
  <node id="8263845217" lat="54.1632082" lon="19.4208507"/>
  <node id="8263845218" lat="54.1633962" lon="19.4211685"/>
  <node id="8263845219" lat="54.1637149" lon="19.4216899"/>
  <node id="8263845220" lat="54.1640564" lon="19.4222327"/>
  <node id="8263845221" lat="54.1594629" lon="19.4181152"/>
  <node id="8263845222" lat="54.1593915" lon="19.4181300"/>
  <node id="8263845225" lat="54.1600055" lon="19.4176468"/>
  <node id="8263845227" lat="54.1612201" lon="19.4176963"/>
  <node id="8263845228" lat="54.1629625" lon="19.4169651"/>
  <node id="8263845229" lat="54.1631349" lon="19.4169528"/>
  <node id="8263845230" lat="54.1647415" lon="19.4195441"/>
  <node id="8263845248" lat="54.1529823" lon="19.3972883">
    <tag k="crossing" v="uncontrolled"/>
    <tag k="crossing:markings" v="zebra"/>
    <tag k="highway" v="crossing"/>
  </node>
  <node id="8263845249" lat="54.1530787" lon="19.3971536"/>
  <node id="8263845250" lat="54.1531117" lon="19.3971165"/>
  <node id="8263845251" lat="54.1532005" lon="19.3970317"/>
  <node id="8263845252" lat="54.1532321" lon="19.3970049"/>
  <node id="8263845254" lat="54.1527533" lon="19.3978429"/>
  <node id="8263845255" lat="54.1526073" lon="19.3983854"/>
  <node id="8263845256" lat="54.1525469" lon="19.3998858"/>
  <node id="8263845257" lat="54.1525634" lon="19.4000016"/>
  <node id="8282974630" lat="54.1593636" lon="19.4143109"/>
  <node id="8282974631" lat="54.1593673" lon="19.4145322"/>
  <node id="8282974636" lat="54.1591913" lon="19.4129333"/>
  <node id="8282974639" lat="54.1590011" lon="19.4118623"/>
  <node id="8282974641" lat="54.1589943" lon="19.4116030"/>
  <node id="8282974646" lat="54.1592831" lon="19.4102427"/>
  <node id="8282974647" lat="54.1593713" lon="19.4100912"/>
  <node id="8282974648" lat="54.1594403" lon="19.4099867"/>
  <node id="8282974649" lat="54.1595384" lon="19.4098472"/>
  <node id="8282974650" lat="54.1590047" lon="19.4112821"/>
  <node id="8282974651" lat="54.1588275" lon="19.4117801"/>
  <node id="8282974656" lat="54.1590316" lon="19.4102489"/>
  <node id="8282974658" lat="54.1591674" lon="19.4099565"/>
  <node id="8282974659" lat="54.1592720" lon="19.4097877"/>
  <node id="8282974661" lat="54.1594763" lon="19.4095019"/>
  <node id="8283410042" lat="54.1529764" lon="19.4153784">
    <tag k="railway" v="tram_level_crossing"/>
  </node>
  <node id="8283410043" lat="54.1530058" lon="19.4154073">
    <tag k="bicycle" v="yes"/>
    <tag k="railway" v="tram_level_crossing"/>
  </node>
  <node id="8283410047" lat="54.1533327" lon="19.4156416"/>
  <node id="8283410065" lat="54.1525546" lon="19.4120221"/>
  <node id="8283410070" lat="54.1529610" lon="19.4122021"/>
  <node id="8283410071" lat="54.1519565" lon="19.4122848"/>
  <node id="8283410072" lat="54.1519869" lon="19.4121807"/>
  <node id="8296434756" lat="54.1518238" lon="19.4131634"/>
  <node id="8296759383" lat="54.1558694" lon="19.4069611">
    <tag k="highway" v="traffic_signals"/>
    <tag k="traffic_signals:direction" v="forward"/>
  </node>
  <node id="8296759384" lat="54.1557137" lon="19.4070767"/>
  <node id="8308646552" lat="54.1524639" lon="19.4186493"/>
  <node id="8308646562" lat="54.1521462" lon="19.4184962"/>
  <node id="8308646563" lat="54.1520124" lon="19.4183793">
    <tag k="railway" v="tram_level_crossing"/>
  </node>
  <node id="8308646564" lat="54.1519840" lon="19.4183511">
    <tag k="railway" v="tram_level_crossing"/>
  </node>
  <node id="8308646577" lat="54.1554636" lon="19.4195064"/>
  <node id="8308646578" lat="54.1554476" lon="19.4197211">
    <tag k="crossing" v="marked"/>
    <tag k="highway" v="crossing"/>
    <tag k="tactile_paving" v="no"/>
  </node>
  <node id="8308646580" lat="54.1554354" lon="19.4198842"/>
  <node id="8308646582" lat="54.1553919" lon="19.4196402"/>
  <node id="8308646583" lat="54.1553820" lon="19.4196879">
    <tag k="crossing" v="marked"/>
    <tag k="highway" v="crossing"/>
  </node>
  <node id="8308646584" lat="54.1553426" lon="19.4198290"/>
  <node id="8568767728" lat="54.1507979" lon="19.4114208">
    <tag k="crossing:markings" v="zebra"/>
    <tag k="highway" v="crossing"/>
  </node>
  <node id="8568767729" lat="54.1507642" lon="19.4114006"/>
  <node id="8568767731" lat="54.1508940" lon="19.4114623"/>
  <node id="8574234041" lat="54.1495950" lon="19.4126817">
    <tag k="crossing" v="marked"/>
    <tag k="highway" v="crossing"/>
    <tag k="tactile_paving" v="no"/>
  </node>
  <node id="8574234042" lat="54.1495245" lon="19.4126621">
    <tag k="crossing" v="marked"/>
    <tag k="highway" v="crossing"/>
    <tag k="tactile_paving" v="no"/>
  </node>
  <node id="8574234066" lat="54.1493859" lon="19.4121521">
    <tag k="crossing" v="marked"/>
    <tag k="highway" v="crossing"/>
    <tag k="tactile_paving" v="no"/>
  </node>
  <node id="8574234067" lat="54.1494128" lon="19.4120485">
    <tag k="crossing" v="marked"/>
    <tag k="highway" v="crossing"/>
    <tag k="tactile_paving" v="no"/>
  </node>
  <node id="8574234069" lat="54.1496982" lon="19.4119400">
    <tag k="crossing" v="marked"/>
    <tag k="highway" v="crossing"/>
    <tag k="tactile_paving" v="no"/>
  </node>
  <node id="8574234070" lat="54.1496257" lon="19.4118991">
    <tag k="crossing" v="marked"/>
    <tag k="highway" v="crossing"/>
    <tag k="tactile_paving" v="no"/>
  </node>
  <node id="8957563403" lat="54.1557664" lon="19.4201622"/>
  <node id="8957589982" lat="54.1516651" lon="19.3910300"/>
  <node id="8957589988" lat="54.1513347" lon="19.3898057"/>
  <node id="8957589989" lat="54.1511539" lon="19.3892528"/>
  <node id="8957589991" lat="54.1511451" lon="19.3904288"/>
  <node id="8957589992" lat="54.1512160" lon="19.3904782"/>
  <node id="8957589996" lat="54.1511372" lon="19.3909387"/>
  <node id="8957619983" lat="54.1512156" lon="19.4115545"/>
  <node id="8957619984" lat="54.1515850" lon="19.4117111"/>
  <node id="8957619985" lat="54.1515897" lon="19.4117420"/>
  <node id="8957619986" lat="54.1515259" lon="19.4119398"/>
  <node id="8957619987" lat="54.1515594" lon="19.4115243">
    <tag k="barrier" v="gate"/>
  </node>
  <node id="9200883383" lat="54.1614609" lon="19.4040529">
    <tag k="highway" v="traffic_signals"/>
  </node>
  <node id="9200883384" lat="54.1611769" lon="19.4047781">
    <tag k="highway" v="traffic_signals"/>
  </node>
  <node id="9200883385" lat="54.1607744" lon="19.4043996">
    <tag k="highway" v="traffic_signals"/>
  </node>
  <node id="9200883386" lat="54.1610616" lon="19.4036776">
    <tag k="highway" v="traffic_signals"/>
  </node>
  <node id="9312636708" lat="54.1570357" lon="19.4168543"/>
  <node id="9312636710" lat="54.1576644" lon="19.4162024"/>
  <node id="9312646117" lat="54.1577238" lon="19.4168038"/>
  <node id="9312646118" lat="54.1576066" lon="19.4167707"/>
  <node id="9312646119" lat="54.1576696" lon="19.4167885">
    <tag k="barrier" v="lift_gate"/>
  </node>
  <node id="9332240397" lat="54.1578529" lon="19.4091014">
    <tag k="traffic_calming" v="bump"/>
  </node>
  <node id="9332240398" lat="54.1576284" lon="19.4102551">
    <tag k="crossing" v="marked"/>
    <tag k="crossing:island" v="no"/>
    <tag k="highway" v="crossing"/>
  </node>
  <node id="9332240399" lat="54.1576362" lon="19.4105130">
    <tag k="crossing" v="marked"/>
    <tag k="crossing:island" v="no"/>
    <tag k="highway" v="crossing"/>
  </node>
  <node id="9360211386" lat="54.1556033" lon="19.4078232"/>
  <node id="9570931444" lat="54.1637372" lon="19.4217259">
    <tag k="crossing" v="marked"/>
    <tag k="highway" v="crossing"/>
    <tag k="tactile_paving" v="no"/>
  </node>
  <node id="9570931527" lat="54.1631580" lon="19.4207711"/>
  <node id="9571406269" lat="54.1582229" lon="19.4182585">
    <tag k="crossing" v="unmarked"/>
    <tag k="highway" v="crossing"/>
    <tag k="tactile_paving" v="no"/>
  </node>
  <node id="9571406304" lat="54.1581701" lon="19.4191763"/>
  <node id="9576048426" lat="54.1589980" lon="19.3960733"/>
  <node id="9576048431" lat="54.1584180" lon="19.3961743"/>
  <node id="9576048445" lat="54.1585420" lon="19.3967497">
    <tag k="barrier" v="lift_gate"/>
  </node>
  <node id="9576048499" lat="54.1584194" lon="19.3961857"/>
  <node id="9576048504" lat="54.1584003" lon="19.3959441"/>
  <node id="9576048507" lat="54.1589738" lon="19.3958525"/>
  <node id="9576048509" lat="54.1601848" lon="19.3956627"/>
  <node id="9576048513" lat="54.1602031" lon="19.3958695"/>
  <node id="9576063534" lat="54.1585304" lon="19.3967525"/>
  <node id="9713894728" lat="54.1595991" lon="19.3959761"/>
  <node id="9713894740" lat="54.1598215" lon="19.3928949">
    <tag k="crossing:signals" v="no"/>
    <tag k="highway" v="crossing"/>
  </node>
  <node id="9713894742" lat="54.1572390" lon="19.3945876"/>
  <node id="9713894743" lat="54.1572467" lon="19.3945363"/>
  <node id="9713894744" lat="54.1572444" lon="19.3943843"/>
  <node id="9713894745" lat="54.1572583" lon="19.3942949"/>
  <node id="9713894746" lat="54.1572810" lon="19.3942478"/>
  <node id="9713894748" lat="54.1596498" lon="19.3964706"/>
  <node id="9799176442" lat="54.1526040" lon="19.4126931"/>
  <node id="9799176443" lat="54.1526779" lon="19.4126616"/>
  <node id="9799176471" lat="54.1519451" lon="19.4132145"/>
  <node id="9799176490" lat="54.1518889" lon="19.4134666"/>
  <node id="9799176494" lat="54.1517782" lon="19.4134792">
    <tag k="crossing:markings" v="zebra"/>
    <tag k="highway" v="crossing"/>
  </node>
  <node id="9812388631" lat="54.1517430" lon="19.3918006"/>
  <node id="9812388673" lat="54.1579700" lon="19.3911739"/>
  <node id="9812388694" lat="54.1555741" lon="19.3909929"/>
  <node id="9814908024" lat="54.1587325" lon="19.3979307"/>
  <node id="9820719225" lat="54.1588635" lon="19.4132168"/>
  <node id="9822658326" lat="54.1577449" lon="19.4103736">
    <tag k="crossing" v="marked"/>
    <tag k="highway" v="crossing"/>
  </node>
  <node id="9822658397" lat="54.1565779" lon="19.4104716">
    <tag k="crossing" v="marked"/>
    <tag k="highway" v="crossing"/>
  </node>
  <node id="9822658404" lat="54.1565824" lon="19.4093391"/>
  <node id="9822658406" lat="54.1565518" lon="19.4082046"/>
  <node id="9833423705" lat="54.1612671" lon="19.4094002"/>
  <node id="9833423706" lat="54.1613991" lon="19.4096023"/>
  <node id="9833423707" lat="54.1613493" lon="19.4095260">
    <tag k="barrier" v="gate"/>
  </node>
  <node id="9833423708" lat="54.1613670" lon="19.4095532">
    <tag k="highway" v="crossing"/>
  </node>
  <node id="9833423724" lat="54.1647878" lon="19.4064280"/>
  <node id="9833423725" lat="54.1648240" lon="19.4067690"/>
  <node id="9833423726" lat="54.1647979" lon="19.4065230">
    <tag k="highway" v="crossing"/>
  </node>
  <node id="9833423727" lat="54.1648170" lon="19.4067029"/>
  <node id="9836041546" lat="54.1543371" lon="19.3999817"/>
  <node id="9836041551" lat="54.1496922" lon="19.4108240"/>
  <node id="9836041552" lat="54.1493200" lon="19.4109036"/>
  <node id="9836041565" lat="54.1632532" lon="19.4209268"/>
  <node id="9865409471" lat="54.1513950" lon="19.3888210"/>
  <node id="9865409472" lat="54.1535048" lon="19.3918822"/>
  <node id="9865409473" lat="54.1525420" lon="19.3909783"/>
  <node id="9865409475" lat="54.1514021" lon="19.3891782"/>
  <node id="9865409480" lat="54.1531450" lon="19.3909385"/>
  <node id="9892057882" lat="54.1558151" lon="19.4008049"/>
  <node id="9892057883" lat="54.1560404" lon="19.4035715"/>
  <node id="9892057884" lat="54.1560579" lon="19.4031963"/>
  <node id="9936828948" lat="54.1512847" lon="19.4169424"/>
  <node id="9936829173" lat="54.1516435" lon="19.4172166"/>
  <node id="9936829251" lat="54.1513974" lon="19.4164390"/>
  <node id="9936829252" lat="54.1513910" lon="19.4164760"/>
  <node id="9936931103" lat="54.1515272" lon="19.4149189">
    <tag k="bus" v="yes"/>
    <tag k="name" v="Dworzec"/>
    <tag k="public_transport" v="stop_position"/>
  </node>
  <node id="9936971049" lat="54.1513918" lon="19.4173987"/>
  <node id="9936971121" lat="54.1512209" lon="19.4173674"/>
  <node id="9936971122" lat="54.1509804" lon="19.4172993"/>
  <node id="9936971123" lat="54.1512332" lon="19.4173645"/>
  <node id="9936971124" lat="54.1511044" lon="19.4173344"/>
  <node id="9936971125" lat="54.1512384" lon="19.4174237">
    <tag k="barrier" v="gate"/>
  </node>
  <node id="9937074946" lat="54.1502452" lon="19.4030839"/>
  <node id="9977533425" lat="54.1610926" lon="19.3971964"/>
  <node id="10029622304" lat="54.1538386" lon="19.3908816">
    <tag k="highway" v="crossing"/>
  </node>
  <node id="10031641712" lat="54.1589711" lon="19.4050790"/>
  <node id="10031641716" lat="54.1588598" lon="19.4052002"/>
  <node id="10031650635" lat="54.1613393" lon="19.4031118"/>
  <node id="10031650636" lat="54.1613116" lon="19.4031379"/>
  <node id="10031650642" lat="54.1613634" lon="19.4031045"/>
  <node id="10031650643" lat="54.1613250" lon="19.4031228"/>
  <node id="10031650644" lat="54.1613498" lon="19.4031073"/>
  <node id="10031650645" lat="54.1628246" lon="19.4019711"/>
  <node id="10031650646" lat="54.1628428" lon="19.4019374"/>
  <node id="10124236443" lat="54.1557426" lon="19.3981312"/>
  <node id="10124753074" lat="54.1561403" lon="19.4078223"/>
  <node id="10124753075" lat="54.1561463" lon="19.4078514"/>
  <node id="10124753076" lat="54.1561696" lon="19.4078537"/>
  <node id="10124753077" lat="54.1563052" lon="19.4078547"/>
  <node id="10124753078" lat="54.1560828" lon="19.4078475"/>
  <node id="10124753079" lat="54.1563469" lon="19.4078437"/>
  <node id="10124753080" lat="54.1564104" lon="19.4078323"/>
  <node id="10124753081" lat="54.1565090" lon="19.4078194"/>
  <node id="10124753082" lat="54.1562716" lon="19.4076743"/>
  <node id="10124753083" lat="54.1565014" lon="19.4076081"/>
  <node id="10124753092" lat="54.1568114" lon="19.4054670"/>
  <node id="10124753093" lat="54.1567503" lon="19.4054324"/>
  <node id="10124753094" lat="54.1567213" lon="19.4054094"/>
  <node id="10124753095" lat="54.1567165" lon="19.4053566"/>
  <node id="10124753096" lat="54.1567283" lon="19.4052696"/>
  <node id="10124753097" lat="54.1567448" lon="19.4051899"/>
  <node id="10124753098" lat="54.1567661" lon="19.4050878"/>
  <node id="10124753099" lat="54.1567640" lon="19.4049019"/>
  <node id="10124753100" lat="54.1567740" lon="19.4048451"/>
  <node id="10124758443" lat="54.1564925" lon="19.4074107"/>
  <node id="10124758470" lat="54.1566683" lon="19.4058243"/>
  <node id="10124758471" lat="54.1567159" lon="19.4059795"/>
  <node id="10124758472" lat="54.1568253" lon="19.4054152"/>
  <node id="10124758476" lat="54.1567571" lon="19.4059943">
    <tag k="barrier" v="lift_gate"/>
  </node>
  <node id="10124758492" lat="54.1569735" lon="19.4056770"/>
  <node id="10124758532" lat="54.1567080" lon="19.4058507"/>
  <node id="10124758533" lat="54.1568622" lon="19.4051876"/>
  <node id="10124758535" lat="54.1569587" lon="19.4047301"/>
  <node id="10124758542" lat="54.1568616" lon="19.4050453"/>
  <node id="10124758543" lat="54.1568594" lon="19.4048826"/>
  <node id="10124758544" lat="54.1568672" lon="19.4048300"/>
  <node id="10124758546" lat="54.1567352" lon="19.4048648"/>
  <node id="10124758547" lat="54.1566586" lon="19.4048764"/>
  <node id="10124758548" lat="54.1563734" lon="19.4048671"/>
  <node id="10124758554" lat="54.1565991" lon="19.4038995"/>
  <node id="10124758558" lat="54.1566816" lon="19.4038994"/>
  <node id="10124758590" lat="54.1571762" lon="19.4046863"/>
  <node id="10124758591" lat="54.1578712" lon="19.4046860"/>
  <node id="10124758592" lat="54.1574537" lon="19.4046890"/>
  <node id="10124758593" lat="54.1570553" lon="19.4046912"/>
  <node id="10124758594" lat="54.1569299" lon="19.4047543"/>
  <node id="10637463531" lat="54.1600102" lon="19.3915584">
    <tag k="barrier" v="lift_gate"/>
    <tag k="lift_gate:type" v="double"/>
    <tag k="locked" v="no"/>
  </node>
  <node id="10637463532" lat="54.1599767" lon="19.3911686">
    <tag k="barrier" v="lift_gate"/>
    <tag k="lift_gate:type" v="double"/>
    <tag k="locked" v="no"/>
  </node>
  <node id="10638418980" lat="54.1598511" lon="19.3896347">
    <tag k="direction" v="backward"/>
    <tag k="highway" v="give_way"/>
  </node>
  <node id="10638418982" lat="54.1597587" lon="19.3895844"/>
  <node id="10638418983" lat="54.1597707" lon="19.3895463"/>
  <node id="10638418984" lat="54.1597808" lon="19.3895030"/>
  <node id="10638418985" lat="54.1597866" lon="19.3894616"/>
  <node id="10638418986" lat="54.1595867" lon="19.3897300">
    <tag k="crossing" v="uncontrolled"/>
    <tag k="crossing:island" v="no"/>
    <tag k="crossing:markings" v="zebra"/>
    <tag k="highway" v="crossing"/>
  </node>
  <node id="10648622034" lat="54.1606652" lon="19.3906935">
    <tag k="barrier" v="gate"/>
  </node>
  <node id="10678640678" lat="54.1536944" lon="19.3948126"/>
  <node id="10731022534" lat="54.1653291" lon="19.3965249"/>
  <node id="10823997821" lat="54.1564487" lon="19.4097896"/>
  <node id="10823997822" lat="54.1564940" lon="19.4096875"/>
  <node id="10824003409" lat="54.1559311" lon="19.4091128"/>
  <node id="10824003442" lat="54.1564235" lon="19.4076174"/>
  <node id="10824003443" lat="54.1561606" lon="19.4079241"/>
  <node id="10824003444" lat="54.1561209" lon="19.4079248"/>
  <node id="10824003445" lat="54.1560965" lon="19.4078988"/>
  <node id="10824003446" lat="54.1562447" lon="19.4078177"/>
  <node id="10824003447" lat="54.1565240" lon="19.4082086"/>
  <node id="10824003448" lat="54.1565578" lon="19.4096713"/>
  <node id="10824029864" lat="54.1566830" lon="19.4054963"/>
  <node id="10824029865" lat="54.1565532" lon="19.4058373"/>
  <node id="10824029866" lat="54.1565603" lon="19.4054908"/>
  <node id="10824029867" lat="54.1566540" lon="19.4054993"/>
  <node id="10824029868" lat="54.1566372" lon="19.4058090"/>
  <node id="10846820516" lat="54.1476868" lon="19.3936479"/>
  <node id="10846820517" lat="54.1476774" lon="19.3934843"/>
  <node id="10846820518" lat="54.1476507" lon="19.3933636"/>
  <node id="10846820519" lat="54.1475721" lon="19.3932563"/>
  <node id="10846820520" lat="54.1472579" lon="19.3932000"/>
  <node id="10846820521" lat="54.1465698" lon="19.3931410"/>
  <node id="10846820535" lat="54.1489923" lon="19.3892585"/>
  <node id="10846820544" lat="54.1535586" lon="19.3988782"/>
  <node id="10846820545" lat="54.1536882" lon="19.3974057"/>
  <node id="10936897161" lat="54.1573003" lon="19.3980564"/>
  <node id="11123827475" lat="54.1554712" lon="19.3911371"/>
  <node id="11141144398" lat="54.1518383" lon="19.4133703"/>
  <node id="11156243951" lat="54.1530787" lon="19.3938316"/>
  <node id="11156243952" lat="54.1528891" lon="19.3940514"/>
  <node id="11156243953" lat="54.1525348" lon="19.3940965"/>
  <node id="11156243954" lat="54.1534257" lon="19.3943454"/>
  <node id="11156243955" lat="54.1525800" lon="19.3943325"/>
  <node id="11156243957" lat="54.1548965" lon="19.3980833">
    <tag k="crossing" v="uncontrolled"/>
    <tag k="crossing:markings" v="zebra"/>
    <tag k="highway" v="crossing"/>
  </node>
  <node id="11193188547" lat="54.1554291" lon="19.4083270">
    <tag k="crossing" v="zebra"/>
    <tag k="highway" v="crossing"/>
    <tag k="traffic_signals:sound" v="yes"/>
  </node>
  <node id="11193188548" lat="54.1553375" lon="19.4082358">
    <tag k="crossing" v="zebra"/>
    <tag k="highway" v="crossing"/>
    <tag k="tactile_paving" v="yes"/>
    <tag k="traffic_signals:sound" v="yes"/>
  </node>
  <node id="11193188549" lat="54.1554437" lon="19.4082818">
    <tag k="bicycle" v="yes"/>
    <tag k="crossing" v="traffic_signals"/>
    <tag k="crossing:markings" v="zebra"/>
    <tag k="highway" v="crossing"/>
  </node>
  <node id="11193188552" lat="54.1553520" lon="19.4081952">
    <tag k="bicycle" v="yes"/>
    <tag k="crossing" v="traffic_signals"/>
    <tag k="crossing:markings" v="zebra"/>
    <tag k="highway" v="crossing"/>
  </node>
  <node id="11193188556" lat="54.1555988" lon="19.4081085"/>
  <node id="11193188558" lat="54.1556518" lon="19.4080610"/>
  <node id="11277033806" lat="54.1564928" lon="19.3937083"/>
  <node id="11277151623" lat="54.1568332" lon="19.3930130"/>
  <node id="11530100620" lat="54.1500809" lon="19.4040960"/>
  <node id="11530100621" lat="54.1500935" lon="19.4041176"/>
  <node id="11530100622" lat="54.1503032" lon="19.4041013"/>
  <node id="11577317227" lat="54.1476767" lon="19.4075900">
    <tag k="crossing:markings" v="zebra"/>
    <tag k="highway" v="crossing"/>
  </node>
  <node id="11577317228" lat="54.1492189" lon="19.4029950">
    <tag k="crossing:island" v="no"/>
    <tag k="crossing:markings" v="zebra"/>
    <tag k="crossing:signals" v="no"/>
    <tag k="highway" v="crossing"/>
  </node>
  <node id="11577363880" lat="54.1533197" lon="19.3915950">
    <tag k="crossing:markings" v="zebra"/>
    <tag k="crossing:signals" v="yes"/>
    <tag k="highway" v="crossing"/>
  </node>
  <node id="11577363881" lat="54.1529895" lon="19.4019661">
    <tag k="crossing:markings" v="zebra"/>
    <tag k="highway" v="crossing"/>
  </node>
  <node id="11577363882" lat="54.1544933" lon="19.4017723">
    <tag k="crossing:island" v="no"/>
    <tag k="crossing:markings" v="zebra"/>
    <tag k="crossing:signals" v="no"/>
    <tag k="highway" v="crossing"/>
  </node>
  <node id="11577363883" lat="54.1544249" lon="19.4019102">
    <tag k="crossing:markings" v="zebra"/>
    <tag k="highway" v="crossing"/>
  </node>
  <node id="11577363884" lat="54.1610271" lon="19.3891970">
    <tag k="crossing:markings" v="zebra"/>
    <tag k="highway" v="crossing"/>
  </node>
  <node id="11577363885" lat="54.1609219" lon="19.3894044">
    <tag k="crossing:markings" v="zebra"/>
    <tag k="highway" v="crossing"/>
  </node>
  <node id="11577363886" lat="54.1614311" lon="19.3891965">
    <tag k="crossing:markings" v="zebra"/>
    <tag k="highway" v="crossing"/>
  </node>
  <node id="11577363887" lat="54.1630275" lon="19.3894122">
    <tag k="crossing:markings" v="zebra"/>
    <tag k="highway" v="crossing"/>
  </node>
  <node id="11577363888" lat="54.1644054" lon="19.4096155">
    <tag k="crossing:markings" v="zebra"/>
    <tag k="highway" v="crossing"/>
  </node>
  <node id="11577392540" lat="54.1535175" lon="19.4191329">
    <tag k="crossing:markings" v="zebra"/>
    <tag k="highway" v="crossing"/>
  </node>
  <node id="11577392541" lat="54.1608566" lon="19.4189490">
    <tag k="crossing:markings" v="zebra"/>
    <tag k="highway" v="crossing"/>
  </node>
  <node id="11648986049" lat="54.1563139" lon="19.4103354"/>
  <node id="11648986050" lat="54.1563745" lon="19.4104398"/>
  <node id="11648986051" lat="54.1560005" lon="19.4100286"/>
  <node id="11648986052" lat="54.1560691" lon="19.4099809"/>
  <node id="11648986053" lat="54.1560942" lon="19.4099752"/>
  <node id="11648986054" lat="54.1561181" lon="19.4099905"/>
  <node id="11648986055" lat="54.1561552" lon="19.4100724"/>
  <node id="11648986056" lat="54.1562256" lon="19.4102189"/>
  <node id="11648986057" lat="54.1563504" lon="19.4103706"/>
  <node id="11648986058" lat="54.1563696" lon="19.4104016"/>
  <node id="11648986059" lat="54.1563697" lon="19.4104811"/>
  <node id="11649016147" lat="54.1545025" lon="19.4090824"/>
  <node id="11649016148" lat="54.1544588" lon="19.4091020"/>
  <node id="11649016159" lat="54.1545558" lon="19.4090829"/>
  <node id="11649016160" lat="54.1544050" lon="19.4092485"/>
  <node id="11649016203" lat="54.1564471" lon="19.4096968"/>
  <node id="11649016214" lat="54.1556297" lon="19.4080276"/>
  <node id="11649016221" lat="54.1556208" lon="19.4081409"/>
  <node id="11649190872" lat="54.1481783" lon="19.4193058"/>
  <node id="11652205840" lat="54.1556775" lon="19.4062796"/>
  <node id="11826339796" lat="54.1611984" lon="19.4044144">
    <tag k="railway" v="tram_level_crossing"/>
  </node>
  <node id="11826339797" lat="54.1612170" lon="19.4043906">
    <tag k="railway" v="tram_level_crossing"/>
  </node>
  <node id="11826339798" lat="54.1612224" lon="19.4043133">
    <tag k="railway" v="tram_level_crossing"/>
  </node>
  <node id="11826339799" lat="54.1611457" lon="19.4044111">
    <tag k="railway" v="tram_level_crossing"/>
  </node>
  <node id="11826357598" lat="54.1659951" lon="19.4061661">
    <tag k="crossing" v="traffic_signals"/>
    <tag k="highway" v="crossing"/>
  </node>
  <node id="11826357599" lat="54.1658958" lon="19.4064969">
    <tag k="crossing" v="traffic_signals"/>
    <tag k="highway" v="crossing"/>
  </node>
  <node id="11826357608" lat="54.1658093" lon="19.4059937">
    <tag k="railway" v="tram_level_crossing"/>
  </node>
  <node id="11826357610" lat="54.1658642" lon="19.4060435">
    <tag k="railway" v="tram_level_crossing"/>
  </node>
  <node id="11829259859" lat="54.1555732" lon="19.3923004"/>
  <node id="11829269576" lat="54.1499756" lon="19.4037488"/>
  <node id="11829269577" lat="54.1496162" lon="19.4041687"/>
  <node id="11872841268" lat="54.1464442" lon="19.3907484"/>
  <node id="11872842069" lat="54.1466531" lon="19.3904775"/>
  <node id="11888668991" lat="54.1480915" lon="19.4186105"/>
  <node id="11888668992" lat="54.1480491" lon="19.4183416"/>
  <node id="11888668993" lat="54.1480085" lon="19.4185559"/>
  <node id="11888668994" lat="54.1483775" lon="19.4188119"/>
  <node id="11888668995" lat="54.1485199" lon="19.4189005"/>
  <node id="11888668996" lat="54.1480451" lon="19.4181167"/>
  <node id="12047207348" lat="54.1591743" lon="19.4060365"/>
  <node id="12061689291" lat="54.1526699" lon="19.4187431"/>
  <node id="12061723972" lat="54.1535225" lon="19.4136163"/>
  <node id="12061723973" lat="54.1542135" lon="19.4115877"/>
  <node id="12061827663" lat="54.1496876" lon="19.4124799"/>
  <node id="12061827664" lat="54.1517033" lon="19.4126747"/>
  <node id="12061902403" lat="54.1516653" lon="19.4145688"/>
  <node id="12105976264" lat="54.1484080" lon="19.4052019"/>
  <node id="12105976265" lat="54.1484519" lon="19.4052066"/>
  <node id="12105976266" lat="54.1485000" lon="19.4052357"/>
  <node id="12105976267" lat="54.1487546" lon="19.4052259"/>
  <node id="12105976268" lat="54.1487790" lon="19.4052202"/>
  <node id="12105976269" lat="54.1488317" lon="19.4051031"/>
  <node id="12105976270" lat="54.1487938" lon="19.4039895"/>
  <node id="12201428342" lat="54.1494439" lon="19.4135850"/>
  <node id="12241928491" lat="54.1579763" lon="19.3904185">
    <tag k="crossing" v="uncontrolled"/>
    <tag k="crossing:markings" v="zebra"/>
    <tag k="highway" v="crossing"/>
  </node>
  <node id="12337895583" lat="54.1561873" lon="19.3960044">
    <tag k="crossing:island" v="no"/>
    <tag k="crossing:markings" v="no"/>
    <tag k="crossing:signals" v="no"/>
    <tag k="highway" v="crossing"/>
    <tag k="tactile_paving" v="no"/>
  </node>
  <node id="12337911151" lat="54.1577411" lon="19.3980164"/>
  <node id="12337911188" lat="54.1574751" lon="19.3955344"/>
  <node id="12337911189" lat="54.1574173" lon="19.3955694"/>
  <node id="12337911190" lat="54.1573155" lon="19.3955988"/>
  <node id="12337911191" lat="54.1572376" lon="19.3956092"/>
  <node id="12337911192" lat="54.1571585" lon="19.3956226">
    <tag k="barrier" v="gate"/>
  </node>
  <node id="12337911193" lat="54.1571140" lon="19.3956600"/>
  <node id="12337911194" lat="54.1576004" lon="19.3968549"/>
  <node id="12337911195" lat="54.1576143" lon="19.3964284"/>
  <node id="12337911196" lat="54.1575250" lon="19.3964600"/>
  <node id="12337911197" lat="54.1573524" lon="19.3965151"/>
  <node id="12337911198" lat="54.1575675" lon="19.3967441"/>
  <node id="12337911199" lat="54.1574949" lon="19.3967698"/>
  <node id="12337911200" lat="54.1575910" lon="19.3977150"/>
  <node id="12337911201" lat="54.1577032" lon="19.3977891"/>
  <node id="12337911202" lat="54.1576586" lon="19.3977805"/>
  <node id="12337911203" lat="54.1576272" lon="19.3977579"/>
  <node id="12337911204" lat="54.1575674" lon="19.3976682"/>
  <node id="12337911205" lat="54.1575498" lon="19.3975890"/>
  <node id="12339226852" lat="54.1571906" lon="19.3946647"/>
  <node id="12339226853" lat="54.1570962" lon="19.3945371"/>
  <node id="12339226854" lat="54.1570738" lon="19.3945076"/>
  <node id="12339226855" lat="54.1570601" lon="19.3944680"/>
  <node id="12339226856" lat="54.1570510" lon="19.3943902"/>
  <node id="12339226857" lat="54.1570408" lon="19.3941025"/>
  <node id="12339226858" lat="54.1570287" lon="19.3936137"/>
  <node id="12358376335" lat="54.1592920" lon="19.3978519"/>
  <node id="12358376336" lat="54.1593178" lon="19.3978709"/>
  <node id="12358376337" lat="54.1593425" lon="19.3978739"/>
  <node id="12358376338" lat="54.1592725" lon="19.3978097"/>
  <node id="12358376339" lat="54.1592620" lon="19.3977528"/>
  <node id="12358376340" lat="54.1592546" lon="19.3975451"/>
  <node id="12358376341" lat="54.1593408" lon="19.3975423"/>
  <node id="12358376342" lat="54.1595086" lon="19.3975298"/>
  <node id="12434127844" lat="54.1484635" lon="19.4188654">
    <tag k="highway" v="crossing"/>
  </node>
  <node id="12434129636" lat="54.1602255" lon="19.4194124"/>
  <node id="12593827845" lat="54.1603736" lon="19.3920913"/>
  <node id="12617971455" lat="54.1530795" lon="19.3978156"/>
  <node id="12617971456" lat="54.1533373" lon="19.3978769"/>
  <node id="12617971457" lat="54.1533664" lon="19.3973625"/>
  <node id="12617971458" lat="54.1533176" lon="19.3973620"/>
  <node id="12617971459" lat="54.1532652" lon="19.3973919"/>
  <node id="12617971460" lat="54.1530105" lon="19.3977967"/>
  <node id="12617971461" lat="54.1529724" lon="19.3978085"/>
  <node id="12617971462" lat="54.1529261" lon="19.3977980"/>
  <node id="12617971463" lat="54.1528823" lon="19.3977449"/>
  <node id="12663448090" lat="54.1602638" lon="19.4104100"/>
  <node id="12663448091" lat="54.1590285" lon="19.4105037">
    <tag k="railway" v="tram_level_crossing"/>
  </node>
  <node id="12663448092" lat="54.1590305" lon="19.4110757"/>
  <node id="12666537750" lat="54.1533504" lon="19.3969946"/>
  <node id="12666537751" lat="54.1528259" lon="19.3973553"/>
  <node id="12666537752" lat="54.1540576" lon="19.3973103">
    <tag k="crossing" v="uncontrolled"/>
    <tag k="crossing:markings" v="zebra"/>
    <tag k="highway" v="crossing"/>
  </node>
  <node id="12698057636" lat="54.1534474" lon="19.4019811"/>
  <node id="12698057637" lat="54.1529939" lon="19.4022706"/>
  <node id="12698057638" lat="54.1531485" lon="19.4032779"/>
  <node id="12698057652" lat="54.1545113" lon="19.4056926"/>
  <node id="12698057660" lat="54.1535464" lon="19.4029648"/>
  <node id="12698794553" lat="54.1560628" lon="19.4048215">
    <tag k="highway" v="traffic_signals"/>
    <tag k="traffic_signals" v="signal"/>
    <tag k="traffic_signals:direction" v="backward"/>
  </node>
  <node id="12698794554" lat="54.1560843" lon="19.4045675"/>
  <node id="12698794555" lat="54.1560852" lon="19.4043139"/>
  <node id="12698794556" lat="54.1560754" lon="19.4046940"/>
  <node id="12698794557" lat="54.1560697" lon="19.4040258">
    <tag k="highway" v="traffic_signals"/>
    <tag k="traffic_signals" v="signal"/>
    <tag k="traffic_signals:direction" v="forward"/>
  </node>
  <node id="12698794558" lat="54.1563101" lon="19.4043712">
    <tag k="highway" v="traffic_signals"/>
    <tag k="traffic_signals" v="signal"/>
    <tag k="traffic_signals:direction" v="forward"/>
  </node>
  <node id="12698849783" lat="54.1530341" lon="19.4149583">
    <tag k="highway" v="traffic_signals"/>
    <tag k="traffic_signals:direction" v="forward"/>
  </node>
  <node id="12698849784" lat="54.1529470" lon="19.4157943">
    <tag k="highway" v="traffic_signals"/>
    <tag k="traffic_signals:direction" v="forward"/>
  </node>
  <node id="12698849785" lat="54.1534199" lon="19.4124098"/>
  <node id="12698849786" lat="54.1535627" lon="19.4122883"/>
  <node id="12698849787" lat="54.1537113" lon="19.4125456">
    <tag k="highway" v="traffic_signals"/>
    <tag k="traffic_signals:direction" v="forward"/>
  </node>
  <node id="12698849788" lat="54.1540254" lon="19.4121588">
    <tag k="highway" v="traffic_signals"/>
    <tag k="traffic_signals:direction" v="forward"/>
  </node>
  <node id="12698849789" lat="54.1539299" lon="19.4129412">
    <tag k="highway" v="traffic_signals"/>
    <tag k="traffic_signals:direction" v="forward"/>
  </node>
  <node id="12698849790" lat="54.1555627" lon="19.4080841"/>
  <node id="12698849791" lat="54.1555997" lon="19.4079208"/>
  <node id="12698849792" lat="54.1556575" lon="19.4081980"/>
  <node id="12698849793" lat="54.1556881" lon="19.4081211"/>
  <node id="12698849794" lat="54.1554039" lon="19.4083942">
    <tag k="highway" v="traffic_signals"/>
    <tag k="traffic_signals:direction" v="forward"/>
  </node>
  <node id="12698849795" lat="54.1553728" lon="19.4081352">
    <tag k="highway" v="traffic_signals"/>
    <tag k="traffic_signals:direction" v="forward"/>
  </node>
  <node id="12698882760" lat="54.1557045" lon="19.4015570">
    <tag k="highway" v="traffic_signals"/>
    <tag k="traffic_signals:direction" v="forward"/>
  </node>
  <node id="12698882761" lat="54.1559649" lon="19.4016538">
    <tag k="highway" v="traffic_signals"/>
    <tag k="traffic_signals:direction" v="forward"/>
  </node>
  <node id="12698882762" lat="54.1558283" lon="19.4011659">
    <tag k="highway" v="traffic_signals"/>
    <tag k="traffic_signals:direction" v="forward"/>
  </node>
  <node id="12698883216" lat="54.1556913" lon="19.4064077">
    <tag k="highway" v="traffic_signals"/>
    <tag k="traffic_signals:direction" v="forward"/>
  </node>
  <node id="12698883217" lat="54.1555833" lon="19.4062396"/>
  <node id="12698883218" lat="54.1555622" lon="19.4063056"/>
  <node id="12698883219" lat="54.1555650" lon="19.4068970"/>
  <node id="12698883220" lat="54.1558883" lon="19.4063775"/>
  <node id="12698883221" lat="54.1558512" lon="19.4063391"/>
  <node id="12698883222" lat="54.1558631" lon="19.4064857"/>
  <node id="12698883223" lat="54.1559324" lon="19.4061889"/>
  <node id="12698883224" lat="54.1559080" lon="19.4067535"/>
  <node id="12698883225" lat="54.1559163" lon="19.4066939"/>
  <node id="12698883226" lat="54.1558269" lon="19.4066405"/>
  <node id="12698883227" lat="54.1559366" lon="19.4061538">
    <tag k="highway" v="traffic_signals"/>
    <tag k="traffic_signals:direction" v="forward"/>
  </node>
  <node id="12698883228" lat="54.1557952" lon="19.4063159"/>
  <node id="12698883230" lat="54.1558300" lon="19.4071315"/>
  <node id="12698883231" lat="54.1557834" lon="19.4072983"/>
  <node id="12732042938" lat="54.1551068" lon="19.3909424">
    <tag k="highway" v="crossing"/>
  </node>
  <node id="12732042939" lat="54.1565354" lon="19.3957876"/>
  <node id="12732042940" lat="54.1571342" lon="19.3951123">
    <tag k="crossing:island" v="no"/>
    <tag k="crossing:markings" v="no"/>
    <tag k="crossing:signals" v="no"/>
    <tag k="highway" v="crossing"/>
    <tag k="tactile_paving" v="no"/>
  </node>
  <node id="12732042941" lat="54.1570383" lon="19.3954424">
    <tag k="crossing:island" v="no"/>
    <tag k="crossing:markings" v="no"/>
    <tag k="crossing:signals" v="no"/>
    <tag k="highway" v="crossing"/>
    <tag k="tactile_paving" v="no"/>
  </node>
  <node id="12732042942" lat="54.1571497" lon="19.3956300"/>
  <node id="12732042943" lat="54.1573121" lon="19.3960707"/>
  <node id="12732042944" lat="54.1574382" lon="19.3964877"/>
  <node id="12732042945" lat="54.1574677" lon="19.3967775"/>
  <node id="12732042946" lat="54.1575982" lon="19.3973989"/>
  <node id="12732042947" lat="54.1568920" lon="19.4052849"/>
  <node id="12732042948" lat="54.1567187" lon="19.4059805"/>
  <node id="12732042949" lat="54.1560380" lon="19.4100025"/>
  <node id="12732042950" lat="54.1563562" lon="19.4105328"/>
  <node id="12747711167" lat="54.1558076" lon="19.3915737"/>
  <node id="12747711177" lat="54.1557232" lon="19.3915994"/>
  <node id="12769344881" lat="54.1573017" lon="19.3928786"/>
  <node id="12769344887" lat="54.1555135" lon="19.3934006"/>
  <node id="12769344899" lat="54.1561033" lon="19.3956814"/>
  <node id="12769344900" lat="54.1567848" lon="19.3941235"/>
  <node id="12769354811" lat="54.1558795" lon="19.3950331"/>
  <node id="12769354812" lat="54.1630279" lon="19.3961062">
    <tag k="crossing" v="marked"/>
    <tag k="highway" v="crossing"/>
  </node>
  <node id="12769354814" lat="54.1603279" lon="19.3973687"/>
  <node id="12769354815" lat="54.1602161" lon="19.3963616"/>
  <node id="12769354824" lat="54.1631273" lon="19.3956226">
    <tag k="barrier" v="lift_gate"/>
  </node>
  <node id="12769354840" lat="54.1608199" lon="19.3972511"/>
  <node id="12769355120" lat="54.1603974" lon="19.3976770"/>
  <node id="12769355121" lat="54.1603020" lon="19.3977090">
    <tag k="barrier" v="gate"/>
  </node>
  <node id="12769355122" lat="54.1600374" lon="19.3977394"/>
  <node id="12769355123" lat="54.1604813" lon="19.3980501"/>
  <node id="12769355124" lat="54.1604264" lon="19.3980528"/>
  <node id="12769355125" lat="54.1606329" lon="19.3980548"/>
  <node id="12769355126" lat="54.1606309" lon="19.3979399"/>
  <node id="12769355174" lat="54.1606256" lon="19.3972967"/>
  <node id="12769355175" lat="54.1606365" lon="19.3970998"/>
  <node id="12769355176" lat="54.1606072" lon="19.3967779"/>
  <node id="12769355420" lat="54.1600268" lon="19.3974210"/>
  <node id="12769355421" lat="54.1600405" lon="19.3972517"/>
  <node id="12769355422" lat="54.1600324" lon="19.3971163"/>
  <node id="12769355423" lat="54.1602533" lon="19.3963523"/>
  <node id="12769355424" lat="54.1599737" lon="19.3964224"/>
  <node id="12772138902" lat="54.1554328" lon="19.4059084"/>
  <node id="12772138954" lat="54.1492258" lon="19.3967533"/>
  <node id="12772139244" lat="54.1546604" lon="19.3949165"/>
  <node id="12772139246" lat="54.1551355" lon="19.3964084"/>
  <node id="12772139258" lat="54.1554766" lon="19.4055417"/>
  <node id="12772139259" lat="54.1554441" lon="19.4058606"/>
  <node id="12772139303" lat="54.1548962" lon="19.4016935"/>
  <node id="12772139304" lat="54.1548598" lon="19.4011823">
    <tag k="barrier" v="lift_gate"/>
  </node>
  <node id="12772139305" lat="54.1548477" lon="19.4011398"/>
  <node id="12772139306" lat="54.1548173" lon="19.4011077"/>
  <node id="12772139307" lat="54.1547530" lon="19.4011056"/>
  <node id="12772139308" lat="54.1545538" lon="19.4008588"/>
  <node id="12772139421" lat="54.1530691" lon="19.4030110">
    <tag k="barrier" v="gate"/>
  </node>
  <node id="12772139422" lat="54.1531143" lon="19.4029982"/>
  <node id="12772139436" lat="54.1531670" lon="19.4029832"/>
  <node id="12772139437" lat="54.1528838" lon="19.4030634"/>
  <node id="12772139912" lat="54.1585367" lon="19.3902545"/>
  <node id="12772139913" lat="54.1584011" lon="19.3901589"/>
  <node id="12772140012" lat="54.1625362" lon="19.3993654"/>
  <node id="12772140049" lat="54.1617159" lon="19.3979824"/>
  <node id="12772140050" lat="54.1620324" lon="19.3978097"/>
  <node id="12772140051" lat="54.1617818" lon="19.3976926"/>
  <node id="12772140052" lat="54.1617695" lon="19.3976296"/>
  <node id="12772140053" lat="54.1617352" lon="19.3975139"/>
  <node id="12772140054" lat="54.1615695" lon="19.3974051"/>
  <node id="12772140055" lat="54.1614728" lon="19.3974599"/>
  <node id="12772140058" lat="54.1626148" lon="19.3966623">
    <tag k="barrier" v="gate"/>
  </node>
  <node id="12772140068" lat="54.1596853" lon="19.3968691"/>
  <node id="12772140069" lat="54.1594202" lon="19.3969058"/>
  <node id="12772140070" lat="54.1594123" lon="19.3967804"/>
  <node id="12772140072" lat="54.1594084" lon="19.3942240"/>
  <node id="12772140107" lat="54.1598425" lon="19.3897928"/>
  <node id="12772140278" lat="54.1574197" lon="19.3900379"/>
  <node id="12772140279" lat="54.1573232" lon="19.3900733"/>
  <node id="12772140280" lat="54.1572515" lon="19.3901317"/>
  <node id="12772140644" lat="54.1530379" lon="19.3965400"/>
  <node id="12772140652" lat="54.1518415" lon="19.3969542"/>
  <node id="12772140674" lat="54.1578308" lon="19.3932122"/>
  <node id="12772140675" lat="54.1578417" lon="19.3934212"/>
  <node id="12772140676" lat="54.1578338" lon="19.3932696"/>
  <node id="12772140677" lat="54.1578272" lon="19.3931409"/>
  <node id="12772140678" lat="54.1579292" lon="19.3945726"/>
  <node id="12772140679" lat="54.1579373" lon="19.3945071"/>
  <node id="12772140680" lat="54.1578921" lon="19.3940622"/>
  <node id="12772140681" lat="54.1578695" lon="19.3937919"/>
  <node id="12772140682" lat="54.1578440" lon="19.3934656"/>
  <node id="12772140735" lat="54.1560142" lon="19.3953898"/>
  <node id="12785304320" lat="54.1587775" lon="19.4043155">
    <tag k="barrier" v="bollard"/>
    <tag k="colour" v="black"/>
    <tag k="material" v="metal"/>
    <tag k="motor_vehicle" v="no"/>
  </node>
  <node id="12785304321" lat="54.1569376" lon="19.4047478">
    <tag k="highway" v="crossing"/>
  </node>
  <node id="12793955323" lat="54.1570521" lon="19.4052817"/>
  <node id="12793955324" lat="54.1569212" lon="19.4052843"/>
  <node id="12913417096" lat="54.1602323" lon="19.3996509"/>
  <node id="12913425581" lat="54.1601689" lon="19.4014225"/>
  <node id="12913425582" lat="54.1601806" lon="19.4014171"/>
  <node id="12913425583" lat="54.1601102" lon="19.4014339"/>
  <node id="12913425585" lat="54.1597232" lon="19.4014978"/>
  <node id="12913425586" lat="54.1602009" lon="19.4013492"/>
  <node id="12913425587" lat="54.1601981" lon="19.4013874"/>
  <node id="12913425588" lat="54.1601994" lon="19.4013140"/>
  <node id="12961557632" lat="54.1632225" lon="19.3902632"/>
  <node id="12994883899" lat="54.1478836" lon="19.4054475"/>
  <node id="12994896301" lat="54.1478738" lon="19.4060705"/>
  <node id="12994896303" lat="54.1478860" lon="19.4052010"/>
  <node id="13049121508" lat="54.1640422" lon="19.3913810"/>
  <node id="13049121509" lat="54.1643178" lon="19.3916686"/>
  <node id="13049121510" lat="54.1632560" lon="19.3962511"/>
  <node id="13049121511" lat="54.1633799" lon="19.3963070"/>
  <node id="13049121512" lat="54.1634035" lon="19.3963949"/>
  <node id="13049121513" lat="54.1633513" lon="19.3960657"/>
  <node id="13049121514" lat="54.1638300" lon="19.3959861"/>
  <node id="13049121515" lat="54.1633840" lon="19.3958363"/>
  <node id="13049121516" lat="54.1638439" lon="19.3957609"/>
  <node id="13049121517" lat="54.1638544" lon="19.3957745"/>
  <node id="13049121518" lat="54.1638589" lon="19.3957995"/>
  <node id="13049121519" lat="54.1638140" lon="19.3960895"/>
  <node id="13049121520" lat="54.1638036" lon="19.3961126"/>
  <node id="13049121521" lat="54.1637897" lon="19.3961329"/>
  <node id="13049121522" lat="54.1637688" lon="19.3961477"/>
  <node id="13049121523" lat="54.1636756" lon="19.3961840"/>
  <node id="13049121524" lat="54.1636102" lon="19.3962339"/>
  <node id="13049121525" lat="54.1635211" lon="19.3963224"/>
  <node id="13049121526" lat="54.1634682" lon="19.3963723"/>
  <node id="13049121527" lat="54.1634070" lon="19.3956082"/>
  <node id="13049121528" lat="54.1632794" lon="19.3955477">
    <tag k="access" v="private"/>
    <tag k="barrier" v="gate"/>
  </node>
  <node id="13049121529" lat="54.1631583" lon="19.3954789"/>
  <node id="13049121533" lat="54.1630814" lon="19.3963176"/>
  <node id="13049121536" lat="54.1635747" lon="19.3949819"/>
  <node id="13049121555" lat="54.1642544" lon="19.3939943"/>
  <node id="13049121556" lat="54.1643999" lon="19.3939943"/>
  <node id="13049121557" lat="54.1644084" lon="19.3936116"/>
  <node id="13049121558" lat="54.1644089" lon="19.3935885"/>
  <node id="13049121559" lat="54.1657266" lon="19.3911612">
    <tag k="barrier" v="gate"/>
  </node>
  <node id="13049121562" lat="54.1652351" lon="19.3910924"/>
  <node id="13049121563" lat="54.1648173" lon="19.3911434"/>
  <node id="13049121564" lat="54.1654310" lon="19.3910685"/>
  <node id="13049121565" lat="54.1655200" lon="19.3910709"/>
  <node id="13049121566" lat="54.1656592" lon="19.3911350"/>
  <node id="13049121705" lat="54.1657712" lon="19.3944578"/>
  <node id="13049121707" lat="54.1643540" lon="19.3935845"/>
  <node id="13049121708" lat="54.1642871" lon="19.3935730"/>
  <node id="13049121709" lat="54.1642753" lon="19.3935635"/>
  <node id="13049121710" lat="54.1642663" lon="19.3935493"/>
  <node id="13049121711" lat="54.1642570" lon="19.3935128"/>
  <node id="13049121712" lat="54.1642586" lon="19.3930781"/>
  <node id="13049121713" lat="54.1642670" lon="19.3930270"/>
  <node id="13049121714" lat="54.1642892" lon="19.3929937"/>
  <node id="13049121715" lat="54.1643386" lon="19.3929628"/>
  <node id="13049121716" lat="54.1643811" lon="19.3929521"/>
  <node id="13049121717" lat="54.1647484" lon="19.3929592"/>
  <node id="13049121718" lat="54.1647957" lon="19.3929450"/>
  <node id="13049121719" lat="54.1648305" lon="19.3929224"/>
  <node id="13049121720" lat="54.1648667" lon="19.3928665"/>
  <node id="13049121721" lat="54.1649015" lon="19.3927952"/>
  <node id="13049121722" lat="54.1649314" lon="19.3927501"/>
  <node id="13049121723" lat="54.1650768" lon="19.3927085"/>
  <node id="13049121724" lat="54.1651513" lon="19.3926360"/>
  <node id="13049121725" lat="54.1652076" lon="19.3925647"/>
  <node id="13049121726" lat="54.1652696" lon="19.3923365"/>
  <node id="13049121727" lat="54.1652876" lon="19.3921535"/>
  <node id="13049121730" lat="54.1657430" lon="19.3921689">
    <tag k="barrier" v="gate"/>
  </node>
  <node id="13049121784" lat="54.1658516" lon="19.3936938">
    <tag k="barrier" v="gate"/>
  </node>
  <node id="13049121789" lat="54.1664109" lon="19.3961281"/>
  <node id="13049121790" lat="54.1663810" lon="19.3961495"/>
  <node id="13049121801" lat="54.1661712" lon="19.3962487"/>
  <node id="13049121802" lat="54.1660641" lon="19.3962594"/>
  <node id="13049121803" lat="54.1657670" lon="19.3962582"/>
  <node id="13049121804" lat="54.1656146" lon="19.3962440"/>
  <node id="13049121805" lat="54.1653489" lon="19.3961893"/>
  <node id="13049121806" lat="54.1647714" lon="19.3960229">
    <tag k="noexit" v="yes"/>
  </node>
  <node id="13049122254" lat="54.1665121" lon="19.3949189"/>
  <node id="13049122255" lat="54.1664210" lon="19.3960978"/>
  <node id="13049122256" lat="54.1663994" lon="19.3961418"/>
  <node id="13049122257" lat="54.1663667" lon="19.3961489"/>
  <node id="13049122258" lat="54.1661949" lon="19.3961049"/>
  <node id="13049122259" lat="54.1660550" lon="19.3960716"/>
  <node id="13049122260" lat="54.1660210" lon="19.3960669"/>
  <node id="13049122261" lat="54.1659785" lon="19.3960384"/>
  <node id="13049122262" lat="54.1659187" lon="19.3959790"/>
  <node id="13049122263" lat="54.1642482" lon="19.3955594"/>
  <node id="13049122264" lat="54.1639518" lon="19.3958078"/>
  <node id="13049122265" lat="54.1639942" lon="19.3955179"/>
  <node id="13049122266" lat="54.1640402" lon="19.3950057"/>
  <node id="13049122267" lat="54.1638760" lon="19.3949700"/>
  <node id="13049122268" lat="54.1632538" lon="19.3950435"/>
  <node id="13049122274" lat="54.1635990" lon="19.3936485"/>
  <node id="13049122275" lat="54.1632825" lon="19.3932260"/>
  <node id="13049122276" lat="54.1628579" lon="19.3933252"/>
  <node id="13049122277" lat="54.1632434" lon="19.3933739"/>
  <node id="13049122278" lat="54.1630702" lon="19.3939206"/>
  <node id="13049122280" lat="54.1629726" lon="19.3946639"/>
  <node id="13049122282" lat="54.1630318" lon="19.3953824"/>
  <node id="13049122285" lat="54.1630323" lon="19.3954864"/>
  <node id="13049122296" lat="54.1630300" lon="19.3951814"/>
  <node id="13049122301" lat="54.1630612" lon="19.3956617"/>
  <node id="13049122302" lat="54.1630448" lon="19.3956159"/>
  <node id="13049122303" lat="54.1630323" lon="19.3955291">
    <tag k="barrier" v="lift_gate"/>
  </node>
  <node id="13049122307" lat="54.1622770" lon="19.3948022"/>
  <node id="13049122308" lat="54.1623695" lon="19.3947582"/>
  <node id="13049122309" lat="54.1621286" lon="19.3949306"/>
  <node id="13049122310" lat="54.1620014" lon="19.3947701"/>
  <node id="13049122311" lat="54.1619215" lon="19.3945137"/>
  <node id="13049122312" lat="54.1619511" lon="19.3946319"/>
  <node id="13049122313" lat="54.1619064" lon="19.3935534"/>
  <node id="13049122315" lat="54.1619054" lon="19.3942629"/>
  <node id="13049122319" lat="54.1619171" lon="19.3929391">
    <tag k="barrier" v="lift_gate"/>
  </node>
  <node id="13049122323" lat="54.1619396" lon="19.3924323"/>
  <node id="13049122329" lat="54.1623078" lon="19.3941869">
    <tag k="traffic_calming" v="bump"/>
  </node>
  <node id="13049122330" lat="54.1626337" lon="19.3945268"/>
  <node id="13049122331" lat="54.1623464" lon="19.3933318">
    <tag k="traffic_calming" v="bump"/>
  </node>
  <node id="13049122332" lat="54.1624433" lon="19.3916995"/>
  <node id="13049122333" lat="54.1628948" lon="19.3924102">
    <tag k="traffic_calming" v="bump"/>
  </node>
  <node id="13049122334" lat="54.1628534" lon="19.3934368">
    <tag k="traffic_calming" v="bump"/>
  </node>
  <node id="13049122335" lat="54.1633402" lon="19.3929497"/>
  <node id="13049122336" lat="54.1639114" lon="19.3932658"/>
  <node id="13049122337" lat="54.1639114" lon="19.3931042"/>
  <node id="13049122338" lat="54.1640478" lon="19.3915997"/>
  <node id="13049122339" lat="54.1640422" lon="19.3914488"/>
  <node id="13049122340" lat="54.1636693" lon="19.3914904"/>
  <node id="13049122341" lat="54.1643059" lon="19.3913460"/>
  <node id="13049122342" lat="54.1643365" lon="19.3918754"/>
  <node id="13049122343" lat="54.1643372" lon="19.3925837"/>
  <node id="13049122344" lat="54.1643115" lon="19.3927370"/>
  <node id="13049122345" lat="54.1642816" lon="19.3928190"/>
  <node id="13049122346" lat="54.1642322" lon="19.3929046"/>
  <node id="13049122347" lat="54.1641793" lon="19.3929509"/>
  <node id="13049122348" lat="54.1641396" lon="19.3929723"/>
  <node id="13049122349" lat="54.1641111" lon="19.3930222"/>
  <node id="13049122350" lat="54.1641069" lon="19.3939848"/>
  <node id="13049122351" lat="54.1641146" lon="19.3932647"/>
  <node id="13049122352" lat="54.1636902" lon="19.3932670"/>
  <node id="13049122353" lat="54.1635942" lon="19.3932759"/>
  <node id="13049122354" lat="54.1633945" lon="19.3933371"/>
  <node id="13049122355" lat="54.1633701" lon="19.3933502"/>
  <node id="13049122356" lat="54.1633395" lon="19.3933859"/>
  <node id="13049122357" lat="54.1633221" lon="19.3936414"/>
  <node id="13049122358" lat="54.1633061" lon="19.3937246"/>
  <node id="13049122359" lat="54.1632741" lon="19.3939658"/>
  <node id="13049122360" lat="54.1632665" lon="19.3942867"/>
  <node id="13049122361" lat="54.1632901" lon="19.3944507"/>
  <node id="13049122362" lat="54.1633583" lon="19.3947048"/>
  <node id="13049122377" lat="54.1632587" lon="19.3933183"/>
  <node id="13049122383" lat="54.1631745" lon="19.3936181"/>
  <node id="13049122390" lat="54.1629676" lon="19.3941025"/>
  <node id="13068439426" lat="54.1561700" lon="19.3911243"/>
  <node id="13068439427" lat="54.1561682" lon="19.3912838"/>
  <node id="13068439428" lat="54.1561895" lon="19.3913326"/>
  <node id="13068439429" lat="54.1562215" lon="19.3913511"/>
  <node id="13068439430" lat="54.1566918" lon="19.3911914"/>
  <node id="13068439431" lat="54.1575207" lon="19.3908811">
    <tag k="noexit" v="yes"/>
  </node>
  <node id="13068439432" lat="54.1571896" lon="19.3909803"/>
  <node id="13068439433" lat="54.1571608" lon="19.3907867"/>
  <node id="13068439434" lat="54.1644548" lon="19.3962955"/>
  <node id="13068439435" lat="54.1644182" lon="19.3965766"/>
  <node id="13068439436" lat="54.1644347" lon="19.3966294"/>
  <node id="13068439437" lat="54.1644572" lon="19.3966478"/>
  <node id="13112301779" lat="54.1471657" lon="19.4049811"/>
  <node id="13112301781" lat="54.1472577" lon="19.4057881"/>
  <node id="13112301786" lat="54.1476171" lon="19.4066098"/>
  <node id="13112301787" lat="54.1476612" lon="19.4062192"/>
  <node id="13112301789" lat="54.1477178" lon="19.4062487"/>
  <node id="13112301798" lat="54.1478002" lon="19.4062762"/>
  <node id="13112301799" lat="54.1471750" lon="19.4057859"/>
  <node id="13112301800" lat="54.1473579" lon="19.4042868"/>
  <node id="13112303204" lat="54.1475666" lon="19.4042978"/>
  <node id="13112303205" lat="54.1473689" lon="19.4050787"/>
  <node id="13112303210" lat="54.1483711" lon="19.4054188"/>
  <node id="13112303213" lat="54.1478091" lon="19.4052594"/>
  <node id="13327962597" lat="54.1500075" lon="19.4040246"/>
  <node id="13327962598" lat="54.1500026" lon="19.4039638"/>
  <node id="13327974707" lat="54.1494161" lon="19.4039358"/>
  <node id="13327974708" lat="54.1496707" lon="19.4039078"/>
  <node id="13327974709" lat="54.1499655" lon="19.4041255"/>
  <node id="13327974710" lat="54.1499888" lon="19.4040933"/>
  <node id="13327974711" lat="54.1500014" lon="19.4040640"/>
  <node id="13327974712" lat="54.1499959" lon="19.4039343"/>
  <node id="13327974713" lat="54.1500070" lon="19.4040013"/>
  <node id="13327974714" lat="54.1499788" lon="19.4038804"/>
  <node id="13327974715" lat="54.1499399" lon="19.4041374"/>
  <node id="13327974716" lat="54.1493450" lon="19.4036524"/>
  <node id="13327974717" lat="54.1494779" lon="19.4036376"/>
  <node id="13327974754" lat="54.1486124" lon="19.4051365"/>
  <node id="13327974788" lat="54.1481321" lon="19.4051992"/>
  <node id="13327974789" lat="54.1481313" lon="19.4050649"/>
  <node id="13327974790" lat="54.1478863" lon="19.4050686"/>
  <node id="13327974791" lat="54.1478490" lon="19.4051989"/>
  <node id="13327974792" lat="54.1478187" lon="19.4052290"/>
  <node id="13327974793" lat="54.1478323" lon="19.4052038"/>
  <node id="13327974794" lat="54.1486143" lon="19.4052297"/>
  <node id="13327974795" lat="54.1486113" lon="19.4051185"/>
  <node id="13327974796" lat="54.1486371" lon="19.4056394"/>
  <node id="13327974797" lat="54.1486344" lon="19.4052287"/>
  <node id="13327974798" lat="54.1485047" lon="19.4056441"/>
  <node id="13327974799" lat="54.1484840" lon="19.4052244"/>
  <node id="13327974800" lat="54.1488035" lon="19.4051971"/>
  <node id="13327974801" lat="54.1488214" lon="19.4051628"/>
  <node id="13327974802" lat="54.1487392" lon="19.4039656"/>
  <node id="13327974803" lat="54.1487576" lon="19.4039658"/>
  <node id="13327974804" lat="54.1487755" lon="19.4039670"/>
  <node id="13327974815" lat="54.1483739" lon="19.4059729"/>
  <node id="13327974816" lat="54.1483540" lon="19.4060416"/>
  <node id="13327974817" lat="54.1483111" lon="19.4060685"/>
  <node id="13327974818" lat="54.1482445" lon="19.4060780"/>
  <node id="13327974819" lat="54.1479923" lon="19.4060786"/>
  <node id="13327974820" lat="54.1479892" lon="19.4064427"/>
  <node id="13327974821" lat="54.1479635" lon="19.4066942"/>
  <node id="13327974822" lat="54.1479001" lon="19.4073135"/>
  <node id="13327974823" lat="54.1481122" lon="19.4073764"/>
  <node id="13327974824" lat="54.1482002" lon="19.4065010"/>
  <node id="13327974825" lat="54.1481123" lon="19.4064758"/>
  <node id="13327974826" lat="54.1478628" lon="19.4064086"/>
  <node id="13327974830" lat="54.1525521" lon="19.3979656"/>
  <node id="13327974831" lat="54.1525705" lon="19.3979688"/>
  <node id="13327974838" lat="54.1525074" lon="19.3976288"/>
  <node id="13327974839" lat="54.1527195" lon="19.3976896"/>
  <node id="13327974840" lat="54.1527872" lon="19.3977516"/>
  <node id="13327974842" lat="54.1573142" lon="19.3906228">
    <tag k="highway" v="crossing"/>
  </node>
  <node id="13327974843" lat="54.1572819" lon="19.3904213"/>
  <node id="13327974870" lat="54.1592588" lon="19.3976242">
    <tag k="highway" v="crossing"/>
  </node>
  <node id="13327974873" lat="54.1597439" lon="19.3975549">
    <tag k="highway" v="crossing"/>
  </node>
  <node id="13327974886" lat="54.1604440" lon="19.3983863">
    <tag k="highway" v="crossing"/>
  </node>
  <node id="13327974907" lat="54.1595310" lon="19.3979947"/>
  <node id="13327974908" lat="54.1595399" lon="19.3980387"/>
  <node id="13327974909" lat="54.1595666" lon="19.3980623"/>
  <node id="13327974910" lat="54.1596901" lon="19.3981354"/>
  <node id="13327974911" lat="54.1597682" lon="19.3981382"/>
  <node id="13327974941" lat="54.1597539" lon="19.3985160"/>
  <node id="13327974942" lat="54.1597746" lon="19.3983906">
    <tag k="highway" v="crossing"/>
  </node>
  <node id="13329701030" lat="54.1481316" lon="19.4051126"/>
  <node id="13363464010" lat="54.1588003" lon="19.3969079"/>
  <node id="13363464011" lat="54.1588282" lon="19.3972881"/>
  <node id="13363464012" lat="54.1588515" lon="19.3975964"/>
  <node id="13363464033" lat="54.1594161" lon="19.3975390"/>
  <node id="13363464083" lat="54.1595338" lon="19.3980199"/>
  <node id="13363464084" lat="54.1597228" lon="19.3981388">
    <tag k="barrier" v="lift_gate"/>
    <tag k="lift_gate:type" v="single"/>
  </node>
  <node id="13363464085" lat="54.1597653" lon="19.3980611"/>
  <node id="13363464088" lat="54.1597129" lon="19.3985095"/>
  <node id="13363464089" lat="54.1598220" lon="19.3985222"/>
  <node id="13363464097" lat="54.1597761" lon="19.3984300"/>
  <node id="13404124336" lat="54.1475013" lon="19.4050789"/>
  <node id="13404124348" lat="54.1471361" lon="19.4041881"/>
  <node id="13404124349" lat="54.1473187" lon="19.4041914"/>
  <node id="13404124351" lat="54.1476672" lon="19.4059341"/>
  <node id="13404124352" lat="54.1473551" lon="19.4058919"/>
  <node id="13404124353" lat="54.1473059" lon="19.4058528"/>
  <node id="13404133259" lat="54.1469311" lon="19.4072805"/>
  <node id="13404133260" lat="54.1469348" lon="19.4072490">
    <tag k="barrier" v="lift_gate"/>
  </node>
  <node id="13404133261" lat="54.1469123" lon="19.4070785"/>
  <node id="13404133629" lat="54.1469167" lon="19.4074042"/>
  <node id="13404133630" lat="54.1469530" lon="19.4070935"/>
  <node id="13404133631" lat="54.1466469" lon="19.4069808"/>
  <node id="13404133632" lat="54.1466961" lon="19.4064942"/>
  <node id="13404134123" lat="54.1478762" lon="19.4059205"/>
  <node id="13450384505" lat="54.1568970" lon="19.4047794"/>
  <node id="13540472329" lat="54.1565306" lon="19.3902983"/>
  <node id="13540472333" lat="54.1557244" lon="19.3904204"/>
  <node id="13540472334" lat="54.1557549" lon="19.3907590"/>
  <node id="13540607657" lat="54.1478066" lon="19.4053510"/>
  <node id="13540607686" lat="54.1557595" lon="19.3904136"/>
  <node id="13540607693" lat="54.1571409" lon="19.3902604"/>
  <node id="13540607694" lat="54.1571249" lon="19.3902309"/>
  <node id="13540607695" lat="54.1571041" lon="19.3902175"/>
  <node id="13540607696" lat="54.1570589" lon="19.3902191"/>
  <node id="13540607697" lat="54.1568692" lon="19.3902437"/>
  <node id="13540607698" lat="54.1572658" lon="19.3902681"/>
  <node id="13540607699" lat="54.1571479" lon="19.3903081"/>
  <node id="13540607700" lat="54.1571528" lon="19.3904358"/>
  <node id="13540607701" lat="54.1571532" lon="19.3904987"/>
  <node id="13540607702" lat="54.1571430" lon="19.3905391"/>
  <node id="13540607703" lat="54.1571143" lon="19.3905682"/>
  <node id="13643745306" lat="54.1478638" lon="19.4034658"/>
  <node id="13645082883" lat="54.1644413" lon="19.3963993"/>
  <node id="13645082884" lat="54.1644439" lon="19.3963793"/>
  <node id="13665079598" lat="54.1598225" lon="19.4005679"/>
  <node id="13665079657" lat="54.1583510" lon="19.4017749"/>
  <node id="13665079661" lat="54.1583549" lon="19.4010079"/>
  <node id="13665079662" lat="54.1583793" lon="19.4010970"/>
  <node id="13665079691" lat="54.1582173" lon="19.3998281"/>
  <node id="13670043725" lat="54.1481586" lon="19.4030889"/>
  <node id="13718228254" lat="54.1568728" lon="19.3943929"/>
  <node id="13718228266" lat="54.1551962" lon="19.3965883"/>
  <node id="13718228272" lat="54.1553692" lon="19.3967460"/>
  <node id="13718283732" lat="54.1604492" lon="19.3900050"/>
  <node id="13718283733" lat="54.1606201" lon="19.3899907"/>
  <node id="13718283734" lat="54.1605007" lon="19.3900007">
    <tag k="barrier" v="gate"/>
  </node>
  <node id="13718283785" lat="54.1555643" lon="19.3921867"/>
  <node id="13718283786" lat="54.1561691" lon="19.3911998"/>
  <node id="13718296005" lat="54.1571544" lon="19.3909937">
    <tag k="direction" v="forward"/>
    <tag k="highway" v="give_way"/>
  </node>
  <node id="13718296006" lat="54.1561766" lon="19.3913097"/>
  <node id="13718296007" lat="54.1572260" lon="19.3909707">
    <tag k="direction" v="forward"/>
    <tag k="highway" v="give_way"/>
  </node>
  <node id="13718296008" lat="54.1571140" lon="19.3910091">
    <tag k="crossing" v="uncontrolled"/>
    <tag k="highway" v="crossing"/>
  </node>
  <node id="13718296010" lat="54.1572564" lon="19.3909626">
    <tag k="crossing" v="uncontrolled"/>
    <tag k="highway" v="crossing"/>
  </node>
  <node id="13718296011" lat="54.1571722" lon="19.3908656"/>
  <node id="13718296034" lat="54.1575626" lon="19.3905984"/>
  <node id="13718296038" lat="54.1560395" lon="19.3911115"/>
  <node id="13718296043" lat="54.1564901" lon="19.3912591">
    <tag k="crossing" v="uncontrolled"/>
    <tag k="highway" v="crossing"/>
  </node>
  <way id="28800150">
    <nd ref="316655173"/>
    <nd ref="5658684308"/>
    <nd ref="5658684318"/>
    <nd ref="2383528176"/>
    <nd ref="1778863267"/>
    <nd ref="5478654409"/>
    <nd ref="316655160"/>
    <tag k="highway" v="residential"/>
    <tag k="name" v="Adama Asnyka"/>
    <tag k="sidewalk:both" v="separate"/>
  </way>
  <way id="28926992">
    <nd ref="316655160"/>
    <nd ref="5658684242"/>
    <nd ref="4553635784"/>
    <nd ref="5478655522"/>
    <nd ref="2460134667"/>
    <nd ref="732237645"/>
    <nd ref="316655164"/>
    <tag k="highway" v="tertiary"/>
    <tag k="name" v="Adama Mickiewicza"/>
    <tag k="oneway" v="yes"/>
    <tag k="sidewalk:both" v="separate"/>
    <tag k="surface" v="asphalt"/>
  </way>
  <way id="29022373">
    <nd ref="1296875126"/>
    <nd ref="2254381704"/>
    <nd ref="319172910"/>
    <tag k="highway" v="tertiary"/>
    <tag k="name" v="Henryka Sienkiewicza"/>
    <tag k="sidewalk:both" v="separate"/>
    <tag k="surface" v="asphalt"/>
  </way>
  <way id="29022652">
    <nd ref="1296875064"/>
    <nd ref="8263845252"/>
    <nd ref="8263845251"/>
    <nd ref="8263845250"/>
    <nd ref="8263845249"/>
    <nd ref="1296875066"/>
    <nd ref="8263845248"/>
    <nd ref="1296875776"/>
    <nd ref="319175856"/>
    <nd ref="13327974840"/>
    <nd ref="8263845254"/>
    <nd ref="319175857"/>
    <nd ref="2251085635"/>
    <nd ref="8263845255"/>
    <nd ref="319175858"/>
    <nd ref="5535786971"/>
    <nd ref="2251085634"/>
    <nd ref="319175859"/>
    <nd ref="5535786954"/>
    <nd ref="8263845256"/>
    <nd ref="5536207347"/>
    <nd ref="8263845257"/>
    <nd ref="319175860"/>
    <nd ref="5536207348"/>
    <nd ref="5536207349"/>
    <nd ref="5536207350"/>
    <nd ref="319175861"/>
    <nd ref="11577363881"/>
    <nd ref="1562398343"/>
    <nd ref="1296875647"/>
    <tag k="highway" v="residential"/>
    <tag k="lanes" v="2"/>
    <tag k="lit" v="yes"/>
    <tag k="maxspeed" v="50"/>
    <tag k="name" v="Zagonowa"/>
    <tag k="sidewalk" v="both"/>
    <tag k="surface" v="asphalt"/>
  </way>
  <way id="35263909">
    <nd ref="413342713"/>
    <nd ref="8219606127"/>
    <nd ref="8219606138"/>
    <nd ref="8219606137"/>
    <nd ref="9576048507"/>
    <nd ref="3899766007"/>
    <nd ref="1560260206"/>
    <tag k="highway" v="residential"/>
    <tag k="name" v="Rybacka"/>
    <tag k="oneway" v="yes"/>
    <tag k="sidewalk:both" v="separate"/>
  </way>
  <way id="35264342">
    <nd ref="413336859"/>
    <nd ref="2281058941"/>
    <nd ref="2134331893"/>
    <nd ref="4037337190"/>
    <nd ref="8219606126"/>
    <nd ref="413342713"/>
    <tag k="highway" v="residential"/>
    <tag k="lane_markings" v="no"/>
    <tag k="name" v="Wodna"/>
    <tag k="sidewalk:both" v="separate"/>
    <tag k="surface" v="sett"/>
  </way>
  <way id="35264343">
    <nd ref="413336870"/>
    <nd ref="3186777563"/>
    <nd ref="12772140072"/>
    <nd ref="2134331899"/>
    <tag k="highway" v="residential"/>
    <tag k="name" v="Bednarska"/>
    <tag k="oneway" v="yes"/>
  </way>
  <way id="35264347">
    <nd ref="3029207015"/>
    <nd ref="3277671806"/>
    <nd ref="12769355423"/>
    <nd ref="3277671805"/>
    <nd ref="9576048513"/>
    <nd ref="413336864"/>
    <tag k="highway" v="residential"/>
    <tag k="name" v="Garbary"/>
    <tag k="oneway" v="yes"/>
    <tag k="sidewalk:both" v="separate"/>
  </way>
  <way id="35265850">
    <nd ref="2136164705"/>
    <nd ref="13363464097"/>
    <nd ref="13327974942"/>
    <nd ref="13327974911"/>
    <nd ref="13363464085"/>
    <nd ref="5522695872"/>
    <nd ref="13327974873"/>
    <nd ref="2807040261"/>
    <tag k="highway" v="residential"/>
    <tag k="name" v="Wieżowa"/>
  </way>
  <way id="35265851">
    <nd ref="2807040261"/>
    <nd ref="12358376342"/>
    <nd ref="13363464033"/>
    <nd ref="12358376341"/>
    <nd ref="12358376340"/>
    <nd ref="5522733149"/>
    <nd ref="5522733150"/>
    <tag k="highway" v="residential"/>
    <tag k="name" v="Przymurze"/>
  </way>
  <way id="35265852">
    <nd ref="413369487"/>
    <nd ref="12732042943"/>
    <nd ref="2281071735"/>
    <nd ref="2134984363"/>
    <nd ref="2281071736"/>
    <nd ref="2134331889"/>
    <nd ref="3186777514"/>
    <nd ref="2134984416"/>
    <tag k="highway" v="residential"/>
    <tag k="name" v="Kumieli"/>
    <tag k="oneway" v="yes"/>
  </way>
  <way id="35705833">
    <nd ref="319175038"/>
    <nd ref="3909308772"/>
    <nd ref="9892057883"/>
    <tag k="highway" v="secondary"/>
    <tag k="highway:category:pl" v="2"/>
    <tag k="lanes" v="2"/>
    <tag k="maxspeed" v="50"/>
    <tag k="name" v="Aleja Tysiąclecia"/>
    <tag k="oneway" v="yes"/>
    <tag k="ref" v="500"/>
    <tag k="sidewalk:left" v="no"/>
    <tag k="sidewalk:right" v="separate"/>
    <tag k="source:maxspeed" v="PL:urban"/>
    <tag k="surface" v="asphalt"/>
  </way>
  <way id="35706716">
    <nd ref="1296875753"/>
    <nd ref="413515939"/>
    <tag k="highway" v="residential"/>
    <tag k="maxspeed:type" v="PL:urban"/>
    <tag k="name" v="Giermków"/>
    <tag k="sidewalk:left" v="no"/>
    <tag k="sidewalk:right" v="separate"/>
    <tag k="surface" v="asphalt"/>
  </way>
  <way id="35771747">
    <nd ref="2134984416"/>
    <nd ref="413342725"/>
    <tag k="highway" v="residential"/>
    <tag k="lane_markings" v="no"/>
    <tag k="name" v="Świętego Ducha"/>
    <tag k="sidewalk:both" v="separate"/>
    <tag k="surface" v="sett"/>
  </way>
  <way id="35772075">
    <nd ref="413342725"/>
    <nd ref="3899765999"/>
    <nd ref="2135000025"/>
    <nd ref="1304258935"/>
    <nd ref="2135000024"/>
    <nd ref="1305377602"/>
    <nd ref="2278899201"/>
    <nd ref="413369485"/>
    <nd ref="2278899200"/>
    <nd ref="1304258599"/>
    <nd ref="1304258710"/>
    <nd ref="2278899199"/>
    <nd ref="1304258910"/>
    <nd ref="2278899198"/>
    <nd ref="2278899197"/>
    <nd ref="1305377204"/>
    <nd ref="1304258665"/>
    <nd ref="1304258686"/>
    <nd ref="1305377786"/>
    <nd ref="2278912610"/>
    <nd ref="5645380126"/>
    <nd ref="2424616883"/>
    <nd ref="1304258791"/>
    <tag k="highway" v="residential"/>
    <tag k="lane_markings" v="no"/>
    <tag k="name" v="Zamkowa"/>
    <tag k="sidewalk:both" v="separate"/>
    <tag k="surface" v="sett"/>
  </way>
  <way id="35772151">
    <nd ref="3741445986"/>
    <nd ref="3741445974"/>
    <nd ref="418214921"/>
    <nd ref="3741446007"/>
    <nd ref="11577363885"/>
    <nd ref="3741317647"/>
    <tag k="highway" v="tertiary"/>
    <tag k="name" v="Warszawska"/>
    <tag k="sidewalk:left" v="yes"/>
    <tag k="sidewalk:right" v="separate"/>
    <tag k="surface" v="asphalt"/>
  </way>
  <way id="37833775">
    <nd ref="443694503"/>
    <nd ref="3350716514"/>
    <nd ref="1304254038"/>
    <tag k="highway" v="tertiary"/>
    <tag k="name" v="Generała Stefana Grota-Roweckiego"/>
    <tag k="oneway" v="yes"/>
    <tag k="sidewalk:left" v="no"/>
    <tag k="sidewalk:right" v="separate"/>
  </way>
  <way id="58885153">
    <nd ref="2381117457"/>
    <nd ref="3277671990"/>
    <nd ref="2381117452"/>
    <nd ref="2381117447"/>
    <nd ref="3277671980"/>
    <nd ref="2381117443"/>
    <nd ref="2775965653"/>
    <nd ref="2380281491"/>
    <nd ref="2129366278"/>
    <nd ref="3277671967"/>
    <nd ref="2129366273"/>
    <nd ref="3277671965"/>
    <nd ref="729676740"/>
    <nd ref="2129366261"/>
    <nd ref="2129366257"/>
    <nd ref="2380215829"/>
    <nd ref="729676869"/>
    <nd ref="3899785062"/>
    <nd ref="2129341188"/>
    <nd ref="2129366253"/>
    <nd ref="2129341184"/>
    <nd ref="417969438"/>
    <nd ref="2129366248"/>
    <nd ref="2380215828"/>
    <nd ref="2380215827"/>
    <nd ref="2380215826"/>
    <nd ref="8259947406"/>
    <nd ref="3026618927"/>
    <tag k="highway" v="secondary"/>
    <tag k="highway:category:pl" v="2"/>
    <tag k="lanes" v="2"/>
    <tag k="name" v="Robotnicza"/>
    <tag k="oneway" v="yes"/>
    <tag k="ref" v="503"/>
    <tag k="sidewalk:left" v="no"/>
    <tag k="sidewalk:right" v="separate"/>
  </way>
  <way id="58981783">
    <nd ref="450156135"/>
    <nd ref="4553665270"/>
    <nd ref="5437288224"/>
    <nd ref="5437288225"/>
    <nd ref="5818318300"/>
    <nd ref="5437288223"/>
    <nd ref="5818318298"/>
    <nd ref="5818318315"/>
    <nd ref="5818318306"/>
    <nd ref="5818318307"/>
    <nd ref="3491258237"/>
    <nd ref="1713057415"/>
    <tag k="highway" v="residential"/>
    <tag k="maxspeed" v="50"/>
    <tag k="sidewalk:both" v="separate"/>
  </way>
  <way id="58981790">
    <nd ref="1304258767"/>
    <nd ref="2380241306"/>
    <nd ref="2380241316"/>
    <nd ref="5825584323"/>
    <nd ref="5825584349"/>
    <nd ref="2380241327"/>
    <nd ref="2509779237"/>
    <nd ref="2509779243"/>
    <nd ref="1304258905"/>
    <nd ref="1296875949"/>
    <nd ref="2509779248"/>
    <nd ref="1296876038"/>
    <nd ref="3491258235"/>
    <nd ref="450156133"/>
    <nd ref="450156135"/>
    <nd ref="1296874989"/>
    <nd ref="2509779267"/>
    <nd ref="3489343429"/>
    <nd ref="730911590"/>
    <nd ref="2254905285"/>
    <nd ref="1304258624"/>
    <nd ref="1831389435"/>
    <tag k="highway" v="residential"/>
    <tag k="maxspeed" v="50"/>
    <tag k="name" v="Królewiecka"/>
    <tag k="sidewalk:both" v="separate"/>
    <tag k="surface" v="asphalt"/>
  </way>
  <way id="59078340">
    <nd ref="316655164"/>
    <nd ref="2361229897"/>
    <nd ref="2413513095"/>
    <nd ref="2413656534"/>
    <nd ref="2406695944"/>
    <nd ref="2255483496"/>
    <nd ref="2460391062"/>
    <nd ref="2460391065"/>
    <nd ref="11577392541"/>
    <nd ref="2460391067"/>
    <nd ref="5458615364"/>
    <nd ref="1296875892"/>
    <nd ref="2408001472"/>
    <nd ref="2460391072"/>
    <nd ref="5458687163"/>
    <nd ref="316655166"/>
    <nd ref="5923999168"/>
    <nd ref="8263815304"/>
    <nd ref="8263815305"/>
    <nd ref="8263815306"/>
    <nd ref="8263815307"/>
    <nd ref="8263815308"/>
    <nd ref="8263815309"/>
    <nd ref="8263815310"/>
    <nd ref="8263815311"/>
    <nd ref="8263815312"/>
    <nd ref="2447211618"/>
    <nd ref="5979346608"/>
    <nd ref="5923999264"/>
    <nd ref="5458687166"/>
    <nd ref="1296875903"/>
    <nd ref="5923999263"/>
    <nd ref="8263815313"/>
    <nd ref="8263815314"/>
    <nd ref="8263815315"/>
    <nd ref="8263815316"/>
    <nd ref="9570931527"/>
    <nd ref="8263845217"/>
    <nd ref="9836041565"/>
    <nd ref="8263845218"/>
    <nd ref="1296875402"/>
    <nd ref="8263845219"/>
    <nd ref="9570931444"/>
    <nd ref="5979164538"/>
    <nd ref="316655169"/>
    <nd ref="8263845220"/>
    <nd ref="5979164499"/>
    <nd ref="5940096296"/>
    <nd ref="317991584"/>
    <tag k="highway" v="tertiary"/>
    <tag k="name" v="Tadeusza Kościuszki"/>
    <tag k="oneway" v="yes"/>
    <tag k="sidewalk:both" v="separate"/>
    <tag k="surface" v="asphalt"/>
  </way>
  <way id="59078352">
    <nd ref="319191140"/>
    <nd ref="4553635787"/>
    <nd ref="2263122523"/>
    <nd ref="2383528883"/>
    <nd ref="3559435099"/>
    <nd ref="316655160"/>
    <tag k="highway" v="tertiary"/>
    <tag k="name" v="Adama Mickiewicza"/>
    <tag k="oneway" v="yes"/>
    <tag k="sidewalk:both" v="separate"/>
    <tag k="source" v="UMP-PL"/>
    <tag k="surface" v="asphalt"/>
  </way>
  <way id="59174830">
    <nd ref="10124753081"/>
    <nd ref="10824003447"/>
    <nd ref="10824003448"/>
    <nd ref="9822658397"/>
    <nd ref="2353294953"/>
    <nd ref="5646189828"/>
    <nd ref="732237568"/>
    <tag k="highway" v="service"/>
    <tag k="name" v="Oboźna"/>
    <tag k="source" v="UMP-PL"/>
  </way>
  <way id="59174832">
    <nd ref="5439354092"/>
    <nd ref="12698794554"/>
    <nd ref="12698794556"/>
    <nd ref="12698794553"/>
    <nd ref="3495263273"/>
    <nd ref="12698883227"/>
    <nd ref="12698883223"/>
    <tag k="highway" v="secondary"/>
    <tag k="highway:category:pl" v="2"/>
    <tag k="lanes" v="4"/>
    <tag k="maxspeed" v="50"/>
    <tag k="name" v="Aleja Tysiąclecia"/>
    <tag k="ref" v="500"/>
    <tag k="sidewalk:both" v="separate"/>
    <tag k="source:maxspeed" v="PL:urban"/>
    <tag k="surface" v="asphalt"/>
  </way>
  <way id="59535787">
    <nd ref="413336873"/>
    <nd ref="3899766006"/>
    <nd ref="9576048504"/>
    <nd ref="4037337289"/>
    <nd ref="413336859"/>
    <tag k="highway" v="residential"/>
    <tag k="lane_markings" v="no"/>
    <tag k="name" v="Mostowa"/>
    <tag k="oneway" v="yes"/>
    <tag k="oneway:bicycle" v="no"/>
    <tag k="sidewalk:both" v="separate"/>
    <tag k="surface" v="sett"/>
  </way>
  <way id="80369710">
    <nd ref="5522797502"/>
    <nd ref="2278912632"/>
    <nd ref="9576048499"/>
    <nd ref="9576048431"/>
    <nd ref="413336873"/>
    <tag k="highway" v="residential"/>
    <tag k="name" v="Rzeźnicka"/>
    <tag k="oneway" v="yes"/>
    <tag k="sidewalk:both" v="separate"/>
  </way>
  <way id="114494527">
    <nd ref="1296875597"/>
    <nd ref="6019891500"/>
    <nd ref="1296875641"/>
    <nd ref="6019891501"/>
    <nd ref="2801891705"/>
    <nd ref="5554526177"/>
    <nd ref="5554526176"/>
    <nd ref="5554526175"/>
    <tag k="highway" v="residential"/>
    <tag k="name" v="Romualda Mielczarskiego"/>
    <tag k="sidewalk:left" v="separate"/>
    <tag k="sidewalk:right" v="no"/>
  </way>
  <way id="114494528">
    <nd ref="1296875892"/>
    <nd ref="5940590085"/>
    <nd ref="5979346731"/>
    <nd ref="2413647626"/>
    <nd ref="5979346715"/>
    <nd ref="2413647625"/>
    <nd ref="2503654517"/>
    <nd ref="5979346736"/>
    <nd ref="5458615367"/>
    <nd ref="5458615368"/>
    <nd ref="5979466950"/>
    <nd ref="1296876074"/>
    <nd ref="5458615369"/>
    <nd ref="2251002106"/>
    <nd ref="5458615370"/>
    <nd ref="2441254079"/>
    <nd ref="2251002146"/>
    <nd ref="2441254002"/>
    <nd ref="2251004887"/>
    <nd ref="2251004935"/>
    <nd ref="5979687257"/>
    <nd ref="2251002081"/>
    <nd ref="1296875657"/>
    <nd ref="5979687366"/>
    <nd ref="2251002138"/>
    <nd ref="5979687367"/>
    <nd ref="1296875403"/>
    <nd ref="5979687368"/>
    <nd ref="2251002158"/>
    <nd ref="1296875816"/>
    <tag k="highway" v="residential"/>
    <tag k="name" v="Piechoty"/>
  </way>
  <way id="114494529">
    <nd ref="1562398399"/>
    <nd ref="2251085639"/>
    <nd ref="1296875176"/>
    <tag k="highway" v="residential"/>
    <tag k="name" v="Panieńska"/>
  </way>
  <way id="114494546">
    <nd ref="1296875448"/>
    <nd ref="6125309696"/>
    <nd ref="1296876132"/>
    <nd ref="5435187709"/>
    <nd ref="1296875159"/>
    <nd ref="1296875419"/>
    <tag k="highway" v="residential"/>
    <tag k="name" v="Ludwika Idzikowskiego"/>
  </way>
  <way id="114494555">
    <nd ref="3802480454"/>
    <nd ref="3802480441"/>
    <nd ref="3802480438"/>
    <nd ref="3802480437"/>
    <nd ref="3802480435"/>
    <nd ref="1562398596"/>
    <tag k="access" v="no"/>
    <tag k="highway" v="service"/>
  </way>
  <way id="114494557">
    <nd ref="5554526177"/>
    <nd ref="6019891502"/>
    <nd ref="6019899086"/>
    <nd ref="5435187710"/>
    <nd ref="1296875419"/>
    <nd ref="5435187711"/>
    <nd ref="1757368868"/>
    <nd ref="1296875590"/>
    <tag k="highway" v="residential"/>
    <tag k="name" v="Romualda Mielczarskiego"/>
  </way>
  <way id="114494559">
    <nd ref="1296875480"/>
    <nd ref="6125306387"/>
    <nd ref="1296875299"/>
    <tag k="highway" v="service"/>
    <tag k="lit" v="yes"/>
    <tag k="name" v="Narciarska"/>
    <tag k="surface" v="asphalt"/>
  </way>
  <way id="114494571">
    <nd ref="5552003362"/>
    <nd ref="5552003339"/>
    <nd ref="5552003340"/>
    <nd ref="5552003341"/>
    <nd ref="1296875245"/>
    <nd ref="1296875580"/>
    <tag k="highway" v="service"/>
    <tag k="name" v="Junaków"/>
  </way>
  <way id="114494588">
    <nd ref="5535786954"/>
    <nd ref="1562398344"/>
    <nd ref="5535786910"/>
    <nd ref="1562398721"/>
    <nd ref="5535786846"/>
    <nd ref="5535786848"/>
    <nd ref="5535786847"/>
    <tag k="highway" v="residential"/>
    <tag k="name" v="Piaskowa"/>
  </way>
  <way id="114494591">
    <nd ref="3495193660"/>
    <nd ref="2424616890"/>
    <nd ref="5645375208"/>
    <nd ref="2253986019"/>
    <nd ref="5442183784"/>
    <nd ref="2253961050"/>
    <nd ref="1296875266"/>
    <tag k="highway" v="residential"/>
    <tag k="name" v="Bociania"/>
    <tag k="oneway" v="yes"/>
  </way>
  <way id="114494592">
    <nd ref="1296875399"/>
    <nd ref="6125306385"/>
    <nd ref="2257406827"/>
    <tag k="highway" v="service"/>
    <tag k="name" v="Narciarska"/>
    <tag k="surface" v="asphalt"/>
  </way>
  <way id="114494593">
    <nd ref="1296875040"/>
    <nd ref="1296875078"/>
    <tag k="bridge" v="yes"/>
    <tag k="highway" v="secondary"/>
    <tag k="highway:category:pl" v="2"/>
    <tag k="lanes" v="2"/>
    <tag k="layer" v="1"/>
    <tag k="lit" v="yes"/>
    <tag k="maxweight" v="30 t"/>
    <tag k="name" v="Kardynała Stefana Wyszyńskiego"/>
    <tag k="ref" v="500"/>
    <tag k="sidewalk:both" v="separate"/>
    <tag k="surface" v="asphalt"/>
  </way>
  <way id="114494601">
    <nd ref="1296875305"/>
    <nd ref="2251107546"/>
    <nd ref="5536207623"/>
    <nd ref="5536207405"/>
    <nd ref="2251107544"/>
    <nd ref="2251107542"/>
    <nd ref="2251107539"/>
    <nd ref="1296875460"/>
    <nd ref="2251107538"/>
    <nd ref="2251107540"/>
    <nd ref="5536207403"/>
    <nd ref="1296875633"/>
    <nd ref="2251107541"/>
    <nd ref="2251107543"/>
    <nd ref="5536207651"/>
    <nd ref="2251107547"/>
    <nd ref="319175594"/>
    <nd ref="11577363883"/>
    <nd ref="2252582608"/>
    <nd ref="2252582610"/>
    <nd ref="1296875055"/>
    <nd ref="5537749238"/>
    <nd ref="1296875296"/>
    <tag k="highway" v="residential"/>
    <tag k="name" v="Czerniakowska"/>
  </way>
  <way id="114494603">
    <nd ref="5137128231"/>
    <nd ref="8574234067"/>
    <nd ref="3306115286"/>
    <tag k="highway" v="residential"/>
    <tag k="lane_markings" v="no"/>
    <tag k="name" v="Skrzydlata"/>
    <tag k="oneway" v="yes"/>
    <tag k="sidewalk:left" v="no"/>
    <tag k="sidewalk:right" v="separate"/>
    <tag k="surface" v="asphalt"/>
  </way>
  <way id="114494621">
    <nd ref="1296875571"/>
    <nd ref="6125306386"/>
    <nd ref="1296875058"/>
    <tag k="highway" v="service"/>
    <tag k="name" v="Narciarska"/>
    <tag k="surface" v="asphalt"/>
  </way>
  <way id="114494622">
    <nd ref="1296875794"/>
    <nd ref="2251085648"/>
    <nd ref="10678640678"/>
    <nd ref="2251085647"/>
    <nd ref="5535691360"/>
    <nd ref="1296875973"/>
    <nd ref="2251085646"/>
    <nd ref="1296874905"/>
    <nd ref="2251085642"/>
    <nd ref="2251085640"/>
    <nd ref="1562398399"/>
    <nd ref="1296875867"/>
    <nd ref="1562398672"/>
    <tag k="highway" v="residential"/>
    <tag k="lane_markings" v="no"/>
    <tag k="lanes" v="2"/>
    <tag k="name" v="Panieńska"/>
    <tag k="sidewalk:left" v="separate"/>
    <tag k="sidewalk:right" v="no"/>
    <tag k="surface" v="asphalt"/>
  </way>
  <way id="114494633">
    <nd ref="5552003418"/>
    <nd ref="5552003417"/>
    <nd ref="5552003416"/>
    <nd ref="5552003362"/>
    <nd ref="5552003361"/>
    <nd ref="5552003360"/>
    <nd ref="5552003359"/>
    <nd ref="1296876081"/>
    <tag k="highway" v="residential"/>
    <tag k="name" v="Junaków"/>
  </way>
  <way id="114494651">
    <nd ref="1296875776"/>
    <nd ref="12666537751"/>
    <nd ref="5535691456"/>
    <nd ref="5535691457"/>
    <nd ref="5535691460"/>
    <nd ref="5535691462"/>
    <nd ref="1296875868"/>
    <nd ref="5535691461"/>
    <nd ref="1296876048"/>
    <nd ref="5535691459"/>
    <nd ref="5535691458"/>
    <nd ref="1296875042"/>
    <nd ref="5535723526"/>
    <nd ref="5535786987"/>
    <tag k="highway" v="residential"/>
    <tag k="name" v="Dojazdowa"/>
  </way>
  <way id="114494669">
    <nd ref="5554526175"/>
    <nd ref="5435295485"/>
    <nd ref="6125309695"/>
    <nd ref="1758335576"/>
    <nd ref="5434855226"/>
    <nd ref="13404133629"/>
    <nd ref="5554525501"/>
    <nd ref="5434851773"/>
    <nd ref="5554526021"/>
    <nd ref="1758335646"/>
    <nd ref="5434851784"/>
    <nd ref="5434851783"/>
    <nd ref="5434851770"/>
    <nd ref="5434851781"/>
    <nd ref="5434851779"/>
    <nd ref="5490367643"/>
    <nd ref="5434851776"/>
    <nd ref="5434851767"/>
    <nd ref="5434851774"/>
    <nd ref="5434851769"/>
    <nd ref="1296875835"/>
    <nd ref="5490367644"/>
    <nd ref="5434851768"/>
    <nd ref="5490367646"/>
    <nd ref="1296876016"/>
    <nd ref="5434851820"/>
    <nd ref="6125318593"/>
    <nd ref="1296875258"/>
    <tag k="highway" v="service"/>
    <tag k="maxspeed" v="20"/>
    <tag k="maxweight" v="3.5"/>
  </way>
  <way id="114494670">
    <nd ref="316655166"/>
    <nd ref="5979346633"/>
    <nd ref="1296875734"/>
    <nd ref="5979346654"/>
    <nd ref="5979346655"/>
    <nd ref="2503654543"/>
    <nd ref="3187286975"/>
    <tag k="highway" v="service"/>
    <tag k="name" v="Ślepa"/>
  </way>
  <way id="114494702">
    <nd ref="6441675698"/>
    <nd ref="5137128219"/>
    <nd ref="5137128220"/>
    <nd ref="5554576747"/>
    <nd ref="1296875399"/>
    <nd ref="1296875571"/>
    <nd ref="1296875480"/>
    <nd ref="11530100622"/>
    <nd ref="1757368906"/>
    <tag k="highway" v="residential"/>
    <tag k="name" v="Aleksandra Fredry"/>
    <tag k="sidewalk:both" v="separate"/>
    <tag k="surface" v="asphalt"/>
  </way>
  <way id="114495275">
    <nd ref="13404124351"/>
    <nd ref="13404124352"/>
    <nd ref="13404124353"/>
    <nd ref="13112301781"/>
    <nd ref="13112301799"/>
    <nd ref="6019712852"/>
    <nd ref="13112301779"/>
    <nd ref="6019713004"/>
    <nd ref="6019712853"/>
    <nd ref="13404124348"/>
    <nd ref="6019712855"/>
    <nd ref="6019712857"/>
    <nd ref="6019712896"/>
    <nd ref="1296875087"/>
    <tag k="highway" v="service"/>
    <tag k="service" v="parking_aisle"/>
  </way>
  <way id="115433672">
    <nd ref="1304254037"/>
    <nd ref="5909400565"/>
    <nd ref="2255593352"/>
    <nd ref="5909399826"/>
    <nd ref="5909399825"/>
    <nd ref="5909400539"/>
    <nd ref="2412954590"/>
    <nd ref="5909399856"/>
    <nd ref="5909399880"/>
    <nd ref="5909399881"/>
    <nd ref="5909399858"/>
    <nd ref="2407941965"/>
    <nd ref="5909400487"/>
    <nd ref="2361226268"/>
    <tag k="highway" v="service"/>
    <tag k="name" v="Kwiatowa"/>
  </way>
  <way id="115433676">
    <nd ref="1304254106"/>
    <nd ref="5855539923"/>
    <nd ref="5858937485"/>
    <nd ref="5858937518"/>
    <nd ref="5858937515"/>
    <nd ref="5858937499"/>
    <nd ref="1304253987"/>
    <tag k="highway" v="residential"/>
    <tag k="lit" v="yes"/>
    <tag k="maxweight" v="3.5"/>
    <tag k="name" v="Wojciecha Zajchowskiego"/>
    <tag k="surface" v="asphalt"/>
  </way>
  <way id="115433679">
    <nd ref="1304253971"/>
    <nd ref="5834287505"/>
    <nd ref="1304254043"/>
    <nd ref="5834287602"/>
    <nd ref="1304254045"/>
    <nd ref="5834287592"/>
    <nd ref="5834287557"/>
    <nd ref="5834287553"/>
    <nd ref="2384747681"/>
    <tag k="highway" v="service"/>
    <tag k="name" v="Ratuszowa"/>
  </way>
  <way id="115433682">
    <nd ref="5086257669"/>
    <nd ref="5855539900"/>
    <nd ref="1304254064"/>
    <nd ref="1304254111"/>
    <nd ref="5436098307"/>
    <nd ref="2290250634"/>
    <nd ref="2290250628"/>
    <nd ref="5841832344"/>
    <nd ref="2256069753"/>
    <tag k="highway" v="service"/>
    <tag k="name" v="Starowiejska"/>
    <tag k="old_name" v="Kapitana Gienadija Lwowicza Diaczenki"/>
  </way>
  <way id="115433683">
    <nd ref="2411047759"/>
    <nd ref="3935918199"/>
    <nd ref="2424657551"/>
    <nd ref="5478655538"/>
    <nd ref="5478655537"/>
    <nd ref="1304254053"/>
    <nd ref="3935919999"/>
    <nd ref="5909866711"/>
    <nd ref="1304254078"/>
    <tag k="highway" v="service"/>
    <tag k="name" v="Piotra Ściegiennego"/>
  </way>
  <way id="115433684">
    <nd ref="1304253973"/>
    <nd ref="5841832329"/>
    <nd ref="2290250646"/>
    <nd ref="5855539917"/>
    <nd ref="5855539897"/>
    <nd ref="5855539894"/>
    <nd ref="11577363888"/>
    <nd ref="1304254064"/>
    <tag k="highway" v="service"/>
    <tag k="maxweight" v="3.5"/>
    <tag k="name" v="Starowiejska"/>
    <tag k="old_name" v="Kapitana Gienadija Lwowicza Diaczenki"/>
  </way>
  <way id="115433686">
    <nd ref="1304253970"/>
    <nd ref="5894312202"/>
    <nd ref="1304253990"/>
    <nd ref="1304253977"/>
    <nd ref="1304253992"/>
    <nd ref="5894312204"/>
    <nd ref="1835353782"/>
    <tag k="access" v="destination"/>
    <tag k="highway" v="service"/>
    <tag k="oneway" v="yes"/>
    <tag k="service" v="parking_aisle"/>
  </way>
  <way id="115433689">
    <nd ref="1304254038"/>
    <nd ref="1709180393"/>
    <nd ref="5478655540"/>
    <nd ref="5478655539"/>
    <nd ref="1304254076"/>
    <tag k="highway" v="residential"/>
    <tag k="oneway" v="yes"/>
    <tag k="sidewalk:left" v="no"/>
    <tag k="sidewalk:right" v="separate"/>
  </way>
  <way id="115433697">
    <nd ref="1304254065"/>
    <nd ref="5858937453"/>
    <nd ref="1304254115"/>
    <nd ref="1304254036"/>
    <nd ref="1304254087"/>
    <nd ref="1304254098"/>
    <tag k="highway" v="service"/>
    <tag k="oneway" v="no"/>
  </way>
  <way id="115433698">
    <nd ref="1304254122"/>
    <nd ref="5839741961"/>
    <nd ref="5839999487"/>
    <nd ref="5435786102"/>
    <nd ref="5839741923"/>
    <nd ref="5839999084"/>
    <nd ref="5839741968"/>
    <nd ref="1304254020"/>
    <tag k="highway" v="residential"/>
    <tag k="name" v="Zielona"/>
    <tag k="sidewalk:both" v="separate"/>
  </way>
  <way id="115433703">
    <nd ref="1304254083"/>
    <nd ref="5478817948"/>
    <nd ref="5435787124"/>
    <nd ref="1304254065"/>
    <nd ref="5858937505"/>
    <nd ref="5478817927"/>
    <nd ref="5858937504"/>
    <nd ref="5858937471"/>
    <nd ref="1304254106"/>
    <nd ref="5478817514"/>
    <nd ref="5436133817"/>
    <nd ref="5478817507"/>
    <nd ref="1833134688"/>
    <nd ref="5855539914"/>
    <nd ref="1304253973"/>
    <nd ref="5435786118"/>
    <nd ref="5435787123"/>
    <nd ref="5841832324"/>
    <nd ref="5841831673"/>
    <nd ref="5841831674"/>
    <nd ref="5894312253"/>
    <nd ref="1304253995"/>
    <nd ref="1833134687"/>
    <nd ref="1304254117"/>
    <tag k="highway" v="residential"/>
    <tag k="name" v="Słoneczna"/>
    <tag k="oneway" v="yes"/>
    <tag k="sidewalk:both" v="separate"/>
  </way>
  <way id="115433705">
    <nd ref="1304254049"/>
    <nd ref="5894312186"/>
    <nd ref="5894312190"/>
    <nd ref="5894312189"/>
    <nd ref="5894312214"/>
    <nd ref="1835353782"/>
    <nd ref="1304253970"/>
    <tag k="highway" v="service"/>
    <tag k="name" v="Kosynierów Gdyńskich"/>
  </way>
  <way id="115433708">
    <nd ref="1304254035"/>
    <nd ref="2255593318"/>
    <nd ref="1835365514"/>
    <nd ref="5437810902"/>
    <nd ref="1304254049"/>
    <nd ref="9833423706"/>
    <nd ref="5435786114"/>
    <nd ref="5840053082"/>
    <nd ref="1833062862"/>
    <nd ref="5840053081"/>
    <nd ref="5435786110"/>
    <nd ref="5840053079"/>
    <nd ref="1852461898"/>
    <nd ref="1304254001"/>
    <nd ref="5435786109"/>
    <nd ref="1833062864"/>
    <nd ref="5435786098"/>
    <nd ref="5839998987"/>
    <nd ref="1833134637"/>
    <nd ref="1304254020"/>
    <tag k="highway" v="residential"/>
    <tag k="name" v="Kosynierów Gdyńskich"/>
    <tag k="sidewalk:both" v="separate"/>
  </way>
  <way id="115433709">
    <nd ref="1304254128"/>
    <nd ref="5436228462"/>
    <nd ref="5909763430"/>
    <nd ref="5909763427"/>
    <nd ref="2255593356"/>
    <nd ref="1304254083"/>
    <nd ref="2256017098"/>
    <nd ref="5435787125"/>
    <nd ref="1304253988"/>
    <nd ref="2518367313"/>
    <nd ref="1304254013"/>
    <nd ref="2255593336"/>
    <nd ref="5909763248"/>
    <nd ref="5894426218"/>
    <nd ref="5909400560"/>
    <nd ref="5909400559"/>
    <nd ref="2255593348"/>
    <nd ref="1304254037"/>
    <nd ref="2255593365"/>
    <nd ref="2412954519"/>
    <nd ref="2412954515"/>
    <nd ref="1835365564"/>
    <nd ref="2412954518"/>
    <nd ref="5478817505"/>
    <nd ref="1835365541"/>
    <nd ref="5894579857"/>
    <nd ref="1835365528"/>
    <nd ref="1869043434"/>
    <nd ref="1835365513"/>
    <nd ref="5894399290"/>
    <nd ref="1304254035"/>
    <nd ref="12663448090"/>
    <tag k="highway" v="residential"/>
    <tag k="name" v="Romualda Traugutta"/>
    <tag k="sidewalk:both" v="separate"/>
  </way>
  <way id="115433716">
    <nd ref="1304253995"/>
    <nd ref="5841832286"/>
    <nd ref="5841700865"/>
    <nd ref="5841700866"/>
    <nd ref="5841700867"/>
    <nd ref="5841700868"/>
    <nd ref="1833134690"/>
    <nd ref="1304254063"/>
    <nd ref="1836611071"/>
    <nd ref="5436098305"/>
    <nd ref="3026592439"/>
    <nd ref="5436098306"/>
    <tag k="highway" v="residential"/>
    <tag k="name" v="Andrzeja Struga"/>
  </way>
  <way id="115433717">
    <nd ref="1304254054"/>
    <nd ref="5894399253"/>
    <nd ref="5435786119"/>
    <nd ref="1835387761"/>
    <nd ref="5478817510"/>
    <nd ref="5894399252"/>
    <nd ref="5437228650"/>
    <nd ref="5435787121"/>
    <nd ref="5894312260"/>
    <nd ref="5435786118"/>
    <tag k="highway" v="living_street"/>
  </way>
  <way id="115434180">
    <nd ref="3277671822"/>
    <nd ref="3277671824"/>
    <nd ref="2129396972"/>
    <nd ref="5448454343"/>
    <nd ref="5448454336"/>
    <nd ref="1304258871"/>
    <nd ref="5807946450"/>
    <nd ref="5807946449"/>
    <nd ref="5446031997"/>
    <tag k="highway" v="residential"/>
    <tag k="name" v="Powstańców Warszawskich"/>
    <tag k="sidewalk:both" v="separate"/>
  </way>
  <way id="115434181">
    <nd ref="1296875949"/>
    <nd ref="1833055300"/>
    <nd ref="5825584366"/>
    <nd ref="5833960834"/>
    <nd ref="5833960842"/>
    <nd ref="5833960837"/>
    <nd ref="2380290757"/>
    <nd ref="2380290758"/>
    <nd ref="5833960866"/>
    <nd ref="2380290759"/>
    <nd ref="5833960863"/>
    <nd ref="2380290760"/>
    <nd ref="5833960857"/>
    <nd ref="2380290762"/>
    <nd ref="5445966945"/>
    <nd ref="2380290765"/>
    <nd ref="5825584280"/>
    <nd ref="2380290767"/>
    <tag k="highway" v="residential"/>
    <tag k="name" v="Odzieżowa"/>
    <tag k="sidewalk:both" v="separate"/>
  </way>
  <way id="115434183">
    <nd ref="1304258631"/>
    <nd ref="5807946443"/>
    <nd ref="5446031999"/>
    <nd ref="12772140012"/>
    <nd ref="1828811984"/>
    <nd ref="5446031997"/>
    <tag k="highway" v="residential"/>
    <tag k="name" v="Zacisze"/>
  </way>
  <way id="115434184">
    <nd ref="2136178321"/>
    <nd ref="1304258700"/>
    <nd ref="2278919551"/>
    <nd ref="2278919553"/>
    <nd ref="5522664377"/>
    <nd ref="5522542383"/>
    <nd ref="2278919555"/>
    <nd ref="1304258731"/>
    <nd ref="5522664373"/>
    <nd ref="1304258829"/>
    <nd ref="5454786553"/>
    <nd ref="2381059268"/>
    <nd ref="2381059272"/>
    <tag k="highway" v="residential"/>
    <tag k="name" v="Stoczniowa"/>
    <tag k="sidewalk:both" v="separate"/>
  </way>
  <way id="115434185">
    <nd ref="5445966945"/>
    <nd ref="2380290763"/>
    <nd ref="1304258775"/>
    <nd ref="5825584148"/>
    <nd ref="5461275786"/>
    <nd ref="5825584151"/>
    <nd ref="5825584143"/>
    <nd ref="5461275777"/>
    <nd ref="5461275785"/>
    <nd ref="5825584152"/>
    <nd ref="2380290756"/>
    <nd ref="2380290755"/>
    <nd ref="1304258824"/>
    <tag k="highway" v="residential"/>
    <tag k="sidewalk:both" v="separate"/>
  </way>
  <way id="115434188">
    <nd ref="5446031997"/>
    <nd ref="3491261120"/>
    <nd ref="2380241295"/>
    <nd ref="1304258767"/>
    <tag k="highway" v="residential"/>
    <tag k="name" v="Powstańców Warszawskich"/>
    <tag k="oneway" v="yes"/>
  </way>
  <way id="115434192">
    <nd ref="3187286998"/>
    <nd ref="5522664336"/>
    <nd ref="3277671964"/>
    <nd ref="5522660508"/>
    <nd ref="5522664343"/>
    <nd ref="2355701281"/>
    <tag k="highway" v="residential"/>
    <tag k="name" v="Bożego Ciała"/>
    <tag k="sidewalk:left" v="no"/>
    <tag k="sidewalk:right" v="separate"/>
  </way>
  <way id="115434193">
    <nd ref="1304258905"/>
    <nd ref="8168817380"/>
    <nd ref="5818318335"/>
    <nd ref="5818313333"/>
    <nd ref="5446031998"/>
    <nd ref="1304258603"/>
    <tag k="highway" v="residential"/>
    <tag k="name" v="Kręgielna"/>
    <tag k="oneway" v="yes"/>
  </way>
  <way id="115434194">
    <nd ref="2381059272"/>
    <nd ref="6106863937"/>
    <nd ref="2381059274"/>
    <nd ref="5522542420"/>
    <nd ref="2381059275"/>
    <nd ref="12769354812"/>
    <nd ref="5522542391"/>
    <nd ref="5522542324"/>
    <tag k="highway" v="residential"/>
    <tag k="name" v="Stoczniowa"/>
  </way>
  <way id="115434196">
    <nd ref="1707416354"/>
    <nd ref="10031650636"/>
    <nd ref="10031650643"/>
    <nd ref="10031650635"/>
    <nd ref="10031650644"/>
    <nd ref="10031650642"/>
    <nd ref="3213357122"/>
    <nd ref="5810405634"/>
    <nd ref="5810405636"/>
    <nd ref="5810371598"/>
    <nd ref="3213357158"/>
    <nd ref="5810405651"/>
    <nd ref="1304258642"/>
    <nd ref="5810371597"/>
    <nd ref="5810371596"/>
    <nd ref="5810371595"/>
    <nd ref="5810371594"/>
    <nd ref="5810406977"/>
    <nd ref="1828800180"/>
    <nd ref="1828800181"/>
    <nd ref="1304258901"/>
    <nd ref="10031650645"/>
    <nd ref="10031650646"/>
    <nd ref="1828800182"/>
    <nd ref="1304258651"/>
    <tag k="highway" v="residential"/>
    <tag k="name" v="Winna"/>
    <tag k="oneway" v="yes"/>
  </way>
  <way id="115434199">
    <nd ref="12337911197"/>
    <nd ref="3186777488"/>
    <nd ref="413369487"/>
    <nd ref="2278899203"/>
    <nd ref="12337911193"/>
    <tag k="highway" v="residential"/>
    <tag k="name" v="Kumieli"/>
  </way>
  <way id="115434202">
    <nd ref="2113442720"/>
    <nd ref="5825524576"/>
    <nd ref="2380241308"/>
    <nd ref="2380241313"/>
    <nd ref="2380241322"/>
    <nd ref="5825524572"/>
    <nd ref="2380241338"/>
    <nd ref="5825524569"/>
    <nd ref="5825524351"/>
    <nd ref="5825524558"/>
    <nd ref="1304258725"/>
    <nd ref="5825524342"/>
    <nd ref="1829646925"/>
    <nd ref="5825584361"/>
    <nd ref="5825524330"/>
    <nd ref="2380290749"/>
    <nd ref="5825584304"/>
    <nd ref="1304258779"/>
    <nd ref="2380290750"/>
    <nd ref="1829646936"/>
    <nd ref="2380290751"/>
    <nd ref="5825524327"/>
    <nd ref="2380290752"/>
    <nd ref="2380290753"/>
    <nd ref="2380290754"/>
    <nd ref="1304258824"/>
    <tag k="highway" v="residential"/>
    <tag k="name" v="Księdza Wacława Osińskiego"/>
    <tag k="oneway" v="yes"/>
  </way>
  <way id="115434203">
    <nd ref="3350737293"/>
    <nd ref="1304258596"/>
    <nd ref="8168817415"/>
    <nd ref="1304258707"/>
    <tag k="highway" v="tertiary"/>
    <tag k="name" v="Związku Jaszczurczego"/>
    <tag k="oneway" v="yes"/>
    <tag k="sidewalk:both" v="separate"/>
  </way>
  <way id="115434458">
    <nd ref="1304261332"/>
    <nd ref="5643689188"/>
    <nd ref="5643682386"/>
    <nd ref="5440827376"/>
    <nd ref="5440827377"/>
    <nd ref="5643682385"/>
    <nd ref="1304261338"/>
    <nd ref="1304261345"/>
    <nd ref="2253931895"/>
    <nd ref="5442855063"/>
    <nd ref="2253931819"/>
    <tag k="highway" v="service"/>
  </way>
  <way id="115434459">
    <nd ref="1304261357"/>
    <nd ref="5643682391"/>
    <nd ref="5643682390"/>
    <nd ref="1304261355"/>
    <nd ref="5471801779"/>
    <nd ref="5643683178"/>
    <nd ref="1304261333"/>
    <nd ref="5643683176"/>
    <nd ref="5440968669"/>
    <nd ref="5440968666"/>
    <nd ref="5642241660"/>
    <nd ref="5440827372"/>
    <nd ref="1554370329"/>
    <tag k="highway" v="residential"/>
    <tag k="name" v="1 Maja"/>
    <tag k="oneway" v="yes"/>
    <tag k="sidewalk:both" v="separate"/>
    <tag k="surface" v="paving_stones"/>
  </way>
  <way id="115434460">
    <nd ref="1304261356"/>
    <nd ref="3186777531"/>
    <nd ref="1556117496"/>
    <nd ref="1556117570"/>
    <nd ref="5644505292"/>
    <nd ref="5644505293"/>
    <nd ref="1304261362"/>
    <tag k="highway" v="service"/>
    <tag k="name" v="Ślusarska"/>
  </way>
  <way id="115434462">
    <nd ref="1304261344"/>
    <nd ref="5440968683"/>
    <nd ref="5642241824"/>
    <nd ref="5440968687"/>
    <nd ref="5440968688"/>
    <nd ref="1304261357"/>
    <tag k="highway" v="service"/>
    <tag k="name" v="Krótka"/>
    <tag k="oneway" v="yes"/>
  </way>
  <way id="115434463">
    <nd ref="1304261328"/>
    <nd ref="3186777534"/>
    <nd ref="1556117467"/>
    <nd ref="5644505280"/>
    <nd ref="5644505283"/>
    <nd ref="5644505286"/>
    <nd ref="5644505281"/>
    <nd ref="1304261323"/>
    <tag k="highway" v="service"/>
    <tag k="name" v="Szkolna"/>
  </way>
  <way id="115434465">
    <nd ref="1304261331"/>
    <nd ref="3186777536"/>
    <nd ref="5644505287"/>
    <nd ref="5644505290"/>
    <nd ref="1304261337"/>
    <tag k="highway" v="service"/>
    <tag k="name" v="Leszno"/>
    <tag k="oneway" v="yes"/>
  </way>
  <way id="115434466">
    <nd ref="1304261344"/>
    <nd ref="5642241849"/>
    <nd ref="5440968685"/>
    <tag k="highway" v="residential"/>
    <tag k="name" v="Krótka"/>
  </way>
  <way id="115434467">
    <nd ref="1304261337"/>
    <nd ref="1304261323"/>
    <nd ref="1304261362"/>
    <nd ref="5644504312"/>
    <nd ref="5644505265"/>
    <nd ref="1556117470"/>
    <nd ref="1304261321"/>
    <nd ref="1556117606"/>
    <nd ref="1556117435"/>
    <tag k="highway" v="service"/>
    <tag k="name" v="Janowska"/>
  </way>
  <way id="115434468">
    <nd ref="1304261324"/>
    <nd ref="12785304320"/>
    <nd ref="2344153512"/>
    <nd ref="5643689175"/>
    <nd ref="5440827419"/>
    <tag k="highway" v="service"/>
    <tag k="name" v="Mączna"/>
  </way>
  <way id="115434469">
    <nd ref="5440968669"/>
    <nd ref="5440968649"/>
    <nd ref="5440968650"/>
    <nd ref="5642241826"/>
    <nd ref="5642241880"/>
    <nd ref="5642241702"/>
    <tag k="highway" v="service"/>
    <tag k="name" v="Gołębia"/>
  </way>
  <way id="115434470">
    <nd ref="1304261362"/>
    <nd ref="5644505269"/>
    <nd ref="4742041861"/>
    <nd ref="5442183753"/>
    <nd ref="5446015377"/>
    <nd ref="5442183752"/>
    <nd ref="5446015378"/>
    <nd ref="1304261329"/>
    <nd ref="5442183751"/>
    <nd ref="1304261336"/>
    <nd ref="5446015379"/>
    <nd ref="2291788941"/>
    <nd ref="1304261343"/>
    <nd ref="5644504301"/>
    <nd ref="2291788938"/>
    <nd ref="1304261321"/>
    <tag k="highway" v="service"/>
  </way>
  <way id="115434471">
    <nd ref="1304261358"/>
    <nd ref="5643689182"/>
    <nd ref="1304261334"/>
    <tag k="highway" v="service"/>
    <tag k="name" v="Mączna"/>
  </way>
  <way id="115434474">
    <nd ref="1304261340"/>
    <nd ref="5643683171"/>
    <nd ref="1304261355"/>
    <tag k="highway" v="residential"/>
    <tag k="name" v="Szpitalna"/>
  </way>
  <way id="115575348">
    <nd ref="1305377303"/>
    <nd ref="5646189390"/>
    <nd ref="1305377232"/>
    <nd ref="2785115725"/>
    <nd ref="2785115726"/>
    <tag k="highway" v="service"/>
  </way>
  <way id="115575351">
    <nd ref="1305377544"/>
    <nd ref="5653416565"/>
    <nd ref="5478654411"/>
    <nd ref="5653416543"/>
    <nd ref="9312646117"/>
    <nd ref="1778216070"/>
    <nd ref="5653416544"/>
    <nd ref="1305376931"/>
    <tag k="highway" v="service"/>
    <tag k="name" v="Sochaczewska"/>
    <tag k="surface" v="asphalt"/>
  </way>
  <way id="115575352">
    <nd ref="1305377602"/>
    <nd ref="12732042940"/>
    <nd ref="5522798276"/>
    <nd ref="1305376989"/>
    <nd ref="1305377188"/>
    <nd ref="5522798262"/>
    <nd ref="5522798263"/>
    <tag k="highway" v="residential"/>
    <tag k="name" v="Gimnazjalna"/>
  </way>
  <way id="115575354">
    <nd ref="1305376932"/>
    <nd ref="2278912613"/>
    <nd ref="2278912612"/>
    <nd ref="2278912611"/>
    <nd ref="13718228272"/>
    <nd ref="1304258686"/>
    <tag k="highway" v="residential"/>
    <tag k="name" v="Drzewna"/>
  </way>
  <way id="115575365">
    <nd ref="3495193622"/>
    <nd ref="3705166316"/>
    <nd ref="5658193177"/>
    <nd ref="5658241157"/>
    <nd ref="1305376911"/>
    <nd ref="1305377653"/>
    <nd ref="3187749311"/>
    <nd ref="5658193215"/>
    <nd ref="5653775996"/>
    <nd ref="1305377743"/>
    <tag k="highway" v="residential"/>
    <tag k="name" v="Polna"/>
  </way>
  <way id="115575366">
    <nd ref="418215054"/>
    <nd ref="11577363886"/>
    <nd ref="1305376957"/>
    <nd ref="3781750146"/>
    <nd ref="3781757573"/>
    <nd ref="3781912580"/>
    <nd ref="1305377228"/>
    <nd ref="3781757567"/>
    <nd ref="3781912655"/>
    <nd ref="1305377290"/>
    <nd ref="3781757576"/>
    <nd ref="3781772762"/>
    <nd ref="3781757564"/>
    <nd ref="3781931600"/>
    <nd ref="1305377699"/>
    <nd ref="3781757558"/>
    <nd ref="3781757562"/>
    <nd ref="1305377086"/>
    <tag k="highway" v="residential"/>
    <tag k="name" v="Freta"/>
  </way>
  <way id="115575367">
    <nd ref="1305376926"/>
    <nd ref="9812388673"/>
    <nd ref="3741422980"/>
    <nd ref="7399122218"/>
    <tag k="highway" v="residential"/>
    <tag k="lane_markings" v="no"/>
    <tag k="name" v="Wybrzeże Gdańskie"/>
    <tag k="surface" v="asphalt"/>
  </way>
  <way id="115575376">
    <nd ref="418215057"/>
    <nd ref="3899751989"/>
    <nd ref="3780742415"/>
    <nd ref="1305377116"/>
    <nd ref="12961557632"/>
    <tag k="highway" v="residential"/>
    <tag k="name" v="Kotwicza"/>
  </way>
  <way id="115575379">
    <nd ref="1305377642"/>
    <nd ref="2371742779"/>
    <nd ref="12772140107"/>
    <nd ref="1305377198"/>
    <tag k="highway" v="residential"/>
    <tag k="name" v="Orla"/>
    <tag k="sidewalk" v="separate"/>
    <tag k="surface" v="sett"/>
  </way>
  <way id="115575398">
    <nd ref="1305376989"/>
    <nd ref="1305377259"/>
    <nd ref="5522798261"/>
    <nd ref="1305377331"/>
    <nd ref="12732042939"/>
    <nd ref="1304258710"/>
    <tag k="highway" v="service"/>
    <tag k="name" v="Służebna"/>
    <tag k="surface" v="paving_stones"/>
  </way>
  <way id="115575400">
    <nd ref="12772139244"/>
    <nd ref="5522835696"/>
    <nd ref="12772139246"/>
    <nd ref="13718228266"/>
    <nd ref="5522835695"/>
    <nd ref="1305377786"/>
    <tag k="highway" v="residential"/>
    <tag k="name" v="Tamka"/>
    <tag k="surface" v="sett"/>
  </way>
  <way id="115575401">
    <nd ref="1305377452"/>
    <nd ref="13327974886"/>
    <nd ref="12769355124"/>
    <nd ref="3277671807"/>
    <nd ref="12769355120"/>
    <nd ref="3029207015"/>
    <tag k="highway" v="residential"/>
    <tag k="name" v="Garbary"/>
  </way>
  <way id="115575411">
    <nd ref="1305377525"/>
    <nd ref="2575638100"/>
    <nd ref="5658241163"/>
    <nd ref="3187749288"/>
    <nd ref="5658241151"/>
    <nd ref="1305376911"/>
    <tag k="highway" v="service"/>
    <tag k="name" v="Widok"/>
  </way>
  <way id="115575412">
    <nd ref="1305377029"/>
    <nd ref="11577363884"/>
    <nd ref="3781944861"/>
    <nd ref="3781912564"/>
    <nd ref="3781912583"/>
    <nd ref="1305377499"/>
    <nd ref="2807018309"/>
    <nd ref="1305377826"/>
    <nd ref="1305377091"/>
    <tag k="highway" v="residential"/>
    <tag k="name" v="Stawidłowa"/>
  </way>
  <way id="115575413">
    <nd ref="1305377341"/>
    <nd ref="13327974842"/>
    <nd ref="13327974843"/>
    <nd ref="13540607698"/>
    <nd ref="12772140280"/>
    <nd ref="1305376998"/>
    <tag k="highway" v="residential"/>
    <tag k="name" v="Tartaczna"/>
  </way>
  <way id="115575424">
    <nd ref="1305377653"/>
    <nd ref="1305377310"/>
    <nd ref="5658098017"/>
    <nd ref="5658020150"/>
    <nd ref="1305377836"/>
    <tag k="highway" v="residential"/>
    <tag k="name" v="Ogrodowa"/>
  </way>
  <way id="115575446">
    <nd ref="1305377204"/>
    <nd ref="12337895583"/>
    <nd ref="2278899196"/>
    <nd ref="2278912615"/>
    <nd ref="12769344899"/>
    <nd ref="2278899195"/>
    <nd ref="12772140735"/>
    <nd ref="5522835677"/>
    <nd ref="2278899194"/>
    <nd ref="12769354811"/>
    <nd ref="1758174967"/>
    <nd ref="2278899193"/>
    <nd ref="1758174871"/>
    <nd ref="1305377132"/>
    <nd ref="2247064148"/>
    <nd ref="2281058934"/>
    <nd ref="1305377402"/>
    <nd ref="2278899192"/>
    <nd ref="1296875974"/>
    <tag k="highway" v="residential"/>
    <tag k="lane_markings" v="no"/>
    <tag k="name" v="Wapienna"/>
    <tag k="sidewalk:left" v="separate"/>
    <tag k="sidewalk:right" v="no"/>
    <tag k="smoothness" v="intermediate"/>
    <tag k="surface" v="concrete"/>
  </way>
  <way id="115575448">
    <nd ref="1305377458"/>
    <nd ref="1305377442"/>
    <nd ref="1305377100"/>
    <nd ref="1305377721"/>
    <tag k="highway" v="residential"/>
    <tag k="name" v="Warszawska"/>
    <tag k="sidewalk:left" v="no"/>
    <tag k="sidewalk:right" v="separate"/>
  </way>
  <way id="115575453">
    <nd ref="1305377360"/>
    <nd ref="5646189822"/>
    <nd ref="5646189821"/>
    <nd ref="1752731282"/>
    <nd ref="5646189651"/>
    <nd ref="1752731508"/>
    <tag k="highway" v="service"/>
    <tag k="name" v="Michała Bałuckiego"/>
  </way>
  <way id="115575455">
    <nd ref="1305377574"/>
    <nd ref="732237578"/>
    <nd ref="5458609348"/>
    <nd ref="2460134657"/>
    <nd ref="1305376961"/>
    <nd ref="2414263544"/>
    <nd ref="5653416579"/>
    <nd ref="1305376931"/>
    <tag k="highway" v="service"/>
    <tag k="name" v="Chocimska"/>
    <tag k="oneway" v="yes"/>
  </way>
  <way id="115575456">
    <nd ref="1305377458"/>
    <nd ref="3790078474"/>
    <nd ref="417962889"/>
    <nd ref="3790078483"/>
    <nd ref="2424616840"/>
    <nd ref="417962890"/>
    <nd ref="2424616849"/>
    <nd ref="3741369186"/>
    <nd ref="2444656270"/>
    <nd ref="2444656272"/>
    <nd ref="3741317648"/>
    <tag k="highway" v="tertiary"/>
    <tag k="name" v="Warszawska"/>
    <tag k="sidewalk:both" v="separate"/>
  </way>
  <way id="115575458">
    <nd ref="1305377422"/>
    <nd ref="3935914842"/>
    <nd ref="9820719225"/>
    <nd ref="5652062102"/>
    <nd ref="1305377453"/>
    <tag k="highway" v="residential"/>
    <tag k="name" v="Stanisława Wyspiańskiego"/>
    <tag k="sidewalk:both" v="separate"/>
  </way>
  <way id="115575459">
    <nd ref="418214921"/>
    <nd ref="2424617219"/>
    <nd ref="3741445961"/>
    <nd ref="13718283732"/>
    <nd ref="1305377539"/>
    <tag k="highway" v="residential"/>
    <tag k="name" v="Prowiantowa"/>
    <tag k="surface" v="paved"/>
  </way>
  <way id="115575460">
    <nd ref="1305377071"/>
    <nd ref="3741552183"/>
    <nd ref="3741552211"/>
    <nd ref="1305377684"/>
    <tag k="highway" v="residential"/>
    <tag k="name" v="Kupiecka"/>
  </way>
  <way id="115575467">
    <nd ref="1305377269"/>
    <nd ref="1778863266"/>
    <nd ref="1778863081"/>
    <nd ref="5660248310"/>
    <nd ref="1305377540"/>
    <tag k="highway" v="service"/>
    <tag k="name" v="Gustawa Morcinka"/>
    <tag k="oneway" v="yes"/>
  </way>
  <way id="115575470">
    <nd ref="1305377581"/>
    <nd ref="1305377040"/>
    <tag k="highway" v="residential"/>
    <tag k="name" v="Polna"/>
  </way>
  <way id="115575472">
    <nd ref="1305377071"/>
    <nd ref="1305376926"/>
    <tag k="highway" v="residential"/>
    <tag k="lane_markings" v="no"/>
    <tag k="lit" v="yes"/>
    <tag k="name" v="Giełdowa"/>
    <tag k="sidewalk" v="both"/>
    <tag k="surface" v="sett"/>
  </way>
  <way id="115575477">
    <nd ref="2383528883"/>
    <nd ref="2383528882"/>
    <nd ref="5478654406"/>
    <nd ref="5478654407"/>
    <nd ref="1778215761"/>
    <nd ref="5653416560"/>
    <nd ref="316655160"/>
    <tag k="highway" v="service"/>
    <tag k="oneway" v="yes"/>
  </way>
  <way id="115575490">
    <nd ref="1305377550"/>
    <nd ref="1758545760"/>
    <nd ref="5792244153"/>
    <nd ref="11888668996"/>
    <nd ref="679484487"/>
    <nd ref="5628573550"/>
    <nd ref="5435476746"/>
    <nd ref="5435453807"/>
    <nd ref="1305376937"/>
    <nd ref="5435453801"/>
    <nd ref="1305377009"/>
    <nd ref="5435453802"/>
    <nd ref="5435453803"/>
    <nd ref="1305377279"/>
    <nd ref="5435453804"/>
    <nd ref="5435453805"/>
    <nd ref="1305377039"/>
    <nd ref="5435453806"/>
    <nd ref="1305377309"/>
    <nd ref="5431295322"/>
    <tag k="highway" v="service"/>
  </way>
  <way id="115575497">
    <nd ref="1305377100"/>
    <nd ref="9865409480"/>
    <nd ref="1305377370"/>
    <tag k="highway" v="residential"/>
    <tag k="name" v="Ostrołęcka"/>
  </way>
  <way id="123460977">
    <nd ref="1376728271"/>
    <nd ref="1376728189"/>
    <nd ref="2255593338"/>
    <nd ref="2254991223"/>
    <nd ref="8168817411"/>
    <nd ref="2254991189"/>
    <nd ref="2254991142"/>
    <nd ref="2254991014"/>
    <nd ref="2254990810"/>
    <nd ref="3350716908"/>
    <nd ref="8168817409"/>
    <nd ref="1376728269"/>
    <tag k="highway" v="residential"/>
    <tag k="lanes" v="1"/>
    <tag k="oneway" v="yes"/>
    <tag k="sidewalk:left" v="no"/>
    <tag k="sidewalk:right" v="separate"/>
  </way>
  <way id="123460978">
    <nd ref="3350719096"/>
    <nd ref="2252087519"/>
    <nd ref="5645750314"/>
    <nd ref="5437981168"/>
    <nd ref="3350705413"/>
    <tag k="highway" v="service"/>
    <tag k="oneway" v="yes"/>
    <tag k="surface" v="asphalt"/>
  </way>
  <way id="123460980">
    <nd ref="443694503"/>
    <nd ref="3350738103"/>
    <nd ref="8168817410"/>
    <nd ref="1376728269"/>
    <nd ref="3350708403"/>
    <nd ref="1376728166"/>
    <nd ref="3350738599"/>
    <nd ref="1709180300"/>
    <nd ref="2254990542"/>
    <nd ref="1376728242"/>
    <nd ref="2254990297"/>
    <nd ref="2254990267"/>
    <tag k="highway" v="residential"/>
    <tag k="lanes" v="1"/>
    <tag k="oneway" v="yes"/>
    <tag k="sidewalk:left" v="no"/>
    <tag k="sidewalk:right" v="separate"/>
    <tag k="surface" v="asphalt"/>
  </way>
  <way id="123460981">
    <nd ref="1376728213"/>
    <nd ref="8168817404"/>
    <nd ref="3899720981"/>
    <nd ref="3935914843"/>
    <nd ref="5438285985"/>
    <nd ref="1376728228"/>
    <nd ref="5438428483"/>
    <nd ref="5438428479"/>
    <tag k="cycleway" v="no"/>
    <tag k="highway" v="residential"/>
    <tag k="maxweight" v="3.5"/>
    <tag k="name" v="Henryka Nitschmanna"/>
  </way>
  <way id="123460982">
    <nd ref="1376728184"/>
    <nd ref="1376728221"/>
    <nd ref="2385303681"/>
    <nd ref="1869043319"/>
    <nd ref="1376728230"/>
    <nd ref="2255593337"/>
    <nd ref="1376728182"/>
    <nd ref="5478655542"/>
    <nd ref="1304254038"/>
    <tag k="highway" v="residential"/>
    <tag k="lanes" v="2"/>
    <tag k="oneway" v="yes"/>
    <tag k="sidewalk:left" v="no"/>
    <tag k="sidewalk:right" v="separate"/>
    <tag k="surface" v="asphalt"/>
  </way>
  <way id="123460983">
    <nd ref="1376728277"/>
    <nd ref="2254990223"/>
    <nd ref="1376728267"/>
    <nd ref="1376728167"/>
    <nd ref="1376728204"/>
    <nd ref="1376728202"/>
    <nd ref="1376728273"/>
    <nd ref="1376728213"/>
    <nd ref="1376728170"/>
    <nd ref="5438285984"/>
    <nd ref="4552921535"/>
    <nd ref="5645803016"/>
    <nd ref="1376728201"/>
    <nd ref="1376728174"/>
    <nd ref="1376728225"/>
    <nd ref="2254990179"/>
    <nd ref="1376728220"/>
    <nd ref="5438285986"/>
    <nd ref="1376728203"/>
    <nd ref="1376728184"/>
    <nd ref="1376728215"/>
    <nd ref="2254990267"/>
    <nd ref="1376728277"/>
    <tag k="highway" v="residential"/>
    <tag k="junction" v="roundabout"/>
    <tag k="sidewalk:left" v="no"/>
    <tag k="sidewalk:right" v="separate"/>
  </way>
  <way id="123460984">
    <nd ref="443694507"/>
    <nd ref="2254991200"/>
    <nd ref="3350716707"/>
    <nd ref="443694503"/>
    <tag k="highway" v="residential"/>
    <tag k="oneway" v="yes"/>
    <tag k="sidewalk:left" v="no"/>
    <tag k="sidewalk:right" v="separate"/>
  </way>
  <way id="123619741">
    <nd ref="8261451420"/>
    <nd ref="8261451424"/>
    <nd ref="8261451427"/>
    <nd ref="8261451428"/>
    <tag k="highway" v="service"/>
    <tag k="oneway" v="yes"/>
  </way>
  <way id="142027595">
    <nd ref="5440968653"/>
    <nd ref="2424617214"/>
    <nd ref="5440968657"/>
    <nd ref="5440968658"/>
    <nd ref="5440968659"/>
    <nd ref="5440968664"/>
    <nd ref="5440968660"/>
    <nd ref="5440968661"/>
    <nd ref="5440968662"/>
    <nd ref="1554370445"/>
    <nd ref="5440968663"/>
    <tag k="highway" v="service"/>
    <tag k="oneway" v="yes"/>
    <tag k="service" v="parking_aisle"/>
    <tag k="surface" v="paved"/>
  </way>
  <way id="142159230">
    <nd ref="5440827388"/>
    <nd ref="5440827407"/>
    <tag k="highway" v="service"/>
  </way>
  <way id="142159232">
    <nd ref="5440827409"/>
    <nd ref="5643683168"/>
    <nd ref="1304261333"/>
    <tag k="highway" v="residential"/>
    <tag k="name" v="Zbyszka Godlewskiego"/>
  </way>
  <way id="142173827">
    <nd ref="1556117496"/>
    <nd ref="5644504313"/>
    <nd ref="5644505259"/>
    <nd ref="1556117566"/>
    <tag k="highway" v="service"/>
    <tag k="oneway" v="yes"/>
  </way>
  <way id="142173830">
    <nd ref="1304261337"/>
    <nd ref="5442183749"/>
    <nd ref="5442183750"/>
    <nd ref="4742041923"/>
    <nd ref="10124758558"/>
    <nd ref="10124758554"/>
    <nd ref="5644505273"/>
    <nd ref="1556117200"/>
    <nd ref="4742041861"/>
    <tag k="highway" v="service"/>
  </way>
  <way id="142173834">
    <nd ref="1556117467"/>
    <nd ref="1556117570"/>
    <tag k="highway" v="service"/>
    <tag k="motor_vehicle" v="permissive"/>
  </way>
  <way id="142397503">
    <nd ref="5437981132"/>
    <nd ref="5645750100"/>
    <nd ref="5645750094"/>
    <nd ref="2385304674"/>
    <nd ref="4431610140"/>
    <nd ref="5437981130"/>
    <nd ref="1296875063"/>
    <tag k="highway" v="service"/>
    <tag k="name" v="1 Maja"/>
    <tag k="oneway" v="yes"/>
  </way>
  <way id="142397516">
    <nd ref="1558337028"/>
    <nd ref="5645802937"/>
    <nd ref="10031641712"/>
    <nd ref="5645802936"/>
    <nd ref="5437981135"/>
    <nd ref="8168858260"/>
    <nd ref="5437981132"/>
    <tag k="highway" v="living_street"/>
    <tag k="name" v="Czerwonego Krzyża"/>
    <tag k="oneway" v="yes"/>
    <tag k="surface" v="paving_stones"/>
  </way>
  <way id="142399789">
    <nd ref="319173402"/>
    <nd ref="5458750390"/>
    <nd ref="2414221938"/>
    <nd ref="319173403"/>
    <nd ref="8263845225"/>
    <nd ref="319173404"/>
    <nd ref="2414222038"/>
    <nd ref="2414221923"/>
    <nd ref="319173406"/>
    <nd ref="8263845221"/>
    <nd ref="8263845222"/>
    <nd ref="2361229902"/>
    <nd ref="319191140"/>
    <tag k="highway" v="tertiary"/>
    <tag k="lanes" v="2"/>
    <tag k="name" v="Elizy Orzeszkowej"/>
    <tag k="oneway" v="yes"/>
    <tag k="sidewalk:both" v="separate"/>
  </way>
  <way id="142399793">
    <nd ref="319173402"/>
    <nd ref="5458765959"/>
    <nd ref="5458750391"/>
    <nd ref="5923999139"/>
    <nd ref="2460391069"/>
    <nd ref="2408001472"/>
    <tag k="highway" v="residential"/>
    <tag k="name" v="Elizy Orzeszkowej"/>
    <tag k="sidewalk:both" v="separate"/>
  </way>
  <way id="142402226">
    <nd ref="1751188974"/>
    <nd ref="2424616962"/>
    <nd ref="2251085655"/>
    <nd ref="3495194440"/>
    <tag k="highway" v="secondary"/>
    <tag k="highway:category:pl" v="2"/>
    <tag k="lanes" v="4"/>
    <tag k="maxspeed" v="50"/>
    <tag k="name" v="Aleja Tysiąclecia"/>
    <tag k="ref" v="500"/>
    <tag k="sidewalk:both" v="separate"/>
    <tag k="source:maxspeed" v="PL:urban"/>
    <tag k="surface" v="asphalt"/>
    <tag k="turn:lanes:backward" v="through|right"/>
  </way>
  <way id="142402230">
    <nd ref="1296875654"/>
    <nd ref="5435187690"/>
    <nd ref="1296875806"/>
    <nd ref="11577317228"/>
    <nd ref="5552002756"/>
    <nd ref="1757368881"/>
    <nd ref="13670043725"/>
    <nd ref="1296875731"/>
    <nd ref="1757368837"/>
    <nd ref="5552002800"/>
    <nd ref="2445999507"/>
    <nd ref="5434874442"/>
    <nd ref="1296875898"/>
    <nd ref="1296876081"/>
    <tag k="highway" v="residential"/>
    <tag k="name" v="Malborska"/>
    <tag k="sidewalk:left" v="separate"/>
    <tag k="sidewalk:right" v="no"/>
  </way>
  <way id="142515247">
    <nd ref="2134984431"/>
    <nd ref="3899766001"/>
    <nd ref="1559586392"/>
    <nd ref="12732042946"/>
    <nd ref="1559586256"/>
    <tag k="highway" v="service"/>
    <tag k="name" v="Mennicza"/>
  </way>
  <way id="142576515">
    <nd ref="1560260206"/>
    <nd ref="9576048426"/>
    <nd ref="5522733150"/>
    <tag k="highway" v="residential"/>
    <tag k="name" v="Kowalska"/>
    <tag k="oneway" v="yes"/>
    <tag k="sidewalk:both" v="separate"/>
  </way>
  <way id="142576521">
    <nd ref="413342716"/>
    <nd ref="7399122212"/>
    <nd ref="2281079674"/>
    <nd ref="2281079675"/>
    <nd ref="2281079677"/>
    <nd ref="2281079678"/>
    <nd ref="2281079679"/>
    <nd ref="5464445370"/>
    <nd ref="1560260269"/>
    <nd ref="3899766015"/>
    <tag k="highway" v="residential"/>
    <tag k="lane_markings" v="no"/>
    <tag k="name" v="Studzienna"/>
    <tag k="sidewalk:both" v="separate"/>
    <tag k="surface" v="sett"/>
  </way>
  <way id="142576526">
    <nd ref="1560259959"/>
    <nd ref="5464445366"/>
    <nd ref="5522683458"/>
    <nd ref="2409975849"/>
    <tag k="highway" v="service"/>
    <tag k="name" v="Klasztorna"/>
    <tag k="service" v="parking_aisle"/>
    <tag k="surface" v="cobblestone"/>
  </way>
  <way id="142576534">
    <nd ref="1560260148"/>
    <nd ref="5464445356"/>
    <nd ref="5464445354"/>
    <nd ref="5464445351"/>
    <nd ref="5464445353"/>
    <nd ref="5464445352"/>
    <nd ref="1560260189"/>
    <nd ref="1560259959"/>
    <nd ref="1560260406"/>
    <nd ref="2136178305"/>
    <nd ref="5464445369"/>
    <nd ref="2278919543"/>
    <nd ref="3277671811"/>
    <nd ref="2278919545"/>
    <nd ref="2136178316"/>
    <nd ref="2136178321"/>
    <tag k="highway" v="residential"/>
    <tag k="lane_markings" v="no"/>
    <tag k="name" v="Wałowa"/>
    <tag k="sidewalk:left" v="separate"/>
    <tag k="sidewalk:right" v="no"/>
    <tag k="surface" v="asphalt"/>
  </way>
  <way id="142576537">
    <nd ref="1560260279"/>
    <nd ref="3029207016"/>
    <tag k="highway" v="residential"/>
    <tag k="name" v="Sukiennicza"/>
  </way>
  <way id="142576544">
    <nd ref="413336864"/>
    <nd ref="9576048509"/>
    <nd ref="4037337098"/>
    <nd ref="2136178293"/>
    <nd ref="4037337602"/>
    <nd ref="4037336998"/>
    <nd ref="413342716"/>
    <tag k="highway" v="residential"/>
    <tag k="name" v="Studzienna"/>
    <tag k="oneway" v="yes"/>
    <tag k="sidewalk:both" v="separate"/>
  </way>
  <way id="142769801">
    <nd ref="1296875978"/>
    <nd ref="5536207353"/>
    <nd ref="6125227958"/>
    <nd ref="5536207352"/>
    <nd ref="1562398343"/>
    <tag k="highway" v="service"/>
    <tag k="name" v="Malborska"/>
    <tag k="oneway" v="yes"/>
  </way>
  <way id="142769822">
    <nd ref="1562398517"/>
    <nd ref="5537742519"/>
    <nd ref="1296875436"/>
    <tag k="highway" v="service"/>
  </way>
  <way id="142769837">
    <nd ref="1562398672"/>
    <nd ref="1296875176"/>
    <tag k="highway" v="service"/>
    <tag k="name" v="Panieńska"/>
  </way>
  <way id="142769842">
    <nd ref="5451351799"/>
    <nd ref="5451352621"/>
    <nd ref="5451351820"/>
    <tag k="highway" v="service"/>
    <tag k="name" v="Huzarska"/>
    <tag k="service" v="driveway"/>
  </way>
  <way id="146208646">
    <nd ref="2361233182"/>
    <nd ref="2785115724"/>
    <nd ref="5443317371"/>
    <nd ref="2785115723"/>
    <nd ref="5646189632"/>
    <nd ref="5443317370"/>
    <nd ref="5454880377"/>
    <nd ref="5646189634"/>
    <nd ref="1752731215"/>
    <tag k="highway" v="service"/>
    <tag k="name" v="Michała Bałuckiego"/>
    <tag k="oneway" v="no"/>
  </way>
  <way id="158552254">
    <nd ref="1753964068"/>
    <nd ref="12698849795"/>
    <nd ref="11193188552"/>
    <nd ref="11193188548"/>
    <nd ref="1753964185"/>
    <nd ref="12061723973"/>
    <tag k="highway" v="secondary"/>
    <tag k="highway:category:pl" v="2"/>
    <tag k="lanes" v="2"/>
    <tag k="maxspeed" v="50"/>
    <tag k="name" v="Aleja Grunwaldzka"/>
    <tag k="oneway" v="yes"/>
    <tag k="ref" v="500"/>
    <tag k="sidewalk:left" v="no"/>
    <tag k="sidewalk:right" v="separate"/>
    <tag k="source:maxspeed" v="PL:urban"/>
    <tag k="surface" v="asphalt"/>
  </way>
  <way id="158552277">
    <nd ref="316655164"/>
    <nd ref="319191140"/>
    <tag k="cycleway:both" v="no"/>
    <tag k="highway" v="tertiary"/>
    <tag k="name" v="Generała Józefa Bema"/>
    <tag k="sidewalk:both" v="separate"/>
    <tag k="surface" v="asphalt"/>
  </way>
  <way id="158580644">
    <nd ref="1707505540"/>
    <nd ref="1707505541"/>
    <nd ref="1707505521"/>
    <nd ref="1707505483"/>
    <nd ref="5471018307"/>
    <nd ref="1707505413"/>
    <nd ref="5471018308"/>
    <nd ref="1707505406"/>
    <nd ref="1707505398"/>
    <nd ref="1707505395"/>
    <nd ref="2516835264"/>
    <nd ref="5471018297"/>
    <nd ref="9936829251"/>
    <nd ref="9936829252"/>
    <nd ref="1707505390"/>
    <tag k="highway" v="service"/>
    <tag k="lit" v="yes"/>
    <tag k="service" v="parking_aisle"/>
    <tag k="surface" v="paving_stones"/>
  </way>
  <way id="158580645">
    <nd ref="1707505390"/>
    <nd ref="5471018286"/>
    <tag k="highway" v="service"/>
    <tag k="lit" v="yes"/>
    <tag k="service" v="parking_aisle"/>
    <tag k="surface" v="paving_stones"/>
  </way>
  <way id="158580646">
    <nd ref="1707505540"/>
    <nd ref="1707505474"/>
    <nd ref="1707505459"/>
    <nd ref="1707505409"/>
    <nd ref="1707505390"/>
    <tag k="highway" v="service"/>
    <tag k="lit" v="yes"/>
    <tag k="service" v="parking_aisle"/>
    <tag k="surface" v="paving_stones"/>
  </way>
  <way id="158580648">
    <nd ref="5471018286"/>
    <nd ref="5471018309"/>
    <nd ref="1707505423"/>
    <nd ref="1707505478"/>
    <nd ref="1707505523"/>
    <tag k="highway" v="service"/>
    <tag k="lit" v="yes"/>
    <tag k="service" v="parking_aisle"/>
    <tag k="surface" v="paving_stones"/>
  </way>
  <way id="158580650">
    <nd ref="1707505523"/>
    <nd ref="1707505538"/>
    <nd ref="1707505540"/>
    <tag k="highway" v="service"/>
    <tag k="lit" v="yes"/>
    <tag k="service" v="parking_aisle"/>
    <tag k="surface" v="paving_stones"/>
  </way>
  <way id="158580653">
    <nd ref="1707505334"/>
    <nd ref="9936971049"/>
    <nd ref="5599774352"/>
    <nd ref="5599774346"/>
    <nd ref="1707505323"/>
    <nd ref="9936828948"/>
    <nd ref="1707505333"/>
    <nd ref="1707505340"/>
    <nd ref="5471018303"/>
    <nd ref="5471018286"/>
    <tag k="highway" v="service"/>
    <tag k="lit" v="yes"/>
    <tag k="service" v="parking_aisle"/>
    <tag k="surface" v="paving_stones"/>
  </way>
  <way id="159210059">
    <nd ref="2129203352"/>
    <nd ref="2914275561"/>
    <nd ref="5807946446"/>
    <nd ref="2851396022"/>
    <nd ref="1833068075"/>
    <nd ref="5807946412"/>
    <nd ref="5807946447"/>
    <nd ref="2129203354"/>
    <nd ref="5807946448"/>
    <nd ref="1828811984"/>
    <tag k="highway" v="residential"/>
    <tag k="name" v="Jana Henryka Pestalozziego"/>
  </way>
  <way id="162593358">
    <nd ref="6441675698"/>
    <nd ref="6441738592"/>
    <nd ref="6441741693"/>
    <nd ref="5434874447"/>
    <nd ref="2256184339"/>
    <tag k="highway" v="residential"/>
    <tag k="name" v="Lotnicza"/>
    <tag k="sidewalk:both" v="separate"/>
  </way>
  <way id="162727197">
    <nd ref="319191140"/>
    <nd ref="2263122520"/>
    <nd ref="5909867107"/>
    <nd ref="5909866782"/>
    <nd ref="5660918110"/>
    <nd ref="5909866781"/>
    <nd ref="2414221991"/>
    <nd ref="5909866779"/>
    <nd ref="5909866774"/>
    <nd ref="5478484238"/>
    <nd ref="1305377574"/>
    <tag k="highway" v="tertiary"/>
    <tag k="name" v="Generała Józefa Bema"/>
    <tag k="sidewalk:both" v="separate"/>
  </way>
  <way id="162727219">
    <nd ref="319172910"/>
    <nd ref="2352222033"/>
    <nd ref="3325471063"/>
    <nd ref="3325471062"/>
    <nd ref="3325516161"/>
    <nd ref="5909796825"/>
    <nd ref="319173397"/>
    <nd ref="5909796814"/>
    <nd ref="2518367387"/>
    <nd ref="5923999245"/>
    <nd ref="3935927067"/>
    <nd ref="8263845229"/>
    <nd ref="319173398"/>
    <nd ref="8263845228"/>
    <nd ref="2502526825"/>
    <nd ref="319173399"/>
    <nd ref="2502526897"/>
    <nd ref="2255483469"/>
    <nd ref="319173400"/>
    <nd ref="2502526753"/>
    <nd ref="2255483517"/>
    <nd ref="319173401"/>
    <nd ref="8263845227"/>
    <nd ref="3935920035"/>
    <nd ref="3935920032"/>
    <nd ref="319173402"/>
    <tag k="highway" v="tertiary"/>
    <tag k="lanes" v="2"/>
    <tag k="name" v="Henryka Sienkiewicza"/>
    <tag k="sidewalk:both" v="separate"/>
    <tag k="surface" v="asphalt"/>
  </way>
  <way id="162979129">
    <nd ref="9892057883"/>
    <nd ref="9892057884"/>
    <nd ref="3909308773"/>
    <nd ref="12698882761"/>
    <nd ref="3621017851"/>
    <tag k="highway" v="secondary"/>
    <tag k="highway:category:pl" v="2"/>
    <tag k="lanes" v="3"/>
    <tag k="maxspeed" v="50"/>
    <tag k="name" v="Aleja Tysiąclecia"/>
    <tag k="oneway" v="yes"/>
    <tag k="ref" v="500"/>
    <tag k="sidewalk:left" v="no"/>
    <tag k="sidewalk:right" v="separate"/>
    <tag k="source:maxspeed" v="PL:urban"/>
    <tag k="surface" v="asphalt"/>
    <tag k="turn:lanes" v="left|through|through"/>
  </way>
  <way id="162979147">
    <nd ref="8957619983"/>
    <nd ref="5554576797"/>
    <nd ref="6441665149"/>
    <nd ref="8568767731"/>
    <nd ref="8568767728"/>
    <nd ref="8568767729"/>
    <nd ref="6441675698"/>
    <tag k="highway" v="service"/>
    <tag k="name" v="Lotnicza"/>
    <tag k="sidewalk:both" v="separate"/>
  </way>
  <way id="162979157">
    <nd ref="5439354091"/>
    <nd ref="5645380146"/>
    <nd ref="5471315625"/>
    <nd ref="1296875436"/>
    <nd ref="2251085652"/>
    <nd ref="5537749128"/>
    <nd ref="5537742508"/>
    <nd ref="1296875296"/>
    <tag k="highway" v="residential"/>
    <tag k="name" v="Hetmańska"/>
  </way>
  <way id="162979181">
    <nd ref="5439354092"/>
    <nd ref="5439354091"/>
    <tag k="highway" v="residential"/>
    <tag k="name" v="Hetmańska"/>
  </way>
  <way id="163112275">
    <nd ref="1296875991"/>
    <nd ref="8259953855"/>
    <nd ref="8259953854"/>
    <nd ref="8259953853"/>
    <nd ref="3736109608"/>
    <nd ref="3736109076"/>
    <nd ref="3012098284"/>
    <nd ref="3736108942"/>
    <nd ref="3736424995"/>
    <nd ref="3736109576"/>
    <nd ref="3736109122"/>
    <nd ref="3736109050"/>
    <nd ref="3736109383"/>
    <nd ref="3736108945"/>
    <nd ref="818620445"/>
    <nd ref="3736109064"/>
    <nd ref="3736108987"/>
    <nd ref="3736109339"/>
    <nd ref="3736426175"/>
    <nd ref="417962775"/>
    <nd ref="3736109072"/>
    <nd ref="6690582730"/>
    <nd ref="3736109069"/>
    <nd ref="6690582733"/>
    <tag k="highway" v="secondary"/>
    <tag k="highway:category:pl" v="2"/>
    <tag k="lanes" v="2"/>
    <tag k="name" v="Warszawska"/>
    <tag k="ref" v="500"/>
    <tag k="sidewalk" v="separate"/>
    <tag k="surface" v="asphalt"/>
  </way>
  <way id="163420366">
    <nd ref="2253966012"/>
    <nd ref="3495193660"/>
    <nd ref="5442183788"/>
    <nd ref="1751188974"/>
    <tag k="highway" v="secondary"/>
    <tag k="highway:category:pl" v="2"/>
    <tag k="lanes" v="3"/>
    <tag k="lanes:backward" v="1"/>
    <tag k="lanes:forward" v="2"/>
    <tag k="name" v="Kardynała Stefana Wyszyńskiego"/>
    <tag k="ref" v="500"/>
    <tag k="sidewalk:both" v="separate"/>
    <tag k="turn:lanes:forward" v="left|through;right"/>
  </way>
  <way id="163443228">
    <nd ref="1304254097"/>
    <nd ref="2255593367"/>
    <nd ref="443694507"/>
    <tag k="highway" v="residential"/>
    <tag k="lanes" v="3"/>
    <tag k="name" v="Romualda Traugutta"/>
    <tag k="oneway" v="yes"/>
    <tag k="sidewalk:left" v="no"/>
    <tag k="sidewalk:right" v="separate"/>
    <tag k="turn:lanes" v="left|through|right"/>
  </way>
  <way id="163443236">
    <nd ref="1304254076"/>
    <nd ref="2255593319"/>
    <nd ref="1304254097"/>
    <tag k="highway" v="residential"/>
    <tag k="lanes" v="1"/>
    <tag k="name" v="Romualda Traugutta"/>
    <tag k="oneway" v="yes"/>
    <tag k="sidewalk:left" v="no"/>
    <tag k="sidewalk:right" v="separate"/>
  </way>
  <way id="163451504">
    <nd ref="5439354092"/>
    <nd ref="1747660773"/>
    <nd ref="8168858233"/>
    <nd ref="1758174812"/>
    <nd ref="4742040818"/>
    <nd ref="1869088470"/>
    <nd ref="1296875753"/>
    <nd ref="4431610162"/>
    <nd ref="2263122554"/>
    <nd ref="1296875312"/>
    <nd ref="3495268411"/>
    <nd ref="4431610143"/>
    <nd ref="1554370393"/>
    <nd ref="1296875063"/>
    <tag k="highway" v="secondary"/>
    <tag k="highway:category:pl" v="2"/>
    <tag k="lanes" v="2"/>
    <tag k="name" v="Hetmańska"/>
    <tag k="oneway" v="yes"/>
    <tag k="ref" v="504"/>
    <tag k="sidewalk:left" v="no"/>
    <tag k="sidewalk:right" v="separate"/>
    <tag k="surface" v="asphalt"/>
  </way>
  <way id="163451515">
    <nd ref="418214924"/>
    <nd ref="8261904461"/>
    <nd ref="8261904460"/>
    <nd ref="8261904459"/>
    <nd ref="1305377642"/>
    <nd ref="10638418982"/>
    <nd ref="10638418983"/>
    <nd ref="10638418984"/>
    <nd ref="10638418985"/>
    <nd ref="5562501578"/>
    <nd ref="1296875784"/>
    <nd ref="3741523730"/>
    <nd ref="3790078484"/>
    <nd ref="418214932"/>
    <nd ref="3741484924"/>
    <nd ref="1305377704"/>
    <nd ref="3741317649"/>
    <tag k="highway" v="tertiary"/>
    <tag k="maxspeed" v="30"/>
    <tag k="name" v="Orla"/>
    <tag k="source:maxspeed" v="sign"/>
    <tag k="surface" v="asphalt"/>
  </way>
  <way id="163451518">
    <nd ref="413515939"/>
    <nd ref="2263122530"/>
    <nd ref="5643689177"/>
    <nd ref="1304261331"/>
    <nd ref="1304261334"/>
    <nd ref="5643689156"/>
    <nd ref="1304261328"/>
    <nd ref="5644505313"/>
    <nd ref="5643689155"/>
    <nd ref="5644505307"/>
    <nd ref="5644505318"/>
    <nd ref="5440827382"/>
    <nd ref="5643683144"/>
    <nd ref="1304261356"/>
    <nd ref="5644505305"/>
    <nd ref="5643683145"/>
    <nd ref="1555898246"/>
    <nd ref="5643683140"/>
    <nd ref="5644505304"/>
    <nd ref="5644505299"/>
    <nd ref="5643683139"/>
    <nd ref="5454737744"/>
    <nd ref="5644505298"/>
    <nd ref="5440968643"/>
    <nd ref="1304261332"/>
    <nd ref="2934458253"/>
    <tag k="highway" v="residential"/>
    <tag k="lanes" v="2"/>
    <tag k="lit" v="yes"/>
    <tag k="maxspeed" v="50"/>
    <tag k="name" v="Giermków"/>
    <tag k="sidewalk:both" v="separate"/>
    <tag k="surface" v="asphalt"/>
  </way>
  <way id="163451519">
    <nd ref="417963090"/>
    <nd ref="5644505233"/>
    <nd ref="8259953828"/>
    <nd ref="2807040260"/>
    <tag k="highway" v="residential"/>
    <tag k="name" v="Wigilijna"/>
    <tag k="sidewalk:both" v="separate"/>
  </way>
  <way id="163459674">
    <nd ref="1304258707"/>
    <nd ref="8168817416"/>
    <nd ref="2252082964"/>
    <nd ref="2254990029"/>
    <nd ref="3935918179"/>
    <nd ref="1869043261"/>
    <nd ref="8282974651"/>
    <nd ref="1869043262"/>
    <nd ref="443694504"/>
    <nd ref="443694520"/>
    <nd ref="5652062068"/>
    <nd ref="1305377422"/>
    <nd ref="2263122540"/>
    <nd ref="443694505"/>
    <tag k="highway" v="tertiary"/>
    <tag k="lanes" v="2"/>
    <tag k="maxspeed" v="40"/>
    <tag k="name" v="Grobla Świętego Jerzego"/>
    <tag k="oneway" v="yes"/>
    <tag k="sidewalk:left" v="no"/>
    <tag k="sidewalk:right" v="separate"/>
  </way>
  <way id="163459675">
    <nd ref="443694505"/>
    <nd ref="1752731178"/>
    <nd ref="3559434901"/>
    <nd ref="3559451795"/>
    <nd ref="1305377151"/>
    <nd ref="5478484240"/>
    <nd ref="732237593"/>
    <nd ref="1305377574"/>
    <tag k="highway" v="tertiary"/>
    <tag k="lanes" v="2"/>
    <tag k="name" v="Generała Józefa Bema"/>
    <tag k="oneway" v="yes"/>
    <tag k="sidewalk:left" v="no"/>
    <tag k="sidewalk:right" v="separate"/>
    <tag k="turn:lanes" v="left|through"/>
  </way>
  <way id="163459680">
    <nd ref="2412954512"/>
    <nd ref="8282974639"/>
    <nd ref="8282974641"/>
    <nd ref="8282974650"/>
    <nd ref="12663448092"/>
    <nd ref="2252082970"/>
    <nd ref="8168858218"/>
    <nd ref="319191146"/>
    <tag k="highway" v="tertiary"/>
    <tag k="lanes" v="3"/>
    <tag k="name" v="Grobla Świętego Jerzego"/>
    <tag k="oneway" v="yes"/>
    <tag k="sidewalk:left" v="no"/>
    <tag k="sidewalk:right" v="separate"/>
    <tag k="turn:lanes" v="reverse;left|through|through"/>
  </way>
  <way id="163593506">
    <nd ref="319191146"/>
    <nd ref="2385303515"/>
    <nd ref="2385303461"/>
    <tag k="highway" v="tertiary"/>
    <tag k="name" v="Związku Jaszczurczego"/>
    <tag k="oneway" v="yes"/>
    <tag k="sidewalk:both" v="separate"/>
  </way>
  <way id="163596344">
    <nd ref="1305377029"/>
    <nd ref="1296876135"/>
    <nd ref="2807018326"/>
    <nd ref="418215054"/>
    <nd ref="3780753664"/>
    <nd ref="418215055"/>
    <nd ref="3780726748"/>
    <nd ref="2501537401"/>
    <nd ref="3780726750"/>
    <nd ref="418215056"/>
    <nd ref="3780745508"/>
    <nd ref="3780729463"/>
    <nd ref="2501537400"/>
    <nd ref="3781772979"/>
    <nd ref="3780745514"/>
    <nd ref="11577363887"/>
    <nd ref="418215057"/>
    <nd ref="2337328599"/>
    <nd ref="3780726753"/>
    <nd ref="418215058"/>
    <nd ref="3780729462"/>
    <nd ref="3780745517"/>
    <nd ref="3780748364"/>
    <nd ref="3780726747"/>
    <nd ref="3780726755"/>
    <nd ref="3780726744"/>
    <nd ref="3780729457"/>
    <nd ref="3780726754"/>
    <tag k="highway" v="tertiary"/>
    <tag k="name" v="Stawidłowa"/>
    <tag k="sidewalk:left" v="no"/>
    <tag k="sidewalk:right" v="separate"/>
    <tag k="surface" v="asphalt"/>
  </way>
  <way id="163606966">
    <nd ref="2255231532"/>
    <nd ref="1305377453"/>
    <nd ref="5652062100"/>
    <nd ref="2255231484"/>
    <nd ref="9332240399"/>
    <nd ref="2424657510"/>
    <nd ref="732237646"/>
    <tag k="highway" v="residential"/>
    <tag k="name" v="Stanisława Wyspiańskiego"/>
    <tag k="sidewalk:both" v="separate"/>
  </way>
  <way id="163718072">
    <nd ref="1753964189"/>
    <nd ref="6125224974"/>
    <nd ref="1753964294"/>
    <tag k="highway" v="service"/>
  </way>
  <way id="163718075">
    <nd ref="1753964161"/>
    <nd ref="1753964189"/>
    <tag k="bridge" v="yes"/>
    <tag k="highway" v="service"/>
    <tag k="layer" v="1"/>
  </way>
  <way id="163718078">
    <nd ref="1753964010"/>
    <nd ref="1874633022"/>
    <nd ref="1753964235"/>
    <nd ref="1753964228"/>
    <nd ref="1753964292"/>
    <tag k="highway" v="service"/>
    <tag k="surface" v="asphalt"/>
  </way>
  <way id="163718080">
    <nd ref="1753964292"/>
    <nd ref="1753964236"/>
    <nd ref="1753964284"/>
    <tag k="highway" v="service"/>
  </way>
  <way id="163718081">
    <nd ref="5443455689"/>
    <nd ref="5551950408"/>
    <tag k="highway" v="service"/>
  </way>
  <way id="163718085">
    <nd ref="1753964185"/>
    <nd ref="5658193172"/>
    <nd ref="3899720977"/>
    <nd ref="1874633802"/>
    <nd ref="11649016159"/>
    <nd ref="11649016147"/>
    <nd ref="11649016148"/>
    <nd ref="1753964010"/>
    <tag k="highway" v="service"/>
    <tag k="surface" v="asphalt"/>
  </way>
  <way id="163718086">
    <nd ref="1753964068"/>
    <nd ref="5438684665"/>
    <nd ref="5645380157"/>
    <nd ref="5438684721"/>
    <nd ref="5537749253"/>
    <tag k="highway" v="service"/>
    <tag k="oneway" v="yes"/>
    <tag k="surface" v="paving_stones"/>
  </way>
  <way id="163718088">
    <nd ref="1753964168"/>
    <nd ref="5438684688"/>
    <nd ref="1753964127"/>
    <nd ref="5438684707"/>
    <tag k="highway" v="service"/>
  </way>
  <way id="163718093">
    <nd ref="5551951053"/>
    <nd ref="1753964168"/>
    <tag k="bridge" v="yes"/>
    <tag k="highway" v="service"/>
    <tag k="layer" v="1"/>
  </way>
  <way id="163718097">
    <nd ref="1753964282"/>
    <nd ref="5964728197"/>
    <nd ref="6125302019"/>
    <nd ref="5137127928"/>
    <nd ref="5137127929"/>
    <nd ref="5137127948"/>
    <tag k="highway" v="service"/>
    <tag k="oneway" v="yes"/>
  </way>
  <way id="163718102">
    <nd ref="1753964292"/>
    <nd ref="1753964149"/>
    <tag k="highway" v="service"/>
  </way>
  <way id="163718106">
    <nd ref="5551950409"/>
    <nd ref="5551950410"/>
    <nd ref="1753964181"/>
    <nd ref="1753964120"/>
    <nd ref="2509331213"/>
    <nd ref="2509331210"/>
    <nd ref="1753964279"/>
    <nd ref="1753964227"/>
    <nd ref="2509331212"/>
    <nd ref="5443455689"/>
    <nd ref="1753964236"/>
    <tag k="highway" v="service"/>
  </way>
  <way id="163718108">
    <nd ref="1753964289"/>
    <nd ref="1753964144"/>
    <nd ref="1753964277"/>
    <nd ref="11649016160"/>
    <nd ref="1753964010"/>
    <tag k="highway" v="service"/>
    <tag k="surface" v="asphalt"/>
  </way>
  <way id="163718113">
    <nd ref="1753964253"/>
    <nd ref="5551950384"/>
    <nd ref="1753964161"/>
    <tag k="highway" v="service"/>
  </way>
  <way id="163823123">
    <nd ref="5434855239"/>
    <nd ref="1754951013"/>
    <nd ref="1296875087"/>
    <nd ref="1296875726"/>
    <nd ref="5435528970"/>
    <nd ref="5434855237"/>
    <nd ref="5554526068"/>
    <nd ref="8261451352"/>
    <nd ref="1296875663"/>
    <nd ref="5434851816"/>
    <nd ref="1758335249"/>
    <nd ref="1296875823"/>
    <tag k="highway" v="residential"/>
    <tag k="name" v="Malborska"/>
  </way>
  <way id="163823126">
    <nd ref="5535786987"/>
    <nd ref="5535723176"/>
    <nd ref="1562398879"/>
    <nd ref="1562399080"/>
    <tag k="highway" v="residential"/>
    <tag k="name" v="Dojazdowa"/>
  </way>
  <way id="163823136">
    <nd ref="1296876081"/>
    <nd ref="5554404903"/>
    <nd ref="5434855238"/>
    <tag k="highway" v="residential"/>
    <tag k="name" v="Malborska"/>
  </way>
  <way id="164078271">
    <nd ref="1757368906"/>
    <nd ref="9937074946"/>
    <nd ref="1757368919"/>
    <tag k="bridge" v="yes"/>
    <tag k="highway" v="residential"/>
    <tag k="layer" v="1"/>
    <tag k="maxweight" v="20"/>
    <tag k="name" v="Aleksandra Fredry"/>
    <tag k="sidewalk:both" v="separate"/>
    <tag k="surface" v="asphalt"/>
  </way>
  <way id="164078280">
    <nd ref="5554526175"/>
    <nd ref="11577317227"/>
    <nd ref="5554526173"/>
    <nd ref="5554526077"/>
    <tag k="highway" v="residential"/>
    <tag k="name" v="Romualda Mielczarskiego"/>
  </way>
  <way id="164078286">
    <nd ref="1757368692"/>
    <nd ref="1296875806"/>
    <tag k="highway" v="residential"/>
    <tag k="name" v="Jana Kilińskiego"/>
  </way>
  <way id="164078295">
    <nd ref="1757368919"/>
    <nd ref="1296875654"/>
    <tag k="highway" v="residential"/>
    <tag k="name" v="Aleksandra Fredry"/>
    <tag k="sidewalk:both" v="separate"/>
    <tag k="surface" v="asphalt"/>
  </way>
  <way id="164078299">
    <nd ref="1296875881"/>
    <nd ref="1757368627"/>
    <nd ref="2257406858"/>
    <nd ref="1757368868"/>
    <tag k="highway" v="service"/>
  </way>
  <way id="164078310">
    <nd ref="1757368651"/>
    <nd ref="1757368692"/>
    <tag k="bridge" v="yes"/>
    <tag k="highway" v="residential"/>
    <tag k="layer" v="1"/>
    <tag k="name" v="Jana Kilińskiego"/>
  </way>
  <way id="164200219">
    <nd ref="5628419084"/>
    <nd ref="5628419083"/>
    <nd ref="5628419082"/>
    <nd ref="1758545614"/>
    <nd ref="5435453810"/>
    <nd ref="5435453800"/>
    <nd ref="5434993493"/>
    <nd ref="5435453809"/>
    <nd ref="1758545645"/>
    <nd ref="5630224566"/>
    <nd ref="5792244155"/>
    <nd ref="2254033609"/>
    <tag k="highway" v="service"/>
  </way>
  <way id="164200243">
    <nd ref="5628420300"/>
    <nd ref="5628420299"/>
    <nd ref="5628420298"/>
    <nd ref="5628420297"/>
    <nd ref="5628420296"/>
    <nd ref="5628420295"/>
    <nd ref="1758545893"/>
    <nd ref="5435453799"/>
    <nd ref="1296875597"/>
    <tag k="highway" v="service"/>
  </way>
  <way id="166374204">
    <nd ref="1778216100"/>
    <nd ref="5443317395"/>
    <tag k="bridge" v="yes"/>
    <tag k="highway" v="service"/>
    <tag k="layer" v="1"/>
  </way>
  <way id="166374207">
    <nd ref="5653775974"/>
    <nd ref="5653775982"/>
    <nd ref="5653775973"/>
    <nd ref="5653775978"/>
    <nd ref="5653775972"/>
    <nd ref="5443790306"/>
    <nd ref="5653775977"/>
    <nd ref="1778216149"/>
    <nd ref="5653775965"/>
    <nd ref="1778216100"/>
    <tag k="highway" v="service"/>
  </way>
  <way id="166374220">
    <nd ref="1305377040"/>
    <nd ref="5658020161"/>
    <nd ref="5658017913"/>
    <nd ref="5658017914"/>
    <nd ref="5658017912"/>
    <nd ref="5658017900"/>
    <nd ref="1305377310"/>
    <nd ref="1778215905"/>
    <nd ref="1778215880"/>
    <tag k="highway" v="residential"/>
    <tag k="name" v="Franciszka Stefczyka"/>
  </way>
  <way id="166374232">
    <nd ref="1305377581"/>
    <nd ref="1778216144"/>
    <nd ref="5653776370"/>
    <nd ref="5653776371"/>
    <nd ref="5653776372"/>
    <nd ref="5443790295"/>
    <nd ref="5653776373"/>
    <nd ref="1305376968"/>
    <tag k="highway" v="service"/>
    <tag k="name" v="Polna"/>
  </way>
  <way id="166374246">
    <nd ref="1305377743"/>
    <nd ref="1305377581"/>
    <tag k="highway" v="residential"/>
    <tag k="name" v="Polna"/>
  </way>
  <way id="166374251">
    <nd ref="1305377836"/>
    <nd ref="5660495712"/>
    <nd ref="5659004144"/>
    <nd ref="5659004140"/>
    <nd ref="5659004365"/>
    <nd ref="5659004364"/>
    <nd ref="5660248304"/>
    <nd ref="1305377238"/>
    <tag k="highway" v="residential"/>
    <tag k="name" v="Ogrodowa"/>
  </way>
  <way id="166438879">
    <nd ref="1778863000"/>
    <nd ref="9571406269"/>
    <nd ref="1778863267"/>
    <tag k="highway" v="service"/>
    <tag k="surface" v="asphalt"/>
  </way>
  <way id="166438910">
    <nd ref="5660496042"/>
    <nd ref="5660496045"/>
    <nd ref="5660496044"/>
    <nd ref="5660496043"/>
    <nd ref="5660496053"/>
    <nd ref="5660496042"/>
    <nd ref="5660496041"/>
    <nd ref="5660496040"/>
    <nd ref="5660496039"/>
    <nd ref="5660496038"/>
    <nd ref="5660496037"/>
    <nd ref="5660496036"/>
    <nd ref="5660496035"/>
    <nd ref="5660496034"/>
    <nd ref="5660496048"/>
    <nd ref="1778863280"/>
    <nd ref="5660496046"/>
    <nd ref="5660495686"/>
    <nd ref="5660495924"/>
    <nd ref="5658104082"/>
    <tag k="highway" v="service"/>
  </way>
  <way id="166438913">
    <nd ref="5658684644"/>
    <nd ref="2252393908"/>
    <nd ref="5478654417"/>
    <nd ref="2252393913"/>
    <nd ref="2252393855"/>
    <nd ref="2252610687"/>
    <nd ref="5658684653"/>
    <nd ref="5658684652"/>
    <nd ref="5478654419"/>
    <nd ref="5478654414"/>
    <tag k="highway" v="residential"/>
    <tag k="lit" v="yes"/>
    <tag k="name" v="Wojska Polskiego"/>
    <tag k="sidewalk" v="separate"/>
    <tag k="surface" v="asphalt"/>
  </way>
  <way id="168201404">
    <nd ref="1296875063"/>
    <nd ref="1740412045"/>
    <nd ref="2424617217"/>
    <nd ref="4431610164"/>
    <nd ref="2385304760"/>
    <nd ref="2509779040"/>
    <nd ref="3495268425"/>
    <nd ref="2129120341"/>
    <nd ref="2385304785"/>
    <nd ref="5438017893"/>
    <nd ref="2129092628"/>
    <nd ref="9200883385"/>
    <nd ref="5642284975"/>
    <nd ref="3899736862"/>
    <nd ref="2127879807"/>
    <tag k="highway" v="secondary"/>
    <tag k="highway:category:pl" v="2"/>
    <tag k="name" v="12 Lutego"/>
    <tag k="oneway" v="yes"/>
    <tag k="ref" v="504"/>
    <tag k="sidewalk:left" v="no"/>
    <tag k="sidewalk:right" v="separate"/>
    <tag k="surface" v="asphalt"/>
  </way>
  <way id="168201406">
    <nd ref="1554370329"/>
    <nd ref="4431610144"/>
    <nd ref="3887195357"/>
    <nd ref="1748678582"/>
    <nd ref="1304261324"/>
    <nd ref="2263122544"/>
    <nd ref="4431610161"/>
    <nd ref="413515939"/>
    <nd ref="5471801788"/>
    <nd ref="12698794558"/>
    <nd ref="3495194462"/>
    <nd ref="8168858232"/>
    <nd ref="1296875295"/>
    <nd ref="5439354092"/>
    <tag k="highway" v="secondary"/>
    <tag k="highway:category:pl" v="2"/>
    <tag k="lanes" v="2"/>
    <tag k="name" v="Hetmańska"/>
    <tag k="oneway" v="yes"/>
    <tag k="ref" v="504"/>
    <tag k="sidewalk:left" v="no"/>
    <tag k="sidewalk:right" v="separate"/>
    <tag k="surface" v="asphalt"/>
  </way>
  <way id="172406952">
    <nd ref="1833134669"/>
    <nd ref="1833134672"/>
    <nd ref="1833134674"/>
    <nd ref="5839546058"/>
    <nd ref="5834287279"/>
    <nd ref="1833134667"/>
    <nd ref="3899736869"/>
    <nd ref="3491064495"/>
    <nd ref="1833134661"/>
    <nd ref="1833134643"/>
    <tag k="highway" v="residential"/>
    <tag k="oneway" v="yes"/>
    <tag k="sidewalk:left" v="no"/>
    <tag k="sidewalk:right" v="separate"/>
  </way>
  <way id="172406953">
    <nd ref="1833134681"/>
    <nd ref="3491063696"/>
    <nd ref="1833134676"/>
    <nd ref="1833134665"/>
    <nd ref="1833134659"/>
    <nd ref="1833134643"/>
    <tag k="highway" v="residential"/>
    <tag k="oneway" v="yes"/>
    <tag k="sidewalk:left" v="separate"/>
    <tag k="sidewalk:right" v="no"/>
  </way>
  <way id="173169778">
    <nd ref="5446031997"/>
    <nd ref="1304258603"/>
    <nd ref="1304258651"/>
    <nd ref="5810406986"/>
    <nd ref="5818318256"/>
    <nd ref="5810407009"/>
    <nd ref="1828821769"/>
    <nd ref="5810407013"/>
    <nd ref="5810407014"/>
    <nd ref="5810407015"/>
    <nd ref="5810407016"/>
    <nd ref="5810407017"/>
    <nd ref="5810407026"/>
    <nd ref="5810407018"/>
    <tag k="highway" v="residential"/>
    <tag k="name" v="Zacisze"/>
  </way>
  <way id="174579151">
    <nd ref="5839999007"/>
    <nd ref="1852461824"/>
    <tag k="access" v="destination"/>
    <tag k="highway" v="service"/>
    <tag k="service" v="parking_aisle"/>
    <tag k="surface" v="paved"/>
  </way>
  <way id="176374834">
    <nd ref="443694507"/>
    <nd ref="1304254024"/>
    <nd ref="2254991412"/>
    <nd ref="8168817413"/>
    <nd ref="2255593324"/>
    <nd ref="1869043363"/>
    <nd ref="2129092621"/>
    <nd ref="1852461854"/>
    <nd ref="1833045155"/>
    <nd ref="5297141908"/>
    <nd ref="2252087517"/>
    <nd ref="5645750236"/>
    <nd ref="5645750229"/>
    <nd ref="8261451328"/>
    <nd ref="8261451327"/>
    <nd ref="9200883384"/>
    <nd ref="2127879826"/>
    <nd ref="5652093012"/>
    <nd ref="1296876067"/>
    <tag k="highway" v="tertiary"/>
    <tag k="lanes" v="2"/>
    <tag k="name" v="Generała Stefana Grota-Roweckiego"/>
    <tag k="oneway" v="yes"/>
    <tag k="sidewalk:left" v="no"/>
    <tag k="sidewalk:right" v="separate"/>
  </way>
  <way id="176990545">
    <nd ref="1753964289"/>
    <nd ref="1753964111"/>
    <tag k="highway" v="service"/>
  </way>
  <way id="176990546">
    <nd ref="1753964010"/>
    <nd ref="5443455690"/>
    <nd ref="1753964035"/>
    <nd ref="1753964284"/>
    <nd ref="1753964198"/>
    <nd ref="2289392647"/>
    <tag k="highway" v="service"/>
  </way>
  <way id="202961423">
    <nd ref="2129202167"/>
    <nd ref="2380181251"/>
    <nd ref="2129202172"/>
    <nd ref="5448454337"/>
    <nd ref="2129202175"/>
    <nd ref="5448454338"/>
    <nd ref="2129202178"/>
    <nd ref="3277671822"/>
    <tag k="highway" v="tertiary"/>
    <tag k="oneway" v="yes"/>
    <tag k="sidewalk" v="no"/>
  </way>
  <way id="202961424">
    <nd ref="2129202183"/>
    <nd ref="2380181257"/>
    <nd ref="2380181256"/>
    <nd ref="2129202173"/>
    <nd ref="2380181254"/>
    <nd ref="3277671816"/>
    <nd ref="2380181253"/>
    <nd ref="2380181252"/>
    <nd ref="2129202171"/>
    <tag k="highway" v="tertiary_link"/>
    <tag k="oneway" v="yes"/>
    <tag k="sidewalk:left" v="no"/>
    <tag k="sidewalk:right" v="separate"/>
  </way>
  <way id="202978710">
    <nd ref="2129396945"/>
    <nd ref="5810371628"/>
    <nd ref="5810371625"/>
    <nd ref="2129396972"/>
    <tag k="highway" v="service"/>
  </way>
  <way id="215800255">
    <nd ref="2252393898"/>
    <nd ref="2252393846"/>
    <nd ref="2252393849"/>
    <nd ref="5397682909"/>
    <nd ref="2252393864"/>
    <nd ref="5397682908"/>
    <nd ref="2252393898"/>
    <nd ref="2252393874"/>
    <nd ref="5676253337"/>
    <nd ref="8957563403"/>
    <tag k="highway" v="service"/>
  </way>
  <way id="215826071">
    <nd ref="2252393864"/>
    <nd ref="2252393841"/>
    <nd ref="2252610692"/>
    <nd ref="5658684650"/>
    <nd ref="2252610688"/>
    <nd ref="2252610687"/>
    <tag k="highway" v="service"/>
    <tag k="surface" v="sett"/>
  </way>
  <way id="216002776">
    <nd ref="2253931827"/>
    <nd ref="3277671761"/>
    <nd ref="5522797501"/>
    <tag k="highway" v="service"/>
    <tag k="service" v="parking_aisle"/>
  </way>
  <way id="216002777">
    <nd ref="2253931877"/>
    <nd ref="9814908024"/>
    <nd ref="2253931827"/>
    <nd ref="2253931856"/>
    <tag k="highway" v="service"/>
    <tag k="service" v="parking_aisle"/>
  </way>
  <way id="216014370">
    <nd ref="5434993495"/>
    <nd ref="5434993496"/>
    <nd ref="2254033600"/>
    <nd ref="2254033625"/>
    <nd ref="2254033586"/>
    <nd ref="5434993497"/>
    <nd ref="5613491313"/>
    <nd ref="5613491308"/>
    <nd ref="2254033581"/>
    <tag k="highway" v="service"/>
    <tag k="service" v="parking_aisle"/>
  </way>
  <way id="216014373">
    <nd ref="2254033573"/>
    <nd ref="2254033563"/>
    <nd ref="5613491285"/>
    <nd ref="5613491282"/>
    <nd ref="2254033611"/>
    <tag k="highway" v="service"/>
    <tag k="service" v="parking_aisle"/>
  </way>
  <way id="216014375">
    <nd ref="2254033604"/>
    <nd ref="2254033623"/>
    <nd ref="2254033593"/>
    <tag k="highway" v="service"/>
    <tag k="service" v="driveway"/>
  </way>
  <way id="216014376">
    <nd ref="5600141725"/>
    <nd ref="5600141724"/>
    <nd ref="5600141723"/>
    <nd ref="5600141722"/>
    <nd ref="2254033632"/>
    <nd ref="5471018302"/>
    <nd ref="2254033607"/>
    <nd ref="2254033622"/>
    <nd ref="5471018301"/>
    <nd ref="5471018311"/>
    <nd ref="2254033570"/>
    <nd ref="2516835319"/>
    <tag k="highway" v="service"/>
  </way>
  <way id="216014378">
    <nd ref="2254033598"/>
    <nd ref="2254033565"/>
    <nd ref="2254033593"/>
    <nd ref="5792244182"/>
    <nd ref="2254033595"/>
    <tag k="highway" v="service"/>
    <tag k="service" v="driveway"/>
  </way>
  <way id="216014379">
    <nd ref="2254033563"/>
    <nd ref="2254033588"/>
    <nd ref="2254033627"/>
    <nd ref="2254033575"/>
    <nd ref="5613491280"/>
    <nd ref="5613491281"/>
    <nd ref="2254033614"/>
    <tag k="highway" v="service"/>
    <tag k="service" v="parking_aisle"/>
  </way>
  <way id="216014381">
    <nd ref="2254033581"/>
    <nd ref="5434993505"/>
    <nd ref="5434993507"/>
    <nd ref="5613491309"/>
    <nd ref="5613491294"/>
    <nd ref="2254033611"/>
    <nd ref="2254033614"/>
    <nd ref="2254033572"/>
    <nd ref="5613491293"/>
    <nd ref="5434994261"/>
    <nd ref="2254033584"/>
    <nd ref="2254033577"/>
    <nd ref="5434993494"/>
    <nd ref="2254033605"/>
    <nd ref="2254033568"/>
    <nd ref="2254033564"/>
    <nd ref="5613491274"/>
    <nd ref="2254033556"/>
    <nd ref="5613491278"/>
    <nd ref="5792244173"/>
    <nd ref="5613492434"/>
    <nd ref="2254033609"/>
    <tag k="highway" v="living_street"/>
  </way>
  <way id="216014384">
    <nd ref="2254033612"/>
    <nd ref="2254033561"/>
    <tag k="highway" v="service"/>
    <tag k="service" v="driveway"/>
  </way>
  <way id="216019778">
    <nd ref="2254054045"/>
    <nd ref="5792244186"/>
    <nd ref="5792244171"/>
    <nd ref="2254053977"/>
    <tag k="highway" v="service"/>
  </way>
  <way id="216019785">
    <nd ref="5435074570"/>
    <nd ref="5613491261"/>
    <nd ref="5435058165"/>
    <nd ref="5613491253"/>
    <nd ref="2254053977"/>
    <nd ref="5613491256"/>
    <nd ref="2254053943"/>
    <nd ref="5613491252"/>
    <tag k="highway" v="service"/>
    <tag k="service" v="parking_aisle"/>
  </way>
  <way id="216251834">
    <nd ref="5909763386"/>
    <nd ref="5909763411"/>
    <nd ref="5909763385"/>
    <nd ref="2256017103"/>
    <nd ref="2256017089"/>
    <tag k="highway" v="service"/>
    <tag k="service" v="parking_aisle"/>
  </way>
  <way id="219792761">
    <nd ref="5443317395"/>
    <nd ref="5443317396"/>
    <nd ref="732237568"/>
    <tag k="highway" v="service"/>
  </way>
  <way id="219807898">
    <nd ref="5551950408"/>
    <nd ref="5551950409"/>
    <nd ref="1753964291"/>
    <nd ref="5551950407"/>
    <nd ref="4884088839"/>
    <nd ref="5551950406"/>
    <nd ref="5551950405"/>
    <nd ref="1753964248"/>
    <nd ref="2289392643"/>
    <nd ref="2289392644"/>
    <nd ref="2289392646"/>
    <nd ref="2289392645"/>
    <nd ref="1753964102"/>
    <nd ref="5551950408"/>
    <tag k="highway" v="service"/>
  </way>
  <way id="219807906">
    <nd ref="2289392647"/>
    <nd ref="2289392645"/>
    <nd ref="5551951053"/>
    <tag k="highway" v="service"/>
  </way>
  <way id="219895106">
    <nd ref="2290250645"/>
    <nd ref="5841832357"/>
    <nd ref="5841832356"/>
    <nd ref="2290250625"/>
    <nd ref="2290250646"/>
    <tag k="highway" v="service"/>
  </way>
  <way id="219895111">
    <nd ref="2290250629"/>
    <nd ref="5841832338"/>
    <nd ref="2290250634"/>
    <tag k="highway" v="service"/>
  </way>
  <way id="219895112">
    <nd ref="2290250652"/>
    <nd ref="2290251320"/>
    <nd ref="2290250654"/>
    <nd ref="2290250628"/>
    <tag k="highway" v="service"/>
  </way>
  <way id="220273586">
    <nd ref="2294018022"/>
    <nd ref="9576048445"/>
    <nd ref="9576063534"/>
    <nd ref="2278912632"/>
    <tag k="highway" v="service"/>
  </way>
  <way id="224889403">
    <nd ref="3899766015"/>
    <nd ref="10637463531"/>
    <nd ref="10637463532"/>
    <nd ref="3899766013"/>
    <tag k="access" v="no"/>
    <tag k="bicycle" v="yes"/>
    <tag k="bridge" v="movable"/>
    <tag k="contact:mobile" v="+48 602 218 346"/>
    <tag k="contact:website" v="http://www.projekty.elblag.eu/index.php?option=com_content&amp;view=article&amp;id=10:modernizacja-i-rozbudowa-infrastruktury-portu-morskiego-w-elblgu-w-obrbie-starego-miasta&amp;catid=12:po-i&amp;Itemid=19"/>
    <tag k="emergency" v="yes"/>
    <tag k="highway" v="residential"/>
    <tag k="layer" v="1"/>
    <tag k="note" v="most zamkniety, będzie rozbierany; godziny zwodzenia mostu: 7-21 co 1h"/>
    <tag k="oneway" v="yes"/>
    <tag k="sidewalk:both" v="separate"/>
    <tag k="width" v="6"/>
  </way>
  <way id="226726862">
    <nd ref="316655154"/>
    <nd ref="2396113518"/>
    <nd ref="5938672962"/>
    <nd ref="4584261779"/>
    <nd ref="5938672916"/>
    <nd ref="1296875583"/>
    <nd ref="4584261726"/>
    <nd ref="2255498535"/>
    <nd ref="5938672910"/>
    <nd ref="8263845230"/>
    <nd ref="2255498523"/>
    <nd ref="316655155"/>
    <nd ref="4584261796"/>
    <nd ref="2396116453"/>
    <nd ref="319172910"/>
    <tag k="bicycle" v="yes"/>
    <tag k="cycleway" v="opposite_lane"/>
    <tag k="highway" v="tertiary"/>
    <tag k="lane_markings" v="no"/>
    <tag k="maxspeed" v="30"/>
    <tag k="name" v="Wspólna"/>
    <tag k="oneway" v="yes"/>
    <tag k="sidewalk:left" v="no"/>
    <tag k="sidewalk:right" v="separate"/>
    <tag k="surface" v="asphalt"/>
  </way>
  <way id="226835907">
    <nd ref="2381059282"/>
    <nd ref="2381059279"/>
    <nd ref="2381059278"/>
    <nd ref="6106863947"/>
    <nd ref="2381059277"/>
    <nd ref="2381059276"/>
    <nd ref="2381059273"/>
    <nd ref="2381059272"/>
    <tag k="highway" v="residential"/>
    <tag k="name" v="Skwer Ofiar Sprawy Elbląskiej"/>
    <tag k="oneway" v="no"/>
    <tag k="sidewalk:both" v="separate"/>
    <tag k="teryt:name" v="ul. Skwer Ofiar Sprawy Elbląskiej"/>
  </way>
  <way id="229422873">
    <nd ref="1304258767"/>
    <nd ref="2380241286"/>
    <nd ref="2380241284"/>
    <nd ref="2380241289"/>
    <nd ref="2113442720"/>
    <tag k="highway" v="residential"/>
    <tag k="name" v="Królewiecka"/>
    <tag k="oneway" v="yes"/>
  </way>
  <way id="229520333">
    <nd ref="2381059272"/>
    <nd ref="2381059271"/>
    <nd ref="6106863966"/>
    <nd ref="5522664241"/>
    <nd ref="5522664240"/>
    <nd ref="2381059269"/>
    <nd ref="3027348088"/>
    <nd ref="3027348091"/>
    <nd ref="2381059267"/>
    <tag k="highway" v="residential"/>
    <tag k="name" v="Królewiecka"/>
    <tag k="oneway" v="yes"/>
    <tag k="sidewalk:both" v="separate"/>
  </way>
  <way id="229527567">
    <nd ref="2129341176"/>
    <nd ref="2129341178"/>
    <nd ref="2380241320"/>
    <nd ref="2129341180"/>
    <nd ref="2129341186"/>
    <nd ref="417969437"/>
    <nd ref="3899785061"/>
    <nd ref="1713057405"/>
    <nd ref="2129366264"/>
    <nd ref="1304258826"/>
    <nd ref="1713057380"/>
    <nd ref="2380271879"/>
    <nd ref="2129366271"/>
    <nd ref="2380271881"/>
    <nd ref="2129366277"/>
    <tag k="highway" v="secondary"/>
    <tag k="highway:category:pl" v="2"/>
    <tag k="lanes" v="2"/>
    <tag k="name" v="Robotnicza"/>
    <tag k="oneway" v="yes"/>
    <tag k="ref" v="503"/>
    <tag k="sidewalk:left" v="no"/>
    <tag k="sidewalk:right" v="separate"/>
  </way>
  <way id="229809112">
    <nd ref="2383528171"/>
    <nd ref="8168858220"/>
    <nd ref="3899733556"/>
    <nd ref="2383528170"/>
    <nd ref="2383528173"/>
    <nd ref="2383528174"/>
    <nd ref="2383528172"/>
    <nd ref="2383528175"/>
    <nd ref="2383528177"/>
    <nd ref="9571406304"/>
    <nd ref="2383528176"/>
    <tag k="highway" v="service"/>
  </way>
  <way id="232308726">
    <nd ref="2406695944"/>
    <nd ref="5940589181"/>
    <nd ref="2413500887"/>
    <nd ref="5940589170"/>
    <nd ref="2406695950"/>
    <nd ref="2413500879"/>
    <nd ref="2406695954"/>
    <nd ref="5486336445"/>
    <nd ref="2406695933"/>
    <nd ref="5486336440"/>
    <nd ref="5486336492"/>
    <nd ref="2406695928"/>
    <tag k="highway" v="service"/>
    <tag k="name" v="Piechoty"/>
  </way>
  <way id="232446099">
    <nd ref="2407985664"/>
    <nd ref="2407985672"/>
    <nd ref="2413647626"/>
    <tag k="highway" v="service"/>
  </way>
  <way id="232659481">
    <nd ref="2807040261"/>
    <nd ref="12772140068"/>
    <nd ref="9713894748"/>
    <nd ref="4037337807"/>
    <nd ref="9713894728"/>
    <nd ref="413336870"/>
    <tag k="highway" v="residential"/>
    <tag k="name" v="Wieżowa"/>
    <tag k="oneway" v="yes"/>
  </way>
  <way id="232659482">
    <nd ref="2807040260"/>
    <nd ref="2134984431"/>
    <nd ref="3029162205"/>
    <tag k="highway" v="residential"/>
    <tag k="name" v="Wigilijna"/>
    <tag k="sidewalk:both" v="separate"/>
  </way>
  <way id="232974974">
    <nd ref="2412954528"/>
    <nd ref="2412954590"/>
    <tag k="highway" v="service"/>
  </way>
  <way id="232979104">
    <nd ref="1304261344"/>
    <nd ref="5642241848"/>
    <nd ref="5440968663"/>
    <nd ref="5440968653"/>
    <nd ref="5642241847"/>
    <nd ref="2424617218"/>
    <nd ref="1304261327"/>
    <tag k="highway" v="residential"/>
    <tag k="name" v="Krótka"/>
  </way>
  <way id="233033635">
    <nd ref="2413656560"/>
    <nd ref="2413656558"/>
    <nd ref="5486336513"/>
    <nd ref="5923999103"/>
    <nd ref="2413656534"/>
    <tag k="highway" v="service"/>
  </way>
  <way id="233080173">
    <nd ref="2414222039"/>
    <nd ref="5909866759"/>
    <nd ref="5458750389"/>
    <nd ref="2414221938"/>
    <tag k="highway" v="service"/>
    <tag k="maxspeed" v="20"/>
  </way>
  <way id="233080176">
    <nd ref="2414221909"/>
    <nd ref="2414222031"/>
    <nd ref="2414222059"/>
    <nd ref="2361229915"/>
    <nd ref="5909866714"/>
    <nd ref="1874582153"/>
    <tag k="highway" v="service"/>
  </way>
  <way id="233080180">
    <nd ref="2424657547"/>
    <nd ref="3562089808"/>
    <nd ref="2424657549"/>
    <nd ref="2424657554"/>
    <nd ref="5909903734"/>
    <tag k="highway" v="service"/>
  </way>
  <way id="233080188">
    <nd ref="2414222080"/>
    <nd ref="5909866745"/>
    <nd ref="2414222038"/>
    <tag k="highway" v="service"/>
  </way>
  <way id="233080189">
    <nd ref="5909867089"/>
    <nd ref="5909866754"/>
    <nd ref="5909866753"/>
    <nd ref="5909867094"/>
    <nd ref="2414221941"/>
    <nd ref="5458609357"/>
    <nd ref="2414222097"/>
    <nd ref="5909866742"/>
    <nd ref="319173404"/>
    <tag k="highway" v="service"/>
  </way>
  <way id="233391883">
    <nd ref="417969685"/>
    <nd ref="5454700901"/>
    <nd ref="3277671819"/>
    <nd ref="2380195035"/>
    <nd ref="2380195036"/>
    <nd ref="3277671813"/>
    <nd ref="2129341072"/>
    <tag k="highway" v="tertiary"/>
    <tag k="name" v="Aleja Armii Krajowej"/>
    <tag k="oneway" v="yes"/>
    <tag k="sidewalk:left" v="no"/>
    <tag k="sidewalk:right" v="separate"/>
  </way>
  <way id="233391884">
    <nd ref="1707416360"/>
    <nd ref="2417861315"/>
    <nd ref="2417861316"/>
    <nd ref="5454700899"/>
    <nd ref="5454700900"/>
    <nd ref="417969685"/>
    <tag k="highway" v="tertiary"/>
    <tag k="name" v="Aleja Armii Krajowej"/>
    <tag k="oneway" v="yes"/>
    <tag k="sidewalk:left" v="no"/>
    <tag k="sidewalk:right" v="separate"/>
  </way>
  <way id="233834994">
    <nd ref="413342713"/>
    <nd ref="2134331899"/>
    <nd ref="9713894740"/>
    <nd ref="413342716"/>
    <tag k="highway" v="residential"/>
    <tag k="name" v="Wodna"/>
    <tag k="sidewalk:both" v="separate"/>
  </way>
  <way id="233834995">
    <nd ref="413342716"/>
    <nd ref="2281058948"/>
    <nd ref="3029448606"/>
    <nd ref="2136178295"/>
    <nd ref="2281058950"/>
    <nd ref="5464445355"/>
    <nd ref="2278919541"/>
    <nd ref="1560260148"/>
    <tag k="highway" v="residential"/>
    <tag k="lane_markings" v="no"/>
    <tag k="name" v="Wodna"/>
    <tag k="sidewalk:left" v="separate"/>
    <tag k="sidewalk:right" v="no"/>
    <tag k="surface" v="sett"/>
  </way>
  <way id="233835283">
    <nd ref="1304261335"/>
    <nd ref="12913425582"/>
    <nd ref="12913425581"/>
    <nd ref="12913425583"/>
    <nd ref="12913425585"/>
    <nd ref="5642241827"/>
    <nd ref="5440968651"/>
    <nd ref="5440968652"/>
    <nd ref="1304261333"/>
    <tag k="highway" v="residential"/>
    <tag k="name" v="Garncarska"/>
    <tag k="oneway" v="yes"/>
  </way>
  <way id="234164383">
    <nd ref="1296875992"/>
    <nd ref="12769344887"/>
    <nd ref="1296875974"/>
    <tag k="highway" v="residential"/>
    <tag k="lit" v="yes"/>
    <tag k="name" v="Bulwar Zygmunta Augusta"/>
    <tag k="sidewalk:left" v="separate"/>
    <tag k="sidewalk:right" v="no"/>
    <tag k="smoothness" v="intermediate"/>
    <tag k="surface" v="asphalt"/>
  </way>
  <way id="234164386">
    <nd ref="1304258791"/>
    <nd ref="5535691200"/>
    <nd ref="818620337"/>
    <nd ref="417962854"/>
    <nd ref="5645375202"/>
    <nd ref="818620269"/>
    <nd ref="417962855"/>
    <nd ref="1296875040"/>
    <tag k="highway" v="secondary"/>
    <tag k="highway:category:pl" v="2"/>
    <tag k="lanes" v="2"/>
    <tag k="lit" v="yes"/>
    <tag k="maxspeed" v="50"/>
    <tag k="name" v="Kardynała Stefana Wyszyńskiego"/>
    <tag k="oneway" v="no"/>
    <tag k="ref" v="500"/>
    <tag k="sidewalk:both" v="separate"/>
    <tag k="surface" v="asphalt"/>
  </way>
  <way id="234164443">
    <nd ref="2424617175"/>
    <nd ref="3277671798"/>
    <nd ref="3277671797"/>
    <nd ref="2424617167"/>
    <nd ref="3277671794"/>
    <nd ref="3277671793"/>
    <nd ref="2424617160"/>
    <nd ref="3277671795"/>
    <nd ref="2424617164"/>
    <nd ref="2380195006"/>
    <tag k="highway" v="secondary_link"/>
    <tag k="oneway" v="yes"/>
    <tag k="sidewalk" v="no"/>
  </way>
  <way id="236431328">
    <nd ref="1298904693"/>
    <nd ref="2444656271"/>
    <nd ref="2444656273"/>
    <nd ref="3739984968"/>
    <nd ref="12732042938"/>
    <nd ref="2444656272"/>
    <tag k="highway" v="service"/>
    <tag k="name" v="Grochowska"/>
  </way>
  <way id="236573194">
    <nd ref="2445966658"/>
    <nd ref="5792242148"/>
    <nd ref="2445967013"/>
    <tag k="highway" v="service"/>
  </way>
  <way id="236573203">
    <nd ref="2445966772"/>
    <nd ref="5792242149"/>
    <nd ref="2445966948"/>
    <tag k="highway" v="service"/>
    <tag k="surface" v="asphalt"/>
  </way>
  <way id="236577064">
    <nd ref="1296875956"/>
    <nd ref="3495268442"/>
    <nd ref="2127879813"/>
    <tag k="highway" v="secondary"/>
    <tag k="highway:category:pl" v="2"/>
    <tag k="lanes" v="2"/>
    <tag k="name" v="12 Lutego"/>
    <tag k="oneway" v="yes"/>
    <tag k="ref" v="504"/>
    <tag k="sidewalk:left" v="no"/>
    <tag k="sidewalk:right" v="separate"/>
  </way>
  <way id="236577065">
    <nd ref="2127879807"/>
    <nd ref="11826339799"/>
    <nd ref="11826339796"/>
    <nd ref="1296876067"/>
    <tag k="highway" v="secondary"/>
    <tag k="highway:category:pl" v="2"/>
    <tag k="lanes" v="2"/>
    <tag k="name" v="12 Lutego"/>
    <tag k="oneway" v="yes"/>
    <tag k="ref" v="504"/>
    <tag k="sidewalk:left" v="no"/>
    <tag k="sidewalk:right" v="separate"/>
  </way>
  <way id="236577066">
    <nd ref="1296876067"/>
    <nd ref="2127879866"/>
    <nd ref="2127879876"/>
    <nd ref="1304254071"/>
    <nd ref="2127915882"/>
    <nd ref="2127915883"/>
    <nd ref="2127915884"/>
    <nd ref="2127915885"/>
    <nd ref="2127915886"/>
    <nd ref="2127915887"/>
    <nd ref="1833134669"/>
    <nd ref="8261904482"/>
    <nd ref="1833062866"/>
    <nd ref="1833045173"/>
    <nd ref="8261904483"/>
    <nd ref="8261904484"/>
    <nd ref="8261904485"/>
    <nd ref="8261904486"/>
    <nd ref="8261904487"/>
    <nd ref="8261904488"/>
    <nd ref="8261904489"/>
    <nd ref="8261904490"/>
    <nd ref="8261904491"/>
    <nd ref="8261904492"/>
    <nd ref="8261904493"/>
    <nd ref="8261904494"/>
    <nd ref="11826357599"/>
    <nd ref="5833997746"/>
    <nd ref="730911498"/>
    <tag k="highway" v="secondary"/>
    <tag k="highway:category:pl" v="2"/>
    <tag k="lanes" v="2"/>
    <tag k="name" v="12 Lutego"/>
    <tag k="oneway" v="yes"/>
    <tag k="ref" v="504"/>
    <tag k="sidewalk:left" v="no"/>
    <tag k="sidewalk:right" v="separate"/>
    <tag k="surface" v="asphalt"/>
  </way>
  <way id="236577067">
    <nd ref="2127879813"/>
    <nd ref="2252200330"/>
    <nd ref="3899736861"/>
    <nd ref="5642284974"/>
    <nd ref="2129092625"/>
    <nd ref="5642284969"/>
    <nd ref="1713057325"/>
    <nd ref="5642241677"/>
    <nd ref="5642284970"/>
    <nd ref="4431610165"/>
    <nd ref="2424617216"/>
    <nd ref="1740412074"/>
    <nd ref="1554370285"/>
    <nd ref="1554370329"/>
    <tag k="highway" v="secondary"/>
    <tag k="highway:category:pl" v="2"/>
    <tag k="lanes" v="2"/>
    <tag k="name" v="12 Lutego"/>
    <tag k="oneway" v="yes"/>
    <tag k="ref" v="504"/>
    <tag k="sidewalk:left" v="no"/>
    <tag k="sidewalk:right" v="separate"/>
    <tag k="surface" v="asphalt"/>
  </way>
  <way id="236577069">
    <nd ref="2127879813"/>
    <nd ref="2127879807"/>
    <tag k="highway" v="tertiary"/>
    <tag k="oneway" v="yes"/>
    <tag k="sidewalk:left" v="no"/>
    <tag k="sidewalk:right" v="separate"/>
  </way>
  <way id="236855387">
    <nd ref="1296876067"/>
    <nd ref="11826339797"/>
    <nd ref="11826339798"/>
    <nd ref="3495268420"/>
    <nd ref="1296875956"/>
    <tag k="highway" v="tertiary"/>
    <tag k="oneway" v="yes"/>
    <tag k="sidewalk:left" v="no"/>
    <tag k="sidewalk:right" v="separate"/>
  </way>
  <way id="237290028">
    <nd ref="1304254076"/>
    <nd ref="443694507"/>
    <tag k="highway" v="tertiary"/>
    <tag k="name" v="Generała Stefana Grota-Roweckiego"/>
    <tag k="oneway" v="yes"/>
    <tag k="sidewalk:left" v="no"/>
    <tag k="sidewalk:right" v="separate"/>
  </way>
  <way id="242797225">
    <nd ref="2502526817"/>
    <nd ref="2502526874"/>
    <tag k="highway" v="service"/>
    <tag k="service" v="parking_aisle"/>
  </way>
  <way id="242797234">
    <nd ref="5458609403"/>
    <nd ref="5458609398"/>
    <nd ref="3899736867"/>
    <nd ref="2502526753"/>
    <tag k="highway" v="service"/>
  </way>
  <way id="243542563">
    <nd ref="1753964120"/>
    <nd ref="2509331212"/>
    <tag k="highway" v="service"/>
  </way>
  <way id="243542564">
    <nd ref="5551950407"/>
    <nd ref="1874664433"/>
    <nd ref="1874664411"/>
    <nd ref="2509331211"/>
    <nd ref="2509331213"/>
    <tag k="highway" v="service"/>
  </way>
  <way id="243542815">
    <nd ref="5442728195"/>
    <nd ref="5674726894"/>
    <nd ref="5674726918"/>
    <nd ref="5674726937"/>
    <nd ref="5674726926"/>
    <nd ref="5674726938"/>
    <nd ref="5674726928"/>
    <nd ref="5674726930"/>
    <nd ref="5674726932"/>
    <nd ref="5674726934"/>
    <nd ref="5442728199"/>
    <tag k="highway" v="service"/>
    <tag k="service" v="parking_aisle"/>
  </way>
  <way id="244357313">
    <nd ref="5443689174"/>
    <nd ref="2516836626"/>
    <nd ref="2516836662"/>
    <nd ref="2516836715"/>
    <nd ref="2516836762"/>
    <nd ref="2516836783"/>
    <nd ref="2516837159"/>
    <nd ref="2516837193"/>
    <nd ref="2516837204"/>
    <nd ref="5443689167"/>
    <tag k="highway" v="service"/>
    <tag k="oneway" v="yes"/>
  </way>
  <way id="244357315">
    <nd ref="2516836636"/>
    <nd ref="5201587425"/>
    <tag k="highway" v="service"/>
  </way>
  <way id="244357320">
    <nd ref="2516837034"/>
    <nd ref="5443689167"/>
    <tag k="highway" v="service"/>
  </way>
  <way id="244357327">
    <nd ref="2516837034"/>
    <nd ref="2516837009"/>
    <tag k="highway" v="service"/>
    <tag k="surface" v="paving_stones"/>
  </way>
  <way id="244357332">
    <nd ref="2516837484"/>
    <nd ref="2516837468"/>
    <nd ref="5658104122"/>
    <nd ref="2516837276"/>
    <nd ref="5443689178"/>
    <nd ref="2516837034"/>
    <tag k="highway" v="service"/>
    <tag k="oneway" v="yes"/>
  </way>
  <way id="244357333">
    <nd ref="5443689167"/>
    <nd ref="5443689184"/>
    <nd ref="2516836788"/>
    <nd ref="2516836770"/>
    <nd ref="2516836753"/>
    <nd ref="2516836740"/>
    <nd ref="2516836636"/>
    <tag k="highway" v="service"/>
    <tag k="maxweight" v="3.5"/>
  </way>
  <way id="244357334">
    <nd ref="2516837009"/>
    <nd ref="5443689185"/>
    <nd ref="5443689183"/>
    <nd ref="2516836685"/>
    <tag k="highway" v="service"/>
  </way>
  <way id="244357335">
    <nd ref="2516836811"/>
    <nd ref="5443689186"/>
    <nd ref="5658104118"/>
    <nd ref="2516836817"/>
    <nd ref="2516836891"/>
    <tag k="highway" v="service"/>
    <tag k="oneway" v="yes"/>
  </way>
  <way id="244525248">
    <nd ref="1304254098"/>
    <nd ref="5436228461"/>
    <nd ref="5858937495"/>
    <nd ref="5858937494"/>
    <nd ref="5858937496"/>
    <nd ref="1304253987"/>
    <tag k="highway" v="service"/>
    <tag k="oneway" v="no"/>
    <tag k="service" v="parking_aisle"/>
  </way>
  <way id="244525249">
    <nd ref="2518367363"/>
    <nd ref="2518367377"/>
    <nd ref="2518367379"/>
    <nd ref="3899736870"/>
    <nd ref="5909763271"/>
    <nd ref="2518367358"/>
    <nd ref="5909763272"/>
    <nd ref="5909763273"/>
    <nd ref="2256017089"/>
    <tag k="highway" v="service"/>
  </way>
  <way id="273678388">
    <nd ref="1752731215"/>
    <nd ref="9332240397"/>
    <nd ref="5646189637"/>
    <nd ref="1305377303"/>
    <nd ref="5443317375"/>
    <nd ref="1305377830"/>
    <nd ref="5443317374"/>
    <nd ref="1305377360"/>
    <nd ref="9332240398"/>
    <nd ref="2289252584"/>
    <nd ref="732237646"/>
    <tag k="highway" v="service"/>
    <tag k="name" v="Michała Bałuckiego"/>
    <tag k="oneway" v="no"/>
    <tag k="surface" v="asphalt"/>
  </way>
  <way id="273678391">
    <nd ref="5438606625"/>
    <nd ref="2785115745"/>
    <tag k="highway" v="service"/>
  </way>
  <way id="273678394">
    <nd ref="2785115777"/>
    <nd ref="2785115732"/>
    <tag k="highway" v="service"/>
  </way>
  <way id="273678395">
    <nd ref="1752731215"/>
    <nd ref="5444780591"/>
    <nd ref="5646189629"/>
    <nd ref="1752731571"/>
    <nd ref="2785115777"/>
    <nd ref="5438606625"/>
    <nd ref="2785115765"/>
    <nd ref="2785115780"/>
    <nd ref="2785115782"/>
    <tag k="highway" v="service"/>
  </way>
  <way id="273678396">
    <nd ref="2785115726"/>
    <nd ref="2785115728"/>
    <nd ref="5646189624"/>
    <nd ref="2785115729"/>
    <tag k="highway" v="service"/>
  </way>
  <way id="273678397">
    <nd ref="2785115726"/>
    <nd ref="5646189416"/>
    <nd ref="2785115741"/>
    <nd ref="5454880378"/>
    <nd ref="1305377090"/>
    <tag k="highway" v="service"/>
  </way>
  <way id="279112516">
    <nd ref="2253931830"/>
    <nd ref="8259953821"/>
    <nd ref="417963091"/>
    <nd ref="2417861313"/>
    <nd ref="2417861310"/>
    <nd ref="8259953826"/>
    <nd ref="1747626290"/>
    <tag k="highway" v="secondary"/>
    <tag k="highway:category:pl" v="2"/>
    <tag k="lanes" v="2"/>
    <tag k="name" v="Rycerska"/>
    <tag k="oneway" v="yes"/>
    <tag k="ref" v="503"/>
    <tag k="sidewalk:left" v="no"/>
    <tag k="sidewalk:right" v="separate"/>
    <tag k="surface" v="asphalt"/>
  </way>
  <way id="289912898">
    <nd ref="413342725"/>
    <nd ref="413342718"/>
    <tag k="highway" v="residential"/>
    <tag k="name" v="Świętego Ducha"/>
    <tag k="oneway" v="yes"/>
    <tag k="sidewalk:both" v="separate"/>
  </way>
  <way id="296153815">
    <nd ref="1707416360"/>
    <nd ref="2380181258"/>
    <nd ref="3899785059"/>
    <nd ref="2129341076"/>
    <nd ref="2129341081"/>
    <nd ref="2129341093"/>
    <nd ref="2129341099"/>
    <nd ref="2129341118"/>
    <nd ref="2380215819"/>
    <nd ref="2380215820"/>
    <nd ref="2129341124"/>
    <nd ref="2129341126"/>
    <nd ref="2129341128"/>
    <nd ref="2129341131"/>
    <nd ref="2129341135"/>
    <nd ref="2129341159"/>
    <nd ref="2380241195"/>
    <nd ref="2380241205"/>
    <nd ref="8259947401"/>
    <nd ref="2129341176"/>
    <tag k="highway" v="secondary"/>
    <tag k="highway:category:pl" v="2"/>
    <tag k="lanes" v="2"/>
    <tag k="name" v="Pocztowa"/>
    <tag k="oneway" v="yes"/>
    <tag k="ref" v="503"/>
    <tag k="sidewalk:left" v="no"/>
    <tag k="sidewalk:right" v="separate"/>
    <tag k="traffic_sign" v="maxspeed"/>
  </way>
  <way id="296153818">
    <nd ref="2129341072"/>
    <nd ref="1707416360"/>
    <tag k="highway" v="secondary"/>
    <tag k="highway:category:pl" v="2"/>
    <tag k="lanes" v="2"/>
    <tag k="name" v="Pocztowa"/>
    <tag k="oneway" v="yes"/>
    <tag k="ref" v="503"/>
    <tag k="sidewalk:left" v="no"/>
    <tag k="sidewalk:right" v="separate"/>
  </way>
  <way id="296153820">
    <nd ref="417969685"/>
    <nd ref="2278912643"/>
    <nd ref="3899766022"/>
    <nd ref="3899766021"/>
    <nd ref="2421609780"/>
    <nd ref="1305377452"/>
    <nd ref="2278912641"/>
    <nd ref="2380195031"/>
    <nd ref="2385616884"/>
    <nd ref="2129341055"/>
    <nd ref="13363464089"/>
    <nd ref="2136164705"/>
    <nd ref="13327974941"/>
    <nd ref="13363464088"/>
    <nd ref="2278912638"/>
    <nd ref="2134331903"/>
    <nd ref="2424617175"/>
    <nd ref="2278899205"/>
    <nd ref="2253931830"/>
    <tag k="highway" v="secondary"/>
    <tag k="highway:category:pl" v="2"/>
    <tag k="lanes" v="2"/>
    <tag k="name" v="Pocztowa"/>
    <tag k="oneway" v="yes"/>
    <tag k="ref" v="503"/>
    <tag k="sidewalk:left" v="no"/>
    <tag k="sidewalk:right" v="separate"/>
  </way>
  <way id="297335819">
    <nd ref="3012098284"/>
    <nd ref="3012098283"/>
    <nd ref="3012098282"/>
    <nd ref="3012100160"/>
    <nd ref="3736425010"/>
    <nd ref="3012100158"/>
    <nd ref="3012098281"/>
    <nd ref="11872842069"/>
    <nd ref="11872841268"/>
    <tag k="highway" v="service"/>
  </way>
  <way id="297336342">
    <nd ref="3012100160"/>
    <nd ref="3012100162"/>
    <nd ref="3012100161"/>
    <nd ref="3736424952"/>
    <nd ref="3012100159"/>
    <nd ref="3012100158"/>
    <tag k="highway" v="service"/>
    <tag k="service" v="yard"/>
  </way>
  <way id="298616153">
    <nd ref="5522542324"/>
    <nd ref="13049122301"/>
    <nd ref="13049122302"/>
    <nd ref="13049122303"/>
    <nd ref="13049122285"/>
    <nd ref="3025063310"/>
    <nd ref="13049122282"/>
    <nd ref="13049122296"/>
    <nd ref="3025063233"/>
    <nd ref="13049122280"/>
    <nd ref="3025063234"/>
    <nd ref="13049122390"/>
    <nd ref="13049122278"/>
    <nd ref="3025063235"/>
    <nd ref="13049122383"/>
    <nd ref="13049122277"/>
    <nd ref="13049122377"/>
    <nd ref="13049122275"/>
    <nd ref="3025063236"/>
    <nd ref="13049122335"/>
    <nd ref="3025063237"/>
    <nd ref="3025063238"/>
    <nd ref="3025063239"/>
    <nd ref="3025063240"/>
    <tag k="bicycle" v="yes"/>
    <tag k="foot" v="yes"/>
    <tag k="highway" v="service"/>
    <tag k="horse" v="yes"/>
    <tag k="lanes" v="2"/>
    <tag k="maxspeed" v="30"/>
    <tag k="surface" v="asphalt"/>
  </way>
  <way id="298616694">
    <nd ref="3025063311"/>
    <nd ref="13049122307"/>
    <nd ref="3025072101"/>
    <nd ref="13049122329"/>
    <nd ref="13049122331"/>
    <nd ref="4703803194"/>
    <nd ref="4703803190"/>
    <nd ref="13049122332"/>
    <nd ref="3025063313"/>
    <nd ref="3025063314"/>
    <nd ref="13049122333"/>
    <nd ref="13049122276"/>
    <nd ref="13049122334"/>
    <nd ref="3025063315"/>
    <nd ref="3025063234"/>
    <tag k="highway" v="service"/>
    <tag k="lanes" v="2"/>
    <tag k="maxspeed" v="30"/>
    <tag k="surface" v="paving_stones"/>
  </way>
  <way id="298617473">
    <nd ref="3025063311"/>
    <nd ref="13049122309"/>
    <nd ref="3025064627"/>
    <nd ref="13049122310"/>
    <nd ref="13049122312"/>
    <nd ref="13049122311"/>
    <nd ref="3025064628"/>
    <nd ref="13049122315"/>
    <nd ref="13049122313"/>
    <nd ref="13049122319"/>
    <nd ref="13049122323"/>
    <nd ref="3025064629"/>
    <tag k="highway" v="service"/>
    <tag k="lanes" v="2"/>
    <tag k="maxspeed" v="30"/>
    <tag k="surface" v="asphalt"/>
  </way>
  <way id="298617538">
    <nd ref="3025072101"/>
    <nd ref="3025072102"/>
    <tag k="highway" v="service"/>
    <tag k="lanes" v="2"/>
    <tag k="maxspeed" v="30"/>
    <tag k="surface" v="paving_stones"/>
  </way>
  <way id="298617988">
    <nd ref="3025063314"/>
    <nd ref="3025078980"/>
    <tag k="foot" v="yes"/>
    <tag k="highway" v="service"/>
    <tag k="lanes" v="2"/>
    <tag k="maxspeed" v="30"/>
    <tag k="surface" v="paving_stones"/>
  </way>
  <way id="298617989">
    <nd ref="3025078980"/>
    <nd ref="3025078981"/>
    <tag k="access" v="yes"/>
    <tag k="highway" v="service"/>
    <tag k="lanes" v="2"/>
    <tag k="maxspeed" v="20"/>
  </way>
  <way id="298618033">
    <nd ref="3025078980"/>
    <nd ref="3025080553"/>
    <nd ref="3025080554"/>
    <tag k="highway" v="service"/>
    <tag k="lanes" v="2"/>
    <tag k="maxspeed" v="30"/>
  </way>
  <way id="298744916">
    <nd ref="2381059267"/>
    <nd ref="3277671851"/>
    <nd ref="3899785060"/>
    <nd ref="5022603440"/>
    <nd ref="3277671850"/>
    <nd ref="3026618927"/>
    <tag k="highway" v="residential"/>
    <tag k="oneway" v="yes"/>
    <tag k="sidewalk:both" v="separate"/>
  </way>
  <way id="298993444">
    <nd ref="12769355420"/>
    <nd ref="12769354814"/>
    <nd ref="3029207015"/>
    <tag k="highway" v="residential"/>
    <tag k="name" v="Murarska"/>
    <tag k="oneway" v="yes"/>
  </way>
  <way id="298993737">
    <nd ref="3029207015"/>
    <nd ref="6041106014"/>
    <nd ref="12769355174"/>
    <nd ref="12769354840"/>
    <nd ref="3029207016"/>
    <nd ref="9977533425"/>
    <nd ref="5522664370"/>
    <tag k="highway" v="residential"/>
    <tag k="name" v="Murarska"/>
  </way>
  <way id="299013121">
    <nd ref="5464497304"/>
    <nd ref="4037336906"/>
    <nd ref="3899766017"/>
    <nd ref="3029448606"/>
    <tag k="highway" v="service"/>
    <tag k="name" v="Kuśnierska"/>
    <tag k="service" v="driveway"/>
    <tag k="surface" v="cobblestone"/>
  </way>
  <way id="306449182">
    <nd ref="1296875176"/>
    <nd ref="2251085638"/>
    <nd ref="2251085637"/>
    <nd ref="2251085636"/>
    <nd ref="1296875066"/>
    <tag k="highway" v="residential"/>
    <tag k="name" v="Panieńska"/>
  </way>
  <way id="306449183">
    <nd ref="1296875176"/>
    <nd ref="12772140644"/>
    <nd ref="5535691427"/>
    <nd ref="1296876046"/>
    <tag k="highway" v="service"/>
    <tag k="name" v="Panieńska"/>
  </way>
  <way id="306449184">
    <nd ref="1296875064"/>
    <nd ref="2251085645"/>
    <nd ref="2251085644"/>
    <nd ref="1562398672"/>
    <tag k="highway" v="residential"/>
    <tag k="name" v="Panieńska"/>
  </way>
  <way id="306449185">
    <nd ref="1296875647"/>
    <nd ref="12698057637"/>
    <nd ref="6125229234"/>
    <nd ref="5537749382"/>
    <nd ref="5535786918"/>
    <nd ref="1753964214"/>
    <nd ref="1753964294"/>
    <nd ref="5535786849"/>
    <nd ref="3733140293"/>
    <nd ref="1296875544"/>
    <nd ref="3733117998"/>
    <nd ref="1296875654"/>
    <tag k="highway" v="residential"/>
    <tag k="name" v="Malborska"/>
    <tag k="oneway" v="no"/>
    <tag k="sidewalk:left" v="separate"/>
    <tag k="sidewalk:right" v="no"/>
    <tag k="surface" v="asphalt"/>
  </way>
  <way id="312570106">
    <nd ref="3184410295"/>
    <nd ref="3184410294"/>
    <nd ref="5522834599"/>
    <nd ref="3184410291"/>
    <nd ref="5522834598"/>
    <nd ref="3899751982"/>
    <nd ref="1305377204"/>
    <tag k="highway" v="service"/>
    <tag k="surface" v="asphalt"/>
  </way>
  <way id="312866437">
    <nd ref="3187749288"/>
    <nd ref="5443317623"/>
    <nd ref="5658193198"/>
    <nd ref="3187749312"/>
    <nd ref="5658193199"/>
    <nd ref="3187749322"/>
    <nd ref="3187749325"/>
    <nd ref="5658193202"/>
    <nd ref="5658193201"/>
    <nd ref="5658193200"/>
    <nd ref="3187749329"/>
    <nd ref="3187749334"/>
    <tag k="highway" v="service"/>
  </way>
  <way id="312866440">
    <nd ref="5443317623"/>
    <nd ref="5658193195"/>
    <nd ref="5658193196"/>
    <nd ref="5658193197"/>
    <nd ref="5658193193"/>
    <nd ref="5658193194"/>
    <nd ref="5443337492"/>
    <nd ref="5443790311"/>
    <nd ref="3187749311"/>
    <tag k="highway" v="service"/>
  </way>
  <way id="314994753">
    <nd ref="1296875296"/>
    <nd ref="3210775947"/>
    <nd ref="3210773919"/>
    <nd ref="3210776333"/>
    <nd ref="3210775942"/>
    <nd ref="3210776198"/>
    <tag k="highway" v="service"/>
  </way>
  <way id="321053549">
    <nd ref="1304258769"/>
    <nd ref="3277671783"/>
    <nd ref="3277671784"/>
    <nd ref="3277671787"/>
    <nd ref="3277671789"/>
    <nd ref="3277671791"/>
    <nd ref="3277671790"/>
    <nd ref="3277671788"/>
    <nd ref="3277671786"/>
    <nd ref="417963091"/>
    <tag k="highway" v="secondary_link"/>
    <tag k="oneway" v="yes"/>
    <tag k="sidewalk" v="no"/>
  </way>
  <way id="323564446">
    <nd ref="5438684657"/>
    <nd ref="5438684681"/>
    <nd ref="12698883216"/>
    <nd ref="5645380151"/>
    <nd ref="5438684677"/>
    <nd ref="12698883222"/>
    <nd ref="1707370286"/>
    <tag k="highway" v="residential"/>
    <tag k="name" v="Fabryczna"/>
    <tag k="oneway" v="yes"/>
  </way>
  <way id="323564451">
    <nd ref="5438684657"/>
    <nd ref="12698883217"/>
    <nd ref="5438684683"/>
    <nd ref="5438684649"/>
    <nd ref="5438684650"/>
    <nd ref="2252582616"/>
    <nd ref="5537749140"/>
    <nd ref="2252582612"/>
    <nd ref="5438684653"/>
    <nd ref="5438684654"/>
    <nd ref="5537749328"/>
    <nd ref="5537749173"/>
    <nd ref="4884088836"/>
    <nd ref="5537749178"/>
    <nd ref="4884088834"/>
    <nd ref="2252582578"/>
    <nd ref="2252582576"/>
    <nd ref="1296875767"/>
    <nd ref="2252582572"/>
    <nd ref="1296875942"/>
    <nd ref="1296875679"/>
    <nd ref="2252582566"/>
    <nd ref="5537749421"/>
    <nd ref="12772139436"/>
    <nd ref="6125227959"/>
    <nd ref="1296875647"/>
    <tag k="highway" v="residential"/>
    <tag k="maxspeed" v="50"/>
    <tag k="name" v="Fabryczna"/>
  </way>
  <way id="323564452">
    <nd ref="1707370286"/>
    <nd ref="12698883220"/>
    <nd ref="12698883221"/>
    <nd ref="12698883228"/>
    <nd ref="5438684678"/>
    <nd ref="5645380150"/>
    <nd ref="11652205840"/>
    <nd ref="5438684657"/>
    <tag k="highway" v="residential"/>
    <tag k="maxspeed" v="50"/>
    <tag k="name" v="Fabryczna"/>
    <tag k="oneway" v="yes"/>
  </way>
  <way id="323841788">
    <nd ref="3306115268"/>
    <nd ref="8261451373"/>
    <nd ref="5613492517"/>
    <nd ref="4859937254"/>
    <nd ref="11888668995"/>
    <nd ref="1305377550"/>
    <nd ref="2254033595"/>
    <nd ref="5613492438"/>
    <nd ref="3306115281"/>
    <nd ref="5613492435"/>
    <nd ref="2254033609"/>
    <nd ref="8261451372"/>
    <nd ref="2254053946"/>
    <nd ref="8261451371"/>
    <nd ref="2254054045"/>
    <nd ref="5434993459"/>
    <nd ref="2445966772"/>
    <nd ref="12201428342"/>
    <tag k="highway" v="tertiary"/>
    <tag k="lanes" v="2"/>
    <tag k="name" v="Lotnicza"/>
    <tag k="sidewalk:both" v="separate"/>
    <tag k="surface" v="asphalt"/>
  </way>
  <way id="323841790">
    <nd ref="2256184339"/>
    <nd ref="6441738601"/>
    <nd ref="2256184300"/>
    <nd ref="5762250857"/>
    <nd ref="1296875194"/>
    <nd ref="5762251155"/>
    <nd ref="1296874914"/>
    <tag k="highway" v="residential"/>
    <tag k="name" v="Lotnicza"/>
    <tag k="oneway" v="yes"/>
    <tag k="sidewalk:left" v="no"/>
    <tag k="sidewalk:right" v="separate"/>
  </way>
  <way id="323841793">
    <nd ref="3306115286"/>
    <nd ref="1296875448"/>
    <nd ref="5628420248"/>
    <nd ref="1758545742"/>
    <nd ref="1296875597"/>
    <nd ref="5435453798"/>
    <nd ref="1758174993"/>
    <nd ref="5435344545"/>
    <nd ref="5554526028"/>
    <nd ref="5435344536"/>
    <nd ref="5435344534"/>
    <nd ref="5554526023"/>
    <nd ref="5435344544"/>
    <nd ref="5554526025"/>
    <nd ref="6474801279"/>
    <nd ref="1758335679"/>
    <nd ref="5628420336"/>
    <nd ref="5495947454"/>
    <tag k="highway" v="residential"/>
    <tag k="lanes" v="2"/>
    <tag k="name" v="Skrzydlata"/>
    <tag k="sidewalk:both" v="separate"/>
    <tag k="smoothness" v="good"/>
    <tag k="surface" v="asphalt"/>
  </way>
  <way id="323841794">
    <nd ref="5137128233"/>
    <nd ref="8574234069"/>
    <nd ref="5762250570"/>
    <nd ref="6441738587"/>
    <nd ref="3306115290"/>
    <nd ref="5137128197"/>
    <nd ref="3306115291"/>
    <nd ref="6441738595"/>
    <nd ref="5762250571"/>
    <nd ref="6441738597"/>
    <nd ref="2256184339"/>
    <tag k="highway" v="residential"/>
    <tag k="name" v="Lotnicza"/>
    <tag k="oneway" v="yes"/>
    <tag k="sidewalk:left" v="no"/>
    <tag k="sidewalk:right" v="separate"/>
  </way>
  <way id="324002838">
    <nd ref="5909867088"/>
    <nd ref="5909867087"/>
    <nd ref="5909867099"/>
    <nd ref="5909867100"/>
    <nd ref="5909867103"/>
    <nd ref="3307640366"/>
    <nd ref="2414221914"/>
    <nd ref="2414221993"/>
    <nd ref="2414221990"/>
    <nd ref="5909867101"/>
    <nd ref="2424657544"/>
    <nd ref="3562089813"/>
    <nd ref="2414221991"/>
    <tag k="highway" v="service"/>
    <tag k="service" v="parking_aisle"/>
  </way>
  <way id="342541219">
    <nd ref="3495268334"/>
    <nd ref="421316827"/>
    <nd ref="5696555936"/>
    <nd ref="3734055285"/>
    <nd ref="3734055283"/>
    <nd ref="2509333333"/>
    <nd ref="2509333335"/>
    <tag k="highway" v="service"/>
    <tag k="surface" v="sett"/>
  </way>
  <way id="342541227">
    <nd ref="1296875078"/>
    <nd ref="3495193626"/>
    <tag k="highway" v="secondary"/>
    <tag k="highway:category:pl" v="2"/>
    <tag k="maxspeed" v="50"/>
    <tag k="name" v="Warszawska"/>
    <tag k="oneway" v="yes"/>
    <tag k="ref" v="500"/>
    <tag k="sidewalk:left" v="no"/>
    <tag k="sidewalk:right" v="separate"/>
  </way>
  <way id="342541229">
    <nd ref="417962777"/>
    <nd ref="2247066355"/>
    <nd ref="3495193636"/>
    <nd ref="3495193637"/>
    <nd ref="3495193638"/>
    <nd ref="11577363880"/>
    <nd ref="5471315639"/>
    <nd ref="3495193641"/>
    <tag k="highway" v="secondary"/>
    <tag k="highway:category:pl" v="2"/>
    <tag k="lanes" v="2"/>
    <tag k="maxspeed" v="50"/>
    <tag k="name" v="Warszawska"/>
    <tag k="oneway" v="yes"/>
    <tag k="ref" v="500"/>
    <tag k="sidewalk:left" v="no"/>
    <tag k="sidewalk:right" v="separate"/>
    <tag k="turn:lanes" v="left|through"/>
  </way>
  <way id="342541231">
    <nd ref="1305377458"/>
    <nd ref="3621017376"/>
    <nd ref="5471315638"/>
    <nd ref="3495193628"/>
    <tag k="highway" v="tertiary"/>
    <tag k="lanes" v="2"/>
    <tag k="maxspeed" v="50"/>
    <tag k="name" v="Warszawska"/>
    <tag k="oneway" v="yes"/>
    <tag k="sidewalk:left" v="no"/>
    <tag k="sidewalk:right" v="separate"/>
    <tag k="turn:lanes" v="left|right"/>
  </way>
  <way id="342541233">
    <nd ref="3495193626"/>
    <nd ref="3495193649"/>
    <tag k="highway" v="tertiary"/>
    <tag k="lanes" v="1"/>
    <tag k="maxspeed" v="50"/>
    <tag k="name" v="Warszawska"/>
    <tag k="oneway" v="yes"/>
    <tag k="sidewalk:left" v="no"/>
    <tag k="sidewalk:right" v="separate"/>
  </way>
  <way id="342541239">
    <nd ref="1296875647"/>
    <nd ref="6125227957"/>
    <nd ref="2445999515"/>
    <nd ref="1296875978"/>
    <tag k="highway" v="residential"/>
    <tag k="maxspeed" v="50"/>
    <tag k="name" v="Malborska"/>
    <tag k="oneway" v="no"/>
  </way>
  <way id="342550390">
    <nd ref="3495268342"/>
    <nd ref="5471048025"/>
    <nd ref="3495268340"/>
    <nd ref="3495268338"/>
    <nd ref="2516835319"/>
    <tag k="highway" v="residential"/>
    <tag k="lanes" v="3"/>
    <tag k="lanes:backward" v="2"/>
    <tag k="lanes:forward" v="1"/>
    <tag k="lit" v="yes"/>
    <tag k="maxspeed:type" v="PL:urban"/>
    <tag k="name" v="Plac Dworcowy"/>
    <tag k="surface" v="asphalt"/>
    <tag k="turn:lanes:backward" v="left|through;right"/>
  </way>
  <way id="342550392">
    <nd ref="2516835319"/>
    <nd ref="1707505448"/>
    <nd ref="5471018300"/>
    <nd ref="5471018284"/>
    <nd ref="5471018285"/>
    <nd ref="5471018310"/>
    <nd ref="2516835356"/>
    <nd ref="9936829173"/>
    <tag k="highway" v="residential"/>
    <tag k="lit" v="yes"/>
    <tag k="maxspeed:type" v="PL:urban"/>
    <tag k="name" v="Plac Dworcowy"/>
    <tag k="surface" v="asphalt"/>
  </way>
  <way id="350200388">
    <nd ref="5458609350"/>
    <nd ref="5909903769"/>
    <nd ref="3559451320"/>
    <nd ref="5909903779"/>
    <nd ref="5909903778"/>
    <nd ref="5909903782"/>
    <nd ref="5909903783"/>
    <nd ref="5458609353"/>
    <tag k="highway" v="service"/>
    <tag k="service" v="driveway"/>
  </way>
  <way id="350200389">
    <nd ref="3559451513"/>
    <nd ref="5909903736"/>
    <nd ref="3559451512"/>
    <tag k="highway" v="service"/>
    <tag k="service" v="parking_aisle"/>
  </way>
  <way id="351713476">
    <nd ref="5440968643"/>
    <nd ref="5643689187"/>
    <nd ref="5440968644"/>
    <nd ref="5440968640"/>
    <nd ref="5440968645"/>
    <nd ref="5440968646"/>
    <nd ref="5440968639"/>
    <nd ref="5440968642"/>
    <nd ref="5440968641"/>
    <nd ref="1304261352"/>
    <tag k="highway" v="service"/>
    <tag k="name" v="Chmurna"/>
  </way>
  <way id="351713477">
    <nd ref="1304261352"/>
    <nd ref="3575437237"/>
    <nd ref="5643682392"/>
    <nd ref="5643682393"/>
    <nd ref="5440968647"/>
    <tag k="highway" v="service"/>
    <tag k="lanes" v="1"/>
    <tag k="lit" v="yes"/>
    <tag k="maxspeed" v="20"/>
    <tag k="name" v="Chmurna"/>
    <tag k="oneway" v="yes"/>
    <tag k="sidewalk" v="left"/>
  </way>
  <way id="356688132">
    <nd ref="1747626290"/>
    <nd ref="2417861307"/>
    <nd ref="2417861308"/>
    <nd ref="2417861311"/>
    <nd ref="2417861312"/>
    <nd ref="3899766009"/>
    <nd ref="1304258769"/>
    <nd ref="2380195004"/>
    <tag k="highway" v="secondary"/>
    <tag k="highway:category:pl" v="2"/>
    <tag k="lanes" v="2"/>
    <tag k="name" v="Rycerska"/>
    <tag k="oneway" v="yes"/>
    <tag k="ref" v="503"/>
    <tag k="sidewalk:left" v="no"/>
    <tag k="sidewalk:right" v="separate"/>
  </way>
  <way id="356688153">
    <nd ref="3495193628"/>
    <nd ref="3495193649"/>
    <tag k="highway" v="tertiary"/>
    <tag k="maxspeed" v="50"/>
    <tag k="name" v="Warszawska"/>
    <tag k="oneway" v="yes"/>
    <tag k="sidewalk" v="no"/>
  </way>
  <way id="369865492">
    <nd ref="3736109373"/>
    <nd ref="3736109063"/>
    <nd ref="3736109084"/>
    <nd ref="3736109770"/>
    <nd ref="3736109576"/>
    <tag k="highway" v="service"/>
  </way>
  <way id="369865493">
    <nd ref="3736109623"/>
    <nd ref="3736109098"/>
    <nd ref="10846820535"/>
    <nd ref="3736108977"/>
    <nd ref="3736109406"/>
    <nd ref="3736109051"/>
    <nd ref="3736109110"/>
    <nd ref="3736109122"/>
    <tag k="highway" v="service"/>
  </way>
  <way id="369904886">
    <nd ref="3736426164"/>
    <nd ref="3736426030"/>
    <tag k="highway" v="service"/>
  </way>
  <way id="369904941">
    <nd ref="3736426060"/>
    <nd ref="3736426194"/>
    <nd ref="9812388631"/>
    <nd ref="3736426164"/>
    <nd ref="3736426152"/>
    <nd ref="3736424939"/>
    <nd ref="3736426030"/>
    <nd ref="3736426060"/>
    <nd ref="3736426032"/>
    <nd ref="3899739896"/>
    <nd ref="3736426159"/>
    <tag k="highway" v="service"/>
  </way>
  <way id="369904943">
    <nd ref="3736425010"/>
    <nd ref="3736424952"/>
    <tag k="highway" v="service"/>
  </way>
  <way id="370284797">
    <nd ref="3739965547"/>
    <nd ref="3739965786"/>
    <nd ref="3739965787"/>
    <nd ref="3739954875"/>
    <nd ref="3739954874"/>
    <nd ref="3739954847"/>
    <nd ref="3899739894"/>
    <nd ref="3739954863"/>
    <tag k="highway" v="service"/>
  </way>
  <way id="370284799">
    <nd ref="3739954896"/>
    <nd ref="3739954874"/>
    <tag k="highway" v="service"/>
  </way>
  <way id="370285993">
    <nd ref="3739965760"/>
    <nd ref="3739954875"/>
    <tag k="highway" v="service"/>
  </way>
  <way id="370285999">
    <nd ref="3739965602"/>
    <nd ref="3739965583"/>
    <nd ref="9865409473"/>
    <nd ref="417962777"/>
    <tag k="highway" v="service"/>
  </way>
  <way id="370288236">
    <nd ref="3739984974"/>
    <nd ref="3739984248"/>
    <tag k="highway" v="service"/>
  </way>
  <way id="370288240">
    <nd ref="3739984937"/>
    <nd ref="3739984987"/>
    <nd ref="3739984967"/>
    <nd ref="3739984311"/>
    <nd ref="3739984981"/>
    <tag k="highway" v="service"/>
  </way>
  <way id="370288251">
    <nd ref="3739984984"/>
    <nd ref="3739984248"/>
    <nd ref="3739984983"/>
    <nd ref="3739984315"/>
    <nd ref="3739984259"/>
    <nd ref="3739984987"/>
    <nd ref="3739984984"/>
    <tag k="highway" v="service"/>
  </way>
  <way id="370288260">
    <nd ref="3739984936"/>
    <nd ref="3739984968"/>
    <tag k="highway" v="service"/>
  </way>
  <way id="370288262">
    <nd ref="1305377442"/>
    <nd ref="10029622304"/>
    <nd ref="3739984236"/>
    <tag k="highway" v="service"/>
  </way>
  <way id="370432184">
    <nd ref="3741317647"/>
    <nd ref="1305377029"/>
    <tag k="bridge" v="yes"/>
    <tag k="highway" v="tertiary"/>
    <tag k="layer" v="1"/>
    <tag k="name" v="Warszawska"/>
    <tag k="sidewalk:left" v="no"/>
    <tag k="sidewalk:right" v="separate"/>
  </way>
  <way id="370432186">
    <nd ref="3741317651"/>
    <nd ref="3741368987"/>
    <nd ref="3741369012"/>
    <nd ref="3741369125"/>
    <nd ref="3741369008"/>
    <nd ref="13718296038"/>
    <nd ref="13068439426"/>
    <nd ref="2337328575"/>
    <nd ref="2337328576"/>
    <nd ref="417962892"/>
    <nd ref="417962893"/>
    <nd ref="13068439433"/>
    <nd ref="1305377341"/>
    <nd ref="13718296034"/>
    <nd ref="1305377071"/>
    <nd ref="12241928491"/>
    <nd ref="3741553461"/>
    <nd ref="3741422994"/>
    <nd ref="418214101"/>
    <nd ref="10638418986"/>
    <nd ref="418214924"/>
    <tag k="highway" v="tertiary"/>
    <tag k="name" v="Warszawska"/>
    <tag k="sidewalk:both" v="separate"/>
  </way>
  <way id="370432187">
    <nd ref="3741317648"/>
    <nd ref="3741317651"/>
    <tag k="bridge" v="yes"/>
    <tag k="highway" v="tertiary"/>
    <tag k="layer" v="1"/>
    <tag k="name" v="Warszawska"/>
    <tag k="sidewalk:both" v="separate"/>
  </way>
  <way id="370436849">
    <nd ref="3741369125"/>
    <nd ref="11123827475"/>
    <nd ref="3741369193"/>
    <nd ref="3741368975"/>
    <tag k="highway" v="service"/>
  </way>
  <way id="370436851">
    <nd ref="3741368972"/>
    <nd ref="3741368994"/>
    <nd ref="3741369009"/>
    <nd ref="3741368965"/>
    <nd ref="3741369167"/>
    <nd ref="3741369020"/>
    <nd ref="3741369154"/>
    <nd ref="3741369217"/>
    <nd ref="3741369152"/>
    <nd ref="3741369153"/>
    <nd ref="3741369161"/>
    <nd ref="3741369016"/>
    <nd ref="12747711167"/>
    <nd ref="12747711177"/>
    <nd ref="3741368972"/>
    <nd ref="3741369193"/>
    <tag k="highway" v="service"/>
  </way>
  <way id="370436877">
    <nd ref="13540607699"/>
    <nd ref="13540607693"/>
    <nd ref="13540607694"/>
    <nd ref="13540607695"/>
    <nd ref="13540607696"/>
    <nd ref="13540607697"/>
    <nd ref="13540472329"/>
    <nd ref="3741369158"/>
    <nd ref="13540607686"/>
    <nd ref="13540472333"/>
    <nd ref="3741369184"/>
    <nd ref="3741369003"/>
    <nd ref="3741369001"/>
    <nd ref="3741368957"/>
    <nd ref="3741368977"/>
    <nd ref="3790078482"/>
    <nd ref="9812388694"/>
    <nd ref="3741369008"/>
    <tag k="highway" v="service"/>
  </way>
  <way id="370443068">
    <nd ref="3741422994"/>
    <nd ref="12772139912"/>
    <nd ref="3741422980"/>
    <tag k="highway" v="service"/>
    <tag k="surface" v="sett"/>
  </way>
  <way id="370457851">
    <nd ref="3741552189"/>
    <nd ref="12772139913"/>
    <nd ref="3741553461"/>
    <tag k="highway" v="service"/>
  </way>
  <way id="374692810">
    <nd ref="3780748364"/>
    <nd ref="3899751991"/>
    <nd ref="3780745485"/>
    <nd ref="3780745550"/>
    <nd ref="3780745515"/>
    <nd ref="3780745511"/>
    <nd ref="3780745507"/>
    <nd ref="3780748362"/>
    <nd ref="3780748369"/>
    <nd ref="3780748357"/>
    <nd ref="3780745556"/>
    <nd ref="3899751990"/>
    <nd ref="3780745517"/>
    <tag k="highway" v="service"/>
  </way>
  <way id="374692815">
    <nd ref="3780745518"/>
    <nd ref="3780748370"/>
    <nd ref="3899751987"/>
    <nd ref="3780745508"/>
    <tag k="highway" v="service"/>
  </way>
  <way id="374692818">
    <nd ref="3780745505"/>
    <nd ref="3780745553"/>
    <nd ref="3780742412"/>
    <nd ref="1305377116"/>
    <tag k="highway" v="service"/>
  </way>
  <way id="374692821">
    <nd ref="3780745482"/>
    <nd ref="3899751988"/>
    <nd ref="3780745514"/>
    <tag k="highway" v="service"/>
  </way>
  <way id="374692823">
    <nd ref="3780745490"/>
    <nd ref="3780745515"/>
    <tag k="highway" v="service"/>
  </way>
  <way id="374797702">
    <nd ref="3781772770"/>
    <nd ref="3781771653"/>
    <nd ref="3781772979"/>
    <tag k="highway" v="service"/>
  </way>
  <way id="375253753">
    <nd ref="733863488"/>
    <nd ref="5137128029"/>
    <nd ref="5964728202"/>
    <nd ref="5964728428"/>
    <nd ref="12698849786"/>
    <nd ref="5137128262"/>
    <nd ref="5137128261"/>
    <nd ref="5137128260"/>
    <tag k="highway" v="tertiary"/>
    <tag k="lanes" v="2"/>
    <tag k="lit" v="yes"/>
    <tag k="maxspeed" v="50"/>
    <tag k="name" v="Lotnicza"/>
    <tag k="oneway" v="yes"/>
    <tag k="sidewalk:left" v="no"/>
    <tag k="sidewalk:right" v="separate"/>
    <tag k="smoothness" v="excellent"/>
    <tag k="source:maxspeed" v="PL:urban"/>
    <tag k="surface" v="asphalt"/>
    <tag k="turn:lanes" v="left|right"/>
  </way>
  <way id="375408848">
    <nd ref="6082932498"/>
    <nd ref="5658104088"/>
    <nd ref="5660495719"/>
    <nd ref="1305377836"/>
    <nd ref="5660495717"/>
    <nd ref="5659004147"/>
    <nd ref="5658020130"/>
    <nd ref="5658020129"/>
    <nd ref="5658020104"/>
    <nd ref="5478654414"/>
    <nd ref="5478654418"/>
    <nd ref="5653776406"/>
    <nd ref="5653776413"/>
    <nd ref="1778863218"/>
    <nd ref="1305377544"/>
    <nd ref="5478654408"/>
    <nd ref="316655160"/>
    <tag k="highway" v="tertiary"/>
    <tag k="name" v="Adama Mickiewicza"/>
    <tag k="sidewalk:both" v="separate"/>
    <tag k="surface" v="asphalt"/>
  </way>
  <way id="375658738">
    <nd ref="3495193641"/>
    <nd ref="9865409472"/>
    <nd ref="3495193642"/>
    <nd ref="1296875078"/>
    <tag k="highway" v="secondary"/>
    <tag k="highway:category:pl" v="2"/>
    <tag k="maxspeed" v="50"/>
    <tag k="name" v="Warszawska"/>
    <tag k="oneway" v="yes"/>
    <tag k="ref" v="500"/>
    <tag k="sidewalk:left" v="no"/>
    <tag k="sidewalk:right" v="separate"/>
  </way>
  <way id="375658739">
    <nd ref="3495193626"/>
    <nd ref="3495193628"/>
    <nd ref="5471315648"/>
    <nd ref="5471315641"/>
    <nd ref="5471315642"/>
    <nd ref="3495193629"/>
    <nd ref="3495193630"/>
    <nd ref="3495193631"/>
    <nd ref="3495193632"/>
    <nd ref="3495193633"/>
    <nd ref="3495193634"/>
    <nd ref="417962777"/>
    <tag k="highway" v="secondary"/>
    <tag k="highway:category:pl" v="2"/>
    <tag k="lanes" v="1"/>
    <tag k="maxspeed" v="50"/>
    <tag k="name" v="Warszawska"/>
    <tag k="oneway" v="yes"/>
    <tag k="ref" v="500"/>
    <tag k="sidewalk:left" v="no"/>
    <tag k="sidewalk:right" v="separate"/>
  </way>
  <way id="375661612">
    <nd ref="3495193649"/>
    <nd ref="3495193650"/>
    <nd ref="1305377458"/>
    <tag k="highway" v="tertiary"/>
    <tag k="lanes" v="1"/>
    <tag k="maxspeed" v="50"/>
    <tag k="name" v="Warszawska"/>
    <tag k="oneway" v="yes"/>
    <tag k="sidewalk:left" v="no"/>
    <tag k="sidewalk:right" v="separate"/>
  </way>
  <way id="376378621">
    <nd ref="1304253987"/>
    <nd ref="5436228482"/>
    <nd ref="5436228459"/>
    <nd ref="5858937200"/>
    <nd ref="5436144660"/>
    <nd ref="5436228469"/>
    <nd ref="5858937259"/>
    <nd ref="5436144624"/>
    <nd ref="1304254032"/>
    <nd ref="5436144625"/>
    <nd ref="5436144623"/>
    <nd ref="5855541938"/>
    <nd ref="5086257670"/>
    <tag k="highway" v="residential"/>
    <tag k="maxweight" v="3.5"/>
    <tag k="name" v="Wojciecha Zajchowskiego"/>
    <tag k="oneway" v="yes"/>
  </way>
  <way id="376871415">
    <nd ref="1296875958"/>
    <nd ref="5535723521"/>
    <nd ref="5535723522"/>
    <nd ref="1296876046"/>
    <nd ref="5535691463"/>
    <nd ref="12772140652"/>
    <nd ref="5535691465"/>
    <nd ref="5535691464"/>
    <nd ref="1296875868"/>
    <tag k="highway" v="residential"/>
    <tag k="name" v="Rybna"/>
  </way>
  <way id="387688313">
    <nd ref="2254851447"/>
    <nd ref="5833997745"/>
    <nd ref="11826357598"/>
    <nd ref="730911558"/>
    <nd ref="1833078460"/>
    <nd ref="11826357610"/>
    <nd ref="1747753065"/>
    <nd ref="11826357608"/>
    <nd ref="8261904509"/>
    <nd ref="8261904508"/>
    <nd ref="8261904507"/>
    <nd ref="8261904506"/>
    <nd ref="8261904505"/>
    <nd ref="8261904504"/>
    <nd ref="8261904503"/>
    <nd ref="8261904502"/>
    <nd ref="8261904501"/>
    <nd ref="1713057415"/>
    <nd ref="5825713552"/>
    <nd ref="2406689249"/>
    <nd ref="2509779251"/>
    <nd ref="2406689244"/>
    <nd ref="5825713551"/>
    <nd ref="8261904500"/>
    <nd ref="2406689255"/>
    <nd ref="8261904499"/>
    <nd ref="2127879890"/>
    <nd ref="5448495838"/>
    <nd ref="5448495837"/>
    <nd ref="5448495836"/>
    <nd ref="5448495839"/>
    <nd ref="5448495835"/>
    <nd ref="5448495834"/>
    <nd ref="5448495840"/>
    <nd ref="3491019703"/>
    <nd ref="2127879878"/>
    <nd ref="2283486465"/>
    <nd ref="9200883383"/>
    <nd ref="3491019698"/>
    <nd ref="1296875956"/>
    <tag k="highway" v="secondary"/>
    <tag k="highway:category:pl" v="2"/>
    <tag k="lanes" v="4"/>
    <tag k="name" v="12 Lutego"/>
    <tag k="oneway" v="yes"/>
    <tag k="ref" v="504"/>
    <tag k="sidewalk:left" v="no"/>
    <tag k="sidewalk:right" v="separate"/>
    <tag k="surface" v="asphalt"/>
    <tag k="turn:lanes" v="left;reverse|through|through|right"/>
  </way>
  <way id="387688316">
    <nd ref="2129341072"/>
    <nd ref="3899766024"/>
    <nd ref="2129202171"/>
    <nd ref="2129202167"/>
    <nd ref="2127879839"/>
    <nd ref="2129202166"/>
    <nd ref="2509779041"/>
    <nd ref="2127879819"/>
    <nd ref="9200883386"/>
    <nd ref="3899736865"/>
    <nd ref="2127879813"/>
    <tag k="highway" v="tertiary"/>
    <tag k="lanes" v="4"/>
    <tag k="maxspeed" v="50"/>
    <tag k="name" v="Aleja Armii Krajowej"/>
    <tag k="oneway" v="yes"/>
    <tag k="sidewalk:left" v="no"/>
    <tag k="sidewalk:right" v="separate"/>
    <tag k="surface" v="asphalt"/>
    <tag k="turn:lanes" v="left|through|through|right"/>
  </way>
  <way id="387688320">
    <nd ref="2127879807"/>
    <nd ref="5652093008"/>
    <nd ref="2127879803"/>
    <nd ref="8261451331"/>
    <nd ref="8261451330"/>
    <nd ref="8261451329"/>
    <nd ref="1304254072"/>
    <nd ref="5297141910"/>
    <nd ref="3350719096"/>
    <nd ref="443694499"/>
    <nd ref="5448495832"/>
    <nd ref="1304253989"/>
    <nd ref="8261451322"/>
    <nd ref="1376728271"/>
    <nd ref="2255593346"/>
    <nd ref="8168817412"/>
    <nd ref="3350716709"/>
    <nd ref="443694503"/>
    <tag k="highway" v="tertiary"/>
    <tag k="lanes" v="4"/>
    <tag k="name" v="Generała Stefana Grota-Roweckiego"/>
    <tag k="oneway" v="yes"/>
    <tag k="sidewalk:both" v="separate"/>
    <tag k="surface" v="asphalt"/>
    <tag k="turn:lanes" v="left;reverse|through|through|right"/>
  </way>
  <way id="390438898">
    <nd ref="2518367387"/>
    <nd ref="5909796841"/>
    <nd ref="3935927070"/>
    <nd ref="3935927376"/>
    <tag k="highway" v="service"/>
    <tag k="service" v="parking_aisle"/>
  </way>
  <way id="427830917">
    <nd ref="5909763405"/>
    <nd ref="5909763270"/>
    <nd ref="5909763269"/>
    <nd ref="5909763268"/>
    <nd ref="5909763267"/>
    <nd ref="5909763266"/>
    <nd ref="5909763265"/>
    <nd ref="5909763264"/>
    <nd ref="5909763263"/>
    <nd ref="2256017089"/>
    <nd ref="3935931278"/>
    <nd ref="5909975457"/>
    <nd ref="2518367313"/>
    <tag k="highway" v="service"/>
    <tag k="name" v="Oliwska"/>
  </way>
  <way id="427830918">
    <nd ref="5909763263"/>
    <nd ref="2256017091"/>
    <tag k="highway" v="service"/>
    <tag k="service" v="parking_aisle"/>
  </way>
  <way id="428101865">
    <nd ref="5442728195"/>
    <nd ref="11577392540"/>
    <nd ref="1305377269"/>
    <nd ref="5660248317"/>
    <nd ref="5674726846"/>
    <nd ref="5660248316"/>
    <nd ref="5660248307"/>
    <nd ref="1305377238"/>
    <nd ref="5659004327"/>
    <nd ref="5674726856"/>
    <nd ref="5659004211"/>
    <nd ref="5659004326"/>
    <tag k="highway" v="residential"/>
    <tag k="name" v="Stefana Żeromskiego"/>
    <tag k="sidewalk:both" v="separate"/>
  </way>
  <way id="428695007">
    <nd ref="413342718"/>
    <nd ref="2281058939"/>
    <nd ref="3186777501"/>
    <nd ref="2134984377"/>
    <nd ref="2281058938"/>
    <nd ref="2278912619"/>
    <nd ref="2281058936"/>
    <nd ref="12769344881"/>
    <nd ref="2278912618"/>
    <nd ref="2278912617"/>
    <nd ref="1296875634"/>
    <nd ref="11277151623"/>
    <nd ref="2278912616"/>
    <nd ref="1296875974"/>
    <tag k="highway" v="residential"/>
    <tag k="lane_markings" v="no"/>
    <tag k="name" v="Bulwar Zygmunta Augusta"/>
    <tag k="oneway" v="yes"/>
    <tag k="sidewalk:left" v="no"/>
    <tag k="sidewalk:right" v="separate"/>
    <tag k="surface" v="paving_stones"/>
  </way>
  <way id="434752232">
    <nd ref="4326898665"/>
    <nd ref="4326898662"/>
    <tag k="access" v="no"/>
    <tag k="highway" v="service"/>
  </way>
  <way id="434752236">
    <nd ref="1562398464"/>
    <nd ref="4326898665"/>
    <nd ref="4326898666"/>
    <tag k="access" v="no"/>
    <tag k="highway" v="service"/>
  </way>
  <way id="434752238">
    <nd ref="4326898662"/>
    <nd ref="4326898648"/>
    <nd ref="4326898647"/>
    <nd ref="11156243951"/>
    <nd ref="4326898643"/>
    <tag k="access" v="no"/>
    <tag k="highway" v="service"/>
  </way>
  <way id="445812832">
    <nd ref="1304254072"/>
    <nd ref="5645750299"/>
    <nd ref="5437461123"/>
    <nd ref="5438017889"/>
    <nd ref="5441964841"/>
    <nd ref="5437981170"/>
    <tag k="highway" v="service"/>
    <tag k="service" v="parking_aisle"/>
  </way>
  <way id="463115501">
    <nd ref="4584261759"/>
    <nd ref="5938649236"/>
    <nd ref="4584261773"/>
    <nd ref="5938649233"/>
    <nd ref="5938649234"/>
    <nd ref="4584261683"/>
    <nd ref="5923999281"/>
    <nd ref="4584261796"/>
    <tag k="highway" v="service"/>
  </way>
  <way id="463115507">
    <nd ref="4584261753"/>
    <nd ref="5938672917"/>
    <nd ref="4584261726"/>
    <tag k="highway" v="service"/>
  </way>
  <way id="476960451">
    <nd ref="3025072102"/>
    <nd ref="4703803195"/>
    <nd ref="4703803192"/>
    <nd ref="3025063234"/>
    <tag k="highway" v="service"/>
  </way>
  <way id="481269471">
    <nd ref="2281079679"/>
    <nd ref="5522683481"/>
    <nd ref="4742041873"/>
    <nd ref="12593827845"/>
    <nd ref="4742041932"/>
    <tag k="highway" v="service"/>
    <tag k="surface" v="asphalt"/>
  </way>
  <way id="481269478">
    <nd ref="5471801788"/>
    <nd ref="4742040818"/>
    <nd ref="4431610159"/>
    <nd ref="5438531323"/>
    <nd ref="4742041930"/>
    <nd ref="10124758535"/>
    <nd ref="12785304321"/>
    <nd ref="10124758594"/>
    <nd ref="13450384505"/>
    <nd ref="4742041956"/>
    <tag k="highway" v="service"/>
  </way>
  <way id="481269486">
    <nd ref="4742041956"/>
    <nd ref="10124758544"/>
    <nd ref="10124758543"/>
    <nd ref="10124758542"/>
    <nd ref="10124758533"/>
    <nd ref="5438531340"/>
    <tag k="highway" v="service"/>
  </way>
  <way id="494207397">
    <nd ref="11649190872"/>
    <nd ref="4859937255"/>
    <nd ref="4859937256"/>
    <nd ref="5628573713"/>
    <nd ref="4859937257"/>
    <nd ref="5628573613"/>
    <nd ref="5628573551"/>
    <nd ref="4859937258"/>
    <nd ref="4859937259"/>
    <nd ref="5628573467"/>
    <nd ref="5628573468"/>
    <nd ref="5628573469"/>
    <nd ref="5628573470"/>
    <nd ref="5628573471"/>
    <nd ref="5628573472"/>
    <nd ref="5628573473"/>
    <nd ref="5628573474"/>
    <nd ref="5628573475"/>
    <nd ref="5628573476"/>
    <nd ref="5628573477"/>
    <nd ref="5628573478"/>
    <nd ref="5628573479"/>
    <nd ref="5628573480"/>
    <nd ref="5628573481"/>
    <nd ref="5628573482"/>
    <nd ref="5628573483"/>
    <nd ref="5628573484"/>
    <nd ref="5628573485"/>
    <nd ref="5628573486"/>
    <nd ref="5628573487"/>
    <nd ref="5628573488"/>
    <nd ref="5628573489"/>
    <nd ref="5628573490"/>
    <nd ref="5628573491"/>
    <tag k="highway" v="service"/>
    <tag k="surface" v="concrete:plates"/>
  </way>
  <way id="494207398">
    <nd ref="4859937257"/>
    <nd ref="5628573612"/>
    <nd ref="4859937260"/>
    <nd ref="4859937262"/>
    <tag k="highway" v="service"/>
    <tag k="surface" v="concrete:plates"/>
  </way>
  <way id="494207399">
    <nd ref="4859937260"/>
    <nd ref="4859937263"/>
    <tag k="highway" v="service"/>
    <tag k="surface" v="concrete:plates"/>
  </way>
  <way id="513982073">
    <nd ref="2355701292"/>
    <nd ref="5454822551"/>
    <nd ref="2381068597"/>
    <nd ref="2381068596"/>
    <nd ref="2381068595"/>
    <nd ref="2355701276"/>
    <nd ref="2381068594"/>
    <nd ref="2355701284"/>
    <nd ref="10731022534"/>
    <nd ref="2381059330"/>
    <nd ref="2381059328"/>
    <nd ref="2355701282"/>
    <nd ref="2381059324"/>
    <nd ref="2381059322"/>
    <nd ref="13068439434"/>
    <nd ref="2381059319"/>
    <nd ref="2381059315"/>
    <nd ref="2355701288"/>
    <nd ref="2355701279"/>
    <nd ref="2355701290"/>
    <nd ref="2381059303"/>
    <tag k="access" v="yes"/>
    <tag k="bicycle" v="no"/>
    <tag k="foot" v="no"/>
    <tag k="gauge" v="1435"/>
    <tag k="highway" v="residential"/>
    <tag k="maxspeed" v="50"/>
    <tag k="name" v="Skwer Ofiar Sprawy Elbląskiej"/>
    <tag k="oneway" v="no"/>
    <tag k="railway" v="razed"/>
    <tag k="sidewalk:both" v="separate"/>
    <tag k="teryt:name" v="ul. Skwer Ofiar Sprawy Elbląskiej"/>
    <tag k="usage" v="branch"/>
  </way>
  <way id="520277448">
    <nd ref="6690582731"/>
    <nd ref="8259953833"/>
    <nd ref="2424616814"/>
    <nd ref="8957589982"/>
    <nd ref="3736426159"/>
    <nd ref="417962777"/>
    <tag k="highway" v="secondary"/>
    <tag k="highway:category:pl" v="2"/>
    <tag k="lanes" v="2"/>
    <tag k="name" v="Warszawska"/>
    <tag k="ref" v="500"/>
    <tag k="sidewalk:both" v="separate"/>
  </way>
  <way id="528671833">
    <nd ref="5137127954"/>
    <nd ref="5137128245"/>
    <nd ref="5137128255"/>
    <tag k="bridge" v="viaduct"/>
    <tag k="embankment" v="yes"/>
    <tag k="highway" v="tertiary"/>
    <tag k="layer" v="1"/>
    <tag k="name" v="Lotnicza"/>
    <tag k="oneway" v="yes"/>
    <tag k="sidewalk:left" v="no"/>
    <tag k="sidewalk:right" v="separate"/>
  </way>
  <way id="528671834">
    <nd ref="5137128255"/>
    <nd ref="5137128044"/>
    <nd ref="5137128043"/>
    <nd ref="5137128040"/>
    <tag k="bridge" v="viaduct"/>
    <tag k="embankment" v="yes"/>
    <tag k="highway" v="tertiary"/>
    <tag k="layer" v="1"/>
    <tag k="name" v="Lotnicza"/>
    <tag k="oneway" v="yes"/>
    <tag k="sidewalk:left" v="no"/>
    <tag k="sidewalk:right" v="separate"/>
  </way>
  <way id="528671836">
    <nd ref="5137127297"/>
    <nd ref="5137127296"/>
    <nd ref="6441690799"/>
    <nd ref="5137127295"/>
    <nd ref="5137127294"/>
    <nd ref="5137127293"/>
    <nd ref="5137127292"/>
    <nd ref="9799176443"/>
    <nd ref="5137127291"/>
    <nd ref="6441690796"/>
    <nd ref="5137127286"/>
    <tag k="embankment" v="yes"/>
    <tag k="highway" v="service"/>
    <tag k="lanes" v="1"/>
    <tag k="lit" v="yes"/>
    <tag k="oneway" v="yes"/>
    <tag k="sidewalk:left" v="no"/>
    <tag k="sidewalk:right" v="separate"/>
    <tag k="smoothness" v="excellent"/>
    <tag k="surface" v="asphalt"/>
  </way>
  <way id="528671837">
    <nd ref="5137128040"/>
    <nd ref="6441690797"/>
    <nd ref="5137127310"/>
    <nd ref="5137127309"/>
    <nd ref="5137127308"/>
    <nd ref="5137127306"/>
    <nd ref="9799176442"/>
    <nd ref="5137127305"/>
    <nd ref="5137127304"/>
    <nd ref="5137127303"/>
    <nd ref="5137127302"/>
    <nd ref="5137127301"/>
    <nd ref="5137127300"/>
    <tag k="embankment" v="yes"/>
    <tag k="highway" v="service"/>
    <tag k="lanes" v="1"/>
    <tag k="lit" v="yes"/>
    <tag k="oneway" v="yes"/>
    <tag k="sidewalk:left" v="no"/>
    <tag k="sidewalk:right" v="separate"/>
    <tag k="smoothness" v="excellent"/>
    <tag k="surface" v="asphalt"/>
  </way>
  <way id="528671839">
    <nd ref="1377823450"/>
    <nd ref="6441690802"/>
    <nd ref="9799176494"/>
    <nd ref="5137127982"/>
    <tag k="highway" v="service"/>
    <tag k="lanes" v="2"/>
    <tag k="lit" v="yes"/>
    <tag k="smoothness" v="excellent"/>
    <tag k="surface" v="asphalt"/>
  </way>
  <way id="528671843">
    <nd ref="5137127966"/>
    <nd ref="5137127964"/>
    <nd ref="6125305426"/>
    <nd ref="5137127963"/>
    <nd ref="5137127961"/>
    <nd ref="5137127960"/>
    <nd ref="5137127959"/>
    <nd ref="8261451407"/>
    <nd ref="8261451409"/>
    <nd ref="5137127954"/>
    <tag k="embankment" v="yes"/>
    <tag k="highway" v="service"/>
    <tag k="lanes" v="1"/>
    <tag k="lit" v="yes"/>
    <tag k="oneway" v="yes"/>
    <tag k="sidewalk:left" v="no"/>
    <tag k="sidewalk:right" v="separate"/>
    <tag k="smoothness" v="excellent"/>
    <tag k="surface" v="asphalt"/>
  </way>
  <way id="528671854">
    <nd ref="2516837009"/>
    <nd ref="2516836811"/>
    <tag k="highway" v="service"/>
    <tag k="surface" v="paving_stones"/>
  </way>
  <way id="528671856">
    <nd ref="5137128248"/>
    <nd ref="6441774607"/>
    <nd ref="5137128228"/>
    <nd ref="5137128047"/>
    <nd ref="6019712787"/>
    <nd ref="5137128236"/>
    <tag k="embankment" v="yes"/>
    <tag k="highway" v="tertiary"/>
    <tag k="name" v="Lotnicza"/>
    <tag k="oneway" v="yes"/>
    <tag k="sidewalk" v="no"/>
  </way>
  <way id="528671857">
    <nd ref="5137128238"/>
    <nd ref="5137128237"/>
    <nd ref="5137128236"/>
    <tag k="highway" v="tertiary"/>
    <tag k="junction" v="roundabout"/>
    <tag k="lane_markings" v="no"/>
    <tag k="name" v="Rondo Leer"/>
    <tag k="sidewalk:left" v="no"/>
    <tag k="sidewalk:right" v="separate"/>
    <tag k="surface" v="asphalt"/>
  </way>
  <way id="528671858">
    <nd ref="5137128238"/>
    <nd ref="6019712786"/>
    <nd ref="5137128045"/>
    <nd ref="6441774608"/>
    <nd ref="5137128248"/>
    <tag k="embankment" v="yes"/>
    <tag k="highway" v="tertiary"/>
    <tag k="name" v="Lotnicza"/>
    <tag k="oneway" v="yes"/>
    <tag k="sidewalk:left" v="no"/>
    <tag k="sidewalk:right" v="separate"/>
  </way>
  <way id="528671859">
    <nd ref="5137128248"/>
    <nd ref="8261451404"/>
    <nd ref="5137128251"/>
    <nd ref="5972596925"/>
    <nd ref="6441688473"/>
    <nd ref="5137128252"/>
    <nd ref="5137128253"/>
    <nd ref="5137128254"/>
    <nd ref="12061827664"/>
    <nd ref="5137128255"/>
    <tag k="bridge" v="viaduct"/>
    <tag k="embankment" v="yes"/>
    <tag k="highway" v="tertiary"/>
    <tag k="layer" v="1"/>
    <tag k="name" v="Lotnicza"/>
    <tag k="sidewalk:left" v="no"/>
    <tag k="sidewalk:right" v="separate"/>
  </way>
  <way id="537078453">
    <nd ref="5201587425"/>
    <nd ref="5201587424"/>
    <nd ref="5964728401"/>
    <nd ref="5443689192"/>
    <tag k="highway" v="service"/>
  </way>
  <way id="564022589">
    <nd ref="5434855238"/>
    <nd ref="5434855239"/>
    <tag k="bridge" v="yes"/>
    <tag k="highway" v="residential"/>
    <tag k="layer" v="1"/>
    <tag k="name" v="Malborska"/>
  </way>
  <way id="564041380">
    <nd ref="5434993460"/>
    <nd ref="2254033561"/>
    <nd ref="2254033565"/>
    <tag k="highway" v="service"/>
    <tag k="service" v="driveway"/>
  </way>
  <way id="564041389">
    <nd ref="5434993497"/>
    <nd ref="5434993495"/>
    <nd ref="5434993498"/>
    <nd ref="5434993499"/>
    <nd ref="5434993500"/>
    <nd ref="5434993501"/>
    <nd ref="5434993502"/>
    <nd ref="5434993503"/>
    <tag k="highway" v="service"/>
    <tag k="service" v="parking_aisle"/>
  </way>
  <way id="564041390">
    <nd ref="2254033581"/>
    <nd ref="5434993504"/>
    <tag k="highway" v="service"/>
    <tag k="service" v="parking_aisle"/>
  </way>
  <way id="564041391">
    <nd ref="5434993505"/>
    <nd ref="5434993506"/>
    <tag k="highway" v="service"/>
    <tag k="service" v="parking_aisle"/>
  </way>
  <way id="564041392">
    <nd ref="5434993507"/>
    <nd ref="5434993508"/>
    <tag k="highway" v="service"/>
    <tag k="service" v="parking_aisle"/>
  </way>
  <way id="564041398">
    <nd ref="2254033584"/>
    <nd ref="5434994229"/>
    <nd ref="5434994230"/>
    <nd ref="5434994231"/>
    <tag k="highway" v="service"/>
    <tag k="service" v="driveway"/>
  </way>
  <way id="564041403">
    <nd ref="5434994250"/>
    <nd ref="5434994251"/>
    <tag k="highway" v="service"/>
    <tag k="service" v="driveway"/>
  </way>
  <way id="564041404">
    <nd ref="5434994252"/>
    <nd ref="5434994253"/>
    <tag k="highway" v="service"/>
    <tag k="service" v="driveway"/>
  </way>
  <way id="564041405">
    <nd ref="5434994254"/>
    <nd ref="5434994255"/>
    <tag k="highway" v="service"/>
    <tag k="service" v="driveway"/>
  </way>
  <way id="564041406">
    <nd ref="5434994256"/>
    <nd ref="5434994258"/>
    <tag k="highway" v="service"/>
    <tag k="service" v="driveway"/>
  </way>
  <way id="564041407">
    <nd ref="5434994257"/>
    <nd ref="5434994259"/>
    <tag k="highway" v="service"/>
    <tag k="service" v="driveway"/>
  </way>
  <way id="564041408">
    <nd ref="5434994258"/>
    <nd ref="5434994260"/>
    <nd ref="5434994259"/>
    <nd ref="5434994232"/>
    <tag k="highway" v="service"/>
    <tag k="service" v="driveway"/>
  </way>
  <way id="564041409">
    <nd ref="5434994231"/>
    <nd ref="5434994251"/>
    <nd ref="5434994253"/>
    <nd ref="5434994255"/>
    <nd ref="5434994258"/>
    <tag k="highway" v="service"/>
    <tag k="service" v="driveway"/>
  </way>
  <way id="564110719">
    <nd ref="1304254020"/>
    <nd ref="5839741892"/>
    <nd ref="3491019104"/>
    <nd ref="5894310366"/>
    <nd ref="5894310365"/>
    <nd ref="5894310362"/>
    <nd ref="5435786115"/>
    <nd ref="1304254117"/>
    <tag k="highway" v="residential"/>
    <tag k="name" v="Kosynierów Gdyńskich"/>
    <tag k="oneway" v="yes"/>
    <tag k="sidewalk:both" v="separate"/>
  </way>
  <way id="564110720">
    <nd ref="1304254117"/>
    <nd ref="5435786116"/>
    <nd ref="5839546358"/>
    <nd ref="1833062868"/>
    <nd ref="5839546336"/>
    <nd ref="5839546068"/>
    <nd ref="1833134681"/>
    <nd ref="3491064294"/>
    <nd ref="5839546059"/>
    <nd ref="3491034395"/>
    <nd ref="5839546060"/>
    <nd ref="1833134679"/>
    <nd ref="3491019311"/>
    <nd ref="5834287278"/>
    <nd ref="1833134683"/>
    <nd ref="1833134685"/>
    <nd ref="1833062866"/>
    <tag k="highway" v="residential"/>
    <tag k="name" v="Słoneczna"/>
    <tag k="oneway" v="yes"/>
    <tag k="sidewalk:both" v="separate"/>
  </way>
  <way id="564110721">
    <nd ref="1304254117"/>
    <nd ref="1594848933"/>
    <nd ref="5841700820"/>
    <nd ref="1304253975"/>
    <nd ref="1594848924"/>
    <nd ref="3026588013"/>
    <nd ref="1304254058"/>
    <nd ref="5839546331"/>
    <nd ref="9833423724"/>
    <nd ref="5839546332"/>
    <nd ref="2440173280"/>
    <nd ref="5839546061"/>
    <nd ref="2440173281"/>
    <nd ref="5839546062"/>
    <nd ref="1304254007"/>
    <nd ref="5436098309"/>
    <tag k="highway" v="residential"/>
    <tag k="maxspeed" v="40"/>
    <tag k="name" v="Kosynierów Gdyńskich"/>
    <tag k="sidewalk:both" v="separate"/>
  </way>
  <way id="564110722">
    <nd ref="5435786119"/>
    <nd ref="5894312277"/>
    <nd ref="5435786120"/>
    <tag k="highway" v="service"/>
    <tag k="service" v="parking_aisle"/>
  </way>
  <way id="564110723">
    <nd ref="5435787121"/>
    <nd ref="5478817508"/>
    <nd ref="5478817509"/>
    <nd ref="5435787122"/>
    <tag k="highway" v="service"/>
    <tag k="service" v="parking_aisle"/>
  </way>
  <way id="564139689">
    <nd ref="5436098309"/>
    <nd ref="5841700271"/>
    <nd ref="3026592433"/>
    <nd ref="2440173282"/>
    <nd ref="5437881852"/>
    <nd ref="5437881850"/>
    <nd ref="5437881851"/>
    <tag k="highway" v="service"/>
  </way>
  <way id="564142896">
    <nd ref="5436133814"/>
    <nd ref="5855539919"/>
    <nd ref="1833134688"/>
    <tag k="highway" v="service"/>
    <tag k="service" v="parking_aisle"/>
  </way>
  <way id="564142897">
    <nd ref="5436133816"/>
    <nd ref="5855539921"/>
    <nd ref="5436133817"/>
    <tag k="highway" v="service"/>
    <tag k="service" v="parking_aisle"/>
  </way>
  <way id="564147066">
    <nd ref="5436228474"/>
    <nd ref="5436228475"/>
    <tag k="highway" v="service"/>
    <tag k="service" v="parking_aisle"/>
  </way>
  <way id="564298994">
    <nd ref="5437228650"/>
    <nd ref="5894312262"/>
    <nd ref="5437228654"/>
    <nd ref="5437228651"/>
    <nd ref="5437228652"/>
    <nd ref="5437228653"/>
    <nd ref="5437228654"/>
    <tag k="highway" v="service"/>
    <tag k="service" v="parking_aisle"/>
  </way>
  <way id="564308177">
    <nd ref="450156135"/>
    <nd ref="4553665263"/>
    <nd ref="5833997996"/>
    <nd ref="5833997987"/>
    <nd ref="5833997995"/>
    <nd ref="5833997771"/>
    <nd ref="5833997780"/>
    <nd ref="5833997986"/>
    <nd ref="5833997779"/>
    <nd ref="5833997778"/>
    <nd ref="5833997777"/>
    <nd ref="5833997773"/>
    <nd ref="5833997772"/>
    <nd ref="5437313414"/>
    <nd ref="5833997776"/>
    <nd ref="5833997775"/>
    <nd ref="5833997774"/>
    <nd ref="5437302426"/>
    <tag k="highway" v="service"/>
    <tag k="surface" v="paved"/>
  </way>
  <way id="564384755">
    <nd ref="5437810902"/>
    <nd ref="5840053070"/>
    <nd ref="5437810914"/>
    <nd ref="5437810916"/>
    <nd ref="5437810903"/>
    <tag k="highway" v="service"/>
  </way>
  <way id="564384756">
    <nd ref="5437810906"/>
    <nd ref="5437810907"/>
    <tag k="highway" v="service"/>
  </way>
  <way id="564384757">
    <nd ref="5437810908"/>
    <nd ref="5437810909"/>
    <tag k="highway" v="service"/>
  </way>
  <way id="564384758">
    <nd ref="5437810904"/>
    <nd ref="5437810905"/>
    <tag k="highway" v="service"/>
  </way>
  <way id="564384759">
    <nd ref="5437810903"/>
    <nd ref="5840053047"/>
    <nd ref="5437810909"/>
    <nd ref="5437810907"/>
    <nd ref="5437810904"/>
    <tag k="highway" v="service"/>
  </way>
  <way id="564384761">
    <nd ref="5437810914"/>
    <nd ref="1852461965"/>
    <nd ref="1852461721"/>
    <nd ref="5437810915"/>
    <tag k="highway" v="service"/>
  </way>
  <way id="564384762">
    <nd ref="5840049782"/>
    <nd ref="5840049781"/>
    <nd ref="5840049780"/>
    <nd ref="5840049778"/>
    <nd ref="5840049779"/>
    <nd ref="1852461690"/>
    <nd ref="5840053075"/>
    <nd ref="5435786110"/>
    <tag k="highway" v="service"/>
    <tag k="motor_vehicle" v="destination"/>
  </way>
  <way id="564393911">
    <nd ref="1852461824"/>
    <nd ref="5840049759"/>
    <nd ref="5840049756"/>
    <nd ref="5435716759"/>
    <nd ref="1852461824"/>
    <tag k="access" v="destination"/>
    <tag k="highway" v="service"/>
    <tag k="oneway" v="yes"/>
    <tag k="service" v="parking_aisle"/>
    <tag k="surface" v="paved"/>
  </way>
  <way id="564405461">
    <nd ref="5437981170"/>
    <nd ref="5438017888"/>
    <nd ref="5438017885"/>
    <tag k="highway" v="service"/>
    <tag k="service" v="parking_aisle"/>
  </way>
  <way id="564405466">
    <nd ref="5438017906"/>
    <nd ref="5437981173"/>
    <nd ref="5437981174"/>
    <nd ref="5438017886"/>
    <tag k="highway" v="service"/>
    <tag k="oneway" v="yes"/>
    <tag k="service" v="parking_aisle"/>
  </way>
  <way id="564410472">
    <nd ref="5438017884"/>
    <nd ref="5438017885"/>
    <tag k="highway" v="service"/>
    <tag k="oneway" v="yes"/>
    <tag k="service" v="parking_aisle"/>
  </way>
  <way id="564410473">
    <nd ref="5438017886"/>
    <nd ref="5438017887"/>
    <tag k="highway" v="service"/>
    <tag k="oneway" v="yes"/>
    <tag k="service" v="parking_aisle"/>
  </way>
  <way id="564410474">
    <nd ref="5438017886"/>
    <nd ref="5438017884"/>
    <nd ref="5438017889"/>
    <tag k="highway" v="service"/>
    <tag k="service" v="parking_aisle"/>
  </way>
  <way id="564410475">
    <nd ref="5438017889"/>
    <nd ref="5438017891"/>
    <nd ref="5438017894"/>
    <nd ref="5840200350"/>
    <nd ref="2385304852"/>
    <nd ref="2385304894"/>
    <nd ref="5438017892"/>
    <nd ref="5645750301"/>
    <nd ref="5645750302"/>
    <nd ref="8168817394"/>
    <nd ref="5645750303"/>
    <nd ref="5438017893"/>
    <tag k="highway" v="service"/>
  </way>
  <way id="564410479">
    <nd ref="3350705413"/>
    <nd ref="5437981167"/>
    <nd ref="5438017908"/>
    <nd ref="6083055864"/>
    <nd ref="5645750428"/>
    <nd ref="2254990673"/>
    <nd ref="1740412047"/>
    <nd ref="5437981133"/>
    <nd ref="4552943058"/>
    <nd ref="2254990514"/>
    <nd ref="5437981166"/>
    <nd ref="2254990452"/>
    <nd ref="1376728167"/>
    <tag k="highway" v="service"/>
    <tag k="sidewalk:both" v="separate"/>
  </way>
  <way id="564410480">
    <nd ref="5438017885"/>
    <nd ref="5438017887"/>
    <nd ref="5437981175"/>
    <nd ref="5438017906"/>
    <tag k="highway" v="service"/>
    <tag k="oneway" v="yes"/>
    <tag k="service" v="parking_aisle"/>
  </way>
  <way id="564441563">
    <nd ref="5438285986"/>
    <nd ref="5438285987"/>
    <nd ref="2263122542"/>
    <nd ref="2785115805"/>
    <nd ref="5438285988"/>
    <tag k="highway" v="service"/>
    <tag k="service" v="parking_aisle"/>
  </way>
  <way id="564455012">
    <nd ref="5438428479"/>
    <nd ref="5438428480"/>
    <tag k="highway" v="service"/>
    <tag k="oneway" v="yes"/>
    <tag k="service" v="driveway"/>
  </way>
  <way id="564455013">
    <nd ref="5438407046"/>
    <nd ref="5438407045"/>
    <nd ref="5438428486"/>
    <nd ref="5438428489"/>
    <tag k="highway" v="service"/>
    <tag k="service" v="driveway"/>
  </way>
  <way id="564455014">
    <nd ref="5438428487"/>
    <nd ref="5438428488"/>
    <nd ref="5438428489"/>
    <tag k="highway" v="service"/>
    <tag k="service" v="driveway"/>
  </way>
  <way id="564455015">
    <nd ref="5438428484"/>
    <nd ref="5438428483"/>
    <tag k="highway" v="service"/>
    <tag k="oneway" v="yes"/>
    <tag k="service" v="driveway"/>
  </way>
  <way id="564455016">
    <nd ref="5438428485"/>
    <nd ref="5438428484"/>
    <tag k="highway" v="service"/>
    <tag k="oneway" v="yes"/>
    <tag k="service" v="driveway"/>
    <tag k="tunnel" v="building_passage"/>
  </way>
  <way id="564455017">
    <nd ref="5438428480"/>
    <nd ref="5438428481"/>
    <tag k="highway" v="service"/>
    <tag k="oneway" v="yes"/>
    <tag k="service" v="driveway"/>
    <tag k="surface" v="paved"/>
    <tag k="tunnel" v="building_passage"/>
  </way>
  <way id="564455018">
    <nd ref="5438428481"/>
    <nd ref="5438428482"/>
    <tag k="highway" v="service"/>
    <tag k="oneway" v="yes"/>
    <tag k="service" v="driveway"/>
  </way>
  <way id="564455019">
    <nd ref="5438428489"/>
    <nd ref="5438428482"/>
    <nd ref="5438428490"/>
    <nd ref="5438407047"/>
    <nd ref="5438407048"/>
    <tag k="highway" v="service"/>
    <tag k="service" v="driveway"/>
  </way>
  <way id="564455020">
    <nd ref="5438428489"/>
    <nd ref="5438428485"/>
    <tag k="highway" v="service"/>
    <tag k="oneway" v="yes"/>
    <tag k="service" v="driveway"/>
  </way>
  <way id="564463012">
    <nd ref="5438531339"/>
    <nd ref="4742041943"/>
    <nd ref="5438531338"/>
    <nd ref="5438531336"/>
    <nd ref="4742041967"/>
    <nd ref="5438531335"/>
    <nd ref="5438531337"/>
    <nd ref="4742041953"/>
    <nd ref="5645835840"/>
    <nd ref="5438531343"/>
    <nd ref="10124758476"/>
    <nd ref="12732042948"/>
    <nd ref="10124758471"/>
    <nd ref="4742041884"/>
    <tag k="highway" v="service"/>
    <tag k="service" v="parking_aisle"/>
  </way>
  <way id="564463013">
    <nd ref="12793955324"/>
    <nd ref="12793955323"/>
    <tag k="highway" v="service"/>
    <tag k="service" v="parking_aisle"/>
    <tag k="surface" v="asphalt"/>
    <tag k="tunnel" v="yes"/>
  </way>
  <way id="564463014">
    <nd ref="5438531341"/>
    <nd ref="5438531342"/>
    <nd ref="10124758492"/>
    <nd ref="5438531345"/>
    <nd ref="5438531343"/>
    <tag k="highway" v="service"/>
    <tag k="service" v="parking_aisle"/>
  </way>
  <way id="564463015">
    <nd ref="5438531344"/>
    <nd ref="5438531345"/>
    <tag k="highway" v="service"/>
    <tag k="service" v="parking_aisle"/>
  </way>
  <way id="564463017">
    <nd ref="1869088470"/>
    <nd ref="5438531349"/>
    <nd ref="5438531350"/>
    <nd ref="10124758592"/>
    <nd ref="10124758591"/>
    <tag k="highway" v="service"/>
    <tag k="service" v="parking_aisle"/>
    <tag k="surface" v="paving_stones"/>
  </way>
  <way id="564463018">
    <nd ref="4742041956"/>
    <nd ref="10124753100"/>
    <nd ref="10124758546"/>
    <nd ref="10124758547"/>
    <nd ref="10124758548"/>
    <nd ref="4742041995"/>
    <nd ref="5438531353"/>
    <nd ref="4742041897"/>
    <nd ref="4742041895"/>
    <nd ref="4742041898"/>
    <nd ref="4742041865"/>
    <nd ref="4742041991"/>
    <nd ref="4742040810"/>
    <nd ref="4742041914"/>
    <nd ref="4742041831"/>
    <nd ref="4742041843"/>
    <nd ref="2344154482"/>
    <nd ref="3495263273"/>
    <tag k="highway" v="service"/>
    <tag k="oneway" v="yes"/>
  </way>
  <way id="564475419">
    <nd ref="1753963997"/>
    <nd ref="5438684713"/>
    <nd ref="5438684701"/>
    <nd ref="5438684707"/>
    <tag k="highway" v="service"/>
    <tag k="oneway" v="yes"/>
  </way>
  <way id="564475420">
    <nd ref="1753963997"/>
    <nd ref="5438684727"/>
    <nd ref="5438684728"/>
    <nd ref="5438684698"/>
    <nd ref="5438684656"/>
    <nd ref="12698883219"/>
    <nd ref="1753964006"/>
    <nd ref="1753964237"/>
    <nd ref="12698883218"/>
    <nd ref="12698883217"/>
    <tag k="highway" v="service"/>
  </way>
  <way id="564475421">
    <nd ref="5438684713"/>
    <nd ref="5438684717"/>
    <nd ref="5438684726"/>
    <nd ref="5438684718"/>
    <nd ref="5438684719"/>
    <nd ref="5438684720"/>
    <nd ref="5438684723"/>
    <nd ref="5438684722"/>
    <nd ref="5438684721"/>
    <tag k="highway" v="service"/>
    <tag k="maxweight" v="3.5"/>
    <tag k="oneway" v="yes"/>
  </way>
  <way id="564475422">
    <nd ref="5438684707"/>
    <nd ref="5438684708"/>
    <nd ref="5438684724"/>
    <nd ref="5438684709"/>
    <nd ref="5438684710"/>
    <nd ref="5438684711"/>
    <nd ref="5537749258"/>
    <nd ref="5438684725"/>
    <nd ref="5438684722"/>
    <tag k="highway" v="service"/>
    <tag k="oneway" v="yes"/>
  </way>
  <way id="564475724">
    <nd ref="5438687746"/>
    <nd ref="12772139258"/>
    <nd ref="12772139259"/>
    <nd ref="12772138902"/>
    <nd ref="5438684649"/>
    <tag k="highway" v="service"/>
  </way>
  <way id="564591187">
    <nd ref="1869140946"/>
    <nd ref="5439354107"/>
    <nd ref="5439354108"/>
    <tag k="highway" v="living_street"/>
  </way>
  <way id="564791082">
    <nd ref="5440827409"/>
    <nd ref="5643683177"/>
    <nd ref="5440827386"/>
    <tag k="highway" v="service"/>
  </way>
  <way id="564791084">
    <nd ref="5440827394"/>
    <nd ref="5440827393"/>
    <tag k="highway" v="service"/>
    <tag k="oneway" v="yes"/>
    <tag k="service" v="driveway"/>
    <tag k="tunnel" v="building_passage"/>
  </way>
  <way id="564791085">
    <nd ref="1555898246"/>
    <nd ref="5643689185"/>
    <nd ref="5440827394"/>
    <tag k="highway" v="service"/>
    <tag k="oneway" v="yes"/>
    <tag k="service" v="driveway"/>
  </way>
  <way id="564791086">
    <nd ref="5440827382"/>
    <nd ref="5643683185"/>
    <nd ref="5643689184"/>
    <nd ref="5440827385"/>
    <nd ref="5440827412"/>
    <nd ref="5440827388"/>
    <tag k="highway" v="service"/>
  </way>
  <way id="564791087">
    <nd ref="5440827387"/>
    <nd ref="5440827403"/>
    <nd ref="5440827396"/>
    <nd ref="13665079691"/>
    <nd ref="5440827400"/>
    <nd ref="5440827404"/>
    <nd ref="5440968644"/>
    <tag k="highway" v="service"/>
    <tag k="oneway" v="yes"/>
  </way>
  <way id="564791088">
    <nd ref="5440827407"/>
    <nd ref="13665079657"/>
    <nd ref="5440827408"/>
    <tag k="highway" v="service"/>
    <tag k="name" v="Zbyszka Godlewskiego"/>
  </way>
  <way id="564791090">
    <nd ref="1869140946"/>
    <nd ref="1304261353"/>
    <nd ref="5439354108"/>
    <nd ref="1304261358"/>
    <nd ref="1304261361"/>
    <nd ref="2399711515"/>
    <nd ref="5439354114"/>
    <nd ref="1555898141"/>
    <nd ref="1869140946"/>
    <tag k="highway" v="living_street"/>
    <tag k="name" v="Mączna"/>
  </way>
  <way id="564791091">
    <nd ref="5440827419"/>
    <nd ref="1869140946"/>
    <tag k="highway" v="living_street"/>
    <tag k="name" v="Mączna"/>
  </way>
  <way id="564806478">
    <nd ref="5440968685"/>
    <nd ref="12913425588"/>
    <nd ref="12913425586"/>
    <nd ref="12913425587"/>
    <nd ref="1304261335"/>
    <tag k="highway" v="residential"/>
    <tag k="name" v="Krótka"/>
    <tag k="oneway" v="yes"/>
  </way>
  <way id="564806481">
    <nd ref="5440968683"/>
    <nd ref="8016524244"/>
    <tag k="highway" v="service"/>
    <tag k="motor_vehicle" v="permissive"/>
  </way>
  <way id="564806482">
    <nd ref="5440968683"/>
    <nd ref="5440968686"/>
    <tag k="highway" v="service"/>
  </way>
  <way id="564807267">
    <nd ref="5440827393"/>
    <nd ref="5440827387"/>
    <tag k="highway" v="service"/>
    <tag k="oneway" v="yes"/>
    <tag k="service" v="driveway"/>
  </way>
  <way id="564931929">
    <nd ref="1556117467"/>
    <nd ref="5442033040"/>
    <nd ref="5442033038"/>
    <nd ref="5442033039"/>
    <tag k="highway" v="service"/>
  </way>
  <way id="564954190">
    <nd ref="5442183780"/>
    <nd ref="5442183781"/>
    <nd ref="5442183782"/>
    <nd ref="5442183783"/>
    <nd ref="5442183784"/>
    <tag k="highway" v="service"/>
    <tag k="oneway" v="yes"/>
    <tag k="service" v="driveway"/>
  </way>
  <way id="564960961">
    <nd ref="1296875266"/>
    <nd ref="5536207418"/>
    <nd ref="11156243957"/>
    <nd ref="5442231997"/>
    <nd ref="5442183764"/>
    <nd ref="5442183780"/>
    <nd ref="5442183774"/>
    <nd ref="1296876022"/>
    <nd ref="2251107549"/>
    <nd ref="5442231996"/>
    <nd ref="2251107550"/>
    <nd ref="5442231998"/>
    <nd ref="3495193666"/>
    <nd ref="5645375205"/>
    <nd ref="2424616958"/>
    <nd ref="1751188974"/>
    <tag k="highway" v="residential"/>
    <tag k="lanes" v="3"/>
    <tag k="lanes:backward" v="1"/>
    <tag k="lanes:forward" v="2"/>
    <tag k="name" v="Sopocka"/>
    <tag k="surface" v="asphalt"/>
    <tag k="turn:lanes:backward" v="none"/>
    <tag k="turn:lanes:forward" v="left;through|right"/>
  </way>
  <way id="565011220">
    <nd ref="5442574869"/>
    <nd ref="5442574870"/>
    <tag k="highway" v="service"/>
    <tag k="service" v="parking_aisle"/>
  </way>
  <way id="565011221">
    <nd ref="5442574871"/>
    <nd ref="5442574872"/>
    <nd ref="5442574873"/>
    <nd ref="5645802914"/>
    <nd ref="5442574874"/>
    <tag k="highway" v="service"/>
    <tag k="service" v="parking_aisle"/>
  </way>
  <way id="565011222">
    <nd ref="5442574875"/>
    <nd ref="5645802918"/>
    <nd ref="5442574876"/>
    <nd ref="5442574877"/>
    <nd ref="5442574880"/>
    <nd ref="5645802927"/>
    <nd ref="5442574870"/>
    <nd ref="5645802926"/>
    <nd ref="12047207348"/>
    <nd ref="5442574881"/>
    <tag k="highway" v="living_street"/>
    <tag k="oneway" v="yes"/>
  </way>
  <way id="565011223">
    <nd ref="5438428483"/>
    <nd ref="5442574882"/>
    <tag k="highway" v="service"/>
  </way>
  <way id="565011224">
    <nd ref="5442574878"/>
    <nd ref="5442574879"/>
    <tag k="highway" v="service"/>
    <tag k="service" v="parking_aisle"/>
  </way>
  <way id="565011225">
    <nd ref="5442574882"/>
    <nd ref="5442574881"/>
    <tag k="highway" v="living_street"/>
  </way>
  <way id="565011226">
    <nd ref="5442574883"/>
    <nd ref="5442574884"/>
    <tag k="highway" v="service"/>
    <tag k="service" v="driveway"/>
  </way>
  <way id="565011228">
    <nd ref="5442574881"/>
    <nd ref="5645802907"/>
    <nd ref="5442574878"/>
    <tag k="highway" v="living_street"/>
  </way>
  <way id="565011229">
    <nd ref="5442574881"/>
    <nd ref="5442574883"/>
    <nd ref="5442574874"/>
    <nd ref="5442574875"/>
    <tag k="highway" v="living_street"/>
  </way>
  <way id="565011230">
    <nd ref="5438428479"/>
    <nd ref="10031641716"/>
    <nd ref="1558337028"/>
    <nd ref="2344151953"/>
    <nd ref="4431610154"/>
    <nd ref="5645835899"/>
    <nd ref="1296875312"/>
    <tag k="cycleway" v="no"/>
    <tag k="highway" v="residential"/>
    <tag k="maxweight" v="3.5"/>
    <tag k="name" v="Henryka Nitschmanna"/>
  </way>
  <way id="565044367">
    <nd ref="1304261351"/>
    <nd ref="5440827378"/>
    <nd ref="2253931883"/>
    <nd ref="5643689196"/>
    <nd ref="1304261349"/>
    <nd ref="2417861311"/>
    <tag k="highway" v="service"/>
  </way>
  <way id="565044369">
    <nd ref="2253931819"/>
    <nd ref="1304261351"/>
    <tag k="highway" v="service"/>
    <tag k="tunnel" v="passage"/>
  </way>
  <way id="565115496">
    <nd ref="5443427542"/>
    <nd ref="1753964149"/>
    <nd ref="1753964289"/>
    <tag k="highway" v="service"/>
  </way>
  <way id="565140789">
    <nd ref="5443689175"/>
    <nd ref="5443689177"/>
    <nd ref="5599773852"/>
    <nd ref="5443689176"/>
    <tag k="highway" v="service"/>
    <tag k="service" v="parking_aisle"/>
  </way>
  <way id="565140791">
    <nd ref="5443689177"/>
    <nd ref="5443689174"/>
    <nd ref="2516836636"/>
    <tag k="highway" v="service"/>
  </way>
  <way id="565140792">
    <nd ref="2516836811"/>
    <nd ref="5443689179"/>
    <nd ref="5443689180"/>
    <nd ref="5443689181"/>
    <nd ref="5443689182"/>
    <nd ref="5443689183"/>
    <tag k="highway" v="service"/>
    <tag k="oneway" v="yes"/>
  </way>
  <way id="565140794">
    <nd ref="2516836685"/>
    <nd ref="2516836644"/>
    <nd ref="2516836606"/>
    <nd ref="2516836636"/>
    <tag k="highway" v="service"/>
    <tag k="oneway" v="yes"/>
  </way>
  <way id="565140796">
    <nd ref="5443689184"/>
    <nd ref="5443689185"/>
    <tag k="highway" v="service"/>
  </way>
  <way id="565140797">
    <nd ref="5443689186"/>
    <nd ref="5443689192"/>
    <tag k="highway" v="service"/>
    <tag k="oneway" v="yes"/>
  </way>
  <way id="565151622">
    <nd ref="5443689192"/>
    <nd ref="5599773896"/>
    <nd ref="5443831883"/>
    <nd ref="5443831884"/>
    <tag k="highway" v="service"/>
  </way>
  <way id="565843690">
    <nd ref="5448454332"/>
    <nd ref="5448454331"/>
    <nd ref="5448454334"/>
    <tag k="highway" v="service"/>
    <tag k="oneway" v="no"/>
  </way>
  <way id="565843691">
    <nd ref="5448454334"/>
    <nd ref="5448454335"/>
    <tag k="highway" v="service"/>
    <tag k="oneway" v="no"/>
    <tag k="tunnel" v="building_passage"/>
  </way>
  <way id="565843692">
    <nd ref="5448454335"/>
    <nd ref="5448454333"/>
    <nd ref="3213256791"/>
    <tag k="highway" v="service"/>
    <tag k="oneway" v="no"/>
  </way>
  <way id="565843695">
    <nd ref="1296875956"/>
    <nd ref="3491034693"/>
    <nd ref="8261904468"/>
    <nd ref="1707416354"/>
    <nd ref="3213256791"/>
    <nd ref="3277671822"/>
    <nd ref="5448454345"/>
    <nd ref="2129202183"/>
    <nd ref="2129203352"/>
    <nd ref="3899785057"/>
    <nd ref="1707416360"/>
    <tag k="highway" v="tertiary"/>
    <tag k="lanes" v="3"/>
    <tag k="maxspeed" v="50"/>
    <tag k="name" v="Aleja Armii Krajowej"/>
    <tag k="oneway" v="yes"/>
    <tag k="sidewalk:left" v="no"/>
    <tag k="sidewalk:right" v="separate"/>
    <tag k="surface" v="asphalt"/>
    <tag k="turn:lanes" v="reverse|left|right"/>
  </way>
  <way id="566139962">
    <nd ref="5451351815"/>
    <nd ref="5451351814"/>
    <nd ref="5451351813"/>
    <nd ref="5451351812"/>
    <nd ref="5451351811"/>
    <nd ref="5451351810"/>
    <nd ref="5451351809"/>
    <nd ref="5451351815"/>
    <nd ref="5536207644"/>
    <nd ref="5451351808"/>
    <nd ref="5451351807"/>
    <nd ref="5451351799"/>
    <tag k="highway" v="service"/>
    <tag k="service" v="parking_aisle"/>
  </way>
  <way id="566139963">
    <nd ref="5451351809"/>
    <nd ref="5451351816"/>
    <nd ref="5451351817"/>
    <nd ref="5536207643"/>
    <nd ref="5451351807"/>
    <tag k="highway" v="service"/>
    <tag k="service" v="parking_aisle"/>
  </way>
  <way id="566139964">
    <nd ref="5451351819"/>
    <nd ref="5451351818"/>
    <tag k="highway" v="service"/>
    <tag k="service" v="driveway"/>
    <tag k="tunnel" v="building_passage"/>
  </way>
  <way id="566139965">
    <nd ref="5451351818"/>
    <nd ref="5451351805"/>
    <nd ref="5451351806"/>
    <tag k="highway" v="service"/>
    <tag k="service" v="parking_aisle"/>
  </way>
  <way id="566139966">
    <nd ref="5451352621"/>
    <nd ref="5451352622"/>
    <tag k="highway" v="service"/>
    <tag k="service" v="parking_aisle"/>
  </way>
  <way id="566142243">
    <nd ref="5451351799"/>
    <nd ref="5451351819"/>
    <tag k="highway" v="service"/>
    <tag k="service" v="driveway"/>
  </way>
  <way id="566410148">
    <nd ref="3026618927"/>
    <nd ref="8259947416"/>
    <nd ref="8259947415"/>
    <nd ref="8259947414"/>
    <nd ref="8259947413"/>
    <nd ref="8259947412"/>
    <nd ref="8259947411"/>
    <nd ref="2380195044"/>
    <nd ref="2380195043"/>
    <nd ref="2129341091"/>
    <nd ref="2380195040"/>
    <nd ref="2129341083"/>
    <nd ref="2129396948"/>
    <nd ref="3899785058"/>
    <nd ref="417969685"/>
    <tag k="highway" v="secondary"/>
    <tag k="highway:category:pl" v="2"/>
    <tag k="lanes" v="3"/>
    <tag k="name" v="Pocztowa"/>
    <tag k="oneway" v="yes"/>
    <tag k="ref" v="503"/>
    <tag k="sidewalk:left" v="no"/>
    <tag k="sidewalk:right" v="separate"/>
    <tag k="turn:lanes" v="left|through|through;right"/>
  </way>
  <way id="566410150">
    <nd ref="12772140049"/>
    <nd ref="12772140051"/>
    <nd ref="12772140052"/>
    <nd ref="12772140053"/>
    <nd ref="12772140054"/>
    <nd ref="12772140055"/>
    <nd ref="5454700895"/>
    <nd ref="5807959121"/>
    <nd ref="5454700896"/>
    <nd ref="5454700897"/>
    <nd ref="5454700898"/>
    <nd ref="417969685"/>
    <tag k="highway" v="service"/>
  </way>
  <way id="566412643">
    <nd ref="1751188974"/>
    <nd ref="5644504292"/>
    <nd ref="1707370268"/>
    <nd ref="2278899204"/>
    <nd ref="5440827381"/>
    <nd ref="417963090"/>
    <nd ref="5440827380"/>
    <nd ref="8259953827"/>
    <nd ref="1747626290"/>
    <tag k="highway" v="secondary"/>
    <tag k="highway:category:pl" v="2"/>
    <tag k="lanes" v="4"/>
    <tag k="lanes:backward" v="2"/>
    <tag k="lanes:forward" v="2"/>
    <tag k="name" v="Rycerska"/>
    <tag k="ref" v="503"/>
    <tag k="sidewalk:both" v="separate"/>
    <tag k="turn:lanes:forward" v="left|through;right"/>
  </way>
  <way id="566413489">
    <nd ref="2934458253"/>
    <nd ref="5440827379"/>
    <nd ref="417963090"/>
    <tag k="highway" v="residential"/>
    <tag k="lanes" v="3"/>
    <tag k="lanes:backward" v="1"/>
    <tag k="lanes:forward" v="2"/>
    <tag k="lit" v="yes"/>
    <tag k="maxspeed" v="50"/>
    <tag k="name" v="Giermków"/>
    <tag k="sidewalk:both" v="separate"/>
    <tag k="surface" v="asphalt"/>
    <tag k="turn:lanes:forward" v="left|through;right"/>
  </way>
  <way id="566936865">
    <nd ref="1305377151"/>
    <nd ref="5458609349"/>
    <nd ref="2424657547"/>
    <tag k="highway" v="tertiary"/>
  </way>
  <way id="566936869">
    <nd ref="2424657547"/>
    <nd ref="8282974631"/>
    <nd ref="8282974630"/>
    <nd ref="3559451617"/>
    <nd ref="1874582153"/>
    <nd ref="5478655535"/>
    <nd ref="319191143"/>
    <tag k="highway" v="tertiary"/>
    <tag k="lanes" v="2"/>
    <tag k="name" v="Generała Józefa Bema"/>
    <tag k="oneway" v="yes"/>
    <tag k="sidewalk:left" v="no"/>
    <tag k="sidewalk:right" v="separate"/>
  </way>
  <way id="566936870">
    <nd ref="5458609353"/>
    <nd ref="5909903776"/>
    <nd ref="5458609351"/>
    <nd ref="5458609352"/>
    <tag k="highway" v="service"/>
    <tag k="service" v="parking_aisle"/>
  </way>
  <way id="566936872">
    <nd ref="5458609357"/>
    <nd ref="5458609359"/>
    <nd ref="5909866730"/>
    <nd ref="5458609358"/>
    <tag k="highway" v="service"/>
    <tag k="service" v="parking_aisle"/>
  </way>
  <way id="566936873">
    <nd ref="5458609350"/>
    <nd ref="5909903985"/>
    <nd ref="5909903988"/>
    <nd ref="5909903773"/>
    <nd ref="5909903768"/>
    <nd ref="5909903767"/>
    <nd ref="5909903766"/>
    <nd ref="5909903765"/>
    <nd ref="5909903764"/>
    <nd ref="5909903763"/>
    <nd ref="5909903762"/>
    <nd ref="5909903761"/>
    <nd ref="5909903760"/>
    <nd ref="5909903759"/>
    <nd ref="5909903758"/>
    <nd ref="5909903757"/>
    <nd ref="5909903756"/>
    <nd ref="5909903755"/>
    <nd ref="5909903754"/>
    <nd ref="5909903753"/>
    <nd ref="5909903770"/>
    <nd ref="5909903752"/>
    <nd ref="5909903749"/>
    <nd ref="5909903748"/>
    <nd ref="5909903747"/>
    <nd ref="5909903746"/>
    <nd ref="5909903745"/>
    <nd ref="5909903744"/>
    <nd ref="5458609367"/>
    <nd ref="5909903751"/>
    <nd ref="5458609368"/>
    <nd ref="1304254100"/>
    <tag k="highway" v="service"/>
    <tag k="service" v="parking_aisle"/>
  </way>
  <way id="566936881">
    <nd ref="5458609404"/>
    <nd ref="5458609403"/>
    <nd ref="5458609408"/>
    <nd ref="5458609405"/>
    <nd ref="5458609406"/>
    <nd ref="5458609407"/>
    <nd ref="5458609398"/>
    <tag k="highway" v="service"/>
    <tag k="service" v="parking_aisle"/>
  </way>
  <way id="567307528">
    <nd ref="5461275777"/>
    <nd ref="5461275778"/>
    <nd ref="5461275779"/>
    <nd ref="5461275780"/>
    <nd ref="5461275781"/>
    <nd ref="5461275782"/>
    <nd ref="5461275783"/>
    <nd ref="5461275784"/>
    <nd ref="5461275785"/>
    <tag k="highway" v="service"/>
    <tag k="service" v="parking_aisle"/>
  </way>
  <way id="567818375">
    <nd ref="5464497303"/>
    <nd ref="5464497302"/>
    <tag k="highway" v="service"/>
    <tag k="service" v="parking_aisle"/>
    <tag k="surface" v="paved"/>
  </way>
  <way id="567818376">
    <nd ref="5464445368"/>
    <nd ref="2409975849"/>
    <nd ref="5464497302"/>
    <tag k="highway" v="service"/>
    <tag k="name" v="Kuśnierska"/>
    <tag k="service" v="parking_aisle"/>
    <tag k="surface" v="pebblestone"/>
  </way>
  <way id="568720067">
    <nd ref="1880060442"/>
    <nd ref="3881032886"/>
    <nd ref="5660495968"/>
    <nd ref="3495268342"/>
    <tag k="highway" v="secondary"/>
    <tag k="highway:category:pl" v="2"/>
    <tag k="lanes" v="3"/>
    <tag k="maxspeed" v="50"/>
    <tag k="name" v="Aleja Grunwaldzka"/>
    <tag k="oneway" v="yes"/>
    <tag k="ref" v="500"/>
    <tag k="source:maxspeed" v="PL:urban"/>
    <tag k="surface" v="asphalt"/>
    <tag k="turn:lanes" v="left|through|through;right"/>
  </way>
  <way id="568720069">
    <nd ref="3495268342"/>
    <nd ref="8168858244"/>
    <nd ref="8168858242"/>
    <nd ref="5471108174"/>
    <nd ref="5471108173"/>
    <nd ref="5471108175"/>
    <tag k="foot" v="no"/>
    <tag k="highway" v="secondary"/>
    <tag k="highway:category:pl" v="2"/>
    <tag k="lanes" v="2"/>
    <tag k="maxspeed" v="50"/>
    <tag k="name" v="Aleja Grunwaldzka"/>
    <tag k="oneway" v="yes"/>
    <tag k="ref" v="500"/>
    <tag k="sidewalk" v="no"/>
    <tag k="source:maxspeed" v="PL:urban"/>
    <tag k="surface" v="asphalt"/>
  </way>
  <way id="568720077">
    <nd ref="5471108175"/>
    <nd ref="2509333338"/>
    <nd ref="5471108182"/>
    <tag k="highway" v="secondary"/>
    <tag k="highway:category:pl" v="2"/>
    <tag k="lanes" v="2"/>
    <tag k="maxspeed" v="50"/>
    <tag k="name" v="Aleja Grunwaldzka"/>
    <tag k="oneway" v="yes"/>
    <tag k="ref" v="500"/>
    <tag k="sidewalk:left" v="no"/>
    <tag k="sidewalk:right" v="separate"/>
    <tag k="source:maxspeed" v="PL:urban"/>
    <tag k="surface" v="asphalt"/>
  </way>
  <way id="568720078">
    <nd ref="5471108182"/>
    <nd ref="1296875520"/>
    <tag k="highway" v="secondary"/>
    <tag k="highway:category:pl" v="2"/>
    <tag k="lanes" v="3"/>
    <tag k="maxspeed" v="50"/>
    <tag k="name" v="Aleja Grunwaldzka"/>
    <tag k="oneway" v="yes"/>
    <tag k="ref" v="500"/>
    <tag k="sidewalk:left" v="no"/>
    <tag k="sidewalk:right" v="separate"/>
    <tag k="source:maxspeed" v="PL:urban"/>
    <tag k="turn:lanes" v="reverse;left|through|through;right"/>
  </way>
  <way id="568720079">
    <nd ref="1296875520"/>
    <nd ref="5660495971"/>
    <nd ref="3881032889"/>
    <nd ref="733863500"/>
    <nd ref="5660495957"/>
    <nd ref="5660495935"/>
    <nd ref="1880060599"/>
    <nd ref="2014502126"/>
    <tag k="cycleway:right" v="no"/>
    <tag k="highway" v="secondary"/>
    <tag k="highway:category:pl" v="2"/>
    <tag k="lanes" v="2"/>
    <tag k="maxspeed" v="50"/>
    <tag k="name" v="Aleja Grunwaldzka"/>
    <tag k="oneway" v="yes"/>
    <tag k="ref" v="500"/>
    <tag k="sidewalk:left" v="no"/>
    <tag k="sidewalk:right" v="separate"/>
    <tag k="source:maxspeed" v="PL:urban"/>
    <tag k="surface" v="asphalt"/>
  </way>
  <way id="568744856">
    <nd ref="2516837681"/>
    <nd ref="12698883231"/>
    <nd ref="12698883230"/>
    <nd ref="8296759383"/>
    <nd ref="5645380165"/>
    <nd ref="2424616984"/>
    <nd ref="12698883224"/>
    <nd ref="12698883225"/>
    <nd ref="1707370286"/>
    <nd ref="12698883223"/>
    <tag k="highway" v="secondary"/>
    <tag k="highway:category:pl" v="2"/>
    <tag k="lane_markings" v="yes"/>
    <tag k="lanes" v="3"/>
    <tag k="maxspeed" v="50"/>
    <tag k="name" v="Aleja Tysiąclecia"/>
    <tag k="oneway" v="yes"/>
    <tag k="ref" v="500"/>
    <tag k="sidewalk:left" v="no"/>
    <tag k="sidewalk:right" v="separate"/>
    <tag k="source:maxspeed" v="PL:urban"/>
    <tag k="surface" v="asphalt"/>
    <tag k="turn:lanes" v="left|through|through"/>
  </way>
  <way id="568744857">
    <nd ref="5471315622"/>
    <nd ref="5471315623"/>
    <nd ref="5471315624"/>
    <nd ref="5537742485"/>
    <nd ref="5471315625"/>
    <tag k="highway" v="service"/>
    <tag k="service" v="parking_aisle"/>
  </way>
  <way id="568792050">
    <nd ref="3303500071"/>
    <nd ref="5658104085"/>
    <nd ref="3303500077"/>
    <nd ref="12698849789"/>
    <nd ref="5471777535"/>
    <tag k="highway" v="secondary"/>
    <tag k="highway:category:pl" v="2"/>
    <tag k="lanes" v="3"/>
    <tag k="maxspeed" v="50"/>
    <tag k="name" v="Aleja Grunwaldzka"/>
    <tag k="oneway" v="yes"/>
    <tag k="ref" v="500"/>
    <tag k="source:maxspeed" v="PL:urban"/>
    <tag k="turn:lanes" v="left|through|through"/>
  </way>
  <way id="568792053">
    <nd ref="733863488"/>
    <nd ref="2516837484"/>
    <nd ref="12061723972"/>
    <tag k="highway" v="secondary"/>
    <tag k="highway:category:pl" v="2"/>
    <tag k="lanes" v="2"/>
    <tag k="maxspeed" v="50"/>
    <tag k="name" v="Aleja Grunwaldzka"/>
    <tag k="oneway" v="yes"/>
    <tag k="ref" v="500"/>
    <tag k="source:maxspeed" v="PL:urban"/>
    <tag k="surface" v="asphalt"/>
  </way>
  <way id="568792054">
    <nd ref="5471777535"/>
    <nd ref="5658150476"/>
    <nd ref="5658193165"/>
    <nd ref="5471777542"/>
    <nd ref="3495193622"/>
    <nd ref="3303500090"/>
    <nd ref="12698849794"/>
    <nd ref="11193188547"/>
    <nd ref="11193188549"/>
    <nd ref="1753964230"/>
    <tag k="highway" v="secondary"/>
    <tag k="highway:category:pl" v="2"/>
    <tag k="lanes" v="2"/>
    <tag k="maxspeed" v="50"/>
    <tag k="name" v="Aleja Grunwaldzka"/>
    <tag k="oneway" v="yes"/>
    <tag k="ref" v="500"/>
    <tag k="sidewalk:left" v="no"/>
    <tag k="sidewalk:right" v="separate"/>
    <tag k="source:maxspeed" v="PL:urban"/>
    <tag k="surface" v="asphalt"/>
  </way>
  <way id="569727274">
    <nd ref="2383528171"/>
    <nd ref="5940590092"/>
    <nd ref="5660918434"/>
    <nd ref="5660918437"/>
    <nd ref="1296876001"/>
    <tag k="highway" v="tertiary"/>
    <tag k="name" v="Generała Józefa Bema"/>
    <tag k="sidewalk:both" v="separate"/>
  </way>
  <way id="569749292">
    <nd ref="5478817511"/>
    <nd ref="5478817513"/>
    <nd ref="5478817512"/>
    <tag k="highway" v="service"/>
    <tag k="service" v="parking_aisle"/>
  </way>
  <way id="569749293">
    <nd ref="5478817514"/>
    <nd ref="5894426237"/>
    <nd ref="5478817926"/>
    <nd ref="5478817512"/>
    <nd ref="5894399254"/>
    <nd ref="5894399191"/>
    <nd ref="5894399186"/>
    <nd ref="5478817515"/>
    <nd ref="5894399187"/>
    <nd ref="5478817516"/>
    <nd ref="5478817518"/>
    <nd ref="5894399193"/>
    <nd ref="5478817517"/>
    <tag k="highway" v="service"/>
  </way>
  <way id="569749294">
    <nd ref="5478817518"/>
    <nd ref="5894399207"/>
    <nd ref="5478817519"/>
    <nd ref="5478817520"/>
    <nd ref="5478817921"/>
    <nd ref="5478817922"/>
    <nd ref="5478817923"/>
    <nd ref="5478817924"/>
    <tag k="highway" v="service"/>
    <tag k="service" v="parking_aisle"/>
  </way>
  <way id="569749295">
    <nd ref="5478817925"/>
    <nd ref="5478817926"/>
    <tag k="highway" v="service"/>
  </way>
  <way id="569749296">
    <nd ref="5478817927"/>
    <nd ref="5894426239"/>
    <nd ref="5894426255"/>
    <nd ref="5894426254"/>
    <nd ref="5478817928"/>
    <nd ref="5478817929"/>
    <nd ref="5478817930"/>
    <nd ref="5478817933"/>
    <nd ref="5478817931"/>
    <nd ref="5894426266"/>
    <nd ref="5894426267"/>
    <nd ref="5478817932"/>
    <tag k="highway" v="service"/>
  </way>
  <way id="569749300">
    <nd ref="1304254106"/>
    <nd ref="5894426238"/>
    <nd ref="5478817946"/>
    <nd ref="5478817947"/>
    <tag k="highway" v="service"/>
  </way>
  <way id="570665775">
    <nd ref="2406695928"/>
    <nd ref="5486336443"/>
    <nd ref="2407985610"/>
    <nd ref="2406695938"/>
    <nd ref="5486330409"/>
    <nd ref="2406695937"/>
    <nd ref="2406695930"/>
    <nd ref="2406695936"/>
    <nd ref="2406695940"/>
    <nd ref="2406695934"/>
    <nd ref="2406695948"/>
    <nd ref="2406695950"/>
    <tag k="highway" v="service"/>
    <tag k="name" v="Piechoty"/>
  </way>
  <way id="575546920">
    <nd ref="5522542324"/>
    <nd ref="12769354824"/>
    <nd ref="13049121529"/>
    <nd ref="1304258703"/>
    <nd ref="13049122268"/>
    <nd ref="2337328597"/>
    <nd ref="2337328598"/>
    <nd ref="13049122362"/>
    <nd ref="2337328600"/>
    <nd ref="2337328601"/>
    <nd ref="2337328602"/>
    <nd ref="2337328603"/>
    <nd ref="2337328604"/>
    <nd ref="2337328608"/>
    <nd ref="2337328611"/>
    <nd ref="2337328614"/>
    <nd ref="2337328617"/>
    <nd ref="2337328644"/>
    <nd ref="13049121705"/>
    <tag k="highway" v="service"/>
  </way>
  <way id="575546936">
    <nd ref="5522542381"/>
    <nd ref="5522542390"/>
    <nd ref="5522542389"/>
    <nd ref="6041104326"/>
    <nd ref="5522542388"/>
    <nd ref="5522542387"/>
    <nd ref="5522542386"/>
    <nd ref="5522542385"/>
    <nd ref="6041104324"/>
    <nd ref="6041104325"/>
    <nd ref="5522542384"/>
    <nd ref="5522542381"/>
    <nd ref="5522542382"/>
    <nd ref="6041103452"/>
    <nd ref="5522542383"/>
    <tag k="highway" v="service"/>
  </way>
  <way id="575546938">
    <nd ref="5522542381"/>
    <nd ref="5522542397"/>
    <nd ref="5522542393"/>
    <nd ref="5522542392"/>
    <nd ref="5522542391"/>
    <tag k="highway" v="service"/>
  </way>
  <way id="575546939">
    <nd ref="5522542393"/>
    <nd ref="5522542394"/>
    <nd ref="5522542395"/>
    <nd ref="5522542396"/>
    <nd ref="5522542397"/>
    <tag k="highway" v="service"/>
  </way>
  <way id="575546946">
    <nd ref="5522542432"/>
    <nd ref="5522542421"/>
    <nd ref="5522542422"/>
    <nd ref="13049121512"/>
    <nd ref="13049121526"/>
    <nd ref="13049121525"/>
    <nd ref="13049121524"/>
    <nd ref="13049121523"/>
    <nd ref="13049121522"/>
    <nd ref="13049121521"/>
    <nd ref="13049121520"/>
    <nd ref="13049121519"/>
    <nd ref="13049121514"/>
    <nd ref="13049121518"/>
    <nd ref="13049121517"/>
    <nd ref="13049121516"/>
    <nd ref="13049121527"/>
    <nd ref="13049121528"/>
    <tag k="highway" v="service"/>
    <tag k="service" v="driveway"/>
    <tag k="surface" v="paved"/>
  </way>
  <way id="575563324">
    <nd ref="5522660508"/>
    <nd ref="5522664239"/>
    <nd ref="5522660509"/>
    <nd ref="5522660510"/>
    <nd ref="5522660511"/>
    <nd ref="5522660512"/>
    <nd ref="5522660513"/>
    <nd ref="5522660514"/>
    <nd ref="5522660515"/>
    <nd ref="5522660516"/>
    <nd ref="5522660517"/>
    <nd ref="5522660518"/>
    <nd ref="5522660519"/>
    <nd ref="5522660520"/>
    <nd ref="5522664221"/>
    <nd ref="5522664222"/>
    <nd ref="5522660509"/>
    <tag k="highway" v="service"/>
  </way>
  <way id="575563355">
    <nd ref="5522664310"/>
    <nd ref="6106863975"/>
    <nd ref="6106865986"/>
    <nd ref="5522664318"/>
    <nd ref="5522664315"/>
    <nd ref="5522664314"/>
    <nd ref="5522664311"/>
    <nd ref="5522664312"/>
    <tag k="highway" v="service"/>
  </way>
  <way id="575563363">
    <nd ref="5522664336"/>
    <nd ref="8168817385"/>
    <nd ref="5522664337"/>
    <nd ref="5522664338"/>
    <nd ref="5522664339"/>
    <nd ref="5522664340"/>
    <nd ref="5522664341"/>
    <nd ref="5522664342"/>
    <tag k="highway" v="service"/>
  </way>
  <way id="575563364">
    <nd ref="5522664343"/>
    <nd ref="8168817384"/>
    <nd ref="5522664344"/>
    <nd ref="5522664345"/>
    <tag k="highway" v="service"/>
  </way>
  <way id="575568419">
    <nd ref="13363464012"/>
    <nd ref="5522797502"/>
    <nd ref="5522797501"/>
    <nd ref="5522797503"/>
    <nd ref="5531302728"/>
    <nd ref="5522797517"/>
    <nd ref="2807040260"/>
    <tag k="highway" v="residential"/>
    <tag k="name" v="Przymurze"/>
    <tag k="sidewalk:both" v="separate"/>
  </way>
  <way id="575584507">
    <nd ref="5522798257"/>
    <nd ref="12337911151"/>
    <nd ref="5522798258"/>
    <nd ref="10936897161"/>
    <nd ref="5522798259"/>
    <tag k="highway" v="service"/>
    <tag k="service" v="parking_aisle"/>
  </way>
  <way id="575584508">
    <nd ref="11277033806"/>
    <nd ref="5522798264"/>
    <nd ref="12769344900"/>
    <nd ref="5522798265"/>
    <nd ref="5522798266"/>
    <nd ref="13718228254"/>
    <nd ref="5522798263"/>
    <tag k="highway" v="service"/>
  </way>
  <way id="575584510">
    <nd ref="5522798272"/>
    <nd ref="5522798273"/>
    <nd ref="9713894746"/>
    <nd ref="9713894745"/>
    <nd ref="5522798274"/>
    <nd ref="9713894744"/>
    <nd ref="9713894743"/>
    <nd ref="9713894742"/>
    <nd ref="12339226852"/>
    <nd ref="5522798275"/>
    <nd ref="5522798276"/>
    <tag k="highway" v="service"/>
  </way>
  <way id="575589528">
    <nd ref="5522835681"/>
    <nd ref="5522835682"/>
    <nd ref="5522835683"/>
    <nd ref="5522835690"/>
    <nd ref="5522835684"/>
    <nd ref="5522835685"/>
    <nd ref="5522835686"/>
    <nd ref="5522835687"/>
    <nd ref="5522835688"/>
    <nd ref="5522835689"/>
    <nd ref="5522835690"/>
    <tag k="highway" v="service"/>
  </way>
  <way id="577446009">
    <nd ref="5535691200"/>
    <nd ref="2344182113"/>
    <nd ref="5645375211"/>
    <nd ref="5535691201"/>
    <tag k="highway" v="service"/>
  </way>
  <way id="577446010">
    <nd ref="5535691338"/>
    <nd ref="5535691337"/>
    <nd ref="5535691336"/>
    <nd ref="5535691335"/>
    <nd ref="5535691334"/>
    <nd ref="5535691333"/>
    <nd ref="5535691358"/>
    <nd ref="5535691332"/>
    <nd ref="5535691331"/>
    <nd ref="5535691339"/>
    <nd ref="5535691330"/>
    <nd ref="5535691329"/>
    <tag k="highway" v="service"/>
  </way>
  <way id="577446013">
    <nd ref="5535691322"/>
    <nd ref="5535691323"/>
    <nd ref="5535691324"/>
    <nd ref="5535691325"/>
    <nd ref="5535691326"/>
    <nd ref="5535691327"/>
    <nd ref="5535691328"/>
    <tag k="access" v="destination"/>
    <tag k="highway" v="service"/>
  </way>
  <way id="577446017">
    <nd ref="5535691358"/>
    <nd ref="5535691372"/>
    <nd ref="5535691359"/>
    <nd ref="5535691360"/>
    <tag k="highway" v="service"/>
    <tag k="service" v="driveway"/>
  </way>
  <way id="577446023">
    <nd ref="1562398464"/>
    <nd ref="4326898674"/>
    <tag k="highway" v="service"/>
  </way>
  <way id="577446024">
    <nd ref="1296874905"/>
    <nd ref="5535691396"/>
    <nd ref="5535691397"/>
    <nd ref="5535691398"/>
    <nd ref="5535691399"/>
    <tag k="highway" v="service"/>
  </way>
  <way id="577446028">
    <nd ref="5535691426"/>
    <nd ref="5535691427"/>
    <tag k="highway" v="service"/>
  </way>
  <way id="577449772">
    <nd ref="5535723142"/>
    <nd ref="5535786987"/>
    <tag k="highway" v="service"/>
  </way>
  <way id="577449778">
    <nd ref="5535723166"/>
    <nd ref="5535723167"/>
    <nd ref="5535723168"/>
    <nd ref="5535723169"/>
    <nd ref="5535723175"/>
    <nd ref="12772138954"/>
    <nd ref="5535723176"/>
    <tag k="highway" v="service"/>
  </way>
  <way id="577449782">
    <nd ref="5535723198"/>
    <nd ref="5535723199"/>
    <nd ref="5535723200"/>
    <nd ref="5535723174"/>
    <nd ref="5535723533"/>
    <nd ref="5535723534"/>
    <nd ref="1562399080"/>
    <tag k="highway" v="service"/>
  </way>
  <way id="577449786">
    <nd ref="5535723526"/>
    <nd ref="5535723527"/>
    <nd ref="5535723528"/>
    <nd ref="5535723529"/>
    <tag k="highway" v="service"/>
  </way>
  <way id="577458614">
    <nd ref="5535786849"/>
    <nd ref="5535786850"/>
    <nd ref="5535786851"/>
    <nd ref="5535786852"/>
    <nd ref="5535786853"/>
    <nd ref="5535786854"/>
    <nd ref="5535786855"/>
    <nd ref="5535786856"/>
    <nd ref="5535786847"/>
    <nd ref="5535786857"/>
    <tag k="highway" v="service"/>
  </way>
  <way id="577458629">
    <nd ref="5535786910"/>
    <nd ref="5535786911"/>
    <nd ref="5535786912"/>
    <nd ref="5535786913"/>
    <nd ref="5535786914"/>
    <nd ref="5535786915"/>
    <nd ref="5535786916"/>
    <nd ref="5535786917"/>
    <nd ref="5535786918"/>
    <tag k="highway" v="service"/>
  </way>
  <way id="577517268">
    <nd ref="319175860"/>
    <nd ref="5536207383"/>
    <nd ref="5536207384"/>
    <nd ref="5536207392"/>
    <nd ref="5536207385"/>
    <nd ref="5536207386"/>
    <nd ref="5536207387"/>
    <nd ref="5536207388"/>
    <nd ref="5536207389"/>
    <nd ref="5536207385"/>
    <tag k="highway" v="service"/>
    <tag k="service" v="parking_aisle"/>
  </way>
  <way id="577517269">
    <nd ref="5536207390"/>
    <nd ref="5536207391"/>
    <nd ref="5536207392"/>
    <tag k="highway" v="service"/>
    <tag k="service" v="parking_aisle"/>
  </way>
  <way id="577517271">
    <nd ref="5536207668"/>
    <nd ref="5536207401"/>
    <nd ref="5536207402"/>
    <nd ref="5536207403"/>
    <tag k="highway" v="service"/>
    <tag k="service" v="driveway"/>
  </way>
  <way id="577517272">
    <nd ref="5536207405"/>
    <nd ref="5536207661"/>
    <nd ref="5536207406"/>
    <nd ref="5536207407"/>
    <nd ref="5536207408"/>
    <nd ref="10846820545"/>
    <nd ref="5536207409"/>
    <nd ref="5536207410"/>
    <tag k="highway" v="service"/>
  </way>
  <way id="577517273">
    <nd ref="5536207414"/>
    <nd ref="5536207416"/>
    <nd ref="5536207417"/>
    <nd ref="5536207412"/>
    <tag k="highway" v="service"/>
  </way>
  <way id="577517274">
    <nd ref="5536207418"/>
    <nd ref="5536207631"/>
    <nd ref="5536207625"/>
    <nd ref="5536207419"/>
    <nd ref="5536207420"/>
    <nd ref="5536207621"/>
    <nd ref="5536207622"/>
    <tag k="highway" v="service"/>
    <tag k="service" v="parking_aisle"/>
  </way>
  <way id="577517275">
    <nd ref="5536207623"/>
    <nd ref="5536207624"/>
    <nd ref="5536207419"/>
    <tag k="highway" v="service"/>
    <tag k="service" v="parking_aisle"/>
  </way>
  <way id="577517276">
    <nd ref="5536207625"/>
    <nd ref="5536207626"/>
    <nd ref="5536207627"/>
    <tag k="highway" v="service"/>
    <tag k="service" v="parking_aisle"/>
  </way>
  <way id="577517279">
    <nd ref="5451351820"/>
    <nd ref="5442183767"/>
    <nd ref="1296876022"/>
    <tag k="highway" v="service"/>
    <tag k="name" v="Huzarska"/>
  </way>
  <way id="577517281">
    <nd ref="5536207651"/>
    <nd ref="5536207656"/>
    <nd ref="5536207652"/>
    <nd ref="5536207653"/>
    <tag k="highway" v="service"/>
  </way>
  <way id="577730054">
    <nd ref="5537742508"/>
    <nd ref="5537742509"/>
    <nd ref="5537742515"/>
    <nd ref="5537742510"/>
    <nd ref="5537742511"/>
    <nd ref="5537742512"/>
    <nd ref="5537742513"/>
    <nd ref="5537742514"/>
    <tag k="highway" v="service"/>
  </way>
  <way id="577730055">
    <nd ref="5537742515"/>
    <nd ref="5537742516"/>
    <tag k="highway" v="service"/>
  </way>
  <way id="577730056">
    <nd ref="5537749128"/>
    <nd ref="5537749129"/>
    <nd ref="5537749154"/>
    <nd ref="5537749131"/>
    <nd ref="5537749134"/>
    <nd ref="5537749135"/>
    <nd ref="5537749138"/>
    <nd ref="5537749140"/>
    <tag k="highway" v="service"/>
  </way>
  <way id="577730058">
    <nd ref="5537749154"/>
    <nd ref="5537749159"/>
    <nd ref="5537749155"/>
    <tag k="highway" v="service"/>
  </way>
  <way id="577730061">
    <nd ref="5537749172"/>
    <nd ref="5537749173"/>
    <tag k="highway" v="service"/>
  </way>
  <way id="577730063">
    <nd ref="5537749178"/>
    <nd ref="5537749179"/>
    <nd ref="5537749180"/>
    <nd ref="5537749181"/>
    <tag k="highway" v="service"/>
  </way>
  <way id="577730064">
    <nd ref="5537749180"/>
    <nd ref="5537749182"/>
    <tag k="highway" v="service"/>
  </way>
  <way id="577730066">
    <nd ref="5537749186"/>
    <nd ref="5537749187"/>
    <nd ref="5537749188"/>
    <nd ref="5537749189"/>
    <nd ref="1296875296"/>
    <tag k="highway" v="service"/>
    <tag k="service" v="parking_aisle"/>
  </way>
  <way id="577730069">
    <nd ref="5537749217"/>
    <nd ref="5537749218"/>
    <nd ref="5537749219"/>
    <nd ref="5537749222"/>
    <tag k="highway" v="service"/>
    <tag k="service" v="driveway"/>
  </way>
  <way id="577730070">
    <nd ref="5537749222"/>
    <nd ref="5537749236"/>
    <nd ref="5537749237"/>
    <nd ref="5537749238"/>
    <tag k="highway" v="service"/>
    <tag k="service" v="driveway"/>
  </way>
  <way id="577730071">
    <nd ref="5537749253"/>
    <nd ref="5537749254"/>
    <tag k="highway" v="service"/>
    <tag k="oneway" v="yes"/>
    <tag k="tunnel" v="yes"/>
  </way>
  <way id="577730072">
    <nd ref="5537749254"/>
    <nd ref="1753963997"/>
    <tag k="highway" v="service"/>
    <tag k="oneway" v="yes"/>
  </way>
  <way id="577730081">
    <nd ref="5537749323"/>
    <nd ref="5537749325"/>
    <nd ref="5537749324"/>
    <tag k="highway" v="service"/>
  </way>
  <way id="577730082">
    <nd ref="5537749325"/>
    <nd ref="5537749326"/>
    <tag k="highway" v="service"/>
  </way>
  <way id="577730083">
    <nd ref="5537749326"/>
    <nd ref="5537749327"/>
    <tag k="highway" v="service"/>
    <tag k="layer" v="-1"/>
    <tag k="tunnel" v="yes"/>
  </way>
  <way id="577730084">
    <nd ref="5537749327"/>
    <nd ref="12698057652"/>
    <nd ref="5537749328"/>
    <tag k="highway" v="service"/>
  </way>
  <way id="577730090">
    <nd ref="5537749382"/>
    <nd ref="6125227243"/>
    <nd ref="5537749391"/>
    <nd ref="5537749383"/>
    <tag k="highway" v="service"/>
  </way>
  <way id="577730091">
    <nd ref="5537749390"/>
    <nd ref="5537749395"/>
    <nd ref="5537749391"/>
    <tag k="highway" v="service"/>
  </way>
  <way id="577730099">
    <nd ref="5537749421"/>
    <nd ref="12698057638"/>
    <nd ref="5537749422"/>
    <nd ref="5537749427"/>
    <nd ref="5537749423"/>
    <nd ref="5537749424"/>
    <nd ref="5537749425"/>
    <nd ref="5537749426"/>
    <tag k="highway" v="service"/>
  </way>
  <way id="579794152">
    <nd ref="5552002755"/>
    <nd ref="5552002775"/>
    <nd ref="5552002756"/>
    <tag k="highway" v="service"/>
  </way>
  <way id="579794167">
    <nd ref="5552002799"/>
    <nd ref="5552002800"/>
    <tag k="highway" v="service"/>
  </way>
  <way id="579794188">
    <nd ref="5552003094"/>
    <nd ref="5552003095"/>
    <nd ref="5552003361"/>
    <tag k="highway" v="service"/>
  </way>
  <way id="579794213">
    <nd ref="5552003523"/>
    <nd ref="5552003524"/>
    <nd ref="1296875580"/>
    <tag k="highway" v="service"/>
  </way>
  <way id="586026062">
    <nd ref="6441690807"/>
    <nd ref="5599773879"/>
    <nd ref="5964728188"/>
    <nd ref="5599773880"/>
    <tag k="highway" v="service"/>
  </way>
  <way id="586026063">
    <nd ref="5599773881"/>
    <nd ref="5599773884"/>
    <tag k="highway" v="service"/>
  </way>
  <way id="586026064">
    <nd ref="7201398082"/>
    <nd ref="5599773892"/>
    <nd ref="7201398080"/>
    <nd ref="7201398078"/>
    <nd ref="7201398076"/>
    <nd ref="7201398074"/>
    <nd ref="7201398072"/>
    <nd ref="7201398070"/>
    <nd ref="7201398068"/>
    <nd ref="5599773893"/>
    <nd ref="7201398066"/>
    <nd ref="7201398064"/>
    <nd ref="7201398062"/>
    <tag k="highway" v="service"/>
    <tag k="oneway" v="yes"/>
  </way>
  <way id="586026065">
    <nd ref="7201398063"/>
    <nd ref="7201398065"/>
    <nd ref="7201398067"/>
    <nd ref="7201398069"/>
    <nd ref="7201398071"/>
    <nd ref="7201398073"/>
    <nd ref="7201398075"/>
    <nd ref="7201398077"/>
    <nd ref="7201398079"/>
    <nd ref="7201398081"/>
    <nd ref="7201398083"/>
    <nd ref="5599773895"/>
    <tag k="highway" v="service"/>
  </way>
  <way id="586026066">
    <nd ref="5443831884"/>
    <nd ref="5599773899"/>
    <nd ref="5658104114"/>
    <nd ref="5599773902"/>
    <nd ref="5599773898"/>
    <tag k="highway" v="service"/>
    <tag k="lanes" v="2"/>
    <tag k="lanes:backward" v="1"/>
    <tag k="lanes:forward" v="1"/>
    <tag k="turn:lanes:forward" v="left;through;right"/>
  </way>
  <way id="587688363">
    <nd ref="5613491239"/>
    <nd ref="5613491248"/>
    <nd ref="5613491242"/>
    <nd ref="5613491244"/>
    <nd ref="5792244170"/>
    <nd ref="5613491249"/>
    <nd ref="6019714487"/>
    <nd ref="5613491251"/>
    <nd ref="5613491240"/>
    <tag k="highway" v="service"/>
  </way>
  <way id="587688364">
    <nd ref="5613491244"/>
    <nd ref="5613491246"/>
    <nd ref="5613491243"/>
    <nd ref="5613491241"/>
    <nd ref="5613491245"/>
    <nd ref="5613491242"/>
    <tag k="highway" v="service"/>
    <tag k="service" v="parking_aisle"/>
  </way>
  <way id="587688365">
    <nd ref="5613491245"/>
    <nd ref="5613491246"/>
    <tag k="highway" v="service"/>
    <tag k="service" v="parking_aisle"/>
  </way>
  <way id="587688369">
    <nd ref="5613491261"/>
    <nd ref="5613491262"/>
    <nd ref="5613491263"/>
    <tag k="highway" v="service"/>
    <tag k="service" v="parking_aisle"/>
  </way>
  <way id="589421743">
    <nd ref="5628419081"/>
    <nd ref="5438020675"/>
    <nd ref="5628419079"/>
    <nd ref="5434993493"/>
    <tag k="highway" v="service"/>
    <tag k="service" v="parking_aisle"/>
  </way>
  <way id="589421746">
    <nd ref="5628419091"/>
    <nd ref="5628419098"/>
    <nd ref="5628419092"/>
    <nd ref="5628419083"/>
    <tag k="highway" v="service"/>
  </way>
  <way id="589421754">
    <nd ref="5628420248"/>
    <nd ref="5628420249"/>
    <nd ref="5628420250"/>
    <tag k="highway" v="service"/>
  </way>
  <way id="589421755">
    <nd ref="5628420250"/>
    <nd ref="5628420251"/>
    <nd ref="5628420252"/>
    <nd ref="5628420253"/>
    <nd ref="5628420254"/>
    <nd ref="5628420255"/>
    <nd ref="5628420256"/>
    <nd ref="5628420257"/>
    <nd ref="5628420258"/>
    <nd ref="5628420259"/>
    <nd ref="5628420260"/>
    <nd ref="5628420261"/>
    <nd ref="5628420262"/>
    <nd ref="5628420263"/>
    <nd ref="5628420272"/>
    <nd ref="5628420264"/>
    <nd ref="5628420265"/>
    <nd ref="5628420250"/>
    <tag k="highway" v="service"/>
    <tag k="service" v="parking_aisle"/>
  </way>
  <way id="589421756">
    <nd ref="5628420265"/>
    <nd ref="5628420266"/>
    <nd ref="5628420267"/>
    <nd ref="5628420268"/>
    <nd ref="5628420269"/>
    <nd ref="5628420270"/>
    <tag k="highway" v="service"/>
  </way>
  <way id="589421761">
    <nd ref="5628420301"/>
    <nd ref="5628420300"/>
    <nd ref="5628420302"/>
    <tag k="highway" v="service"/>
    <tag k="service" v="parking_aisle"/>
  </way>
  <way id="589421762">
    <nd ref="5628420303"/>
    <nd ref="5628420295"/>
    <tag k="highway" v="service"/>
  </way>
  <way id="589444332">
    <nd ref="4859937255"/>
    <nd ref="5628573571"/>
    <nd ref="5628573572"/>
    <nd ref="5628573573"/>
    <tag k="highway" v="service"/>
  </way>
  <way id="589444337">
    <nd ref="5628573613"/>
    <nd ref="5628573614"/>
    <nd ref="5628573615"/>
    <nd ref="5628573616"/>
    <tag k="highway" v="service"/>
  </way>
  <way id="589444363">
    <nd ref="5628573713"/>
    <nd ref="5628573717"/>
    <nd ref="5628573715"/>
    <nd ref="5628573714"/>
    <tag k="highway" v="service"/>
  </way>
  <way id="589444364">
    <nd ref="5628573715"/>
    <nd ref="5628573716"/>
    <tag k="highway" v="service"/>
  </way>
  <way id="589444365">
    <nd ref="4859937257"/>
    <nd ref="5628573718"/>
    <nd ref="5628573724"/>
    <nd ref="5628573719"/>
    <nd ref="5628573720"/>
    <nd ref="5628573721"/>
    <tag k="highway" v="service"/>
  </way>
  <way id="591049648">
    <nd ref="5642241677"/>
    <nd ref="8168817397"/>
    <nd ref="8168817398"/>
    <nd ref="5642241678"/>
    <nd ref="7165676985"/>
    <nd ref="5642241680"/>
    <nd ref="5642241681"/>
    <nd ref="5642241682"/>
    <tag k="highway" v="service"/>
  </way>
  <way id="591049649">
    <nd ref="5642241848"/>
    <nd ref="12913417096"/>
    <nd ref="5642241683"/>
    <tag k="highway" v="service"/>
  </way>
  <way id="591049657">
    <nd ref="5440968647"/>
    <nd ref="5643682418"/>
    <nd ref="1304261357"/>
    <tag k="highway" v="service"/>
    <tag k="lanes" v="1"/>
    <tag k="lit" v="yes"/>
    <tag k="maxspeed" v="20"/>
    <tag k="oneway" v="yes"/>
    <tag k="sidewalk" v="left"/>
  </way>
  <way id="591049665">
    <nd ref="5642241880"/>
    <nd ref="5642241881"/>
    <tag k="highway" v="service"/>
  </way>
  <way id="591258424">
    <nd ref="1556117566"/>
    <nd ref="5644504302"/>
    <nd ref="1556117470"/>
    <tag k="highway" v="service"/>
    <tag k="name" v="Plac Wolności"/>
    <tag k="oneway" v="yes"/>
  </way>
  <way id="591354570">
    <nd ref="3491063993"/>
    <nd ref="5435637614"/>
    <nd ref="1304253971"/>
    <nd ref="1304254107"/>
    <nd ref="5834287507"/>
    <nd ref="2384747669"/>
    <nd ref="1304254122"/>
    <tag k="highway" v="residential"/>
    <tag k="name" v="Trybunalska"/>
    <tag k="sidewalk:both" v="separate"/>
  </way>
  <way id="591354572">
    <nd ref="3491063993"/>
    <nd ref="5645750225"/>
    <nd ref="5834287462"/>
    <nd ref="5645750226"/>
    <nd ref="5645750229"/>
    <tag k="highway" v="residential"/>
    <tag k="lanes" v="1"/>
    <tag k="name" v="Trybunalska"/>
    <tag k="oneway" v="yes"/>
    <tag k="sidewalk:left" v="no"/>
    <tag k="sidewalk:right" v="separate"/>
    <tag k="turn:lanes" v="right"/>
  </way>
  <way id="591354573">
    <nd ref="5645750236"/>
    <nd ref="5834287464"/>
    <nd ref="5645750232"/>
    <nd ref="3491063993"/>
    <tag k="highway" v="residential"/>
    <tag k="name" v="Trybunalska"/>
    <tag k="oneway" v="yes"/>
    <tag k="sidewalk:left" v="no"/>
    <tag k="sidewalk:right" v="separate"/>
  </way>
  <way id="591402415">
    <nd ref="5443317372"/>
    <nd ref="5646189642"/>
    <nd ref="5646189378"/>
    <nd ref="2785115723"/>
    <tag k="highway" v="service"/>
  </way>
  <way id="591402427">
    <nd ref="5443317373"/>
    <nd ref="5443317372"/>
    <tag k="highway" v="service"/>
  </way>
  <way id="591402434">
    <nd ref="10824003447"/>
    <nd ref="9822658406"/>
    <nd ref="5646189689"/>
    <nd ref="5646189669"/>
    <nd ref="5646189668"/>
    <nd ref="5646189667"/>
    <nd ref="5646189666"/>
    <nd ref="5646189665"/>
    <nd ref="5646189664"/>
    <nd ref="5646189663"/>
    <nd ref="5646189662"/>
    <nd ref="5646189675"/>
    <nd ref="5646189821"/>
    <tag k="highway" v="service"/>
  </way>
  <way id="591402435">
    <nd ref="5646189667"/>
    <nd ref="5646189676"/>
    <nd ref="5646189672"/>
    <nd ref="5646189670"/>
    <tag k="highway" v="service"/>
  </way>
  <way id="591402436">
    <nd ref="5646189671"/>
    <nd ref="9822658404"/>
    <tag k="highway" v="service"/>
  </way>
  <way id="591402437">
    <nd ref="5646189670"/>
    <nd ref="5646189671"/>
    <tag k="highway" v="service"/>
    <tag k="layer" v="-1"/>
    <tag k="tunnel" v="yes"/>
  </way>
  <way id="591402438">
    <nd ref="5646189672"/>
    <nd ref="5646189673"/>
    <nd ref="5646189674"/>
    <nd ref="5646189684"/>
    <nd ref="5646189675"/>
    <tag k="highway" v="service"/>
  </way>
  <way id="592137186">
    <nd ref="5652062043"/>
    <nd ref="5652062063"/>
    <nd ref="5652062044"/>
    <nd ref="5652062045"/>
    <nd ref="5652062050"/>
    <nd ref="5652062046"/>
    <nd ref="5652062047"/>
    <tag k="highway" v="service"/>
    <tag k="service" v="parking_aisle"/>
  </way>
  <way id="592316849">
    <nd ref="5478484240"/>
    <nd ref="5653415460"/>
    <nd ref="5653415461"/>
    <nd ref="2460134657"/>
    <tag k="highway" v="service"/>
    <tag k="oneway" v="yes"/>
  </way>
  <way id="592316850">
    <nd ref="5653415476"/>
    <nd ref="5653415479"/>
    <nd ref="5653415475"/>
    <nd ref="5653415474"/>
    <tag k="highway" v="service"/>
    <tag k="motor_vehicle" v="private"/>
    <tag k="service" v="parking_aisle"/>
  </way>
  <way id="592316851">
    <nd ref="5653415475"/>
    <nd ref="5653776384"/>
    <nd ref="5653776360"/>
    <nd ref="5653415477"/>
    <tag k="access" v="private"/>
    <tag k="highway" v="service"/>
  </way>
  <way id="592316852">
    <nd ref="5653415478"/>
    <nd ref="5653776358"/>
    <nd ref="5653776354"/>
    <nd ref="5653776355"/>
    <nd ref="5653776383"/>
    <nd ref="5653415479"/>
    <tag k="highway" v="service"/>
    <tag k="motor_vehicle" v="private"/>
  </way>
  <way id="592316863">
    <nd ref="5478654407"/>
    <nd ref="5653776463"/>
    <nd ref="1778216063"/>
    <nd ref="5653416547"/>
    <nd ref="5653416555"/>
    <nd ref="5653416548"/>
    <nd ref="5653416549"/>
    <tag k="highway" v="service"/>
  </way>
  <way id="592365848">
    <nd ref="5653775962"/>
    <nd ref="5653775963"/>
    <nd ref="5653775964"/>
    <nd ref="5653775965"/>
    <tag k="highway" v="service"/>
  </way>
  <way id="592365853">
    <nd ref="5653775964"/>
    <nd ref="5653775979"/>
    <nd ref="5653775980"/>
    <nd ref="5653775984"/>
    <nd ref="5653775981"/>
    <nd ref="5653775982"/>
    <tag k="highway" v="service"/>
  </way>
  <way id="592365855">
    <nd ref="5653775983"/>
    <nd ref="5653775984"/>
    <tag k="highway" v="service"/>
  </way>
  <way id="592365859">
    <nd ref="5653775974"/>
    <nd ref="5653776005"/>
    <nd ref="5653775989"/>
    <tag k="highway" v="service"/>
  </way>
  <way id="592365866">
    <nd ref="5653776371"/>
    <nd ref="5653776006"/>
    <nd ref="5653776007"/>
    <nd ref="5653776008"/>
    <nd ref="5653776009"/>
    <nd ref="5653776010"/>
    <nd ref="5653776011"/>
    <nd ref="5653776012"/>
    <nd ref="5653776013"/>
    <nd ref="5653776014"/>
    <nd ref="5653776372"/>
    <tag k="highway" v="service"/>
  </way>
  <way id="592365874">
    <nd ref="5653776373"/>
    <nd ref="5653776367"/>
    <nd ref="5653776368"/>
    <nd ref="5653776369"/>
    <nd ref="5653415477"/>
    <tag k="highway" v="service"/>
    <tag k="motor_vehicle" v="private"/>
  </way>
  <way id="592365880">
    <nd ref="5653776406"/>
    <nd ref="5653776446"/>
    <nd ref="5653776407"/>
    <nd ref="5653776408"/>
    <tag k="highway" v="service"/>
  </way>
  <way id="592365882">
    <nd ref="5653776413"/>
    <nd ref="5653776448"/>
    <nd ref="5653776414"/>
    <nd ref="5653776423"/>
    <nd ref="5653776421"/>
    <nd ref="5653776415"/>
    <nd ref="5653776416"/>
    <tag k="highway" v="service"/>
    <tag k="service" v="parking_aisle"/>
  </way>
  <way id="592365883">
    <nd ref="5653776417"/>
    <nd ref="5653776418"/>
    <nd ref="5653776419"/>
    <nd ref="5653776420"/>
    <nd ref="5653776421"/>
    <tag k="highway" v="service"/>
    <tag k="service" v="parking_aisle"/>
  </way>
  <way id="592365885">
    <nd ref="9312636710"/>
    <nd ref="5653776429"/>
    <nd ref="9312646118"/>
    <nd ref="5653776430"/>
    <nd ref="5653776431"/>
    <nd ref="5653776432"/>
    <nd ref="5653776450"/>
    <nd ref="5653776433"/>
    <nd ref="9312636708"/>
    <tag k="highway" v="service"/>
    <tag k="surface" v="paving_stones"/>
  </way>
  <way id="592959154">
    <nd ref="5658017900"/>
    <nd ref="5658017904"/>
    <nd ref="5658017911"/>
    <nd ref="5658017901"/>
    <nd ref="5658017902"/>
    <nd ref="5658017903"/>
    <tag k="highway" v="service"/>
  </way>
  <way id="592959174">
    <nd ref="5658020104"/>
    <nd ref="5658020131"/>
    <nd ref="5658020114"/>
    <nd ref="5658020117"/>
    <nd ref="5658020105"/>
    <nd ref="5658020106"/>
    <nd ref="5658020107"/>
    <nd ref="5658020108"/>
    <nd ref="5658020109"/>
    <nd ref="5658020110"/>
    <nd ref="5658020111"/>
    <nd ref="5658020119"/>
    <nd ref="5658020112"/>
    <nd ref="5658020113"/>
    <tag k="highway" v="service"/>
  </way>
  <way id="592973504">
    <nd ref="5658098017"/>
    <nd ref="5658098018"/>
    <nd ref="5658104028"/>
    <nd ref="5658098019"/>
    <nd ref="5658098020"/>
    <nd ref="5658104021"/>
    <nd ref="5658104022"/>
    <nd ref="5658104023"/>
    <nd ref="5658104024"/>
    <nd ref="5658104039"/>
    <nd ref="5658104038"/>
    <nd ref="5658104025"/>
    <tag k="highway" v="service"/>
  </way>
  <way id="592973513">
    <nd ref="5658104046"/>
    <nd ref="5658104047"/>
    <nd ref="5658104083"/>
    <nd ref="5658104048"/>
    <nd ref="5658104049"/>
    <nd ref="5658104050"/>
    <tag k="highway" v="service"/>
  </way>
  <way id="592973521">
    <nd ref="1778215880"/>
    <nd ref="5658104064"/>
    <tag k="highway" v="service"/>
  </way>
  <way id="592973532">
    <nd ref="5658104083"/>
    <nd ref="5658104101"/>
    <nd ref="5658104084"/>
    <nd ref="5658104085"/>
    <tag k="highway" v="service"/>
  </way>
  <way id="592973534">
    <nd ref="5658104083"/>
    <nd ref="5658104086"/>
    <nd ref="5658104087"/>
    <nd ref="5658104092"/>
    <nd ref="5658104088"/>
    <tag k="highway" v="service"/>
  </way>
  <way id="592979294">
    <nd ref="5658150482"/>
    <nd ref="5658150481"/>
    <nd ref="5658150472"/>
    <nd ref="5658150473"/>
    <tag k="highway" v="service"/>
  </way>
  <way id="592979295">
    <nd ref="5658150473"/>
    <nd ref="5658150474"/>
    <tag k="highway" v="service"/>
    <tag k="layer" v="-1"/>
    <tag k="tunnel" v="yes"/>
  </way>
  <way id="592979296">
    <nd ref="5658150474"/>
    <nd ref="5658193154"/>
    <nd ref="5658150475"/>
    <nd ref="5658150476"/>
    <tag k="highway" v="service"/>
  </way>
  <way id="592979303">
    <nd ref="5658150500"/>
    <nd ref="5658150501"/>
    <nd ref="1778215880"/>
    <tag k="highway" v="service"/>
  </way>
  <way id="592986688">
    <nd ref="3187749322"/>
    <nd ref="5658193209"/>
    <nd ref="5658193203"/>
    <nd ref="5658193204"/>
    <tag k="highway" v="service"/>
  </way>
  <way id="592986692">
    <nd ref="5658193215"/>
    <nd ref="5658193216"/>
    <nd ref="5658193217"/>
    <nd ref="5658193218"/>
    <tag k="highway" v="service"/>
  </way>
  <way id="592994430">
    <nd ref="5658241151"/>
    <nd ref="5658241158"/>
    <nd ref="5658241152"/>
    <nd ref="5658241153"/>
    <nd ref="5658241154"/>
    <nd ref="5658241155"/>
    <nd ref="5658241156"/>
    <nd ref="5658241161"/>
    <nd ref="5658241157"/>
    <tag k="highway" v="service"/>
  </way>
  <way id="592994432">
    <nd ref="5658241163"/>
    <nd ref="5658241164"/>
    <nd ref="5658241165"/>
    <nd ref="5658241166"/>
    <tag k="highway" v="service"/>
  </way>
  <way id="592994433">
    <nd ref="5658241165"/>
    <nd ref="5658241167"/>
    <nd ref="5658241168"/>
    <tag k="highway" v="service"/>
  </way>
  <way id="593061745">
    <nd ref="5658684621"/>
    <nd ref="5658684319"/>
    <nd ref="5658684634"/>
    <nd ref="5658684622"/>
    <nd ref="5658684631"/>
    <nd ref="5658684623"/>
    <nd ref="5658684624"/>
    <nd ref="5658684625"/>
    <tag k="highway" v="service"/>
  </way>
  <way id="593105787">
    <nd ref="5659004140"/>
    <nd ref="5659004141"/>
    <nd ref="5659004145"/>
    <nd ref="5659004142"/>
    <nd ref="5659004146"/>
    <nd ref="5659004149"/>
    <nd ref="5659004143"/>
    <nd ref="5659004144"/>
    <tag k="highway" v="service"/>
  </way>
  <way id="593105788">
    <nd ref="5659004147"/>
    <nd ref="5660495709"/>
    <nd ref="5659004148"/>
    <tag k="highway" v="service"/>
  </way>
  <way id="593105789">
    <nd ref="5659004149"/>
    <nd ref="5659004150"/>
    <nd ref="5659004151"/>
    <nd ref="5659004357"/>
    <nd ref="5659004152"/>
    <tag k="highway" v="service"/>
  </way>
  <way id="593105797">
    <nd ref="5659004148"/>
    <nd ref="5659004152"/>
    <tag k="highway" v="service"/>
    <tag k="layer" v="-1"/>
    <tag k="tunnel" v="yes"/>
  </way>
  <way id="593105806">
    <nd ref="5659004211"/>
    <nd ref="5659004324"/>
    <nd ref="5659004212"/>
    <tag k="highway" v="service"/>
    <tag k="surface" v="paving_stones"/>
  </way>
  <way id="593105807">
    <nd ref="5659004213"/>
    <nd ref="5659004214"/>
    <tag k="highway" v="service"/>
  </way>
  <way id="593105808">
    <nd ref="5659004212"/>
    <nd ref="5659004213"/>
    <tag k="highway" v="service"/>
    <tag k="layer" v="-1"/>
    <tag k="tunnel" v="yes"/>
  </way>
  <way id="593105809">
    <nd ref="5659004215"/>
    <nd ref="5659004216"/>
    <nd ref="5659004217"/>
    <tag k="highway" v="service"/>
    <tag k="surface" v="asphalt"/>
  </way>
  <way id="593105810">
    <nd ref="5659004217"/>
    <nd ref="5659004218"/>
    <tag k="highway" v="service"/>
    <tag k="layer" v="-1"/>
    <tag k="tunnel" v="yes"/>
  </way>
  <way id="593105811">
    <nd ref="5659004218"/>
    <nd ref="5659004219"/>
    <tag k="highway" v="service"/>
  </way>
  <way id="593105825">
    <nd ref="5659004365"/>
    <nd ref="5659004368"/>
    <nd ref="5659004366"/>
    <nd ref="5659004367"/>
    <tag k="highway" v="service"/>
  </way>
  <way id="593279982">
    <nd ref="1305377540"/>
    <nd ref="5660495629"/>
    <nd ref="5660495630"/>
    <nd ref="1778863211"/>
    <nd ref="5659004140"/>
    <tag k="highway" v="service"/>
    <tag k="name" v="Gustawa Morcinka"/>
    <tag k="oneway" v="yes"/>
  </way>
  <way id="593315851">
    <nd ref="5660495931"/>
    <nd ref="5660495938"/>
    <nd ref="5660495932"/>
    <nd ref="5660495933"/>
    <nd ref="5660495934"/>
    <nd ref="6125217116"/>
    <nd ref="5660495935"/>
    <tag k="highway" v="service"/>
  </way>
  <way id="593315859">
    <nd ref="5660495957"/>
    <nd ref="6125216585"/>
    <nd ref="5660495958"/>
    <nd ref="5660495947"/>
    <nd ref="5660495959"/>
    <nd ref="5660495960"/>
    <nd ref="5660495961"/>
    <nd ref="5660495962"/>
    <nd ref="5660495963"/>
    <tag k="highway" v="service"/>
  </way>
  <way id="593315887">
    <nd ref="5442728195"/>
    <nd ref="5660496020"/>
    <nd ref="5660496033"/>
    <nd ref="5660496024"/>
    <nd ref="5660496021"/>
    <tag k="highway" v="service"/>
  </way>
  <way id="593315888">
    <nd ref="5660496025"/>
    <nd ref="5660496021"/>
    <nd ref="5660496022"/>
    <nd ref="5660496023"/>
    <nd ref="5660496024"/>
    <tag k="highway" v="service"/>
  </way>
  <way id="593315889">
    <nd ref="5660496026"/>
    <nd ref="5660496025"/>
    <nd ref="5660496027"/>
    <tag k="highway" v="service"/>
  </way>
  <way id="593315891">
    <nd ref="5660496046"/>
    <nd ref="5660496051"/>
    <nd ref="5660496047"/>
    <tag k="highway" v="service"/>
  </way>
  <way id="593315892">
    <nd ref="5660496048"/>
    <nd ref="5660496052"/>
    <nd ref="5660496049"/>
    <tag k="highway" v="service"/>
  </way>
  <way id="593381528">
    <nd ref="5660918110"/>
    <nd ref="3350716905"/>
    <nd ref="5660918111"/>
    <nd ref="5660918112"/>
    <nd ref="5660918113"/>
    <nd ref="5660918114"/>
    <nd ref="5660918115"/>
    <tag k="highway" v="service"/>
  </way>
  <way id="593381530">
    <nd ref="5660918112"/>
    <nd ref="5660918117"/>
    <nd ref="5660918118"/>
    <nd ref="5660918119"/>
    <tag k="highway" v="service"/>
  </way>
  <way id="595406241">
    <nd ref="5674726842"/>
    <nd ref="5674726843"/>
    <nd ref="5674726844"/>
    <nd ref="5674726845"/>
    <nd ref="5674726846"/>
    <tag k="highway" v="service"/>
  </way>
  <way id="595406260">
    <nd ref="2509333339"/>
    <nd ref="5674726958"/>
    <nd ref="5674726961"/>
    <nd ref="5674726945"/>
    <nd ref="5442728199"/>
    <nd ref="4233351408"/>
    <nd ref="5674726925"/>
    <nd ref="5674726933"/>
    <nd ref="5674726931"/>
    <nd ref="5674726929"/>
    <nd ref="5674726927"/>
    <nd ref="5674726924"/>
    <nd ref="5674726923"/>
    <nd ref="5674726922"/>
    <nd ref="5674726921"/>
    <nd ref="5674726920"/>
    <nd ref="5674726919"/>
    <nd ref="5674726917"/>
    <nd ref="2509333337"/>
    <nd ref="5674726926"/>
    <tag k="highway" v="service"/>
    <tag k="service" v="parking_aisle"/>
  </way>
  <way id="595406261">
    <nd ref="5674726927"/>
    <nd ref="5674726928"/>
    <tag k="highway" v="service"/>
    <tag k="service" v="parking_aisle"/>
  </way>
  <way id="595406267">
    <nd ref="5674726937"/>
    <nd ref="5674726935"/>
    <nd ref="5674726939"/>
    <nd ref="5674726940"/>
    <nd ref="5674726942"/>
    <nd ref="5674726950"/>
    <nd ref="5674726936"/>
    <nd ref="5674726932"/>
    <tag k="highway" v="service"/>
    <tag k="service" v="parking_aisle"/>
  </way>
  <way id="595406269">
    <nd ref="5674726938"/>
    <nd ref="5674726939"/>
    <tag k="highway" v="service"/>
    <tag k="service" v="parking_aisle"/>
  </way>
  <way id="595406271">
    <nd ref="5674726928"/>
    <nd ref="5674726940"/>
    <nd ref="5674726941"/>
    <tag k="highway" v="service"/>
    <tag k="service" v="parking_aisle"/>
  </way>
  <way id="595406273">
    <nd ref="5674726930"/>
    <nd ref="5674726942"/>
    <nd ref="5674726943"/>
    <tag k="highway" v="service"/>
    <tag k="service" v="parking_aisle"/>
  </way>
  <way id="608139847">
    <nd ref="5137128231"/>
    <nd ref="5613491237"/>
    <nd ref="5137128230"/>
    <tag k="highway" v="tertiary"/>
    <tag k="junction" v="roundabout"/>
    <tag k="lane_markings" v="no"/>
    <tag k="name" v="Rondo Leer"/>
    <tag k="sidewalk:left" v="no"/>
    <tag k="sidewalk:right" v="separate"/>
    <tag k="surface" v="asphalt"/>
  </way>
  <way id="608139855">
    <nd ref="5137128232"/>
    <nd ref="8261451365"/>
    <nd ref="5137128231"/>
    <tag k="highway" v="tertiary"/>
    <tag k="junction" v="roundabout"/>
    <tag k="lane_markings" v="no"/>
    <tag k="name" v="Rondo Leer"/>
    <tag k="sidewalk:left" v="no"/>
    <tag k="sidewalk:right" v="separate"/>
    <tag k="surface" v="asphalt"/>
  </way>
  <way id="608139862">
    <nd ref="5137128233"/>
    <nd ref="6441769245"/>
    <nd ref="5137128232"/>
    <tag k="highway" v="tertiary"/>
    <tag k="junction" v="roundabout"/>
    <tag k="lane_markings" v="no"/>
    <tag k="name" v="Rondo Leer"/>
    <tag k="sidewalk:left" v="no"/>
    <tag k="sidewalk:right" v="separate"/>
    <tag k="surface" v="asphalt"/>
  </way>
  <way id="608139871">
    <nd ref="5137128236"/>
    <nd ref="6441769255"/>
    <nd ref="5137128235"/>
    <nd ref="5137128233"/>
    <tag k="highway" v="tertiary"/>
    <tag k="junction" v="roundabout"/>
    <tag k="lane_markings" v="no"/>
    <tag k="name" v="Rondo Leer"/>
    <tag k="sidewalk:left" v="no"/>
    <tag k="sidewalk:right" v="separate"/>
    <tag k="surface" v="asphalt"/>
  </way>
  <way id="608139875">
    <nd ref="5613491238"/>
    <nd ref="6441769251"/>
    <nd ref="2445966633"/>
    <tag k="highway" v="tertiary"/>
    <tag k="junction" v="roundabout"/>
    <tag k="lane_markings" v="no"/>
    <tag k="name" v="Rondo Leer"/>
    <tag k="sidewalk:left" v="no"/>
    <tag k="sidewalk:right" v="separate"/>
    <tag k="surface" v="asphalt"/>
  </way>
  <way id="608139884">
    <nd ref="5137128230"/>
    <nd ref="5137128229"/>
    <nd ref="8261451363"/>
    <nd ref="5137128240"/>
    <nd ref="5613491238"/>
    <tag k="highway" v="tertiary"/>
    <tag k="junction" v="roundabout"/>
    <tag k="lane_markings" v="no"/>
    <tag k="name" v="Rondo Leer"/>
    <tag k="sidewalk:left" v="no"/>
    <tag k="sidewalk:right" v="separate"/>
    <tag k="surface" v="asphalt"/>
  </way>
  <way id="608139893">
    <nd ref="5762250753"/>
    <nd ref="8574234041"/>
    <nd ref="2445966633"/>
    <tag k="highway" v="tertiary"/>
    <tag k="name" v="Lotnicza"/>
    <tag k="oneway" v="yes"/>
    <tag k="sidewalk:left" v="no"/>
    <tag k="sidewalk:right" v="separate"/>
    <tag k="surface" v="asphalt"/>
  </way>
  <way id="608139905">
    <nd ref="5613491238"/>
    <nd ref="8574234042"/>
    <nd ref="5762250753"/>
    <tag k="highway" v="tertiary"/>
    <tag k="name" v="Lotnicza"/>
    <tag k="oneway" v="yes"/>
    <tag k="sidewalk:left" v="no"/>
    <tag k="sidewalk:right" v="separate"/>
    <tag k="surface" v="asphalt"/>
  </way>
  <way id="608139922">
    <nd ref="3306115286"/>
    <nd ref="8574234066"/>
    <nd ref="5137128230"/>
    <tag k="highway" v="residential"/>
    <tag k="lane_markings" v="no"/>
    <tag k="name" v="Skrzydlata"/>
    <tag k="oneway" v="yes"/>
    <tag k="sidewalk:left" v="no"/>
    <tag k="sidewalk:right" v="separate"/>
    <tag k="surface" v="asphalt"/>
  </way>
  <way id="613926268">
    <nd ref="5807946412"/>
    <nd ref="5807946413"/>
    <nd ref="5807946414"/>
    <tag k="highway" v="service"/>
  </way>
  <way id="613926269">
    <nd ref="5807946415"/>
    <nd ref="5807946414"/>
    <nd ref="5807946416"/>
    <tag k="highway" v="service"/>
  </way>
  <way id="613926272">
    <nd ref="5446031999"/>
    <nd ref="5807946425"/>
    <nd ref="5807946427"/>
    <tag k="highway" v="service"/>
  </way>
  <way id="613926279">
    <nd ref="5807946448"/>
    <nd ref="5807946449"/>
    <tag k="highway" v="service"/>
  </way>
  <way id="613928293">
    <nd ref="5807959117"/>
    <nd ref="5807959118"/>
    <nd ref="5807959119"/>
    <nd ref="5807959120"/>
    <nd ref="5807959121"/>
    <tag k="highway" v="service"/>
  </way>
  <way id="614223556">
    <nd ref="5810371598"/>
    <nd ref="5810371599"/>
    <nd ref="5810371600"/>
    <nd ref="5810371601"/>
    <nd ref="5810371602"/>
    <nd ref="5810371603"/>
    <nd ref="5810371604"/>
    <nd ref="5810371605"/>
    <tag k="highway" v="service"/>
  </way>
  <way id="614227999">
    <nd ref="5810405634"/>
    <nd ref="5810405649"/>
    <nd ref="5810405635"/>
    <tag k="highway" v="service"/>
  </way>
  <way id="614228002">
    <nd ref="5810405636"/>
    <nd ref="5810405637"/>
    <nd ref="5810405638"/>
    <nd ref="5810405639"/>
    <nd ref="5810405640"/>
    <nd ref="5810405641"/>
    <nd ref="5810405642"/>
    <nd ref="5810405643"/>
    <nd ref="5810405647"/>
    <nd ref="5810405646"/>
    <nd ref="5810405644"/>
    <nd ref="5810405645"/>
    <tag k="highway" v="service"/>
  </way>
  <way id="614228009">
    <nd ref="5810405650"/>
    <nd ref="5810405651"/>
    <tag k="highway" v="service"/>
  </way>
  <way id="614228017">
    <nd ref="5810406957"/>
    <nd ref="5810406958"/>
    <tag k="highway" v="service"/>
  </way>
  <way id="614228019">
    <nd ref="5810406958"/>
    <nd ref="5810371596"/>
    <tag k="highway" v="service"/>
  </way>
  <way id="614228021">
    <nd ref="5810406958"/>
    <nd ref="5810406959"/>
    <nd ref="5810406960"/>
    <nd ref="5810406961"/>
    <nd ref="5810406962"/>
    <tag k="highway" v="service"/>
  </way>
  <way id="614228031">
    <nd ref="5810406977"/>
    <nd ref="5810406978"/>
    <nd ref="5810406979"/>
    <tag k="highway" v="service"/>
  </way>
  <way id="614228039">
    <nd ref="5810406986"/>
    <nd ref="5810406981"/>
    <nd ref="5810406987"/>
    <tag k="highway" v="service"/>
  </way>
  <way id="614228054">
    <nd ref="5810407009"/>
    <nd ref="5810407003"/>
    <nd ref="5810407010"/>
    <nd ref="5810407011"/>
    <nd ref="5810407012"/>
    <tag k="highway" v="service"/>
  </way>
  <way id="614228060">
    <nd ref="5810407026"/>
    <nd ref="5810407025"/>
    <nd ref="5810407027"/>
    <nd ref="5810407028"/>
    <nd ref="5810407029"/>
    <nd ref="5810407030"/>
    <nd ref="5810407031"/>
    <tag k="highway" v="service"/>
  </way>
  <way id="615284661">
    <nd ref="5818318256"/>
    <nd ref="5818317980"/>
    <nd ref="5818318257"/>
    <nd ref="5818318258"/>
    <nd ref="5818318259"/>
    <nd ref="5818318260"/>
    <nd ref="5818318261"/>
    <tag k="highway" v="service"/>
  </way>
  <way id="615284665">
    <nd ref="5810407015"/>
    <nd ref="5818318267"/>
    <nd ref="5818318268"/>
    <nd ref="5818318269"/>
    <nd ref="5818318278"/>
    <nd ref="5818318270"/>
    <nd ref="5818318271"/>
    <nd ref="5818318272"/>
    <nd ref="5818318280"/>
    <nd ref="5818318273"/>
    <nd ref="5818318274"/>
    <tag k="highway" v="service"/>
  </way>
  <way id="615284668">
    <nd ref="5818318298"/>
    <nd ref="5818318310"/>
    <nd ref="5818318299"/>
    <tag k="highway" v="service"/>
  </way>
  <way id="616134586">
    <nd ref="5825524340"/>
    <nd ref="5825524341"/>
    <nd ref="5825524342"/>
    <tag k="highway" v="service"/>
  </way>
  <way id="616134588">
    <nd ref="5825524350"/>
    <nd ref="5825524557"/>
    <nd ref="5825524554"/>
    <nd ref="5825524349"/>
    <nd ref="5825524351"/>
    <tag k="highway" v="service"/>
  </way>
  <way id="616134590">
    <nd ref="5825524558"/>
    <nd ref="5825524563"/>
    <nd ref="5825524559"/>
    <nd ref="5825524560"/>
    <nd ref="5825524561"/>
    <tag k="highway" v="service"/>
  </way>
  <way id="616134592">
    <nd ref="5825524569"/>
    <nd ref="5825524570"/>
    <nd ref="5825524571"/>
    <tag k="highway" v="service"/>
  </way>
  <way id="616134594">
    <nd ref="5825524572"/>
    <nd ref="5825524573"/>
    <nd ref="5825524574"/>
    <tag k="highway" v="service"/>
  </way>
  <way id="616141075">
    <nd ref="5825584304"/>
    <nd ref="5825584305"/>
    <nd ref="5825584306"/>
    <nd ref="5825584307"/>
    <nd ref="5825584308"/>
    <nd ref="5825584309"/>
    <nd ref="5825584310"/>
    <nd ref="5825584311"/>
    <nd ref="5825584312"/>
    <nd ref="5825584313"/>
    <nd ref="5825584314"/>
    <nd ref="5825584315"/>
    <nd ref="5825584316"/>
    <nd ref="5825584319"/>
    <tag k="highway" v="service"/>
  </way>
  <way id="616141076">
    <nd ref="1304258779"/>
    <nd ref="5825584317"/>
    <nd ref="5825584318"/>
    <tag k="highway" v="service"/>
  </way>
  <way id="616141088">
    <nd ref="5825584349"/>
    <nd ref="3491274103"/>
    <nd ref="5825584362"/>
    <nd ref="5825584356"/>
    <nd ref="5825584350"/>
    <nd ref="5825584351"/>
    <nd ref="5825584352"/>
    <nd ref="5825584353"/>
    <nd ref="5825584354"/>
    <nd ref="5825584355"/>
    <tag k="highway" v="service"/>
  </way>
  <way id="616141090">
    <nd ref="5825584356"/>
    <nd ref="5825584357"/>
    <nd ref="5825584358"/>
    <nd ref="5825584359"/>
    <tag k="highway" v="service"/>
  </way>
  <way id="616141092">
    <nd ref="5825584360"/>
    <nd ref="5825584355"/>
    <nd ref="5825584300"/>
    <nd ref="5825584361"/>
    <tag k="highway" v="service"/>
  </way>
  <way id="617132684">
    <nd ref="5833960838"/>
    <nd ref="5833960839"/>
    <nd ref="5833960840"/>
    <nd ref="5833960847"/>
    <nd ref="5833960848"/>
    <nd ref="5833998040"/>
    <nd ref="5833960841"/>
    <nd ref="5833960842"/>
    <tag k="highway" v="service"/>
  </way>
  <way id="617132686">
    <nd ref="5833960849"/>
    <nd ref="5833960851"/>
    <nd ref="5833960850"/>
    <nd ref="5833998041"/>
    <nd ref="2380290758"/>
    <tag k="highway" v="service"/>
  </way>
  <way id="617170479">
    <nd ref="5834287557"/>
    <nd ref="5834287558"/>
    <nd ref="5834287568"/>
    <nd ref="5834287559"/>
    <nd ref="5834287560"/>
    <nd ref="5834287561"/>
    <nd ref="5834287566"/>
    <nd ref="5834287565"/>
    <nd ref="5834287564"/>
    <nd ref="5834287563"/>
    <nd ref="5834287562"/>
    <tag k="highway" v="service"/>
  </way>
  <way id="617170483">
    <nd ref="5834287602"/>
    <nd ref="5834287603"/>
    <nd ref="5834287604"/>
    <nd ref="5834287605"/>
    <tag k="highway" v="service"/>
  </way>
  <way id="617769277">
    <nd ref="1833134681"/>
    <nd ref="5159352786"/>
    <nd ref="5839546306"/>
    <tag k="highway" v="service"/>
  </way>
  <way id="617769280">
    <nd ref="5839546336"/>
    <nd ref="5839546337"/>
    <nd ref="5839546338"/>
    <nd ref="5839546339"/>
    <nd ref="5839546340"/>
    <tag k="highway" v="service"/>
  </way>
  <way id="617769285">
    <nd ref="5839546356"/>
    <nd ref="5839546354"/>
    <nd ref="5839546357"/>
    <nd ref="5839546358"/>
    <tag k="highway" v="service"/>
  </way>
  <way id="617799175">
    <nd ref="5839741922"/>
    <nd ref="5839741925"/>
    <nd ref="5839741924"/>
    <nd ref="5839741966"/>
    <nd ref="5839741923"/>
    <tag k="access" v="private"/>
    <tag k="highway" v="service"/>
  </way>
  <way id="617799176">
    <nd ref="5839741925"/>
    <nd ref="5839741926"/>
    <nd ref="5839741927"/>
    <nd ref="5839741928"/>
    <nd ref="5839741929"/>
    <nd ref="5839741930"/>
    <nd ref="5839741934"/>
    <nd ref="5839741935"/>
    <nd ref="5839741931"/>
    <nd ref="5839741936"/>
    <nd ref="5839741937"/>
    <nd ref="5839741938"/>
    <nd ref="5839741939"/>
    <nd ref="5839741940"/>
    <nd ref="5839741941"/>
    <nd ref="5839741942"/>
    <nd ref="5839741943"/>
    <nd ref="1833062868"/>
    <tag k="access" v="private"/>
    <tag k="highway" v="service"/>
  </way>
  <way id="617799178">
    <nd ref="5839741938"/>
    <nd ref="5839741944"/>
    <nd ref="5839741948"/>
    <nd ref="5839741941"/>
    <tag k="highway" v="service"/>
  </way>
  <way id="617832552">
    <nd ref="1304254080"/>
    <nd ref="5840049776"/>
    <nd ref="5839999022"/>
    <nd ref="5839999570"/>
    <nd ref="3491063993"/>
    <tag k="highway" v="service"/>
    <tag k="name" v="Łączności"/>
  </way>
  <way id="617832554">
    <nd ref="5839999019"/>
    <nd ref="5839999020"/>
    <nd ref="5839999021"/>
    <nd ref="5839999022"/>
    <tag k="highway" v="service"/>
  </way>
  <way id="617832555">
    <nd ref="5839999019"/>
    <nd ref="5839999023"/>
    <nd ref="5839999024"/>
    <nd ref="5839999025"/>
    <nd ref="5839999026"/>
    <nd ref="1852461656"/>
    <nd ref="5839999506"/>
    <nd ref="5839999027"/>
    <nd ref="5839999028"/>
    <nd ref="5839999029"/>
    <nd ref="5839999030"/>
    <nd ref="5839999031"/>
    <nd ref="5839999032"/>
    <nd ref="5839999033"/>
    <nd ref="5839999034"/>
    <nd ref="5839999035"/>
    <nd ref="5839999036"/>
    <nd ref="5839999037"/>
    <nd ref="5839999038"/>
    <nd ref="5839999039"/>
    <nd ref="5839999040"/>
    <nd ref="5839999041"/>
    <nd ref="5839999042"/>
    <nd ref="5839999043"/>
    <nd ref="5839999044"/>
    <nd ref="5839999045"/>
    <nd ref="5839999019"/>
    <tag k="highway" v="service"/>
    <tag k="oneway" v="yes"/>
  </way>
  <way id="617832556">
    <nd ref="5839999049"/>
    <nd ref="5839999048"/>
    <nd ref="5839999047"/>
    <nd ref="5839999046"/>
    <nd ref="5839999035"/>
    <tag k="highway" v="service"/>
    <tag k="oneway" v="yes"/>
  </way>
  <way id="617832557">
    <nd ref="5839999031"/>
    <nd ref="5839999050"/>
    <nd ref="5839999051"/>
    <nd ref="5839999049"/>
    <tag k="highway" v="service"/>
    <tag k="oneway" v="yes"/>
  </way>
  <way id="617832558">
    <nd ref="5839999049"/>
    <nd ref="5839999052"/>
    <nd ref="5839999053"/>
    <nd ref="5839999054"/>
    <nd ref="5839999055"/>
    <nd ref="5839999056"/>
    <nd ref="5839999057"/>
    <nd ref="5839999058"/>
    <nd ref="5839999059"/>
    <nd ref="5839999060"/>
    <nd ref="5839999061"/>
    <nd ref="5839999062"/>
    <nd ref="5839999063"/>
    <nd ref="5839999064"/>
    <nd ref="5839999065"/>
    <nd ref="5839999066"/>
    <nd ref="5839999067"/>
    <nd ref="5839999068"/>
    <nd ref="5839999069"/>
    <tag k="highway" v="service"/>
  </way>
  <way id="617832559">
    <nd ref="5839999070"/>
    <nd ref="5839999076"/>
    <nd ref="1304253971"/>
    <tag k="highway" v="service"/>
  </way>
  <way id="617832560">
    <nd ref="5839999070"/>
    <nd ref="5839999069"/>
    <tag k="highway" v="service"/>
    <tag k="layer" v="-1"/>
    <tag k="tunnel" v="yes"/>
  </way>
  <way id="617832564">
    <nd ref="5839999485"/>
    <nd ref="5839999486"/>
    <tag k="highway" v="service"/>
    <tag k="layer" v="-1"/>
    <tag k="tunnel" v="yes"/>
  </way>
  <way id="617832565">
    <nd ref="5839999486"/>
    <nd ref="5839999081"/>
    <nd ref="5839999487"/>
    <tag k="highway" v="service"/>
  </way>
  <way id="617832566">
    <nd ref="5839999485"/>
    <nd ref="5839999488"/>
    <nd ref="5839999489"/>
    <nd ref="5839999490"/>
    <nd ref="5839999491"/>
    <nd ref="5839999492"/>
    <nd ref="5839999493"/>
    <tag k="highway" v="service"/>
  </way>
  <way id="617832567">
    <nd ref="5839999494"/>
    <nd ref="5839999531"/>
    <nd ref="5839999489"/>
    <tag k="highway" v="service"/>
  </way>
  <way id="617839347">
    <nd ref="5840049759"/>
    <nd ref="5840049763"/>
    <nd ref="5840049761"/>
    <nd ref="5840049762"/>
    <tag k="highway" v="service"/>
    <tag k="service" v="parking_aisle"/>
  </way>
  <way id="617839348">
    <nd ref="1304254080"/>
    <nd ref="5840049771"/>
    <tag k="highway" v="service"/>
    <tag k="layer" v="-1"/>
    <tag k="service" v="parking_aisle"/>
    <tag k="tunnel" v="yes"/>
  </way>
  <way id="617839349">
    <nd ref="5840049771"/>
    <nd ref="5840049756"/>
    <tag k="highway" v="service"/>
    <tag k="service" v="parking_aisle"/>
  </way>
  <way id="617839359">
    <nd ref="5840053034"/>
    <nd ref="5840053040"/>
    <nd ref="5437810914"/>
    <tag k="highway" v="service"/>
  </way>
  <way id="618010331">
    <nd ref="5841700820"/>
    <nd ref="5841831677"/>
    <nd ref="5841700821"/>
    <tag k="highway" v="service"/>
  </way>
  <way id="618010332">
    <nd ref="5841700821"/>
    <nd ref="5841700822"/>
    <tag k="highway" v="service"/>
    <tag k="layer" v="-1"/>
    <tag k="tunnel" v="yes"/>
  </way>
  <way id="619650911">
    <nd ref="5855539914"/>
    <nd ref="5855539915"/>
    <nd ref="5855539916"/>
    <nd ref="5855539917"/>
    <tag k="highway" v="service"/>
  </way>
  <way id="619650927">
    <nd ref="5855539949"/>
    <nd ref="5855539952"/>
    <nd ref="5855539950"/>
    <tag k="highway" v="service"/>
  </way>
  <way id="619650937">
    <nd ref="5855539963"/>
    <nd ref="5855539967"/>
    <nd ref="5855539966"/>
    <nd ref="5855539964"/>
    <tag k="highway" v="service"/>
    <tag k="surface" v="paving_stones"/>
  </way>
  <way id="619650940">
    <nd ref="5855541895"/>
    <nd ref="5855541901"/>
    <nd ref="5855541896"/>
    <tag k="highway" v="service"/>
  </way>
  <way id="620086615">
    <nd ref="5858937196"/>
    <nd ref="5436228470"/>
    <nd ref="5436228471"/>
    <nd ref="5436228472"/>
    <nd ref="5858937196"/>
    <tag k="highway" v="service"/>
    <tag k="service" v="parking_aisle"/>
  </way>
  <way id="620086617">
    <nd ref="5436228472"/>
    <nd ref="5858937199"/>
    <nd ref="5858937200"/>
    <tag k="highway" v="service"/>
    <tag k="service" v="parking_aisle"/>
  </way>
  <way id="620599018">
    <nd ref="5863265233"/>
    <nd ref="5863265231"/>
    <nd ref="5863265230"/>
    <nd ref="5863265232"/>
    <nd ref="5863265233"/>
    <tag k="bicycle" v="designated"/>
    <tag k="highway" v="rest_area"/>
    <tag k="name" v="MOR Elbląg Wyspa Spichrzów"/>
    <tag k="operator" v="Green Velo"/>
  </way>
  <way id="620599072">
    <nd ref="413342718"/>
    <nd ref="12772140677"/>
    <nd ref="2281058940"/>
    <nd ref="413336859"/>
    <tag k="highway" v="residential"/>
    <tag k="name" v="Wodna"/>
    <tag k="sidewalk:both" v="separate"/>
  </way>
  <way id="624198717">
    <nd ref="5894310366"/>
    <nd ref="5894310367"/>
    <nd ref="5894310368"/>
    <tag k="highway" v="service"/>
  </way>
  <way id="624198718">
    <nd ref="5894310368"/>
    <nd ref="5894310369"/>
    <tag k="highway" v="service"/>
    <tag k="layer" v="-1"/>
    <tag k="tunnel" v="yes"/>
  </way>
  <way id="624198736">
    <nd ref="1852461898"/>
    <nd ref="5894312219"/>
    <nd ref="5894312220"/>
    <nd ref="5894312221"/>
    <nd ref="5894312222"/>
    <nd ref="5894312223"/>
    <nd ref="5894312224"/>
    <tag k="highway" v="service"/>
    <tag k="service" v="driveway"/>
  </way>
  <way id="624198743">
    <nd ref="5894312253"/>
    <nd ref="5894312259"/>
    <nd ref="5894312254"/>
    <nd ref="5894312255"/>
    <nd ref="5894312256"/>
    <nd ref="5894312257"/>
    <tag k="highway" v="service"/>
    <tag k="surface" v="ground"/>
  </way>
  <way id="624198745">
    <nd ref="5894310369"/>
    <nd ref="5894312256"/>
    <tag k="highway" v="service"/>
    <tag k="surface" v="ground"/>
  </way>
  <way id="624198758">
    <nd ref="5894312287"/>
    <nd ref="5437228652"/>
    <tag k="highway" v="service"/>
    <tag k="service" v="parking_aisle"/>
  </way>
  <way id="624198760">
    <nd ref="5894312287"/>
    <nd ref="5894312289"/>
    <nd ref="5894312290"/>
    <tag k="highway" v="service"/>
    <tag k="service" v="parking_aisle"/>
  </way>
  <way id="624209685">
    <nd ref="1304253970"/>
    <nd ref="5894399208"/>
    <nd ref="5894399209"/>
    <nd ref="5894399210"/>
    <nd ref="5894399211"/>
    <nd ref="5894399215"/>
    <nd ref="5894399212"/>
    <tag k="highway" v="service"/>
    <tag k="service" v="parking_aisle"/>
  </way>
  <way id="624212334">
    <nd ref="5894426214"/>
    <nd ref="5894426215"/>
    <nd ref="5894426216"/>
    <nd ref="5894426217"/>
    <nd ref="5894426272"/>
    <nd ref="5894426218"/>
    <tag k="highway" v="service"/>
    <tag k="service" v="parking_aisle"/>
  </way>
  <way id="624227857">
    <nd ref="5894579857"/>
    <nd ref="5909400572"/>
    <nd ref="5894579858"/>
    <nd ref="5894579864"/>
    <nd ref="5894579859"/>
    <tag k="highway" v="service"/>
    <tag k="service" v="parking_aisle"/>
  </way>
  <way id="625911391">
    <nd ref="5909399879"/>
    <nd ref="5909399880"/>
    <tag k="highway" v="service"/>
    <tag k="service" v="parking_aisle"/>
  </way>
  <way id="625911399">
    <nd ref="5909399879"/>
    <nd ref="5909400503"/>
    <nd ref="5909400504"/>
    <nd ref="5909400505"/>
    <nd ref="5909400506"/>
    <tag k="highway" v="service"/>
    <tag k="layer" v="-1"/>
    <tag k="service" v="parking_aisle"/>
    <tag k="tunnel" v="yes"/>
  </way>
  <way id="625911401">
    <nd ref="5909399856"/>
    <nd ref="5909400511"/>
    <tag k="highway" v="service"/>
    <tag k="service" v="parking_aisle"/>
  </way>
  <way id="625911402">
    <nd ref="5909400511"/>
    <nd ref="5909400512"/>
    <tag k="highway" v="service"/>
    <tag k="layer" v="-1"/>
    <tag k="service" v="parking_aisle"/>
    <tag k="tunnel" v="yes"/>
  </way>
  <way id="625911403">
    <nd ref="5909400512"/>
    <nd ref="5909400519"/>
    <nd ref="5909400513"/>
    <tag k="highway" v="service"/>
    <tag k="service" v="parking_aisle"/>
  </way>
  <way id="625911404">
    <nd ref="5909400514"/>
    <nd ref="5909400513"/>
    <nd ref="5909400515"/>
    <tag k="highway" v="service"/>
    <tag k="service" v="parking_aisle"/>
  </way>
  <way id="625911407">
    <nd ref="5909400538"/>
    <nd ref="5909400539"/>
    <tag k="highway" v="service"/>
  </way>
  <way id="625970754">
    <nd ref="5909866772"/>
    <nd ref="5909866773"/>
    <nd ref="5909866776"/>
    <nd ref="5458609366"/>
    <nd ref="5909866775"/>
    <nd ref="5909866774"/>
    <tag k="highway" v="service"/>
  </way>
  <way id="625970757">
    <nd ref="5909867089"/>
    <nd ref="5909867088"/>
    <tag k="highway" v="service"/>
    <tag k="layer" v="-1"/>
    <tag k="tunnel" v="yes"/>
  </way>
  <way id="625970771">
    <nd ref="5478484238"/>
    <nd ref="5909867134"/>
    <nd ref="5909867135"/>
    <nd ref="5909867136"/>
    <tag k="highway" v="service"/>
  </way>
  <way id="625974250">
    <nd ref="5909903734"/>
    <nd ref="5909903733"/>
    <nd ref="1304254100"/>
    <nd ref="5909903743"/>
    <nd ref="3559451709"/>
    <nd ref="1304254099"/>
    <nd ref="3559451513"/>
    <nd ref="5909903740"/>
    <nd ref="5909903738"/>
    <nd ref="5458609353"/>
    <tag k="highway" v="service"/>
    <tag k="service" v="parking_aisle"/>
  </way>
  <way id="625974254">
    <nd ref="5909903750"/>
    <nd ref="5909903751"/>
    <tag k="highway" v="service"/>
    <tag k="service" v="parking_aisle"/>
  </way>
  <way id="625974255">
    <nd ref="5909903770"/>
    <nd ref="5909903771"/>
    <tag k="highway" v="service"/>
    <tag k="service" v="parking_aisle"/>
  </way>
  <way id="625974256">
    <nd ref="5909903772"/>
    <nd ref="5909903773"/>
    <nd ref="5909903991"/>
    <nd ref="5909903989"/>
    <tag k="highway" v="service"/>
    <tag k="service" v="parking_aisle"/>
  </way>
  <way id="625974260">
    <nd ref="5909903783"/>
    <nd ref="5909903784"/>
    <tag k="highway" v="service"/>
    <tag k="service" v="parking_aisle"/>
  </way>
  <way id="627554147">
    <nd ref="5923999139"/>
    <nd ref="5923999140"/>
    <nd ref="5923999131"/>
    <nd ref="5923999141"/>
    <nd ref="5923999142"/>
    <tag k="highway" v="service"/>
    <tag k="service" v="parking_aisle"/>
  </way>
  <way id="627554171">
    <nd ref="2502526820"/>
    <nd ref="2502526869"/>
    <nd ref="2502526845"/>
    <nd ref="2502526860"/>
    <nd ref="2502526764"/>
    <nd ref="2447211618"/>
    <tag k="highway" v="service"/>
  </way>
  <way id="627554172">
    <nd ref="5923999202"/>
    <nd ref="2502526908"/>
    <tag k="highway" v="service"/>
    <tag k="service" v="parking_aisle"/>
  </way>
  <way id="627554179">
    <nd ref="5923999204"/>
    <nd ref="2502526863"/>
    <nd ref="2502526908"/>
    <nd ref="2502526795"/>
    <nd ref="2502526768"/>
    <nd ref="2502526901"/>
    <nd ref="5923999239"/>
    <nd ref="2502526817"/>
    <nd ref="2502526780"/>
    <nd ref="5923999238"/>
    <nd ref="5923999214"/>
    <nd ref="5923999209"/>
    <nd ref="2502526820"/>
    <tag k="highway" v="service"/>
    <tag k="service" v="parking_aisle"/>
  </way>
  <way id="629003283">
    <nd ref="4584261753"/>
    <nd ref="5938672922"/>
    <nd ref="5938672923"/>
    <nd ref="5938672924"/>
    <nd ref="5938672925"/>
    <nd ref="5938672926"/>
    <nd ref="5938672922"/>
    <tag k="highway" v="service"/>
    <tag k="service" v="parking_aisle"/>
  </way>
  <way id="629003285">
    <nd ref="5938672925"/>
    <nd ref="5938672927"/>
    <tag k="highway" v="service"/>
    <tag k="service" v="parking_aisle"/>
  </way>
  <way id="629003287">
    <nd ref="5938672926"/>
    <nd ref="5938672928"/>
    <nd ref="5938672929"/>
    <nd ref="5938672930"/>
    <nd ref="5938672931"/>
    <nd ref="5938672932"/>
    <tag k="highway" v="service"/>
    <tag k="service" v="parking_aisle"/>
  </way>
  <way id="629207394">
    <nd ref="2407985664"/>
    <nd ref="12434129636"/>
    <tag k="highway" v="service"/>
  </way>
  <way id="629207399">
    <nd ref="5940590092"/>
    <nd ref="3562089821"/>
    <nd ref="5940590093"/>
    <nd ref="5940590100"/>
    <nd ref="5940590094"/>
    <nd ref="5940590098"/>
    <nd ref="5940590095"/>
    <nd ref="5940590096"/>
    <nd ref="5940590097"/>
    <nd ref="5940590098"/>
    <tag k="highway" v="service"/>
    <tag k="service" v="parking_aisle"/>
  </way>
  <way id="631638983">
    <nd ref="5137128258"/>
    <nd ref="5137127954"/>
    <tag k="embankment" v="yes"/>
    <tag k="highway" v="tertiary"/>
    <tag k="lit" v="yes"/>
    <tag k="name" v="Lotnicza"/>
    <tag k="oneway" v="yes"/>
    <tag k="sidewalk:left" v="no"/>
    <tag k="sidewalk:right" v="separate"/>
    <tag k="smoothness" v="excellent"/>
    <tag k="surface" v="asphalt"/>
  </way>
  <way id="631638984">
    <nd ref="5137127987"/>
    <nd ref="8261451415"/>
    <nd ref="5137127976"/>
    <tag k="highway" v="service"/>
    <tag k="lanes" v="1"/>
    <tag k="lit" v="yes"/>
    <tag k="oneway" v="yes"/>
    <tag k="smoothness" v="excellent"/>
    <tag k="surface" v="asphalt"/>
  </way>
  <way id="631638994">
    <nd ref="5137127286"/>
    <nd ref="5137128038"/>
    <nd ref="5137128037"/>
    <tag k="embankment" v="yes"/>
    <tag k="highway" v="tertiary"/>
    <tag k="lanes" v="3"/>
    <tag k="lit" v="yes"/>
    <tag k="name" v="Lotnicza"/>
    <tag k="oneway" v="yes"/>
    <tag k="sidewalk:left" v="no"/>
    <tag k="sidewalk:right" v="separate"/>
    <tag k="smoothness" v="excellent"/>
    <tag k="surface" v="asphalt"/>
    <tag k="turn:lanes" v="left|left|right"/>
  </way>
  <way id="631639019">
    <nd ref="2445966633"/>
    <nd ref="5137128239"/>
    <nd ref="12061827663"/>
    <nd ref="5137128238"/>
    <tag k="highway" v="tertiary"/>
    <tag k="junction" v="roundabout"/>
    <tag k="lane_markings" v="no"/>
    <tag k="name" v="Rondo Leer"/>
    <tag k="sidewalk:left" v="no"/>
    <tag k="sidewalk:right" v="separate"/>
    <tag k="surface" v="asphalt"/>
  </way>
  <way id="631639022">
    <nd ref="5137128260"/>
    <nd ref="8283410070"/>
    <nd ref="5137128258"/>
    <tag k="embankment" v="yes"/>
    <tag k="highway" v="tertiary"/>
    <tag k="lanes" v="2"/>
    <tag k="lit" v="yes"/>
    <tag k="name" v="Lotnicza"/>
    <tag k="oneway" v="yes"/>
    <tag k="sidewalk:left" v="no"/>
    <tag k="sidewalk:right" v="separate"/>
    <tag k="smoothness" v="excellent"/>
    <tag k="surface" v="asphalt"/>
    <tag k="turn:lanes" v="left|right"/>
  </way>
  <way id="631639042">
    <nd ref="5137128258"/>
    <nd ref="8283410065"/>
    <nd ref="5137127939"/>
    <nd ref="5137127940"/>
    <nd ref="5137127941"/>
    <nd ref="5137127942"/>
    <nd ref="5137127943"/>
    <nd ref="5137127944"/>
    <nd ref="5137127945"/>
    <tag k="embankment" v="yes"/>
    <tag k="highway" v="service"/>
    <tag k="lanes" v="1"/>
    <tag k="lit" v="yes"/>
    <tag k="oneway" v="yes"/>
    <tag k="sidewalk:left" v="no"/>
    <tag k="sidewalk:right" v="separate"/>
    <tag k="smoothness" v="excellent"/>
    <tag k="surface" v="asphalt"/>
  </way>
  <way id="631639051">
    <nd ref="5137127945"/>
    <nd ref="5137127946"/>
    <nd ref="5137127948"/>
    <nd ref="6462610780"/>
    <nd ref="5972596926"/>
    <nd ref="5972596928"/>
    <nd ref="5137127953"/>
    <tag k="highway" v="service"/>
    <tag k="lanes" v="1"/>
    <tag k="lit" v="yes"/>
    <tag k="oneway" v="yes"/>
    <tag k="sidewalk:left" v="no"/>
    <tag k="sidewalk:right" v="separate"/>
    <tag k="smoothness" v="excellent"/>
    <tag k="surface" v="asphalt"/>
  </way>
  <way id="631639057">
    <nd ref="5137127976"/>
    <nd ref="5137127970"/>
    <nd ref="5137127968"/>
    <tag k="highway" v="service"/>
    <tag k="lanes" v="1"/>
    <tag k="lit" v="yes"/>
    <tag k="oneway" v="yes"/>
    <tag k="sidewalk:left" v="no"/>
    <tag k="sidewalk:right" v="separate"/>
    <tag k="smoothness" v="excellent"/>
    <tag k="surface" v="asphalt"/>
  </way>
  <way id="631639059">
    <nd ref="5137127978"/>
    <nd ref="6441690809"/>
    <nd ref="5137127311"/>
    <nd ref="5137127298"/>
    <nd ref="6441690798"/>
    <nd ref="5137127297"/>
    <tag k="highway" v="service"/>
    <tag k="lanes" v="1"/>
    <tag k="lit" v="yes"/>
    <tag k="oneway" v="yes"/>
    <tag k="sidewalk:left" v="no"/>
    <tag k="sidewalk:right" v="separate"/>
    <tag k="smoothness" v="excellent"/>
    <tag k="surface" v="asphalt"/>
  </way>
  <way id="631639060">
    <nd ref="5137127300"/>
    <nd ref="5137127299"/>
    <nd ref="5137127318"/>
    <nd ref="9799176471"/>
    <nd ref="5137127987"/>
    <tag k="highway" v="service"/>
    <tag k="lanes" v="1"/>
    <tag k="lit" v="yes"/>
    <tag k="oneway" v="yes"/>
    <tag k="sidewalk" v="no"/>
    <tag k="smoothness" v="excellent"/>
    <tag k="surface" v="asphalt"/>
  </way>
  <way id="631639061">
    <nd ref="5137128040"/>
    <nd ref="5137128041"/>
    <nd ref="5137127286"/>
    <tag k="embankment" v="yes"/>
    <tag k="highway" v="tertiary"/>
    <tag k="lit" v="yes"/>
    <tag k="name" v="Lotnicza"/>
    <tag k="oneway" v="yes"/>
    <tag k="sidewalk:left" v="no"/>
    <tag k="sidewalk:right" v="separate"/>
    <tag k="smoothness" v="excellent"/>
    <tag k="surface" v="asphalt"/>
  </way>
  <way id="631639063">
    <nd ref="1296874947"/>
    <nd ref="5137127285"/>
    <nd ref="5137128224"/>
    <nd ref="5964728285"/>
    <nd ref="6441675698"/>
    <tag k="highway" v="service"/>
    <tag k="name" v="Lotnicza"/>
    <tag k="oneway" v="no"/>
  </way>
  <way id="631639091">
    <nd ref="5137127948"/>
    <nd ref="5964728307"/>
    <nd ref="6125298796"/>
    <nd ref="5964728396"/>
    <nd ref="5964728394"/>
    <nd ref="5964728306"/>
    <nd ref="5964728305"/>
    <nd ref="8957619985"/>
    <nd ref="5964728304"/>
    <nd ref="5964728303"/>
    <tag k="highway" v="service"/>
  </way>
  <way id="631639106">
    <nd ref="5137127966"/>
    <nd ref="5137127945"/>
    <nd ref="6125302020"/>
    <nd ref="5137127931"/>
    <nd ref="5137127930"/>
    <nd ref="5964728330"/>
    <tag k="highway" v="service"/>
    <tag k="oneway" v="yes"/>
  </way>
  <way id="631639133">
    <nd ref="1753964282"/>
    <nd ref="5964728334"/>
    <nd ref="5964728333"/>
    <nd ref="5964728197"/>
    <nd ref="5137127930"/>
    <nd ref="5964728332"/>
    <nd ref="5964728331"/>
    <tag k="highway" v="service"/>
  </way>
  <way id="631639143">
    <nd ref="1753964282"/>
    <nd ref="5964728330"/>
    <nd ref="5964728331"/>
    <nd ref="5443427542"/>
    <tag k="highway" v="service"/>
  </way>
  <way id="631639183">
    <nd ref="5137128037"/>
    <nd ref="5137128036"/>
    <nd ref="5137128035"/>
    <nd ref="12698849785"/>
    <nd ref="5137128034"/>
    <nd ref="5137128033"/>
    <nd ref="12698849787"/>
    <nd ref="5964728201"/>
    <nd ref="5658104112"/>
    <nd ref="733863488"/>
    <tag k="highway" v="tertiary"/>
    <tag k="lanes" v="3"/>
    <tag k="lit" v="yes"/>
    <tag k="name" v="Lotnicza"/>
    <tag k="oneway" v="yes"/>
    <tag k="sidewalk:left" v="no"/>
    <tag k="sidewalk:right" v="separate"/>
    <tag k="smoothness" v="excellent"/>
    <tag k="surface" v="asphalt"/>
    <tag k="turn:lanes" v="left|left|right"/>
  </way>
  <way id="632571951">
    <nd ref="1296875266"/>
    <nd ref="5442183768"/>
    <nd ref="2424616868"/>
    <nd ref="2251107548"/>
    <nd ref="1296875305"/>
    <nd ref="12666537752"/>
    <nd ref="5535691322"/>
    <nd ref="319175854"/>
    <nd ref="12666537750"/>
    <nd ref="1296875064"/>
    <tag k="highway" v="residential"/>
    <tag k="lanes" v="2"/>
    <tag k="lit" v="yes"/>
    <tag k="maxspeed" v="50"/>
    <tag k="name" v="Zagonowa"/>
    <tag k="sidewalk" v="both"/>
    <tag k="surface" v="asphalt"/>
  </way>
  <way id="633429415">
    <nd ref="5979346603"/>
    <nd ref="5979346604"/>
    <nd ref="5979346605"/>
    <nd ref="5979346606"/>
    <nd ref="5979346607"/>
    <nd ref="5979346614"/>
    <nd ref="5979346608"/>
    <tag k="highway" v="service"/>
    <tag k="service" v="parking_aisle"/>
    <tag k="surface" v="paving_stones"/>
  </way>
  <way id="638779779">
    <nd ref="5434855224"/>
    <nd ref="13112301789"/>
    <nd ref="1757368873"/>
    <tag k="highway" v="service"/>
    <tag k="surface" v="asphalt"/>
  </way>
  <way id="658551304">
    <nd ref="5471777535"/>
    <nd ref="8168858238"/>
    <nd ref="8168858241"/>
    <nd ref="733863488"/>
    <tag k="highway" v="tertiary"/>
    <tag k="lane_markings" v="no"/>
    <tag k="lit" v="yes"/>
    <tag k="maxspeed" v="50"/>
    <tag k="name" v="Lotnicza"/>
    <tag k="sidewalk" v="no"/>
    <tag k="smoothness" v="excellent"/>
    <tag k="source:maxspeed" v="PL:urban"/>
    <tag k="surface" v="asphalt"/>
  </way>
  <way id="677115499">
    <nd ref="3739954863"/>
    <nd ref="6340303609"/>
    <nd ref="6444971673"/>
    <nd ref="8957589989"/>
    <nd ref="6340303608"/>
    <nd ref="6340303607"/>
    <nd ref="6340303606"/>
    <nd ref="6340303610"/>
    <tag k="highway" v="service"/>
    <tag k="service" v="parking_aisle"/>
  </way>
  <way id="677115502">
    <nd ref="6340303614"/>
    <nd ref="6340303612"/>
    <nd ref="6340303611"/>
    <nd ref="6340303610"/>
    <tag k="highway" v="service"/>
    <tag k="service" v="parking_aisle"/>
  </way>
  <way id="687246181">
    <nd ref="1296874914"/>
    <nd ref="6441675786"/>
    <nd ref="6441675785"/>
    <nd ref="8574234070"/>
    <nd ref="5137128232"/>
    <tag k="highway" v="residential"/>
    <tag k="lane_markings" v="no"/>
    <tag k="name" v="Lotnicza"/>
    <tag k="oneway" v="yes"/>
    <tag k="sidewalk:left" v="no"/>
    <tag k="sidewalk:right" v="separate"/>
    <tag k="surface" v="asphalt"/>
  </way>
  <way id="687254634">
    <nd ref="5137127978"/>
    <nd ref="6462613985"/>
    <nd ref="5137127987"/>
    <tag k="highway" v="service"/>
    <tag k="lanes" v="1"/>
    <tag k="lit" v="yes"/>
    <tag k="oneway" v="yes"/>
    <tag k="smoothness" v="excellent"/>
    <tag k="surface" v="asphalt"/>
  </way>
  <way id="687254635">
    <nd ref="5137127953"/>
    <nd ref="6441771135"/>
    <nd ref="6441771133"/>
    <nd ref="8261451413"/>
    <nd ref="6441771132"/>
    <nd ref="6441771131"/>
    <nd ref="8261451412"/>
    <nd ref="5137127982"/>
    <tag k="highway" v="service"/>
    <tag k="lanes" v="1"/>
    <tag k="lit" v="yes"/>
    <tag k="oneway" v="yes"/>
    <tag k="smoothness" v="excellent"/>
    <tag k="surface" v="asphalt"/>
  </way>
  <way id="687254636">
    <nd ref="5137127976"/>
    <nd ref="8296434756"/>
    <nd ref="5137127953"/>
    <tag k="highway" v="service"/>
    <tag k="lanes" v="1"/>
    <tag k="lit" v="yes"/>
    <tag k="oneway" v="yes"/>
    <tag k="smoothness" v="excellent"/>
    <tag k="surface" v="asphalt"/>
  </way>
  <way id="687536730">
    <nd ref="1757368651"/>
    <nd ref="1757368890"/>
    <nd ref="13327974716"/>
    <nd ref="6444971642"/>
    <nd ref="1296875299"/>
    <nd ref="6444971643"/>
    <nd ref="1296875058"/>
    <nd ref="2257406827"/>
    <nd ref="6444971641"/>
    <nd ref="1296875881"/>
    <nd ref="1296875590"/>
    <nd ref="9836041551"/>
    <nd ref="5435136500"/>
    <nd ref="6441654029"/>
    <nd ref="1296874914"/>
    <tag k="highway" v="residential"/>
    <tag k="name" v="Jana Kilińskiego"/>
    <tag k="surface" v="asphalt"/>
  </way>
  <way id="711626694">
    <nd ref="6690582747"/>
    <nd ref="8259953840"/>
    <nd ref="7399115582"/>
    <nd ref="6690582733"/>
    <tag k="highway" v="secondary"/>
    <tag k="highway:category:pl" v="2"/>
    <tag k="name" v="Warszawska"/>
    <tag k="oneway" v="yes"/>
    <tag k="ref" v="500"/>
    <tag k="sidewalk:left" v="no"/>
    <tag k="sidewalk:right" v="separate"/>
  </way>
  <way id="711626695">
    <nd ref="6690582733"/>
    <nd ref="7399115581"/>
    <nd ref="6690582744"/>
    <tag k="highway" v="secondary"/>
    <tag k="highway:category:pl" v="2"/>
    <tag k="name" v="Warszawska"/>
    <tag k="oneway" v="yes"/>
    <tag k="ref" v="500"/>
    <tag k="sidewalk:left" v="no"/>
    <tag k="sidewalk:right" v="separate"/>
  </way>
  <way id="711626696">
    <nd ref="6690582741"/>
    <nd ref="7399115572"/>
    <nd ref="7399115574"/>
    <nd ref="6690582731"/>
    <tag k="highway" v="secondary"/>
    <tag k="highway:category:pl" v="2"/>
    <tag k="name" v="Warszawska"/>
    <tag k="oneway" v="yes"/>
    <tag k="ref" v="500"/>
    <tag k="sidewalk:left" v="no"/>
    <tag k="sidewalk:right" v="separate"/>
  </way>
  <way id="711626697">
    <nd ref="6690582731"/>
    <nd ref="7399115573"/>
    <nd ref="7399115571"/>
    <nd ref="6690582737"/>
    <tag k="highway" v="secondary"/>
    <tag k="highway:category:pl" v="2"/>
    <tag k="name" v="Warszawska"/>
    <tag k="oneway" v="yes"/>
    <tag k="ref" v="500"/>
    <tag k="sidewalk:left" v="no"/>
    <tag k="sidewalk:right" v="separate"/>
  </way>
  <way id="711626698">
    <nd ref="1296875415"/>
    <nd ref="7399122185"/>
    <nd ref="8957589991"/>
    <nd ref="6690582750"/>
    <tag k="highway" v="tertiary"/>
    <tag k="name" v="Żuławska"/>
    <tag k="oneway" v="yes"/>
    <tag k="sidewalk:left" v="no"/>
    <tag k="sidewalk:right" v="separate"/>
  </way>
  <way id="711626699">
    <nd ref="6690582736"/>
    <nd ref="8957589992"/>
    <nd ref="7399122186"/>
    <nd ref="1296875415"/>
    <tag k="highway" v="tertiary"/>
    <tag k="name" v="Żuławska"/>
    <tag k="oneway" v="yes"/>
    <tag k="sidewalk:left" v="no"/>
    <tag k="sidewalk:right" v="separate"/>
  </way>
  <way id="711626700">
    <nd ref="6690582737"/>
    <nd ref="8259953837"/>
    <nd ref="6690582736"/>
    <nd ref="6690582751"/>
    <nd ref="8259953838"/>
    <nd ref="6690582750"/>
    <nd ref="6690582749"/>
    <nd ref="6690582748"/>
    <nd ref="8259953834"/>
    <nd ref="6690582747"/>
    <tag k="highway" v="secondary"/>
    <tag k="highway:category:pl" v="2"/>
    <tag k="junction" v="roundabout"/>
    <tag k="name" v="Rondo Bitwy Warszawskiej"/>
    <tag k="ref" v="500"/>
    <tag k="sidewalk:left" v="no"/>
    <tag k="sidewalk:right" v="separate"/>
    <tag k="surface" v="asphalt"/>
  </way>
  <way id="767460589">
    <nd ref="7165676985"/>
    <nd ref="7165626184"/>
    <tag k="highway" v="service"/>
  </way>
  <way id="771415430">
    <nd ref="5137127980"/>
    <nd ref="5137127979"/>
    <nd ref="5137127978"/>
    <tag k="highway" v="service"/>
    <tag k="lanes" v="1"/>
    <tag k="lit" v="yes"/>
    <tag k="oneway" v="yes"/>
    <tag k="smoothness" v="excellent"/>
    <tag k="surface" v="asphalt"/>
  </way>
  <way id="771415431">
    <nd ref="5599773880"/>
    <nd ref="5201587424"/>
    <tag k="highway" v="service"/>
  </way>
  <way id="771415432">
    <nd ref="5443831884"/>
    <nd ref="5599773894"/>
    <nd ref="5599773881"/>
    <nd ref="5599773880"/>
    <tag k="highway" v="service"/>
  </way>
  <way id="771415433">
    <nd ref="7201398062"/>
    <nd ref="5443831884"/>
    <tag k="highway" v="service"/>
    <tag k="oneway" v="yes"/>
  </way>
  <way id="771415434">
    <nd ref="5599773894"/>
    <nd ref="7201398063"/>
    <tag k="highway" v="service"/>
  </way>
  <way id="771415435">
    <nd ref="6441690807"/>
    <nd ref="5599773884"/>
    <nd ref="5599773895"/>
    <tag k="highway" v="service"/>
  </way>
  <way id="771415436">
    <nd ref="5137127982"/>
    <nd ref="5137127986"/>
    <nd ref="11141144398"/>
    <nd ref="5137127980"/>
    <tag k="highway" v="service"/>
    <tag k="lanes" v="1"/>
    <tag k="lit" v="yes"/>
    <tag k="oneway" v="yes"/>
    <tag k="smoothness" v="excellent"/>
    <tag k="surface" v="asphalt"/>
  </way>
  <way id="771415437">
    <nd ref="7201398063"/>
    <nd ref="7201398052"/>
    <nd ref="7201398062"/>
    <tag k="highway" v="service"/>
    <tag k="oneway" v="yes"/>
    <tag k="surface" v="concrete"/>
  </way>
  <way id="771415438">
    <nd ref="7201398065"/>
    <nd ref="7201398053"/>
    <nd ref="7201398064"/>
    <tag k="highway" v="service"/>
    <tag k="oneway" v="yes"/>
    <tag k="surface" v="concrete"/>
  </way>
  <way id="771415439">
    <nd ref="7201398067"/>
    <nd ref="7201398054"/>
    <nd ref="7201398066"/>
    <tag k="highway" v="service"/>
    <tag k="oneway" v="yes"/>
    <tag k="surface" v="concrete"/>
  </way>
  <way id="771415440">
    <nd ref="7201398069"/>
    <nd ref="7201398055"/>
    <nd ref="7201398068"/>
    <tag k="highway" v="service"/>
    <tag k="oneway" v="yes"/>
    <tag k="surface" v="concrete"/>
  </way>
  <way id="771415441">
    <nd ref="7201398071"/>
    <nd ref="7201398056"/>
    <nd ref="7201398070"/>
    <tag k="highway" v="service"/>
    <tag k="oneway" v="yes"/>
    <tag k="surface" v="concrete"/>
  </way>
  <way id="771415442">
    <nd ref="7201398073"/>
    <nd ref="7201398057"/>
    <nd ref="7201398072"/>
    <tag k="highway" v="service"/>
    <tag k="oneway" v="yes"/>
    <tag k="surface" v="concrete"/>
  </way>
  <way id="771415443">
    <nd ref="7201398075"/>
    <nd ref="7201398058"/>
    <nd ref="7201398074"/>
    <tag k="highway" v="service"/>
    <tag k="oneway" v="yes"/>
    <tag k="surface" v="concrete"/>
  </way>
  <way id="771415444">
    <nd ref="7201398077"/>
    <nd ref="7201398059"/>
    <nd ref="7201398076"/>
    <tag k="highway" v="service"/>
    <tag k="oneway" v="yes"/>
    <tag k="surface" v="concrete"/>
  </way>
  <way id="771415445">
    <nd ref="7201398079"/>
    <nd ref="7201398060"/>
    <nd ref="7201398078"/>
    <tag k="highway" v="service"/>
    <tag k="oneway" v="yes"/>
    <tag k="surface" v="concrete"/>
  </way>
  <way id="771415446">
    <nd ref="7201398081"/>
    <nd ref="7201398061"/>
    <nd ref="7201398080"/>
    <tag k="highway" v="service"/>
    <tag k="oneway" v="yes"/>
    <tag k="surface" v="concrete"/>
  </way>
  <way id="771415447">
    <nd ref="7201398083"/>
    <nd ref="7201398084"/>
    <nd ref="7201398082"/>
    <tag k="highway" v="service"/>
    <tag k="oneway" v="yes"/>
    <tag k="surface" v="concrete"/>
  </way>
  <way id="791472773">
    <nd ref="6690582731"/>
    <nd ref="2344184515"/>
    <nd ref="7399115570"/>
    <nd ref="7399115569"/>
    <tag k="highway" v="service"/>
  </way>
  <way id="791472791">
    <nd ref="1304258829"/>
    <nd ref="7399122220"/>
    <nd ref="7399122222"/>
    <nd ref="12772140058"/>
    <nd ref="7399122221"/>
    <tag k="highway" v="service"/>
  </way>
  <way id="860109298">
    <nd ref="8016524244"/>
    <nd ref="13665079598"/>
    <nd ref="8016524243"/>
    <nd ref="5440968685"/>
    <tag k="highway" v="service"/>
    <tag k="motor_vehicle" v="permissive"/>
  </way>
  <way id="883801483">
    <nd ref="3029162205"/>
    <nd ref="2134984416"/>
    <tag k="highway" v="residential"/>
    <tag k="lane_markings" v="no"/>
    <tag k="name" v="Wigilijna"/>
    <tag k="sidewalk:both" v="separate"/>
    <tag k="surface" v="sett"/>
  </way>
  <way id="888439990">
    <nd ref="6690582741"/>
    <nd ref="6690582739"/>
    <nd ref="6690582738"/>
    <nd ref="8259953836"/>
    <nd ref="6690582737"/>
    <tag k="highway" v="secondary"/>
    <tag k="highway:category:pl" v="2"/>
    <tag k="junction" v="roundabout"/>
    <tag k="name" v="Rondo Bitwy Warszawskiej"/>
    <tag k="ref" v="500"/>
    <tag k="sidewalk:left" v="no"/>
    <tag k="sidewalk:right" v="separate"/>
  </way>
  <way id="888439991">
    <nd ref="6690582744"/>
    <nd ref="6690582743"/>
    <nd ref="6690582742"/>
    <nd ref="8259953835"/>
    <nd ref="8957589996"/>
    <nd ref="6690582741"/>
    <tag k="highway" v="secondary"/>
    <tag k="highway:category:pl" v="2"/>
    <tag k="junction" v="roundabout"/>
    <tag k="name" v="Rondo Bitwy Warszawskiej"/>
    <tag k="ref" v="500"/>
    <tag k="sidewalk:left" v="no"/>
    <tag k="sidewalk:right" v="separate"/>
    <tag k="surface" v="asphalt"/>
  </way>
  <way id="888439992">
    <nd ref="6690582747"/>
    <nd ref="6690582746"/>
    <nd ref="6690582745"/>
    <nd ref="8259953839"/>
    <nd ref="6690582744"/>
    <tag k="highway" v="secondary"/>
    <tag k="highway:category:pl" v="2"/>
    <tag k="junction" v="roundabout"/>
    <tag k="name" v="Rondo Bitwy Warszawskiej"/>
    <tag k="ref" v="500"/>
    <tag k="sidewalk:left" v="no"/>
    <tag k="sidewalk:right" v="separate"/>
  </way>
  <way id="891182994">
    <nd ref="443694506"/>
    <nd ref="8282974646"/>
    <nd ref="8282974647"/>
    <nd ref="8282974648"/>
    <nd ref="8282974649"/>
    <nd ref="2255593373"/>
    <nd ref="1304254076"/>
    <tag k="highway" v="tertiary"/>
    <tag k="lanes" v="3"/>
    <tag k="name" v="Generała Stefana Grota-Roweckiego"/>
    <tag k="oneway" v="yes"/>
    <tag k="sidewalk:left" v="no"/>
    <tag k="sidewalk:right" v="separate"/>
    <tag k="turn:lanes" v="left|through|through;right"/>
  </way>
  <way id="891182995">
    <nd ref="1304254038"/>
    <nd ref="5478655541"/>
    <nd ref="2255593325"/>
    <nd ref="8282974661"/>
    <nd ref="8282974659"/>
    <nd ref="8282974658"/>
    <nd ref="8282974656"/>
    <nd ref="1304258707"/>
    <tag k="highway" v="tertiary"/>
    <tag k="name" v="Generała Stefana Grota-Roweckiego"/>
    <tag k="oneway" v="yes"/>
    <tag k="sidewalk:left" v="no"/>
    <tag k="sidewalk:right" v="separate"/>
  </way>
  <way id="891215916">
    <nd ref="3303500071"/>
    <nd ref="3495193606"/>
    <nd ref="5658104099"/>
    <nd ref="8283410047"/>
    <nd ref="5658104082"/>
    <nd ref="6082932498"/>
    <tag k="highway" v="tertiary"/>
    <tag k="lanes" v="3"/>
    <tag k="lanes:backward" v="2"/>
    <tag k="lanes:forward" v="1"/>
    <tag k="name" v="Adama Mickiewicza"/>
    <tag k="sidewalk:both" v="separate"/>
    <tag k="surface" v="asphalt"/>
    <tag k="turn:lanes:backward" v="left;through|right"/>
  </way>
  <way id="891215919">
    <nd ref="5599773898"/>
    <nd ref="8283410042"/>
    <nd ref="8283410043"/>
    <nd ref="3303500071"/>
    <tag k="highway" v="tertiary"/>
    <tag k="name" v="Adama Mickiewicza"/>
    <tag k="sidewalk" v="no"/>
    <tag k="surface" v="concrete"/>
  </way>
  <way id="891272103">
    <nd ref="2380195004"/>
    <nd ref="3277671792"/>
    <nd ref="2380195006"/>
    <nd ref="1304258679"/>
    <nd ref="2353320870"/>
    <nd ref="2380195021"/>
    <nd ref="1304258782"/>
    <nd ref="2421608638"/>
    <nd ref="1304261327"/>
    <tag k="highway" v="secondary"/>
    <tag k="highway:category:pl" v="2"/>
    <tag k="lanes" v="2"/>
    <tag k="name" v="Pocztowa"/>
    <tag k="oneway" v="yes"/>
    <tag k="ref" v="503"/>
    <tag k="sidewalk:left" v="no"/>
    <tag k="sidewalk:right" v="separate"/>
  </way>
  <way id="891273974">
    <nd ref="5297142133"/>
    <nd ref="2337328578"/>
    <nd ref="1305377539"/>
    <nd ref="10648622034"/>
    <tag k="access" v="no"/>
    <tag k="construction" v="residential"/>
    <tag k="highway" v="construction"/>
    <tag k="name" v="Wybrzeże Gdańskie"/>
  </way>
  <way id="891273975">
    <nd ref="1305377198"/>
    <nd ref="3899766013"/>
    <tag k="highway" v="residential"/>
    <tag k="lane_markings" v="no"/>
    <tag k="name" v="Orla"/>
    <tag k="surface" v="sett"/>
  </way>
  <way id="891273976">
    <nd ref="7399122218"/>
    <nd ref="1305377198"/>
    <tag k="highway" v="residential"/>
    <tag k="name" v="Wybrzeże Gdańskie"/>
  </way>
  <way id="893941322">
    <nd ref="1296875520"/>
    <nd ref="8308646562"/>
    <nd ref="3881032888"/>
    <nd ref="8308646552"/>
    <tag k="highway" v="residential"/>
    <tag k="lanes" v="3"/>
    <tag k="lanes:backward" v="2"/>
    <tag k="lanes:forward" v="1"/>
    <tag k="name" v="Stefana Żeromskiego"/>
    <tag k="sidewalk:left" v="no"/>
    <tag k="sidewalk:right" v="separate"/>
    <tag k="turn:lanes:backward" v="left;through|right"/>
  </way>
  <way id="893941323">
    <nd ref="3495268342"/>
    <nd ref="8308646564"/>
    <nd ref="8308646563"/>
    <nd ref="1296875520"/>
    <tag k="highway" v="residential"/>
    <tag k="name" v="Stefana Żeromskiego"/>
    <tag k="sidewalk:left" v="no"/>
    <tag k="sidewalk:right" v="separate"/>
  </way>
  <way id="893941330">
    <nd ref="8308646580"/>
    <nd ref="8308646578"/>
    <nd ref="8308646577"/>
    <nd ref="5658684644"/>
    <tag k="highway" v="residential"/>
    <tag k="name" v="Wojska Polskiego"/>
    <tag k="oneway" v="yes"/>
    <tag k="sidewalk:left" v="no"/>
    <tag k="sidewalk:right" v="separate"/>
    <tag k="surface" v="paving_stones"/>
  </way>
  <way id="893941331">
    <nd ref="5658684644"/>
    <nd ref="5659004215"/>
    <nd ref="8308646582"/>
    <nd ref="8308646583"/>
    <nd ref="8308646584"/>
    <tag k="highway" v="residential"/>
    <tag k="name" v="Wojska Polskiego"/>
    <tag k="oneway" v="yes"/>
    <tag k="sidewalk:left" v="no"/>
    <tag k="sidewalk:right" v="separate"/>
  </way>
  <way id="955238337">
    <nd ref="2253966012"/>
    <nd ref="1304258791"/>
    <tag k="highway" v="secondary"/>
    <tag k="highway:category:pl" v="2"/>
    <tag k="lanes" v="2"/>
    <tag k="lit" v="yes"/>
    <tag k="maxspeed" v="50"/>
    <tag k="oneway" v="no"/>
    <tag k="ref" v="500"/>
    <tag k="sidewalk:both" v="separate"/>
    <tag k="surface" v="asphalt"/>
  </way>
  <way id="962505858">
    <nd ref="5535691329"/>
    <nd ref="5535691328"/>
    <nd ref="5535691203"/>
    <nd ref="5535691204"/>
    <nd ref="5535691201"/>
    <nd ref="5535691205"/>
    <nd ref="5535691206"/>
    <tag k="access" v="destination"/>
    <tag k="highway" v="service"/>
  </way>
  <way id="968217374">
    <nd ref="8957619985"/>
    <nd ref="8957619984"/>
    <nd ref="1747660818"/>
    <tag k="highway" v="service"/>
  </way>
  <way id="968217375">
    <nd ref="5964728303"/>
    <nd ref="5964728302"/>
    <nd ref="8957619986"/>
    <nd ref="5964729087"/>
    <tag k="highway" v="service"/>
  </way>
  <way id="968217376">
    <nd ref="5964728333"/>
    <nd ref="8957619987"/>
    <nd ref="6125288878"/>
    <nd ref="1747660818"/>
    <tag k="highway" v="service"/>
    <tag k="service" v="driveway"/>
  </way>
  <way id="1009324350">
    <nd ref="9312646117"/>
    <nd ref="9312646119"/>
    <nd ref="9312646118"/>
    <tag k="highway" v="service"/>
    <tag k="surface" v="paving_stones"/>
  </way>
  <way id="1014556632">
    <nd ref="1304258947"/>
    <nd ref="12698849793"/>
    <nd ref="11193188558"/>
    <nd ref="11649016214"/>
    <nd ref="12698849791"/>
    <nd ref="9360211386"/>
    <tag k="highway" v="tertiary"/>
    <tag k="name" v="Związku Jaszczurczego"/>
    <tag k="oneway" v="yes"/>
    <tag k="source" v="UMP-PL"/>
    <tag k="surface" v="asphalt"/>
  </way>
  <way id="1029331180">
    <nd ref="1833134643"/>
    <nd ref="5834287494"/>
    <nd ref="1304254110"/>
    <nd ref="1833184135"/>
    <nd ref="5834287432"/>
    <nd ref="1833134640"/>
    <nd ref="1304254122"/>
    <tag k="highway" v="residential"/>
    <tag k="name" v="Trybunalska"/>
    <tag k="oneway" v="yes"/>
    <tag k="sidewalk:both" v="separate"/>
  </way>
  <way id="1071602295">
    <nd ref="9833423705"/>
    <nd ref="9833423707"/>
    <nd ref="9833423708"/>
    <nd ref="9833423706"/>
    <tag k="highway" v="service"/>
    <tag k="service" v="driveway"/>
  </way>
  <way id="1071602300">
    <nd ref="9833423724"/>
    <nd ref="9833423726"/>
    <nd ref="9833423727"/>
    <nd ref="9833423725"/>
    <tag k="highway" v="service"/>
    <tag k="service" v="parking_aisle"/>
  </way>
  <way id="1071944691">
    <nd ref="5536207403"/>
    <nd ref="9836041546"/>
    <tag k="highway" v="service"/>
    <tag k="service" v="driveway"/>
  </way>
  <way id="1071944693">
    <nd ref="9836041551"/>
    <nd ref="9836041552"/>
    <tag k="highway" v="service"/>
    <tag k="service" v="driveway"/>
  </way>
  <way id="1075696751">
    <nd ref="3736109404"/>
    <nd ref="3739954871"/>
    <nd ref="3736109067"/>
    <nd ref="9865409471"/>
    <nd ref="3739954828"/>
    <nd ref="9865409475"/>
    <nd ref="3739954863"/>
    <tag k="highway" v="tertiary"/>
    <tag k="name" v="Żuławska"/>
    <tag k="sidewalk:both" v="separate"/>
  </way>
  <way id="1075696754">
    <nd ref="3739954863"/>
    <nd ref="8259953841"/>
    <nd ref="8957589988"/>
    <nd ref="1296875415"/>
    <tag k="highway" v="tertiary"/>
    <tag k="lanes" v="3"/>
    <tag k="lanes:backward" v="2"/>
    <tag k="lanes:forward" v="1"/>
    <tag k="name" v="Żuławska"/>
    <tag k="sidewalk:both" v="separate"/>
    <tag k="turn:lanes:backward" v="left|"/>
  </way>
  <way id="1075696757">
    <nd ref="3495193628"/>
    <nd ref="3495193641"/>
    <tag k="highway" v="tertiary"/>
    <tag k="maxspeed" v="50"/>
    <tag k="name" v="Warszawska"/>
    <tag k="sidewalk" v="no"/>
  </way>
  <way id="1079093318">
    <nd ref="12698883223"/>
    <nd ref="12698883220"/>
    <nd ref="12698883222"/>
    <nd ref="12698883226"/>
    <nd ref="2251085656"/>
    <nd ref="5645380164"/>
    <nd ref="8296759384"/>
    <nd ref="1753964068"/>
    <tag k="highway" v="secondary"/>
    <tag k="highway:category:pl" v="2"/>
    <tag k="lanes" v="2"/>
    <tag k="maxspeed" v="50"/>
    <tag k="name" v="Aleja Tysiąclecia"/>
    <tag k="oneway" v="yes"/>
    <tag k="ref" v="500"/>
    <tag k="sidewalk:left" v="no"/>
    <tag k="sidewalk:right" v="separate"/>
    <tag k="source:maxspeed" v="PL:urban"/>
    <tag k="surface" v="asphalt"/>
  </way>
  <way id="1079093319">
    <nd ref="3621017851"/>
    <nd ref="8168858286"/>
    <nd ref="5644504306"/>
    <nd ref="5471315635"/>
    <nd ref="3495194440"/>
    <tag k="highway" v="secondary"/>
    <tag k="highway:category:pl" v="2"/>
    <tag k="lanes" v="2"/>
    <tag k="maxspeed" v="50"/>
    <tag k="name" v="Aleja Tysiąclecia"/>
    <tag k="oneway" v="yes"/>
    <tag k="ref" v="500"/>
    <tag k="sidewalk:left" v="no"/>
    <tag k="sidewalk:right" v="separate"/>
    <tag k="source:maxspeed" v="PL:urban"/>
    <tag k="surface" v="asphalt"/>
  </way>
  <way id="1079093320">
    <nd ref="3495194440"/>
    <nd ref="9892057882"/>
    <nd ref="12698882762"/>
    <nd ref="5644504305"/>
    <nd ref="8168858287"/>
    <nd ref="319175038"/>
    <tag k="highway" v="secondary"/>
    <tag k="highway:category:pl" v="2"/>
    <tag k="lanes" v="2"/>
    <tag k="maxspeed" v="50"/>
    <tag k="name" v="Aleja Tysiąclecia"/>
    <tag k="oneway" v="yes"/>
    <tag k="ref" v="500"/>
    <tag k="sidewalk:left" v="no"/>
    <tag k="sidewalk:right" v="separate"/>
    <tag k="source:maxspeed" v="PL:urban"/>
    <tag k="surface" v="asphalt"/>
  </way>
  <way id="1079093321">
    <nd ref="9892057883"/>
    <nd ref="12698794557"/>
    <nd ref="2263122557"/>
    <nd ref="12698794555"/>
    <nd ref="5439354092"/>
    <tag k="highway" v="secondary"/>
    <tag k="highway:category:pl" v="2"/>
    <tag k="lanes" v="4"/>
    <tag k="maxspeed" v="50"/>
    <tag k="name" v="Aleja Tysiąclecia"/>
    <tag k="ref" v="500"/>
    <tag k="sidewalk:both" v="separate"/>
    <tag k="source:maxspeed" v="PL:urban"/>
    <tag k="surface" v="asphalt"/>
    <tag k="turn:lanes:forward" v="left|through;right"/>
  </way>
  <way id="1084371956">
    <nd ref="9936829173"/>
    <nd ref="1707505479"/>
    <nd ref="1707505523"/>
    <tag k="highway" v="residential"/>
    <tag k="lit" v="yes"/>
    <tag k="maxspeed:type" v="PL:urban"/>
    <tag k="name" v="Plac Dworcowy"/>
    <tag k="surface" v="paving_stones"/>
  </way>
  <way id="1084388845">
    <nd ref="9936971125"/>
    <nd ref="1707505323"/>
    <nd ref="9936971123"/>
    <nd ref="9936971121"/>
    <nd ref="9936971124"/>
    <tag k="highway" v="service"/>
    <tag k="service" v="driveway"/>
    <tag k="surface" v="paving_stones"/>
  </way>
  <way id="1084388846">
    <nd ref="9936971124"/>
    <nd ref="9936971122"/>
    <tag k="highway" v="service"/>
    <tag k="service" v="driveway"/>
    <tag k="surface" v="concrete"/>
  </way>
  <way id="1106380485">
    <nd ref="2424616996"/>
    <nd ref="2424616987"/>
    <nd ref="1305376932"/>
    <tag k="highway" v="service"/>
    <tag k="service" v="parking_aisle"/>
  </way>
  <way id="1106380486">
    <nd ref="1305376932"/>
    <nd ref="10124236443"/>
    <tag k="highway" v="service"/>
  </way>
  <way id="1106426593">
    <nd ref="10124753083"/>
    <nd ref="10124753081"/>
    <tag k="highway" v="service"/>
    <tag k="name" v="Oboźna"/>
    <tag k="source" v="UMP-PL"/>
    <tag k="surface" v="asphalt"/>
  </way>
  <way id="1106426594">
    <nd ref="10124753077"/>
    <nd ref="10824003443"/>
    <nd ref="10824003444"/>
    <nd ref="10824003445"/>
    <nd ref="10124753078"/>
    <tag k="access" v="no"/>
    <tag k="foot" v="yes"/>
    <tag k="goods" v="no"/>
    <tag k="hgv" v="no"/>
    <tag k="highway" v="service"/>
    <tag k="motorcar" v="private"/>
    <tag k="service" v="parking_aisle"/>
    <tag k="surface" v="paving_stones"/>
    <tag k="vehicle" v="private"/>
  </way>
  <way id="1106426595">
    <nd ref="10124753077"/>
    <nd ref="10824003446"/>
    <nd ref="10124753076"/>
    <nd ref="10124753075"/>
    <nd ref="10124753074"/>
    <tag k="access" v="no"/>
    <tag k="foot" v="yes"/>
    <tag k="goods" v="no"/>
    <tag k="hgv" v="no"/>
    <tag k="highway" v="service"/>
    <tag k="motorcar" v="private"/>
    <tag k="service" v="parking_aisle"/>
    <tag k="surface" v="paving_stones"/>
    <tag k="vehicle" v="private"/>
  </way>
  <way id="1106426596">
    <nd ref="10124753081"/>
    <nd ref="10124753080"/>
    <nd ref="10124753079"/>
    <nd ref="10124753077"/>
    <tag k="access" v="no"/>
    <tag k="foot" v="yes"/>
    <tag k="goods" v="no"/>
    <tag k="hgv" v="no"/>
    <tag k="highway" v="service"/>
    <tag k="motorcar" v="private"/>
    <tag k="service" v="parking_aisle"/>
    <tag k="vehicle" v="private"/>
  </way>
  <way id="1106426597">
    <nd ref="10124758443"/>
    <nd ref="10124753083"/>
    <tag k="highway" v="service"/>
    <tag k="name" v="Oboźna"/>
    <tag k="source" v="UMP-PL"/>
  </way>
  <way id="1106426598">
    <nd ref="10124753083"/>
    <nd ref="10824003442"/>
    <nd ref="10124753082"/>
    <tag k="access" v="customers"/>
    <tag k="foot" v="yes"/>
    <tag k="goods" v="delivery"/>
    <tag k="hgv" v="no"/>
    <tag k="highway" v="service"/>
    <tag k="motorcar" v="destination"/>
    <tag k="vehicle" v="no"/>
  </way>
  <way id="1106426600">
    <nd ref="10124753100"/>
    <nd ref="10124753099"/>
    <nd ref="10124753098"/>
    <nd ref="10124753097"/>
    <nd ref="10124753096"/>
    <nd ref="10124753095"/>
    <nd ref="10124753094"/>
    <nd ref="10124753093"/>
    <nd ref="10124753092"/>
    <tag k="highway" v="service"/>
    <tag k="service" v="parking_aisle"/>
    <tag k="surface" v="ground"/>
  </way>
  <way id="1106426608">
    <nd ref="10124758532"/>
    <nd ref="10124758470"/>
    <nd ref="10824029868"/>
    <nd ref="10824029867"/>
    <nd ref="10824029866"/>
    <nd ref="10824029865"/>
    <tag k="highway" v="service"/>
    <tag k="service" v="parking_aisle"/>
    <tag k="surface" v="concrete:plates"/>
  </way>
  <way id="1106426610">
    <nd ref="5438531340"/>
    <nd ref="10124758472"/>
    <nd ref="10124753092"/>
    <nd ref="10124758532"/>
    <nd ref="4742041884"/>
    <nd ref="4742041879"/>
    <tag k="highway" v="service"/>
  </way>
  <way id="1106426626">
    <nd ref="10124758592"/>
    <nd ref="10124758590"/>
    <nd ref="10124758593"/>
    <nd ref="4742041930"/>
    <tag k="highway" v="service"/>
    <tag k="service" v="parking_aisle"/>
    <tag k="surface" v="paving_stones"/>
  </way>
  <way id="1110832980">
    <nd ref="1753964230"/>
    <nd ref="9360211386"/>
    <nd ref="3303500092"/>
    <nd ref="2516837681"/>
    <tag k="highway" v="secondary"/>
    <tag k="highway:category:pl" v="2"/>
    <tag k="lanes" v="2"/>
    <tag k="maxspeed" v="50"/>
    <tag k="name" v="Aleja Tysiąclecia"/>
    <tag k="oneway" v="yes"/>
    <tag k="ref" v="500"/>
    <tag k="sidewalk:left" v="no"/>
    <tag k="sidewalk:right" v="separate"/>
    <tag k="source:maxspeed" v="PL:urban"/>
    <tag k="surface" v="asphalt"/>
  </way>
  <way id="1143912414">
    <nd ref="1305377642"/>
    <nd ref="10638418980"/>
    <nd ref="3741445949"/>
    <nd ref="3741445933"/>
    <nd ref="3741445986"/>
    <tag k="highway" v="tertiary"/>
    <tag k="name" v="Warszawska"/>
    <tag k="parking:right:restriction" v="no_stopping"/>
    <tag k="sidewalk:left" v="yes"/>
    <tag k="sidewalk:right" v="separate"/>
    <tag k="surface" v="asphalt"/>
  </way>
  <way id="1143978297">
    <nd ref="1305377198"/>
    <nd ref="5297142133"/>
    <tag k="highway" v="residential"/>
    <tag k="name" v="Wybrzeże Gdańskie"/>
  </way>
  <way id="1147655211">
    <nd ref="1296875992"/>
    <nd ref="1296875219"/>
    <nd ref="5535691386"/>
    <nd ref="1296875557"/>
    <nd ref="5535691387"/>
    <nd ref="1296875282"/>
    <nd ref="4326898674"/>
    <nd ref="1296875794"/>
    <tag k="highway" v="residential"/>
    <tag k="lane_markings" v="no"/>
    <tag k="lanes" v="2"/>
    <tag k="maxspeed" v="40"/>
    <tag k="name" v="Panieńska"/>
    <tag k="sidewalk:left" v="separate"/>
    <tag k="sidewalk:right" v="no"/>
    <tag k="source:maxspeed" v="sign"/>
    <tag k="surface" v="asphalt"/>
  </way>
  <way id="1163843469">
    <nd ref="732237568"/>
    <nd ref="2785115716"/>
    <nd ref="2785115717"/>
    <nd ref="3899720979"/>
    <nd ref="1304258833"/>
    <nd ref="732237646"/>
    <nd ref="9822658326"/>
    <nd ref="5652062043"/>
    <nd ref="5652062047"/>
    <nd ref="3350737293"/>
    <tag k="highway" v="tertiary"/>
    <tag k="name" v="Związku Jaszczurczego"/>
    <tag k="sidewalk:left" v="no"/>
    <tag k="sidewalk:right" v="separate"/>
    <tag k="source" v="UMP-PL"/>
  </way>
  <way id="1163844255">
    <nd ref="10824003448"/>
    <nd ref="10823997822"/>
    <nd ref="11649016203"/>
    <nd ref="10823997821"/>
    <tag k="highway" v="service"/>
  </way>
  <way id="1163849111">
    <nd ref="10824029867"/>
    <nd ref="10824029864"/>
    <nd ref="10124753094"/>
    <tag k="highway" v="service"/>
    <tag k="service" v="parking_aisle"/>
    <tag k="surface" v="concrete:plates"/>
  </way>
  <way id="1164154585">
    <nd ref="1304258947"/>
    <nd ref="3187749326"/>
    <nd ref="2258544981"/>
    <nd ref="1304258800"/>
    <nd ref="10824003409"/>
    <nd ref="1304258688"/>
    <nd ref="1304258852"/>
    <nd ref="11648986051"/>
    <nd ref="5443317389"/>
    <nd ref="1304258717"/>
    <nd ref="2258544989"/>
    <nd ref="733863512"/>
    <nd ref="2785115713"/>
    <nd ref="732237568"/>
    <tag k="highway" v="tertiary"/>
    <tag k="name" v="Związku Jaszczurczego"/>
    <tag k="sidewalk:left" v="no"/>
    <tag k="sidewalk:right" v="separate"/>
    <tag k="source" v="UMP-PL"/>
  </way>
  <way id="1166195175">
    <nd ref="10846820521"/>
    <nd ref="10846820520"/>
    <nd ref="10846820519"/>
    <nd ref="10846820518"/>
    <nd ref="10846820517"/>
    <nd ref="10846820516"/>
    <nd ref="2337328457"/>
    <tag k="highway" v="service"/>
    <tag k="service" v="driveway"/>
  </way>
  <way id="1201685722">
    <nd ref="5137127980"/>
    <nd ref="9799176490"/>
    <nd ref="5599773886"/>
    <nd ref="6441690807"/>
    <tag k="highway" v="service"/>
  </way>
  <way id="1201685723">
    <nd ref="9936931103"/>
    <nd ref="2448192866"/>
    <nd ref="8261451419"/>
    <nd ref="8261451420"/>
    <tag k="highway" v="service"/>
    <tag k="oneway" v="yes"/>
    <tag k="surface" v="asphalt"/>
  </way>
  <way id="1201689215">
    <nd ref="1296875978"/>
    <nd ref="12698057636"/>
    <nd ref="5537749217"/>
    <nd ref="319175594"/>
    <tag k="highway" v="residential"/>
    <tag k="maxspeed" v="50"/>
    <tag k="name" v="Malborska"/>
    <tag k="oneway" v="no"/>
  </way>
  <way id="1201689216">
    <nd ref="319175594"/>
    <nd ref="11577363882"/>
    <nd ref="5536207653"/>
    <tag k="highway" v="residential"/>
    <tag k="maxspeed" v="50"/>
    <tag k="name" v="Malborska"/>
    <tag k="oneway" v="no"/>
  </way>
  <way id="1201689217">
    <nd ref="5536207653"/>
    <nd ref="12772139303"/>
    <nd ref="3495194395"/>
    <nd ref="3495193689"/>
    <nd ref="5451351805"/>
    <nd ref="12698882760"/>
    <nd ref="5645380142"/>
    <nd ref="2289252574"/>
    <nd ref="319175038"/>
    <tag k="highway" v="residential"/>
    <tag k="maxspeed" v="50"/>
    <tag k="name" v="Malborska"/>
    <tag k="oneway" v="no"/>
  </way>
  <way id="1201689218">
    <nd ref="319175038"/>
    <nd ref="3621017851"/>
    <tag k="highway" v="residential"/>
    <tag k="maxspeed" v="50"/>
    <tag k="name" v="Malborska"/>
    <tag k="oneway" v="no"/>
  </way>
  <way id="1203530312">
    <nd ref="11156243951"/>
    <nd ref="11156243952"/>
    <nd ref="11156243953"/>
    <tag k="highway" v="service"/>
    <tag k="surface" v="grass"/>
  </way>
  <way id="1203530313">
    <nd ref="4326898666"/>
    <nd ref="11156243954"/>
    <nd ref="11156243955"/>
    <tag k="highway" v="service"/>
    <tag k="surface" v="grass"/>
  </way>
  <way id="1222819866">
    <nd ref="1304261327"/>
    <nd ref="3899766020"/>
    <tag k="highway" v="secondary"/>
    <tag k="highway:category:pl" v="2"/>
    <tag k="lanes" v="2"/>
    <tag k="name" v="Pocztowa"/>
    <tag k="oneway" v="yes"/>
    <tag k="ref" v="503"/>
    <tag k="sidewalk:left" v="no"/>
    <tag k="sidewalk:right" v="separate"/>
  </way>
  <way id="1222819867">
    <nd ref="3899766020"/>
    <nd ref="3899766023"/>
    <nd ref="2129341072"/>
    <tag k="highway" v="secondary"/>
    <tag k="highway:category:pl" v="2"/>
    <tag k="lanes" v="2"/>
    <tag k="name" v="Pocztowa"/>
    <tag k="oneway" v="yes"/>
    <tag k="ref" v="503"/>
    <tag k="sidewalk:left" v="no"/>
    <tag k="sidewalk:right" v="separate"/>
  </way>
  <way id="1240940639">
    <nd ref="11530100622"/>
    <nd ref="11530100621"/>
    <nd ref="11530100620"/>
    <tag k="highway" v="service"/>
  </way>
  <way id="1253244377">
    <nd ref="733863512"/>
    <nd ref="12732042950"/>
    <nd ref="11648986059"/>
    <nd ref="11648986050"/>
    <nd ref="11648986058"/>
    <nd ref="11648986057"/>
    <nd ref="11648986049"/>
    <nd ref="11648986056"/>
    <nd ref="11648986055"/>
    <nd ref="11648986054"/>
    <nd ref="11648986053"/>
    <nd ref="11648986052"/>
    <nd ref="12732042949"/>
    <nd ref="11648986051"/>
    <tag k="highway" v="service"/>
    <tag k="service" v="parking_aisle"/>
    <tag k="smoothness" v="excellent"/>
    <tag k="surface" v="asphalt"/>
  </way>
  <way id="1253244382">
    <nd ref="1753964230"/>
    <nd ref="12698849790"/>
    <nd ref="11193188556"/>
    <nd ref="11649016221"/>
    <nd ref="12698849792"/>
    <nd ref="1304258947"/>
    <tag k="highway" v="tertiary"/>
    <tag k="lane_markings" v="no"/>
    <tag k="name" v="Związku Jaszczurczego"/>
    <tag k="oneway" v="yes"/>
    <tag k="source:width" v="ARCore"/>
    <tag k="surface" v="asphalt"/>
    <tag k="width" v="3.5"/>
  </way>
  <way id="1253269004">
    <nd ref="4859937254"/>
    <nd ref="5792244160"/>
    <nd ref="11649190872"/>
    <tag k="highway" v="service"/>
    <tag k="surface" v="concrete:plates"/>
  </way>
  <way id="1273938507">
    <nd ref="3741368975"/>
    <nd ref="3741368969"/>
    <tag k="highway" v="service"/>
  </way>
  <way id="1273938508">
    <nd ref="3741368975"/>
    <nd ref="13718283785"/>
    <nd ref="11829259859"/>
    <tag k="highway" v="service"/>
  </way>
  <way id="1273938511">
    <nd ref="6444971642"/>
    <nd ref="11829269577"/>
    <nd ref="13327974715"/>
    <nd ref="13327974709"/>
    <nd ref="13327974710"/>
    <nd ref="13327974711"/>
    <nd ref="13327962597"/>
    <nd ref="13327974713"/>
    <nd ref="13327962598"/>
    <nd ref="13327974712"/>
    <nd ref="13327974714"/>
    <tag k="highway" v="service"/>
  </way>
  <way id="1280823727">
    <nd ref="11888668995"/>
    <nd ref="12434127844"/>
    <nd ref="11888668994"/>
    <nd ref="11888668991"/>
    <nd ref="11888668993"/>
    <nd ref="11888668992"/>
    <tag k="highway" v="service"/>
  </way>
  <way id="1302327763">
    <nd ref="8308646552"/>
    <nd ref="12061689291"/>
    <tag k="highway" v="residential"/>
    <tag k="name" v="Stefana Żeromskiego"/>
    <tag k="sidewalk:both" v="separate"/>
  </way>
  <way id="1302327764">
    <nd ref="12061689291"/>
    <nd ref="5442728195"/>
    <tag k="highway" v="residential"/>
    <tag k="lanes" v="3"/>
    <tag k="lanes:backward" v="1"/>
    <tag k="lanes:forward" v="2"/>
    <tag k="name" v="Stefana Żeromskiego"/>
    <tag k="sidewalk:both" v="separate"/>
    <tag k="turn:lanes:forward" v="|right"/>
  </way>
  <way id="1302327765">
    <nd ref="5599773898"/>
    <nd ref="2014502123"/>
    <nd ref="1880060442"/>
    <tag k="highway" v="secondary"/>
    <tag k="highway:category:pl" v="2"/>
    <tag k="lanes" v="2"/>
    <tag k="maxspeed" v="50"/>
    <tag k="name" v="Aleja Grunwaldzka"/>
    <tag k="oneway" v="yes"/>
    <tag k="ref" v="500"/>
    <tag k="source:maxspeed" v="PL:urban"/>
    <tag k="surface" v="asphalt"/>
  </way>
  <way id="1302330977">
    <nd ref="2014502126"/>
    <nd ref="12698849784"/>
    <nd ref="3303500071"/>
    <tag k="cycleway:right" v="no"/>
    <tag k="highway" v="secondary"/>
    <tag k="highway:category:pl" v="2"/>
    <tag k="lanes" v="3"/>
    <tag k="maxspeed" v="50"/>
    <tag k="name" v="Aleja Grunwaldzka"/>
    <tag k="oneway" v="yes"/>
    <tag k="ref" v="500"/>
    <tag k="sidewalk:left" v="no"/>
    <tag k="sidewalk:right" v="separate"/>
    <tag k="source:maxspeed" v="PL:urban"/>
    <tag k="surface" v="asphalt"/>
    <tag k="turn:lanes" v="left|through|through;right"/>
  </way>
  <way id="1302330978">
    <nd ref="12061723972"/>
    <nd ref="2516836891"/>
    <nd ref="12698849783"/>
    <nd ref="5599773898"/>
    <tag k="highway" v="secondary"/>
    <tag k="highway:category:pl" v="2"/>
    <tag k="lanes" v="3"/>
    <tag k="maxspeed" v="50"/>
    <tag k="name" v="Aleja Grunwaldzka"/>
    <tag k="oneway" v="yes"/>
    <tag k="ref" v="500"/>
    <tag k="source:maxspeed" v="PL:urban"/>
    <tag k="surface" v="asphalt"/>
    <tag k="turn:lanes" v="reverse;left|through|through;right"/>
  </way>
  <way id="1302330979">
    <nd ref="12061723973"/>
    <nd ref="12698849788"/>
    <nd ref="1305377560"/>
    <nd ref="5658193162"/>
    <nd ref="733863488"/>
    <tag k="highway" v="secondary"/>
    <tag k="highway:category:pl" v="2"/>
    <tag k="lanes" v="2"/>
    <tag k="maxspeed" v="50"/>
    <tag k="name" v="Aleja Grunwaldzka"/>
    <tag k="oneway" v="yes"/>
    <tag k="ref" v="500"/>
    <tag k="sidewalk:left" v="no"/>
    <tag k="sidewalk:right" v="separate"/>
    <tag k="source:maxspeed" v="PL:urban"/>
    <tag k="surface" v="asphalt"/>
    <tag k="turn:lanes" v="through|through;right"/>
  </way>
  <way id="1302345319">
    <nd ref="5137127968"/>
    <nd ref="8283410071"/>
    <nd ref="8283410072"/>
    <nd ref="5137127966"/>
    <tag k="embankment" v="yes"/>
    <tag k="highway" v="service"/>
    <tag k="lanes" v="2"/>
    <tag k="lit" v="yes"/>
    <tag k="oneway" v="yes"/>
    <tag k="sidewalk:left" v="no"/>
    <tag k="sidewalk:right" v="separate"/>
    <tag k="smoothness" v="excellent"/>
    <tag k="surface" v="asphalt"/>
    <tag k="turn:lanes" v="left|"/>
  </way>
  <way id="1302346108">
    <nd ref="8261451428"/>
    <nd ref="8261451430"/>
    <tag k="highway" v="service"/>
    <tag k="oneway" v="yes"/>
  </way>
  <way id="1302346109">
    <nd ref="8261451430"/>
    <nd ref="12061902403"/>
    <nd ref="1377823450"/>
    <tag k="highway" v="service"/>
    <tag k="oneway" v="yes"/>
  </way>
  <way id="1302346110">
    <nd ref="1377823450"/>
    <nd ref="3389981734"/>
    <nd ref="9936931103"/>
    <tag k="highway" v="service"/>
    <tag k="oneway" v="yes"/>
    <tag k="surface" v="asphalt"/>
  </way>
  <way id="1305231477">
    <nd ref="2355701281"/>
    <nd ref="5522664287"/>
    <nd ref="5522664246"/>
    <nd ref="1304258809"/>
    <tag k="highway" v="service"/>
    <tag k="sidewalk:left" v="no"/>
    <tag k="sidewalk:right" v="separate"/>
  </way>
  <way id="1307222301">
    <nd ref="13327974802"/>
    <nd ref="13327974803"/>
    <nd ref="13327974804"/>
    <nd ref="12105976270"/>
    <nd ref="12105976269"/>
    <nd ref="13327974801"/>
    <nd ref="13327974800"/>
    <nd ref="12105976268"/>
    <nd ref="12105976267"/>
    <nd ref="13327974797"/>
    <tag k="highway" v="service"/>
  </way>
  <way id="1318378872">
    <nd ref="12201428342"/>
    <nd ref="2445967013"/>
    <nd ref="5613491240"/>
    <nd ref="5762250753"/>
    <tag k="highway" v="tertiary"/>
    <tag k="lanes" v="3"/>
    <tag k="lanes:backward" v="2"/>
    <tag k="lanes:forward" v="1"/>
    <tag k="name" v="Lotnicza"/>
    <tag k="sidewalk:both" v="separate"/>
    <tag k="surface" v="asphalt"/>
  </way>
  <way id="1330900313">
    <nd ref="1305377574"/>
    <nd ref="2424657547"/>
    <tag k="highway" v="tertiary"/>
    <tag k="lanes" v="2"/>
    <tag k="name" v="Generała Józefa Bema"/>
    <tag k="oneway" v="yes"/>
    <tag k="sidewalk:left" v="no"/>
    <tag k="sidewalk:right" v="separate"/>
  </way>
  <way id="1333566371">
    <nd ref="12337911193"/>
    <nd ref="12732042942"/>
    <nd ref="12337911192"/>
    <tag k="highway" v="service"/>
  </way>
  <way id="1333566372">
    <nd ref="12337911193"/>
    <nd ref="12732042941"/>
    <nd ref="413369485"/>
    <tag k="highway" v="residential"/>
    <tag k="lane_markings" v="no"/>
    <tag k="name" v="Kumieli"/>
    <tag k="surface" v="sett"/>
  </way>
  <way id="1333566373">
    <nd ref="12337911192"/>
    <nd ref="12337911191"/>
    <nd ref="12337911190"/>
    <nd ref="12337911189"/>
    <nd ref="12337911188"/>
    <tag k="highway" v="service"/>
  </way>
  <way id="1333566374">
    <nd ref="2294018020"/>
    <nd ref="2294018021"/>
    <nd ref="12337911197"/>
    <tag k="highway" v="residential"/>
    <tag k="name" v="Kumieli"/>
  </way>
  <way id="1333566375">
    <nd ref="12337911197"/>
    <nd ref="12732042944"/>
    <nd ref="12337911196"/>
    <nd ref="12337911195"/>
    <tag k="highway" v="service"/>
  </way>
  <way id="1333566376">
    <nd ref="1559586256"/>
    <nd ref="2294018020"/>
    <tag k="highway" v="residential"/>
    <tag k="name" v="Kumieli"/>
  </way>
  <way id="1333566377">
    <nd ref="2294018020"/>
    <nd ref="12732042945"/>
    <nd ref="12337911199"/>
    <nd ref="12337911198"/>
    <nd ref="12337911194"/>
    <tag k="highway" v="service"/>
  </way>
  <way id="1333566378">
    <nd ref="1559586256"/>
    <nd ref="12337911205"/>
    <nd ref="12337911204"/>
    <nd ref="12337911200"/>
    <nd ref="12337911203"/>
    <nd ref="12337911202"/>
    <nd ref="12337911201"/>
    <nd ref="5522798256"/>
    <nd ref="5705756833"/>
    <nd ref="5522798255"/>
    <nd ref="5522835643"/>
    <nd ref="2807040260"/>
    <tag k="highway" v="residential"/>
  </way>
  <way id="1333708690">
    <nd ref="12339226858"/>
    <nd ref="12339226857"/>
    <nd ref="12339226856"/>
    <nd ref="12339226855"/>
    <nd ref="12339226854"/>
    <nd ref="12339226853"/>
    <nd ref="12339226852"/>
    <tag k="highway" v="service"/>
    <tag k="service" v="driveway"/>
  </way>
  <way id="1335984723">
    <nd ref="12358376340"/>
    <nd ref="13327974870"/>
    <nd ref="12358376339"/>
    <nd ref="12358376338"/>
    <nd ref="12358376335"/>
    <nd ref="12358376336"/>
    <nd ref="12358376337"/>
    <tag k="highway" v="service"/>
  </way>
  <way id="1347545133">
    <nd ref="2381059303"/>
    <nd ref="2381059305"/>
    <nd ref="2381059304"/>
    <nd ref="5522664310"/>
    <nd ref="3899785063"/>
    <nd ref="2355701286"/>
    <nd ref="6106863983"/>
    <nd ref="2381059302"/>
    <nd ref="2381059300"/>
    <nd ref="2381059298"/>
    <nd ref="7399122227"/>
    <nd ref="2355701281"/>
    <tag k="access" v="yes"/>
    <tag k="bicycle" v="no"/>
    <tag k="foot" v="no"/>
    <tag k="highway" v="residential"/>
    <tag k="maxspeed" v="50"/>
    <tag k="name" v="Skwer Ofiar Sprawy Elbląskiej"/>
    <tag k="oneway" v="no"/>
    <tag k="sidewalk:both" v="separate"/>
    <tag k="teryt:name" v="ul. Skwer Ofiar Sprawy Elbląskiej"/>
  </way>
  <way id="1347545134">
    <nd ref="2355701290"/>
    <nd ref="2355701607"/>
    <nd ref="2381059289"/>
    <nd ref="2355701608"/>
    <nd ref="2381059282"/>
    <tag k="gauge" v="1435"/>
    <tag k="highway" v="residential"/>
    <tag k="name" v="Skwer Ofiar Sprawy Elbląskiej"/>
    <tag k="oneway" v="no"/>
    <tag k="railway" v="razed"/>
    <tag k="sidewalk:both" v="separate"/>
    <tag k="teryt:name" v="ul. Skwer Ofiar Sprawy Elbląskiej"/>
    <tag k="usage" v="branch"/>
  </way>
  <way id="1360558139">
    <nd ref="1852461898"/>
    <nd ref="5840053077"/>
    <nd ref="5839999007"/>
    <tag k="highway" v="service"/>
    <tag k="service" v="parking_aisle"/>
    <tag k="surface" v="paved"/>
  </way>
  <way id="1362825222">
    <nd ref="5536207410"/>
    <nd ref="5536207411"/>
    <nd ref="12617971456"/>
    <tag k="highway" v="service"/>
  </way>
  <way id="1362825223">
    <nd ref="12617971456"/>
    <nd ref="5536207412"/>
    <nd ref="5536207413"/>
    <nd ref="10846820544"/>
    <nd ref="5536207414"/>
    <nd ref="5536207415"/>
    <nd ref="5536207406"/>
    <tag k="highway" v="service"/>
  </way>
  <way id="1362825224">
    <nd ref="12617971460"/>
    <nd ref="12617971459"/>
    <nd ref="12617971458"/>
    <nd ref="12617971457"/>
    <nd ref="5536207410"/>
    <tag k="highway" v="service"/>
  </way>
  <way id="1362825225">
    <nd ref="12617971460"/>
    <nd ref="12617971455"/>
    <nd ref="12617971456"/>
    <tag k="highway" v="service"/>
  </way>
  <way id="1362825226">
    <nd ref="319175856"/>
    <nd ref="12617971463"/>
    <nd ref="12617971462"/>
    <nd ref="12617971461"/>
    <nd ref="12617971460"/>
    <tag k="highway" v="service"/>
  </way>
  <way id="1367416240">
    <nd ref="12663448090"/>
    <nd ref="1304254097"/>
    <tag k="highway" v="residential"/>
    <tag k="lanes" v="4"/>
    <tag k="lanes:backward" v="1"/>
    <tag k="lanes:forward" v="3"/>
    <tag k="name" v="Romualda Traugutta"/>
    <tag k="sidewalk:both" v="separate"/>
    <tag k="turn:lanes:forward" v="left|through|right"/>
  </way>
  <way id="1367416241">
    <nd ref="319191146"/>
    <nd ref="443694506"/>
    <tag k="highway" v="tertiary"/>
    <tag k="lanes" v="2"/>
    <tag k="name" v="Generała Stefana Grota-Roweckiego"/>
    <tag k="oneway" v="yes"/>
    <tag k="sidewalk:left" v="no"/>
    <tag k="sidewalk:right" v="separate"/>
  </way>
  <way id="1367416242">
    <nd ref="319191143"/>
    <nd ref="2263122537"/>
    <nd ref="1304254078"/>
    <nd ref="8282974636"/>
    <nd ref="2412954512"/>
    <tag k="highway" v="tertiary"/>
    <tag k="lanes" v="2"/>
    <tag k="name" v="Grobla Świętego Jerzego"/>
    <tag k="oneway" v="yes"/>
    <tag k="sidewalk:left" v="no"/>
    <tag k="sidewalk:right" v="separate"/>
  </way>
  <way id="1367416243">
    <nd ref="1304258707"/>
    <nd ref="8168817414"/>
    <nd ref="2263122509"/>
    <nd ref="3350737293"/>
    <tag k="highway" v="tertiary"/>
    <tag k="name" v="Związku Jaszczurczego"/>
    <tag k="oneway" v="yes"/>
    <tag k="sidewalk:both" v="separate"/>
  </way>
  <way id="1367416244">
    <nd ref="2385303461"/>
    <nd ref="12663448091"/>
    <nd ref="1304258707"/>
    <tag k="highway" v="tertiary"/>
    <tag k="name" v="Związku Jaszczurczego"/>
    <tag k="sidewalk:both" v="separate"/>
  </way>
  <way id="1367416245">
    <nd ref="2385303461"/>
    <nd ref="1376728193"/>
    <nd ref="443694506"/>
    <tag k="highway" v="tertiary"/>
    <tag k="name" v="Związku Jaszczurczego"/>
    <tag k="oneway" v="yes"/>
    <tag k="sidewalk:both" v="separate"/>
  </way>
  <way id="1367419916">
    <nd ref="5438017906"/>
    <nd ref="2254990742"/>
    <nd ref="3350705413"/>
    <tag k="highway" v="service"/>
    <tag k="service" v="parking_aisle"/>
    <tag k="sidewalk:both" v="separate"/>
  </way>
  <way id="1367654132">
    <nd ref="316655164"/>
    <nd ref="2263122552"/>
    <nd ref="2383528171"/>
    <tag k="highway" v="tertiary"/>
    <tag k="name" v="Generała Józefa Bema"/>
    <tag k="sidewalk:both" v="separate"/>
  </way>
  <way id="1371046028">
    <nd ref="5537749224"/>
    <nd ref="12698057660"/>
    <tag k="highway" v="service"/>
    <tag k="service" v="parking_aisle"/>
  </way>
  <way id="1371046029">
    <nd ref="5537749222"/>
    <nd ref="5537749224"/>
    <nd ref="5537749228"/>
    <nd ref="5537749232"/>
    <nd ref="5537749236"/>
    <tag k="highway" v="service"/>
    <tag k="service" v="parking_aisle"/>
  </way>
  <way id="1372285441">
    <nd ref="5653415474"/>
    <nd ref="5653415473"/>
    <nd ref="5653415467"/>
    <nd ref="5653415468"/>
    <nd ref="5653415469"/>
    <nd ref="5653415470"/>
    <nd ref="5653415471"/>
    <nd ref="5653415472"/>
    <nd ref="5653776375"/>
    <nd ref="1305376931"/>
    <tag k="highway" v="service"/>
    <tag k="service" v="parking_aisle"/>
  </way>
  <way id="1378994440">
    <nd ref="5522798256"/>
    <nd ref="5522798257"/>
    <tag k="highway" v="service"/>
  </way>
  <way id="1378994454">
    <nd ref="12769355122"/>
    <nd ref="12769355121"/>
    <nd ref="12769355120"/>
    <tag k="highway" v="service"/>
  </way>
  <way id="1378994455">
    <nd ref="12769355126"/>
    <nd ref="12769355125"/>
    <nd ref="12769355123"/>
    <nd ref="12769355124"/>
    <tag k="highway" v="service"/>
    <tag k="service" v="driveway"/>
  </way>
  <way id="1378994456">
    <nd ref="12769355176"/>
    <nd ref="12769355175"/>
    <nd ref="12769355174"/>
    <tag k="highway" v="service"/>
  </way>
  <way id="1378994459">
    <nd ref="12769355420"/>
    <nd ref="12769355421"/>
    <nd ref="12769355422"/>
    <nd ref="12769355424"/>
    <nd ref="12769354815"/>
    <nd ref="12769355423"/>
    <tag k="highway" v="service"/>
  </way>
  <way id="1379314457">
    <nd ref="1562399080"/>
    <nd ref="5535723205"/>
    <nd ref="1562398637"/>
    <nd ref="3733140270"/>
    <nd ref="5535723535"/>
    <nd ref="1296876034"/>
    <nd ref="2337328456"/>
    <nd ref="2337328453"/>
    <nd ref="2337328452"/>
    <nd ref="5535723537"/>
    <nd ref="2337328451"/>
    <nd ref="2337328450"/>
    <nd ref="3733140286"/>
    <nd ref="2337328449"/>
    <tag k="highway" v="residential"/>
    <tag k="name" v="Dojazdowa"/>
  </way>
  <way id="1379314555">
    <nd ref="1305377474"/>
    <nd ref="1758174815"/>
    <nd ref="12772139244"/>
    <tag k="highway" v="service"/>
    <tag k="name" v="Tamka"/>
  </way>
  <way id="1379314557">
    <nd ref="12772139308"/>
    <nd ref="12772139307"/>
    <nd ref="12772139306"/>
    <nd ref="12772139305"/>
    <nd ref="12772139304"/>
    <nd ref="12772139303"/>
    <tag k="highway" v="service"/>
  </way>
  <way id="1379314585">
    <nd ref="5537749387"/>
    <nd ref="5537749388"/>
    <nd ref="5537749389"/>
    <nd ref="12772139437"/>
    <nd ref="12772139421"/>
    <nd ref="12772139422"/>
    <nd ref="12772139436"/>
    <tag k="highway" v="service"/>
  </way>
  <way id="1379314639">
    <nd ref="1562398596"/>
    <nd ref="1296875958"/>
    <tag k="highway" v="service"/>
    <tag k="name" v="Rybna"/>
  </way>
  <way id="1379314659">
    <nd ref="2807040261"/>
    <nd ref="12769355420"/>
    <tag k="highway" v="residential"/>
    <tag k="name" v="Murarska"/>
  </way>
  <way id="1379314677">
    <nd ref="12772140050"/>
    <nd ref="12772140051"/>
    <tag k="highway" v="service"/>
  </way>
  <way id="1379314680">
    <nd ref="12772140070"/>
    <nd ref="12772140069"/>
    <nd ref="3186777566"/>
    <nd ref="12772140068"/>
    <tag k="highway" v="service"/>
  </way>
  <way id="1379314696">
    <nd ref="12772140280"/>
    <nd ref="12772140279"/>
    <nd ref="12772140278"/>
    <tag k="highway" v="service"/>
    <tag k="service" v="driveway"/>
  </way>
  <way id="1379314735">
    <nd ref="12772140676"/>
    <nd ref="12772140675"/>
    <tag k="highway" v="service"/>
    <tag k="tunnel" v="building_passage"/>
  </way>
  <way id="1379314736">
    <nd ref="12772140677"/>
    <nd ref="12772140674"/>
    <nd ref="12772140676"/>
    <tag k="highway" v="service"/>
  </way>
  <way id="1379314737">
    <nd ref="12772140675"/>
    <nd ref="12772140682"/>
    <nd ref="12772140681"/>
    <nd ref="12772140680"/>
    <nd ref="12772140679"/>
    <nd ref="12772140678"/>
    <tag k="highway" v="service"/>
  </way>
  <way id="1379314745">
    <nd ref="5522835677"/>
    <nd ref="5562504056"/>
    <nd ref="5522835678"/>
    <nd ref="5522835679"/>
    <nd ref="5522835680"/>
    <nd ref="5522835681"/>
    <tag k="highway" v="service"/>
  </way>
  <way id="1381876441">
    <nd ref="12793955323"/>
    <nd ref="5438531339"/>
    <tag k="highway" v="service"/>
    <tag k="service" v="parking_aisle"/>
  </way>
  <way id="1381876442">
    <nd ref="5438531340"/>
    <nd ref="12732042947"/>
    <nd ref="12793955324"/>
    <tag k="highway" v="service"/>
    <tag k="service" v="parking_aisle"/>
  </way>
  <way id="1414153120">
    <nd ref="13327974824"/>
    <nd ref="13327974825"/>
    <nd ref="13327974820"/>
    <tag k="highway" v="service"/>
    <tag k="service" v="parking_aisle"/>
  </way>
  <way id="1420065934">
    <nd ref="13049121512"/>
    <nd ref="13049121511"/>
    <nd ref="13049121510"/>
    <tag k="highway" v="service"/>
    <tag k="service" v="parking_aisle"/>
    <tag k="surface" v="paved"/>
  </way>
  <way id="1420065935">
    <nd ref="5522542420"/>
    <nd ref="6106863941"/>
    <nd ref="13049121533"/>
    <nd ref="5522542432"/>
    <tag k="highway" v="service"/>
    <tag k="service" v="driveway"/>
    <tag k="surface" v="paved"/>
  </way>
  <way id="1420065936">
    <nd ref="13049121523"/>
    <nd ref="13049121513"/>
    <nd ref="13049121515"/>
    <nd ref="13049121514"/>
    <tag k="highway" v="service"/>
    <tag k="service" v="parking_aisle"/>
    <tag k="surface" v="paved"/>
  </way>
  <way id="1420065937">
    <nd ref="13049121528"/>
    <nd ref="13049121529"/>
    <tag k="highway" v="service"/>
    <tag k="service" v="driveway"/>
    <tag k="surface" v="paved"/>
  </way>
  <way id="1420065948">
    <nd ref="13049121558"/>
    <nd ref="13049121557"/>
    <nd ref="13049121556"/>
    <nd ref="13049121555"/>
    <tag k="highway" v="service"/>
    <tag k="service" v="driveway"/>
  </way>
  <way id="1420065951">
    <nd ref="13049121559"/>
    <nd ref="13049121566"/>
    <nd ref="13049121565"/>
    <nd ref="13049121564"/>
    <nd ref="13049121562"/>
    <nd ref="13049121563"/>
    <tag k="highway" v="service"/>
  </way>
  <way id="1420065975">
    <nd ref="13049121784"/>
    <nd ref="13049121558"/>
    <nd ref="13049121707"/>
    <nd ref="13049121708"/>
    <nd ref="13049121709"/>
    <nd ref="13049121710"/>
    <nd ref="13049121711"/>
    <nd ref="13049121712"/>
    <nd ref="13049121713"/>
    <nd ref="13049121714"/>
    <nd ref="13049121715"/>
    <nd ref="13049121716"/>
    <nd ref="13049121717"/>
    <nd ref="13049121718"/>
    <nd ref="13049121719"/>
    <nd ref="13049121720"/>
    <nd ref="13049121721"/>
    <nd ref="13049121722"/>
    <nd ref="13049121723"/>
    <nd ref="13049121724"/>
    <nd ref="13049121725"/>
    <nd ref="13049121726"/>
    <nd ref="13049121727"/>
    <nd ref="13049121730"/>
    <tag k="highway" v="service"/>
  </way>
  <way id="1420065991">
    <nd ref="13049121806"/>
    <nd ref="13049121805"/>
    <nd ref="13049121804"/>
    <nd ref="13049121803"/>
    <nd ref="13049121802"/>
    <nd ref="13049121801"/>
    <tag k="highway" v="service"/>
    <tag k="service" v="parking_aisle"/>
  </way>
  <way id="1420066035">
    <nd ref="13049122265"/>
    <nd ref="13049122263"/>
    <nd ref="13049122262"/>
    <nd ref="13049122261"/>
    <nd ref="13049122260"/>
    <nd ref="13049122259"/>
    <nd ref="13049122258"/>
    <nd ref="13049122257"/>
    <nd ref="13049121790"/>
    <nd ref="13049122256"/>
    <nd ref="13049121789"/>
    <nd ref="13049122255"/>
    <nd ref="13049122254"/>
    <tag k="highway" v="service"/>
  </way>
  <way id="1420066036">
    <nd ref="13049122264"/>
    <nd ref="13049122265"/>
    <tag k="highway" v="service"/>
    <tag k="service" v="parking_aisle"/>
    <tag k="surface" v="paved"/>
  </way>
  <way id="1420066037">
    <nd ref="13049122265"/>
    <nd ref="13049122266"/>
    <nd ref="2337328611"/>
    <tag k="highway" v="service"/>
  </way>
  <way id="1420066038">
    <nd ref="13049122268"/>
    <nd ref="13049121536"/>
    <nd ref="13049122267"/>
    <nd ref="13049122266"/>
    <tag k="highway" v="service"/>
  </way>
  <way id="1420066039">
    <nd ref="13049122357"/>
    <nd ref="13049122274"/>
    <tag k="highway" v="service"/>
    <tag k="service" v="parking_aisle"/>
    <tag k="surface" v="paved"/>
  </way>
  <way id="1420066040">
    <nd ref="13049122277"/>
    <nd ref="13049122276"/>
    <tag k="highway" v="service"/>
    <tag k="surface" v="paving_stones"/>
  </way>
  <way id="1420066046">
    <nd ref="3025072102"/>
    <nd ref="13049122330"/>
    <nd ref="13049122308"/>
    <nd ref="13049122307"/>
    <tag k="highway" v="service"/>
    <tag k="lanes" v="2"/>
    <tag k="maxspeed" v="30"/>
    <tag k="surface" v="paving_stones"/>
  </way>
  <way id="1420066047">
    <nd ref="3025063310"/>
    <nd ref="3025063311"/>
    <tag k="highway" v="service"/>
    <tag k="lanes" v="2"/>
    <tag k="maxspeed" v="30"/>
    <tag k="surface" v="paving_stones"/>
  </way>
  <way id="1420066048">
    <nd ref="13049122340"/>
    <nd ref="13049122339"/>
    <nd ref="13049122338"/>
    <nd ref="13049122337"/>
    <nd ref="13049122336"/>
    <tag k="highway" v="service"/>
    <tag k="surface" v="paved"/>
  </way>
  <way id="1420066049">
    <nd ref="2337328611"/>
    <nd ref="13049122350"/>
    <nd ref="13049122351"/>
    <nd ref="13049122349"/>
    <nd ref="13049122348"/>
    <nd ref="13049122347"/>
    <nd ref="13049122346"/>
    <nd ref="13049122345"/>
    <nd ref="13049122344"/>
    <nd ref="13049122343"/>
    <nd ref="13049122342"/>
    <nd ref="13049121509"/>
    <nd ref="13049122341"/>
    <nd ref="13049121508"/>
    <nd ref="13049122339"/>
    <tag k="highway" v="service"/>
    <tag k="surface" v="paved"/>
  </way>
  <way id="1420066050">
    <nd ref="13049122362"/>
    <nd ref="13049122361"/>
    <nd ref="13049122360"/>
    <nd ref="13049122359"/>
    <nd ref="13049122358"/>
    <nd ref="13049122357"/>
    <nd ref="13049122356"/>
    <nd ref="13049122355"/>
    <nd ref="13049122354"/>
    <nd ref="13049122353"/>
    <nd ref="13049122352"/>
    <nd ref="13049122336"/>
    <nd ref="13049122351"/>
    <tag k="highway" v="service"/>
    <tag k="surface" v="paved"/>
  </way>
  <way id="1422001193">
    <nd ref="13068439426"/>
    <nd ref="13718283786"/>
    <nd ref="13068439427"/>
    <nd ref="13718296006"/>
    <nd ref="13068439428"/>
    <nd ref="13068439429"/>
    <nd ref="13718296043"/>
    <nd ref="13068439430"/>
    <nd ref="13718296008"/>
    <nd ref="13718296005"/>
    <nd ref="13068439432"/>
    <tag k="highway" v="service"/>
    <tag k="oneway" v="yes"/>
  </way>
  <way id="1422001194">
    <nd ref="13068439431"/>
    <nd ref="13718296010"/>
    <nd ref="13718296007"/>
    <nd ref="13068439432"/>
    <tag k="highway" v="service"/>
  </way>
  <way id="1422001195">
    <nd ref="13068439433"/>
    <nd ref="13718296011"/>
    <nd ref="13068439432"/>
    <tag k="highway" v="service"/>
  </way>
  <way id="1422001196">
    <nd ref="13068439437"/>
    <nd ref="13068439436"/>
    <nd ref="13068439435"/>
    <nd ref="13645082883"/>
    <nd ref="13645082884"/>
    <nd ref="13068439434"/>
    <tag k="construction" v="service"/>
    <tag k="highway" v="construction"/>
  </way>
  <way id="1426386285">
    <nd ref="1757368873"/>
    <nd ref="5434855235"/>
    <nd ref="13112301787"/>
    <nd ref="13112301786"/>
    <tag k="highway" v="service"/>
    <tag k="service" v="parking_aisle"/>
  </way>
  <way id="1426386295">
    <nd ref="13112303204"/>
    <nd ref="13112301800"/>
    <nd ref="13404124349"/>
    <nd ref="5434855232"/>
    <nd ref="13404124348"/>
    <tag k="highway" v="service"/>
    <tag k="service" v="driveway"/>
  </way>
  <way id="1426386296">
    <nd ref="13404124336"/>
    <nd ref="13112303205"/>
    <nd ref="6019712850"/>
    <nd ref="13112301779"/>
    <tag k="highway" v="service"/>
    <tag k="service" v="driveway"/>
  </way>
  <way id="1442760331">
    <nd ref="5674726847"/>
    <nd ref="5674726841"/>
    <nd ref="5674726842"/>
    <tag k="access" v="private"/>
    <tag k="highway" v="service"/>
  </way>
  <way id="1442760332">
    <nd ref="5674726856"/>
    <nd ref="5674726859"/>
    <nd ref="5674726847"/>
    <tag k="highway" v="service"/>
  </way>
  <way id="1453305601">
    <nd ref="13327974714"/>
    <nd ref="11829269576"/>
    <tag k="highway" v="service"/>
  </way>
  <way id="1453305604">
    <nd ref="13327974714"/>
    <nd ref="13327974708"/>
    <nd ref="13327974707"/>
    <tag k="highway" v="service"/>
  </way>
  <way id="1453305605">
    <nd ref="13327974717"/>
    <nd ref="13327974716"/>
    <tag k="highway" v="service"/>
  </way>
  <way id="1453305626">
    <nd ref="13327974788"/>
    <nd ref="12994896303"/>
    <tag k="highway" v="service"/>
  </way>
  <way id="1453305627">
    <nd ref="13327974789"/>
    <nd ref="13329701030"/>
    <nd ref="13327974788"/>
    <tag k="highway" v="service"/>
  </way>
  <way id="1453305628">
    <nd ref="12105976266"/>
    <nd ref="13327974799"/>
    <nd ref="12105976265"/>
    <nd ref="12105976264"/>
    <nd ref="13327974788"/>
    <tag k="highway" v="service"/>
  </way>
  <way id="1453305629">
    <nd ref="12994896303"/>
    <nd ref="13327974790"/>
    <tag k="highway" v="service"/>
  </way>
  <way id="1453305630">
    <nd ref="13327974795"/>
    <nd ref="13327974754"/>
    <nd ref="13327974794"/>
    <tag k="highway" v="service"/>
  </way>
  <way id="1453305631">
    <nd ref="12994896303"/>
    <nd ref="13327974791"/>
    <nd ref="13327974793"/>
    <nd ref="13327974792"/>
    <nd ref="13112303213"/>
    <nd ref="13540607657"/>
    <nd ref="1757368869"/>
    <tag k="highway" v="service"/>
  </way>
  <way id="1453305632">
    <nd ref="13327974797"/>
    <nd ref="13327974794"/>
    <nd ref="12105976266"/>
    <tag k="highway" v="service"/>
  </way>
  <way id="1453305633">
    <nd ref="13327974797"/>
    <nd ref="13327974796"/>
    <tag k="highway" v="service"/>
    <tag k="service" v="parking_aisle"/>
  </way>
  <way id="1453305634">
    <nd ref="12105976266"/>
    <nd ref="13327974798"/>
    <tag k="highway" v="service"/>
  </way>
  <way id="1453305638">
    <nd ref="12994896301"/>
    <nd ref="13327974819"/>
    <nd ref="13327974818"/>
    <nd ref="13327974817"/>
    <nd ref="13327974816"/>
    <nd ref="13327974815"/>
    <nd ref="13112303210"/>
    <tag k="highway" v="service"/>
  </way>
  <way id="1453305639">
    <nd ref="13327974823"/>
    <nd ref="13327974822"/>
    <nd ref="13327974821"/>
    <nd ref="13327974820"/>
    <tag k="highway" v="service"/>
    <tag k="service" v="parking_aisle"/>
  </way>
  <way id="1453305640">
    <nd ref="319175857"/>
    <nd ref="13327974831"/>
    <nd ref="13327974830"/>
    <tag k="highway" v="service"/>
  </way>
  <way id="1453305642">
    <nd ref="13327974840"/>
    <nd ref="13327974839"/>
    <nd ref="13327974838"/>
    <tag k="highway" v="service"/>
  </way>
  <way id="1453305652">
    <nd ref="13327974911"/>
    <nd ref="13363464084"/>
    <nd ref="13327974910"/>
    <nd ref="13327974909"/>
    <nd ref="13327974908"/>
    <nd ref="13363464083"/>
    <nd ref="13327974907"/>
    <tag k="highway" v="service"/>
  </way>
  <way id="1453312049">
    <nd ref="13327974820"/>
    <nd ref="13327974826"/>
    <nd ref="5554526077"/>
    <tag k="highway" v="service"/>
  </way>
  <way id="1453312050">
    <nd ref="5554526077"/>
    <nd ref="5434855224"/>
    <nd ref="5434855225"/>
    <nd ref="1757368869"/>
    <tag k="highway" v="service"/>
  </way>
  <way id="1453312051">
    <nd ref="5554526077"/>
    <nd ref="13112301798"/>
    <nd ref="12994896301"/>
    <tag k="highway" v="service"/>
  </way>
  <way id="1453312052">
    <nd ref="12994896301"/>
    <nd ref="13404134123"/>
    <nd ref="12994883899"/>
    <tag k="highway" v="service"/>
    <tag k="service" v="parking_aisle"/>
  </way>
  <way id="1457117576">
    <nd ref="5522733150"/>
    <nd ref="5522733148"/>
    <nd ref="13363464012"/>
    <tag k="highway" v="residential"/>
    <tag k="name" v="Przymurze"/>
    <tag k="sidewalk:both" v="separate"/>
  </way>
  <way id="1457117577">
    <nd ref="13363464012"/>
    <nd ref="13363464011"/>
    <nd ref="13363464010"/>
    <tag k="highway" v="service"/>
  </way>
  <way id="1461489210">
    <nd ref="13404133632"/>
    <nd ref="13404133631"/>
    <nd ref="13404133261"/>
    <nd ref="13404133630"/>
    <nd ref="13404133260"/>
    <nd ref="13404133259"/>
    <nd ref="13404133629"/>
    <tag k="highway" v="service"/>
    <tag k="service" v="driveway"/>
  </way>
  <way id="1476141827">
    <nd ref="3741368957"/>
    <nd ref="13540472334"/>
    <nd ref="3741369188"/>
    <nd ref="3741369146"/>
    <nd ref="13540607703"/>
    <nd ref="13540607702"/>
    <nd ref="13540607701"/>
    <nd ref="13540607700"/>
    <nd ref="13540607699"/>
    <tag k="highway" v="service"/>
  </way>
  <way id="1476152058">
    <nd ref="13540607699"/>
    <nd ref="13540607698"/>
    <tag k="highway" v="service"/>
  </way>
  <way id="1488395904">
    <nd ref="13327974790"/>
    <nd ref="13643745306"/>
    <nd ref="1296875731"/>
    <tag k="construction" v="service"/>
    <tag k="highway" v="construction"/>
  </way>
  <way id="1491020492">
    <nd ref="5440827406"/>
    <nd ref="13665079662"/>
    <nd ref="13665079661"/>
    <nd ref="5440827387"/>
    <tag k="highway" v="service"/>
  </way>
  <way id="1497900557">
    <nd ref="13718283733"/>
    <nd ref="13718283734"/>
    <nd ref="13718283732"/>
    <tag k="highway" v="service"/>
  </way>

</osm>
