{
    "type": "FeatureCollection",
    "features": [
        {
            "type": "Feature",
            "properties": {
                "id": 1,
                "nazwa": null,
                "dlugosc_m": 669.0,
                "predkosc_ms": 2.5,
                "predkosc_kmh": 9.0,
                "free_flow_ms": 5.555556,
                "free_flow_kmh": 20.0000016,
                "jam_factor": 8.1,
                "confidence": 0.98,
                "traversability": "open"
            },
            "geometry": {
                "type": "LineString",
                "coordinates": [
                    [
                        13.38667,
                        52.51193
                    ],
                    [
                        13.38838,
                        52.51208
                    ],
                    [
                        13.38961,
                        52.51215
                    ],
                    [
                        13.39032,
                        52.51218
                    ],
                    [
                        13.39048,
                        52.51216
                    ],
                    [
                        13.39153,
                        52.51222
                    ],
                    [
                        13.39182,
                        52.51224
                    ],
                    [
                        13.39324,
                        52.51231
                    ],
                    [
                        13.39348,
                        52.51232
                    ],
                    [
                        13.39643,
                        52.5125
                    ]
                ]
            }
        },
        {
            "type": "Feature",
            "properties": {
                "id": 2,
                "nazwa": null,
                "dlugosc_m": 263.0,
                "predkosc_ms": 2.5,
                "predkosc_kmh": 9.0,
                "free_flow_ms": 7.5,
                "free_flow_kmh": 27.0,
                "jam_factor": 8.3,
                "confidence": 0.96,
                "traversability": "open"
            },
            "geometry": {
                "type": "LineString",
                "coordinates": [
                    [
                        13.39093,
                        52.5042
                    ],
                    [
                        13.39286,
                        52.50438
                    ],
                    [
                        13.39338,
                        52.50443
                    ],
                    [
                        13.39385,
                        52.50448
                    ],
                    [
                        13.39417,
                        52.50451
                    ],
                    [
                        13.39474,
                        52.50456
                    ]
                ]
            }
        },
        {
            "type": "Feature",
            "properties": {
                "id": 3,
                "nazwa": null,
                "dlugosc_m": 436.0,
                "predkosc_ms": 1.9444445,
                "predkosc_kmh": 7.0000002,
                "free_flow_ms": 6.9444447,
                "free_flow_kmh": 25.00000092,
                "jam_factor": 8.5,
                "confidence": 0.97,
                "traversability": "open"
            },
            "geometry": {
                "type": "LineString",
                "coordinates": [
                    [
                        13.38904,
                        52.51565
                    ],
                    [
                        13.39092,
                        52.51577
                    ],
                    [
                        13.39285,
                        52.51588
                    ],
                    [
                        13.39363,
                        52.51592
                    ],
                    [
                        13.39398,
                        52.51595
                    ],
                    [
                        13.39438,
                        52.51601
                    ],
                    [
                        13.39483,
                        52.51615
                    ],
                    [
                        13.3949,
                        52.51618
                    ],
                    [
                        13.39503,
                        52.5162
                    ],
                    [
                        13.39534,
                        52.51621
                    ]
                ]
            }
        },
        {
            "type": "Feature",
            "properties": {
                "id": 4,
                "nazwa": "Alexanderplatz",
                "dlugosc_m": 467.0,
                "predkosc_ms": 3.888889,
                "predkosc_kmh": 14.0000004,
                "free_flow_ms": 8.888889,
                "free_flow_kmh": 32.000000400000005,
                "jam_factor": 3.1,
                "confidence": 0.99,
                "traversability": "open"
            },
            "geometry": {
                "type": "LineString",
                "coordinates": [
                    [
                        13.41956,
                        52.52514
                    ],
                    [
                        13.41916,
                        52.52475
                    ],
                    [
                        13.41866,
                        52.52426
                    ],
                    [
                        13.41859,
                        52.52419
                    ],
                    [
                        13.41846,
                        52.52406
                    ],
                    [
                        13.41827,
                        52.52394
                    ],
                    [
                        13.41805,
                        52.52376
                    ],
                    [
                        13.41771,
                        52.52345
                    ],
                    [
                        13.41709,
                        52.52291
                    ],
                    [
                        13.41695,
                        52.52277
                    ],
                    [
                        13.41662,
                        52.52237
                    ],
                    [
                        13.41644,
                        52.52219
                    ],
                    [
                        13.41624,
                        52.52204
                    ],
                    [
                        13.41609,
                        52.5219
                    ],
                    [
                        13.41581,
                        52.52165
                    ]
                ]
            }
        },
        {
            "type": "Feature",
            "properties": {
                "id": 5,
                "nazwa": "Mollstraße",
                "dlugosc_m": 425.0,
                "predkosc_ms": 5.277778,
                "predkosc_kmh": 19.0000008,
                "free_flow_ms": 9.166667,
                "free_flow_kmh": 33.0000012,
                "jam_factor": 3.1,
                "confidence": 0.99,
                "traversability": "open"
            },
            "geometry": {
                "type": "LineString",
                "coordinates": [
                    [
                        13.41674,
                        52.52205
                    ],
                    [
                        13.41743,
                        52.52269
                    ],
                    [
                        13.41806,
                        52.5233
                    ],
                    [
                        13.41837,
                        52.52357
                    ],
                    [
                        13.41859,
                        52.52376
                    ],
                    [
                        13.4188,
                        52.52398
                    ],
                    [
                        13.41897,
                        52.52413
                    ],
                    [
                        13.41931,
                        52.52441
                    ],
                    [
                        13.41959,
                        52.52465
                    ],
                    [
                        13.41996,
                        52.52498
                    ],
                    [
                        13.42008,
                        52.52509
                    ],
                    [
                        13.42022,
                        52.52522
                    ]
                ]
            }
        },
        {
            "type": "Feature",
            "properties": {
                "id": 6,
                "nazwa": "Platz am Königstor",
                "dlugosc_m": 471.0,
                "predkosc_ms": 7.2222223,
                "predkosc_kmh": 26.000000280000002,
                "free_flow_ms": 8.888889,
                "free_flow_kmh": 32.000000400000005,
                "jam_factor": 0.8,
                "confidence": 0.93,
                "traversability": "open"
            },
            "geometry": {
                "type": "LineString",
                "coordinates": [
                    [
                        13.41719,
                        52.52849
                    ],
                    [
                        13.41737,
                        52.52845
                    ],
                    [
                        13.41763,
                        52.52845
                    ],
                    [
                        13.41811,
                        52.5285
                    ],
                    [
                        13.41908,
                        52.52855
                    ],
                    [
                        13.42008,
                        52.52865
                    ],
                    [
                        13.4211,
                        52.52872
                    ],
                    [
                        13.42144,
                        52.5287
                    ],
                    [
                        13.42244,
                        52.52851
                    ],
                    [
                        13.42285,
                        52.52843
                    ],
                    [
                        13.42355,
                        52.5282
                    ],
                    [
                        13.42369,
                        52.52817
                    ],
                    [
                        13.42389,
                        52.52812
                    ]
                ]
            }
        },
        {
            "type": "Feature",
            "properties": {
                "id": 7,
                "nazwa": "Prenzlauer Allee",
                "dlugosc_m": 467.0,
                "predkosc_ms": 5.8333335,
                "predkosc_kmh": 21.0000006,
                "free_flow_ms": 8.611112,
                "free_flow_kmh": 31.000003200000002,
                "jam_factor": 1.9,
                "confidence": 0.99,
                "traversability": "open"
            },
            "geometry": {
                "type": "LineString",
                "coordinates": [
                    [
                        13.42366,
                        52.52829
                    ],
                    [
                        13.42315,
                        52.5284
                    ],
                    [
                        13.42285,
                        52.52843
                    ],
                    [
                        13.42244,
                        52.52851
                    ],
                    [
                        13.42144,
                        52.5287
                    ],
                    [
                        13.4211,
                        52.52872
                    ],
                    [
                        13.42008,
                        52.52865
                    ],
                    [
                        13.41908,
                        52.52855
                    ],
                    [
                        13.41811,
                        52.5285
                    ],
                    [
                        13.41763,
                        52.52845
                    ],
                    [
                        13.41737,
                        52.52845
                    ],
                    [
                        13.41719,
                        52.52849
                    ],
                    [
                        13.41697,
                        52.52856
                    ]
                ]
            }
        },
        {
            "type": "Feature",
            "properties": {
                "id": 8,
                "nazwa": "Grunerstraße",
                "dlugosc_m": 918.0,
                "predkosc_ms": 7.2222223,
                "predkosc_kmh": 26.000000280000002,
                "free_flow_ms": 11.666667,
                "free_flow_kmh": 42.0000012,
                "jam_factor": 3.5,
                "confidence": 0.99,
                "traversability": "open"
            },
            "geometry": {
                "type": "LineString",
                "coordinates": [
                    [
                        13.42796,
                        52.51891
                    ],
                    [
                        13.42739,
                        52.51893
                    ],
                    [
                        13.4271,
                        52.51897
                    ],
                    [
                        13.42696,
                        52.51899
                    ],
                    [
                        13.42683,
                        52.51901
                    ],
                    [
                        13.42645,
                        52.51909
                    ],
                    [
                        13.42511,
                        52.51947
                    ],
                    [
                        13.42465,
                        52.51961
                    ],
                    [
                        13.42393,
                        52.51982
                    ],
                    [
                        13.42361,
                        52.51992
                    ],
                    [
                        13.42324,
                        52.52003
                    ],
                    [
                        13.42271,
                        52.52019
                    ],
                    [
                        13.42258,
                        52.52023
                    ],
                    [
                        13.42214,
                        52.52036
                    ],
                    [
                        13.42196,
                        52.52042
                    ],
                    [
                        13.42176,
                        52.52048
                    ],
                    [
                        13.42044,
                        52.52088
                    ],
                    [
                        13.41996,
                        52.52103
                    ],
                    [
                        13.4194,
                        52.5212
                    ],
                    [
                        13.4192,
                        52.52126
                    ],
                    [
                        13.41877,
                        52.52139
                    ],
                    [
                        13.41808,
                        52.52161
                    ],
                    [
                        13.41769,
                        52.52175
                    ],
                    [
                        13.41727,
                        52.52188
                    ],
                    [
                        13.41674,
                        52.52205
                    ],
                    [
                        13.41644,
                        52.52219
                    ],
                    [
                        13.4159,
                        52.52245
                    ]
                ]
            }
        },
        {
            "type": "Feature",
            "properties": {
                "id": 9,
                "nazwa": "Strausberger Platz",
                "dlugosc_m": 928.0,
                "predkosc_ms": 7.777778,
                "predkosc_kmh": 28.0000008,
                "free_flow_ms": 11.944445,
                "free_flow_kmh": 43.000002,
                "jam_factor": 3.2,
                "confidence": 0.99,
                "traversability": "open"
            },
            "geometry": {
                "type": "LineString",
                "coordinates": [
                    [
                        13.41657,
                        52.52189
                    ],
                    [
                        13.41712,
                        52.52172
                    ],
                    [
                        13.41863,
                        52.52127
                    ],
                    [
                        13.41911,
                        52.52112
                    ],
                    [
                        13.41931,
                        52.52106
                    ],
                    [
                        13.42003,
                        52.52084
                    ],
                    [
                        13.42027,
                        52.52077
                    ],
                    [
                        13.42145,
                        52.52041
                    ],
                    [
                        13.42185,
                        52.52029
                    ],
                    [
                        13.42235,
                        52.52014
                    ],
                    [
                        13.42261,
                        52.52006
                    ],
                    [
                        13.42314,
                        52.5199
                    ],
                    [
                        13.4238,
                        52.5197
                    ],
                    [
                        13.42463,
                        52.51945
                    ],
                    [
                        13.42502,
                        52.51933
                    ],
                    [
                        13.42538,
                        52.51922
                    ],
                    [
                        13.42574,
                        52.51911
                    ],
                    [
                        13.42627,
                        52.51896
                    ],
                    [
                        13.42666,
                        52.51886
                    ],
                    [
                        13.42683,
                        52.51881
                    ],
                    [
                        13.42698,
                        52.51876
                    ],
                    [
                        13.42723,
                        52.51865
                    ],
                    [
                        13.42763,
                        52.51841
                    ],
                    [
                        13.42784,
                        52.5183
                    ],
                    [
                        13.42804,
                        52.51822
                    ],
                    [
                        13.42816,
                        52.51819
                    ],
                    [
                        13.42845,
                        52.51816
                    ],
                    [
                        13.42866,
                        52.51817
                    ]
                ]
            }
        },
        {
            "type": "Feature",
            "properties": {
                "id": 10,
                "nazwa": "Strausberger Platz",
                "dlugosc_m": 886.0,
                "predkosc_ms": 7.777778,
                "predkosc_kmh": 28.0000008,
                "free_flow_ms": 11.944445,
                "free_flow_kmh": 43.000002,
                "jam_factor": 3.3,
                "confidence": 0.99,
                "traversability": "open"
            },
            "geometry": {
                "type": "LineString",
                "coordinates": [
                    [
                        13.41712,
                        52.52172
                    ],
                    [
                        13.41863,
                        52.52127
                    ],
                    [
                        13.41911,
                        52.52112
                    ],
                    [
                        13.41931,
                        52.52106
                    ],
                    [
                        13.42003,
                        52.52084
                    ],
                    [
                        13.42027,
                        52.52077
                    ],
                    [
                        13.42145,
                        52.52041
                    ],
                    [
                        13.42185,
                        52.52029
                    ],
                    [
                        13.42235,
                        52.52014
                    ],
                    [
                        13.42261,
                        52.52006
                    ],
                    [
                        13.42314,
                        52.5199
                    ],
                    [
                        13.4238,
                        52.5197
                    ],
                    [
                        13.42463,
                        52.51945
                    ],
                    [
                        13.42502,
                        52.51933
                    ],
                    [
                        13.42538,
                        52.51922
                    ],
                    [
                        13.42574,
                        52.51911
                    ],
                    [
                        13.42627,
                        52.51896
                    ],
                    [
                        13.42666,
                        52.51886
                    ],
                    [
                        13.42683,
                        52.51881
                    ],
                    [
                        13.42698,
                        52.51876
                    ],
                    [
                        13.42723,
                        52.51865
                    ],
                    [
                        13.42763,
                        52.51841
                    ],
                    [
                        13.42784,
                        52.5183
                    ],
                    [
                        13.42804,
                        52.51822
                    ],
                    [
                        13.42816,
                        52.51819
                    ],
                    [
                        13.42845,
                        52.51816
                    ],
                    [
                        13.42866,
                        52.51817
                    ]
                ]
            }
        },
        {
            "type": "Feature",
            "properties": {
                "id": 11,
                "nazwa": "Karl-Marx-Allee",
                "dlugosc_m": 893.0,
                "predkosc_ms": 7.2222223,
                "predkosc_kmh": 26.000000280000002,
                "free_flow_ms": 11.666667,
                "free_flow_kmh": 42.0000012,
                "jam_factor": 3.5,
                "confidence": 0.99,
                "traversability": "open"
            },
            "geometry": {
                "type": "LineString",
                "coordinates": [
                    [
                        13.42796,
                        52.51891
                    ],
                    [
                        13.42739,
                        52.51893
                    ],
                    [
                        13.4271,
                        52.51897
                    ],
                    [
                        13.42696,
                        52.51899
                    ],
                    [
                        13.42683,
                        52.51901
                    ],
                    [
                        13.42645,
                        52.51909
                    ],
                    [
                        13.42511,
                        52.51947
                    ],
                    [
                        13.42465,
                        52.51961
                    ],
                    [
                        13.42393,
                        52.51982
                    ],
                    [
                        13.42361,
                        52.51992
                    ],
                    [
                        13.42324,
                        52.52003
                    ],
                    [
                        13.42271,
                        52.52019
                    ],
                    [
                        13.42258,
                        52.52023
                    ],
                    [
                        13.42214,
                        52.52036
                    ],
                    [
                        13.42196,
                        52.52042
                    ],
                    [
                        13.42176,
                        52.52048
                    ],
                    [
                        13.42044,
                        52.52088
                    ],
                    [
                        13.41996,
                        52.52103
                    ],
                    [
                        13.4194,
                        52.5212
                    ],
                    [
                        13.4192,
                        52.52126
                    ],
                    [
                        13.41877,
                        52.52139
                    ],
                    [
                        13.41808,
                        52.52161
                    ],
                    [
                        13.41769,
                        52.52175
                    ],
                    [
                        13.41727,
                        52.52188
                    ],
                    [
                        13.41674,
                        52.52205
                    ],
                    [
                        13.41644,
                        52.52219
                    ],
                    [
                        13.41624,
                        52.52204
                    ]
                ]
            }
        },
        {
            "type": "Feature",
            "properties": {
                "id": 12,
                "nazwa": "Karl-Liebknecht-Straße",
                "dlugosc_m": 349.0,
                "predkosc_ms": 5.8333335,
                "predkosc_kmh": 21.0000006,
                "free_flow_ms": 9.166667,
                "free_flow_kmh": 33.0000012,
                "jam_factor": 2.3,
                "confidence": 0.99,
                "traversability": "open"
            },
            "geometry": {
                "type": "LineString",
                "coordinates": [
                    [
                        13.41981,
                        52.52538
                    ],
                    [
                        13.41795,
                        52.52616
                    ],
                    [
                        13.41753,
                        52.52635
                    ],
                    [
                        13.41675,
                        52.5267
                    ],
                    [
                        13.41647,
                        52.52683
                    ],
                    [
                        13.41595,
                        52.52706
                    ],
                    [
                        13.41566,
                        52.52719
                    ]
                ]
            }
        },
        {
            "type": "Feature",
            "properties": {
                "id": 13,
                "nazwa": "Grunerstraße",
                "dlugosc_m": 392.0,
                "predkosc_ms": 3.6111112,
                "predkosc_kmh": 13.00000032,
                "free_flow_ms": 8.611112,
                "free_flow_kmh": 31.000003200000002,
                "jam_factor": 5.1,
                "confidence": 0.99,
                "traversability": "open"
            },
            "geometry": {
                "type": "LineString",
                "coordinates": [
                    [
                        13.41956,
                        52.52514
                    ],
                    [
                        13.41916,
                        52.52475
                    ],
                    [
                        13.41866,
                        52.52426
                    ],
                    [
                        13.41859,
                        52.52419
                    ],
                    [
                        13.41846,
                        52.52406
                    ],
                    [
                        13.41827,
                        52.52394
                    ],
                    [
                        13.41805,
                        52.52376
                    ],
                    [
                        13.41771,
                        52.52345
                    ],
                    [
                        13.41709,
                        52.52291
                    ],
                    [
                        13.41695,
                        52.52277
                    ],
                    [
                        13.41662,
                        52.52237
                    ],
                    [
                        13.41644,
                        52.52219
                    ]
                ]
            }
        },
        {
            "type": "Feature",
            "properties": {
                "id": 14,
                "nazwa": "Glinkastraße",
                "dlugosc_m": 206.0,
                "predkosc_ms": 6.9444447,
                "predkosc_kmh": 25.00000092,
                "free_flow_ms": 9.722222,
                "free_flow_kmh": 34.999999200000005,
                "jam_factor": 1.7,
                "confidence": 0.99,
                "traversability": "open"
            },
            "geometry": {
                "type": "LineString",
                "coordinates": [
                    [
                        13.38879,
                        52.51714
                    ],
                    [
                        13.38823,
                        52.51709
                    ],
                    [
                        13.38783,
                        52.51705
                    ],
                    [
                        13.38716,
                        52.51701
                    ],
                    [
                        13.38666,
                        52.51699
                    ],
                    [
                        13.3858,
                        52.51696
                    ]
                ]
            }
        },
        {
            "type": "Feature",
            "properties": {
                "id": 15,
                "nazwa": "Friedrichstraße",
                "dlugosc_m": 1173.0,
                "predkosc_ms": 6.388889,
                "predkosc_kmh": 23.0000004,
                "free_flow_ms": 11.666667,
                "free_flow_kmh": 42.0000012,
                "jam_factor": 3.1,
                "confidence": 0.99,
                "traversability": "open"
            },
            "geometry": {
                "type": "LineString",
                "coordinates": [
                    [
                        13.40463,
                        52.52004
                    ],
                    [
                        13.4038,
                        52.51954
                    ],
                    [
                        13.40369,
                        52.51944
                    ],
                    [
                        13.40345,
                        52.51931
                    ],
                    [
                        13.40277,
                        52.51898
                    ],
                    [
                        13.40265,
                        52.51893
                    ],
                    [
                        13.40251,
                        52.51887
                    ],
                    [
                        13.40243,
                        52.51884
                    ],
                    [
                        13.40209,
                        52.5187
                    ],
                    [
                        13.40197,
                        52.51865
                    ],
                    [
                        13.40183,
                        52.5186
                    ],
                    [
                        13.40123,
                        52.51837
                    ],
                    [
                        13.40101,
                        52.5183
                    ],
                    [
                        13.40091,
                        52.51826
                    ],
                    [
                        13.40063,
                        52.51815
                    ],
                    [
                        13.39979,
                        52.51783
                    ],
                    [
                        13.39962,
                        52.51777
                    ],
                    [
                        13.39937,
                        52.51771
                    ],
                    [
                        13.39917,
                        52.51768
                    ],
                    [
                        13.3989,
                        52.51766
                    ],
                    [
                        13.3985,
                        52.51763
                    ],
                    [
                        13.39803,
                        52.5176
                    ],
                    [
                        13.3974,
                        52.51756
                    ],
                    [
                        13.39674,
                        52.51752
                    ],
                    [
                        13.39631,
                        52.51748
                    ],
                    [
                        13.39623,
                        52.5175
                    ],
                    [
                        13.39604,
                        52.51752
                    ],
                    [
                        13.39515,
                        52.51747
                    ],
                    [
                        13.39415,
                        52.51739
                    ],
                    [
                        13.3935,
                        52.51735
                    ],
                    [
                        13.39313,
                        52.51737
                    ],
                    [
                        13.39279,
                        52.51738
                    ],
                    [
                        13.3926,
                        52.51737
                    ],
                    [
                        13.39187,
                        52.51733
                    ],
                    [
                        13.39152,
                        52.51731
                    ],
                    [
                        13.3912,
                        52.5173
                    ],
                    [
                        13.39067,
                        52.51726
                    ],
                    [
                        13.38955,
                        52.51719
                    ],
                    [
                        13.38909,
                        52.51716
                    ],
                    [
                        13.38879,
                        52.51714
                    ]
                ]
            }
        },
        {
            "type": "Feature",
            "properties": {
                "id": 16,
                "nazwa": "Karl-Liebknecht-Straße",
                "dlugosc_m": 442.0,
                "predkosc_ms": 6.666667,
                "predkosc_kmh": 24.000001200000003,
                "free_flow_ms": 7.777778,
                "free_flow_kmh": 28.0000008,
                "jam_factor": 1.5,
                "confidence": 0.99,
                "traversability": "open"
            },
            "geometry": {
                "type": "LineString",
                "coordinates": [
                    [
                        13.41002,
                        52.52861
                    ],
                    [
                        13.41109,
                        52.52842
                    ],
                    [
                        13.41183,
                        52.52823
                    ],
                    [
                        13.41212,
                        52.52814
                    ],
                    [
                        13.41318,
                        52.52785
                    ],
                    [
                        13.4142,
                        52.52752
                    ],
                    [
                        13.41455,
                        52.52736
                    ],
                    [
                        13.41483,
                        52.5272
                    ],
                    [
                        13.41502,
                        52.52709
                    ],
                    [
                        13.41537,
                        52.52689
                    ],
                    [
                        13.41554,
                        52.52681
                    ],
                    [
                        13.41564,
                        52.52676
                    ]
                ]
            }
        },
        {
            "type": "Feature",
            "properties": {
                "id": 17,
                "nazwa": "Rosa-Luxemburg-Straße",
                "dlugosc_m": 606.0,
                "predkosc_ms": 6.388889,
                "predkosc_kmh": 23.0000004,
                "free_flow_ms": 8.055555,
                "free_flow_kmh": 28.999998,
                "jam_factor": 1.7,
                "confidence": 0.99,
                "traversability": "open"
            },
            "geometry": {
                "type": "LineString",
                "coordinates": [
                    [
                        13.40141,
                        52.52961
                    ],
                    [
                        13.40209,
                        52.52966
                    ],
                    [
                        13.40313,
                        52.52972
                    ],
                    [
                        13.40337,
                        52.52973
                    ],
                    [
                        13.40361,
                        52.52972
                    ],
                    [
                        13.40388,
                        52.52969
                    ],
                    [
                        13.40542,
                        52.52942
                    ],
                    [
                        13.40565,
                        52.52939
                    ],
                    [
                        13.40656,
                        52.52925
                    ],
                    [
                        13.40802,
                        52.52899
                    ],
                    [
                        13.40871,
                        52.52886
                    ],
                    [
                        13.40941,
                        52.52873
                    ],
                    [
                        13.41002,
                        52.52861
                    ]
                ]
            }
        },
        {
            "type": "Feature",
            "properties": {
                "id": 18,
                "nazwa": "Rosenthaler Platz",
                "dlugosc_m": 1016.0,
                "predkosc_ms": 5.0,
                "predkosc_kmh": 18.0,
                "free_flow_ms": 7.5,
                "free_flow_kmh": 27.0,
                "jam_factor": 3.2,
                "confidence": 0.99,
                "traversability": "open"
            },
            "geometry": {
                "type": "LineString",
                "coordinates": [
                    [
                        13.38718,
                        52.52716
                    ],
                    [
                        13.3875,
                        52.52722
                    ],
                    [
                        13.38778,
                        52.52728
                    ],
                    [
                        13.38811,
                        52.52735
                    ],
                    [
                        13.38834,
                        52.5274
                    ],
                    [
                        13.38911,
                        52.52756
                    ],
                    [
                        13.38932,
                        52.5276
                    ],
                    [
                        13.38957,
                        52.52765
                    ],
                    [
                        13.38982,
                        52.5277
                    ],
                    [
                        13.39011,
                        52.52777
                    ],
                    [
                        13.3904,
                        52.52783
                    ],
                    [
                        13.39123,
                        52.528
                    ],
                    [
                        13.39139,
                        52.52803
                    ],
                    [
                        13.39162,
                        52.52808
                    ],
                    [
                        13.39241,
                        52.52823
                    ],
                    [
                        13.39301,
                        52.52835
                    ],
                    [
                        13.39355,
                        52.52846
                    ],
                    [
                        13.39385,
                        52.52853
                    ],
                    [
                        13.39418,
                        52.52861
                    ],
                    [
                        13.39451,
                        52.52869
                    ],
                    [
                        13.39575,
                        52.529
                    ],
                    [
                        13.39705,
                        52.52931
                    ],
                    [
                        13.39757,
                        52.52943
                    ],
                    [
                        13.3984,
                        52.52949
                    ],
                    [
                        13.3989,
                        52.52951
                    ],
                    [
                        13.40027,
                        52.52959
                    ],
                    [
                        13.40056,
                        52.5296
                    ],
                    [
                        13.4008,
                        52.52957
                    ],
                    [
                        13.40141,
                        52.52961
                    ]
                ]
            }
        },
        {
            "type": "Feature",
            "properties": {
                "id": 19,
                "nazwa": "Friedrichstraße",
                "dlugosc_m": 16.0,
                "predkosc_ms": 2.5,
                "predkosc_kmh": 9.0,
                "free_flow_ms": 6.666667,
                "free_flow_kmh": 24.000001200000003,
                "jam_factor": 3.1,
                "confidence": 0.99,
                "traversability": "open"
            },
            "geometry": {
                "type": "LineString",
                "coordinates": [
                    [
                        13.38696,
                        52.52713
                    ],
                    [
                        13.38707,
                        52.52714
                    ],
                    [
                        13.38718,
                        52.52716
                    ]
                ]
            }
        },
        {
            "type": "Feature",
            "properties": {
                "id": 20,
                "nazwa": "Friedrichstraße",
                "dlugosc_m": 1024.0,
                "predkosc_ms": 5.277778,
                "predkosc_kmh": 19.0000008,
                "free_flow_ms": 7.777778,
                "free_flow_kmh": 28.0000008,
                "jam_factor": 2.9,
                "confidence": 0.99,
                "traversability": "open"
            },
            "geometry": {
                "type": "LineString",
                "coordinates": [
                    [
                        13.40126,
                        52.52976
                    ],
                    [
                        13.40078,
                        52.52966
                    ],
                    [
                        13.40056,
                        52.5296
                    ],
                    [
                        13.40027,
                        52.52959
                    ],
                    [
                        13.3989,
                        52.52951
                    ],
                    [
                        13.3984,
                        52.52949
                    ],
                    [
                        13.39757,
                        52.52943
                    ],
                    [
                        13.39705,
                        52.52931
                    ],
                    [
                        13.39575,
                        52.529
                    ],
                    [
                        13.39451,
                        52.52869
                    ],
                    [
                        13.39418,
                        52.52861
                    ],
                    [
                        13.39385,
                        52.52853
                    ],
                    [
                        13.39355,
                        52.52846
                    ],
                    [
                        13.39301,
                        52.52835
                    ],
                    [
                        13.39241,
                        52.52823
                    ],
                    [
                        13.39162,
                        52.52808
                    ],
                    [
                        13.39139,
                        52.52803
                    ],
                    [
                        13.39123,
                        52.528
                    ],
                    [
                        13.3904,
                        52.52783
                    ],
                    [
                        13.39011,
                        52.52777
                    ],
                    [
                        13.38982,
                        52.5277
                    ],
                    [
                        13.38957,
                        52.52765
                    ],
                    [
                        13.38932,
                        52.5276
                    ],
                    [
                        13.38911,
                        52.52756
                    ],
                    [
                        13.38834,
                        52.5274
                    ],
                    [
                        13.38811,
                        52.52735
                    ],
                    [
                        13.38778,
                        52.52728
                    ],
                    [
                        13.3875,
                        52.52722
                    ],
                    [
                        13.38718,
                        52.52716
                    ],
                    [
                        13.38707,
                        52.52714
                    ],
                    [
                        13.38696,
                        52.52713
                    ]
                ]
            }
        },
        {
            "type": "Feature",
            "properties": {
                "id": 21,
                "nazwa": "Rosenthaler Platz",
                "dlugosc_m": 581.0,
                "predkosc_ms": 4.7222223,
                "predkosc_kmh": 17.000000280000002,
                "free_flow_ms": 6.9444447,
                "free_flow_kmh": 25.00000092,
                "jam_factor": 3.2,
                "confidence": 0.99,
                "traversability": "open"
            },
            "geometry": {
                "type": "LineString",
                "coordinates": [
                    [
                        13.40951,
                        52.52884
                    ],
                    [
                        13.40893,
                        52.52896
                    ],
                    [
                        13.40818,
                        52.52911
                    ],
                    [
                        13.40718,
                        52.52929
                    ],
                    [
                        13.40544,
                        52.52958
                    ],
                    [
                        13.40361,
                        52.52989
                    ],
                    [
                        13.40343,
                        52.5299
                    ],
                    [
                        13.40302,
                        52.52988
                    ],
                    [
                        13.40171,
                        52.52981
                    ],
                    [
                        13.40126,
                        52.52976
                    ]
                ]
            }
        },
        {
            "type": "Feature",
            "properties": {
                "id": 22,
                "nazwa": "Spandauer Straße",
                "dlugosc_m": 651.0,
                "predkosc_ms": 5.8333335,
                "predkosc_kmh": 21.0000006,
                "free_flow_ms": 9.722222,
                "free_flow_kmh": 34.999999200000005,
                "jam_factor": 3.7,
                "confidence": 0.99,
                "traversability": "open"
            },
            "geometry": {
                "type": "LineString",
                "coordinates": [
                    [
                        13.41178,
                        52.5239
                    ],
                    [
                        13.41163,
                        52.52379
                    ],
                    [
                        13.41141,
                        52.52364
                    ],
                    [
                        13.41092,
                        52.52334
                    ],
                    [
                        13.41035,
                        52.52298
                    ],
                    [
                        13.40975,
                        52.52262
                    ],
                    [
                        13.40925,
                        52.52235
                    ],
                    [
                        13.40877,
                        52.52212
                    ],
                    [
                        13.40854,
                        52.522
                    ],
                    [
                        13.40787,
                        52.52166
                    ],
                    [
                        13.40728,
                        52.52137
                    ],
                    [
                        13.40651,
                        52.52098
                    ],
                    [
                        13.40605,
                        52.52075
                    ],
                    [
                        13.4059,
                        52.52068
                    ],
                    [
                        13.40571,
                        52.5206
                    ],
                    [
                        13.40549,
                        52.52051
                    ],
                    [
                        13.40507,
                        52.52029
                    ],
                    [
                        13.40482,
                        52.52014
                    ],
                    [
                        13.40463,
                        52.52004
                    ]
                ]
            }
        },
        {
            "type": "Feature",
            "properties": {
                "id": 23,
                "nazwa": "Alexanderplatz",
                "dlugosc_m": 60.0,
                "predkosc_ms": 6.388889,
                "predkosc_kmh": 23.0000004,
                "free_flow_ms": 11.111112,
                "free_flow_kmh": 40.0000032,
                "jam_factor": 3.3,
                "confidence": 0.99,
                "traversability": "open"
            },
            "geometry": {
                "type": "LineString",
                "coordinates": [
                    [
                        13.4123,
                        52.52405
                    ],
                    [
                        13.41252,
                        52.52423
                    ],
                    [
                        13.4128,
                        52.52449
                    ]
                ]
            }
        },
        {
            "type": "Feature",
            "properties": {
                "id": 24,
                "nazwa": "Lindenstraße",
                "dlugosc_m": 904.0,
                "predkosc_ms": 5.555556,
                "predkosc_kmh": 20.0000016,
                "free_flow_ms": 9.444445,
                "free_flow_kmh": 34.000002,
                "jam_factor": 3.1,
                "confidence": 0.99,
                "traversability": "open"
            },
            "geometry": {
                "type": "LineString",
                "coordinates": [
                    [
                        13.41037,
                        52.50377
                    ],
                    [
                        13.41002,
                        52.50387
                    ],
                    [
                        13.40947,
                        52.50402
                    ],
                    [
                        13.40931,
                        52.50406
                    ],
                    [
                        13.40796,
                        52.50443
                    ],
                    [
                        13.40721,
                        52.50464
                    ],
                    [
                        13.40685,
                        52.50473
                    ],
                    [
                        13.40675,
                        52.50476
                    ],
                    [
                        13.40666,
                        52.50478
                    ],
                    [
                        13.40624,
                        52.5049
                    ],
                    [
                        13.4057,
                        52.50504
                    ],
                    [
                        13.40529,
                        52.50516
                    ],
                    [
                        13.40472,
                        52.50532
                    ],
                    [
                        13.40388,
                        52.50555
                    ],
                    [
                        13.40348,
                        52.50565
                    ],
                    [
                        13.40304,
                        52.50578
                    ],
                    [
                        13.40201,
                        52.50606
                    ],
                    [
                        13.40169,
                        52.50615
                    ],
                    [
                        13.40024,
                        52.50655
                    ],
                    [
                        13.39961,
                        52.50673
                    ],
                    [
                        13.39867,
                        52.50699
                    ],
                    [
                        13.39829,
                        52.50709
                    ]
                ]
            }
        },
        {
            "type": "Feature",
            "properties": {
                "id": 25,
                "nazwa": "Moritzplatz",
                "dlugosc_m": 988.0,
                "predkosc_ms": 7.2222223,
                "predkosc_kmh": 26.000000280000002,
                "free_flow_ms": 9.722222,
                "free_flow_kmh": 34.999999200000005,
                "jam_factor": 2.4,
                "confidence": 0.99,
                "traversability": "open"
            },
            "geometry": {
                "type": "LineString",
                "coordinates": [
                    [
                        13.39829,
                        52.50709
                    ],
                    [
                        13.39867,
                        52.50699
                    ],
                    [
                        13.39961,
                        52.50673
                    ],
                    [
                        13.40024,
                        52.50655
                    ],
                    [
                        13.40169,
                        52.50615
                    ],
                    [
                        13.40201,
                        52.50606
                    ],
                    [
                        13.40304,
                        52.50578
                    ],
                    [
                        13.40348,
                        52.50565
                    ],
                    [
                        13.40388,
                        52.50555
                    ],
                    [
                        13.40472,
                        52.50532
                    ],
                    [
                        13.40529,
                        52.50516
                    ],
                    [
                        13.4057,
                        52.50504
                    ],
                    [
                        13.40624,
                        52.5049
                    ],
                    [
                        13.40666,
                        52.50478
                    ],
                    [
                        13.40675,
                        52.50476
                    ],
                    [
                        13.40685,
                        52.50473
                    ],
                    [
                        13.40721,
                        52.50464
                    ],
                    [
                        13.40796,
                        52.50443
                    ],
                    [
                        13.40931,
                        52.50406
                    ],
                    [
                        13.40947,
                        52.50402
                    ],
                    [
                        13.41002,
                        52.50387
                    ],
                    [
                        13.41037,
                        52.50377
                    ],
                    [
                        13.41033,
                        52.50365
                    ],
                    [
                        13.41035,
                        52.50359
                    ],
                    [
                        13.41044,
                        52.50348
                    ],
                    [
                        13.41052,
                        52.50344
                    ],
                    [
                        13.4106,
                        52.50342
                    ],
                    [
                        13.41079,
                        52.50343
                    ],
                    [
                        13.41097,
                        52.50348
                    ],
                    [
                        13.41108,
                        52.50355
                    ]
                ]
            }
        },
        {
            "type": "Feature",
            "properties": {
                "id": 26,
                "nazwa": "Gertraudenstraße",
                "dlugosc_m": 318.0,
                "predkosc_ms": 3.3333335,
                "predkosc_kmh": 12.000000600000002,
                "free_flow_ms": 6.666667,
                "free_flow_kmh": 24.000001200000003,
                "jam_factor": 3.1,
                "confidence": 0.99,
                "traversability": "open"
            },
            "geometry": {
                "type": "LineString",
                "coordinates": [
                    [
                        13.4088,
                        52.51198
                    ],
                    [
                        13.40833,
                        52.5123
                    ],
                    [
                        13.40803,
                        52.5125
                    ],
                    [
                        13.40793,
                        52.51257
                    ],
                    [
                        13.40708,
                        52.51313
                    ],
                    [
                        13.40669,
                        52.5134
                    ],
                    [
                        13.40623,
                        52.51372
                    ],
                    [
                        13.40593,
                        52.51393
                    ],
                    [
                        13.40582,
                        52.51402
                    ],
                    [
                        13.40569,
                        52.51412
                    ]
                ]
            }
        },
        {
            "type": "Feature",
            "properties": {
                "id": 27,
                "nazwa": "Wallstraße",
                "dlugosc_m": 208.0,
                "predkosc_ms": 6.666667,
                "predkosc_kmh": 24.000001200000003,
                "free_flow_ms": 6.9444447,
                "free_flow_kmh": 25.00000092,
                "jam_factor": 0.5,
                "confidence": 0.98,
                "traversability": "open"
            },
            "geometry": {
                "type": "LineString",
                "coordinates": [
                    [
                        13.41153,
                        52.5128
                    ],
                    [
                        13.41031,
                        52.51242
                    ],
                    [
                        13.40971,
                        52.51222
                    ],
                    [
                        13.40923,
                        52.51212
                    ],
                    [
                        13.40892,
                        52.51204
                    ],
                    [
                        13.4088,
                        52.51198
                    ]
                ]
            }
        },
        {
            "type": "Feature",
            "properties": {
                "id": 28,
                "nazwa": "Inselstraße",
                "dlugosc_m": 208.0,
                "predkosc_ms": 7.777778,
                "predkosc_kmh": 28.0000008,
                "free_flow_ms": 8.333334,
                "free_flow_kmh": 30.000002400000003,
                "jam_factor": 0.7,
                "confidence": 0.89,
                "traversability": "open"
            },
            "geometry": {
                "type": "LineString",
                "coordinates": [
                    [
                        13.4088,
                        52.51198
                    ],
                    [
                        13.40892,
                        52.51204
                    ],
                    [
                        13.40923,
                        52.51212
                    ],
                    [
                        13.40971,
                        52.51222
                    ],
                    [
                        13.41031,
                        52.51242
                    ],
                    [
                        13.41153,
                        52.5128
                    ]
                ]
            }
        },
        {
            "type": "Feature",
            "properties": {
                "id": 29,
                "nazwa": "Wallstraße",
                "dlugosc_m": 304.0,
                "predkosc_ms": 8.333334,
                "predkosc_kmh": 30.000002400000003,
                "free_flow_ms": 8.055555,
                "free_flow_kmh": 28.999998,
                "jam_factor": 0.0,
                "confidence": 0.99,
                "traversability": "open"
            },
            "geometry": {
                "type": "LineString",
                "coordinates": [
                    [
                        13.40582,
                        52.51402
                    ],
                    [
                        13.40593,
                        52.51393
                    ],
                    [
                        13.40623,
                        52.51372
                    ],
                    [
                        13.40669,
                        52.5134
                    ],
                    [
                        13.40708,
                        52.51313
                    ],
                    [
                        13.40793,
                        52.51257
                    ],
                    [
                        13.40803,
                        52.5125
                    ],
                    [
                        13.40833,
                        52.5123
                    ],
                    [
                        13.4088,
                        52.51198
                    ]
                ]
            }
        },
        {
            "type": "Feature",
            "properties": {
                "id": 30,
                "nazwa": "Mühlendamm",
                "dlugosc_m": 510.0,
                "predkosc_ms": 4.4444447,
                "predkosc_kmh": 16.00000092,
                "free_flow_ms": 8.055555,
                "free_flow_kmh": 28.999998,
                "jam_factor": 3.1,
                "confidence": 0.99,
                "traversability": "open"
            },
            "geometry": {
                "type": "LineString",
                "coordinates": [
                    [
                        13.40477,
                        52.51994
                    ],
                    [
                        13.40531,
                        52.51961
                    ],
                    [
                        13.40544,
                        52.51955
                    ],
                    [
                        13.40559,
                        52.51952
                    ],
                    [
                        13.40596,
                        52.51925
                    ],
                    [
                        13.40646,
                        52.5189
                    ],
                    [
                        13.40718,
                        52.51839
                    ],
                    [
                        13.40739,
                        52.51826
                    ],
                    [
                        13.40777,
                        52.51799
                    ],
                    [
                        13.40814,
                        52.51773
                    ],
                    [
                        13.40827,
                        52.51764
                    ],
                    [
                        13.40845,
                        52.51752
                    ],
                    [
                        13.40839,
                        52.51747
                    ],
                    [
                        13.40837,
                        52.51742
                    ],
                    [
                        13.40838,
                        52.51738
                    ],
                    [
                        13.40844,
                        52.51729
                    ],
                    [
                        13.40857,
                        52.51716
                    ],
                    [
                        13.40872,
                        52.51698
                    ],
                    [
                        13.40875,
                        52.51692
                    ],
                    [
                        13.40876,
                        52.51684
                    ],
                    [
                        13.40872,
                        52.51676
                    ],
                    [
                        13.40868,
                        52.51671
                    ],
                    [
                        13.4085,
                        52.51655
                    ],
                    [
                        13.40872,
                        52.51642
                    ]
                ]
            }
        },
        {
            "type": "Feature",
            "properties": {
                "id": 31,
                "nazwa": "Karl-Liebknecht-Straße",
                "dlugosc_m": 382.0,
                "predkosc_ms": 3.6111112,
                "predkosc_kmh": 13.00000032,
                "free_flow_ms": 8.055555,
                "free_flow_kmh": 28.999998,
                "jam_factor": 3.1,
                "confidence": 0.99,
                "traversability": "open"
            },
            "geometry": {
                "type": "LineString",
                "coordinates": [
                    [
                        13.40845,
                        52.51752
                    ],
                    [
                        13.40827,
                        52.51764
                    ],
                    [
                        13.40814,
                        52.51773
                    ],
                    [
                        13.40777,
                        52.51799
                    ],
                    [
                        13.40739,
                        52.51826
                    ],
                    [
                        13.40718,
                        52.51839
                    ],
                    [
                        13.40646,
                        52.5189
                    ],
                    [
                        13.40596,
                        52.51925
                    ],
                    [
                        13.40559,
                        52.51952
                    ],
                    [
                        13.40544,
                        52.51967
                    ],
                    [
                        13.40514,
                        52.51989
                    ],
                    [
                        13.40495,
                        52.52003
                    ],
                    [
                        13.40488,
                        52.52009
                    ],
                    [
                        13.40482,
                        52.52014
                    ]
                ]
            }
        },
        {
            "type": "Feature",
            "properties": {
                "id": 32,
                "nazwa": "Platz des 18. März",
                "dlugosc_m": 182.0,
                "predkosc_ms": 3.6111112,
                "predkosc_kmh": 13.00000032,
                "free_flow_ms": 6.111111,
                "free_flow_kmh": 21.999999600000002,
                "jam_factor": 2.6,
                "confidence": 0.99,
                "traversability": "open"
            },
            "geometry": {
                "type": "LineString",
                "coordinates": [
                    [
                        13.37686,
                        52.51778
                    ],
                    [
                        13.37689,
                        52.51765
                    ],
                    [
                        13.37716,
                        52.51715
                    ],
                    [
                        13.37726,
                        52.5171
                    ],
                    [
                        13.3773,
                        52.51697
                    ],
                    [
                        13.3773,
                        52.51687
                    ],
                    [
                        13.37726,
                        52.51675
                    ],
                    [
                        13.37719,
                        52.51667
                    ],
                    [
                        13.37708,
                        52.51658
                    ],
                    [
                        13.37691,
                        52.51642
                    ],
                    [
                        13.37682,
                        52.51628
                    ]
                ]
            }
        },
        {
            "type": "Feature",
            "properties": {
                "id": 33,
                "nazwa": "Mühlendamm",
                "dlugosc_m": 791.0,
                "predkosc_ms": 6.388889,
                "predkosc_kmh": 23.0000004,
                "free_flow_ms": 9.444445,
                "free_flow_kmh": 34.000002,
                "jam_factor": 2.9,
                "confidence": 0.99,
                "traversability": "open"
            },
            "geometry": {
                "type": "LineString",
                "coordinates": [
                    [
                        13.41805,
                        52.51565
                    ],
                    [
                        13.41784,
                        52.51571
                    ],
                    [
                        13.41728,
                        52.51581
                    ],
                    [
                        13.41681,
                        52.51585
                    ],
                    [
                        13.41615,
                        52.51587
                    ],
                    [
                        13.41541,
                        52.51581
                    ],
                    [
                        13.41532,
                        52.51581
                    ],
                    [
                        13.41502,
                        52.51579
                    ],
                    [
                        13.41469,
                        52.51577
                    ],
                    [
                        13.4144,
                        52.51575
                    ],
                    [
                        13.41362,
                        52.51571
                    ],
                    [
                        13.41307,
                        52.51573
                    ],
                    [
                        13.41227,
                        52.51584
                    ],
                    [
                        13.41156,
                        52.51595
                    ],
                    [
                        13.41059,
                        52.5161
                    ],
                    [
                        13.40998,
                        52.51619
                    ],
                    [
                        13.40944,
                        52.51625
                    ],
                    [
                        13.40916,
                        52.51628
                    ],
                    [
                        13.40886,
                        52.51635
                    ],
                    [
                        13.40872,
                        52.51642
                    ],
                    [
                        13.40896,
                        52.51666
                    ],
                    [
                        13.40904,
                        52.51683
                    ],
                    [
                        13.40903,
                        52.51695
                    ],
                    [
                        13.40892,
                        52.5171
                    ],
                    [
                        13.40877,
                        52.51725
                    ],
                    [
                        13.40865,
                        52.51739
                    ],
                    [
                        13.40845,
                        52.51752
                    ]
                ]
            }
        },
        {
            "type": "Feature",
            "properties": {
                "id": 34,
                "nazwa": "Dorotheenstraße",
                "dlugosc_m": 248.0,
                "predkosc_ms": 5.555556,
                "predkosc_kmh": 20.0000016,
                "free_flow_ms": 6.666667,
                "free_flow_kmh": 24.000001200000003,
                "jam_factor": 1.8,
                "confidence": 0.99,
                "traversability": "open"
            },
            "geometry": {
                "type": "LineString",
                "coordinates": [
                    [
                        13.38045,
                        52.51808
                    ],
                    [
                        13.38024,
                        52.51807
                    ],
                    [
                        13.38003,
                        52.51805
                    ],
                    [
                        13.37799,
                        52.51791
                    ],
                    [
                        13.37733,
                        52.51784
                    ],
                    [
                        13.37697,
                        52.51779
                    ],
                    [
                        13.37686,
                        52.51778
                    ]
                ]
            }
        },
        {
            "type": "Feature",
            "properties": {
                "id": 35,
                "nazwa": "Dorotheenstraße",
                "dlugosc_m": 164.0,
                "predkosc_ms": 3.3333335,
                "predkosc_kmh": 12.000000600000002,
                "free_flow_ms": 5.555556,
                "free_flow_kmh": 20.0000016,
                "jam_factor": 2.4,
                "confidence": 0.99,
                "traversability": "open"
            },
            "geometry": {
                "type": "LineString",
                "coordinates": [
                    [
                        13.38077,
                        52.51662
                    ],
                    [
                        13.38066,
                        52.51693
                    ],
                    [
                        13.38063,
                        52.51711
                    ],
                    [
                        13.38056,
                        52.51741
                    ],
                    [
                        13.38053,
                        52.51761
                    ],
                    [
                        13.38045,
                        52.51808
                    ]
                ]
            }
        },
        {
            "type": "Feature",
            "properties": {
                "id": 36,
                "nazwa": "Wilhelmstraße",
                "dlugosc_m": 346.0,
                "predkosc_ms": 5.555556,
                "predkosc_kmh": 20.0000016,
                "free_flow_ms": 8.888889,
                "free_flow_kmh": 32.000000400000005,
                "jam_factor": 2.5,
                "confidence": 0.99,
                "traversability": "open"
            },
            "geometry": {
                "type": "LineString",
                "coordinates": [
                    [
                        13.3858,
                        52.51696
                    ],
                    [
                        13.38471,
                        52.51689
                    ],
                    [
                        13.38429,
                        52.51686
                    ],
                    [
                        13.38397,
                        52.51684
                    ],
                    [
                        13.38323,
                        52.51679
                    ],
                    [
                        13.38169,
                        52.51669
                    ],
                    [
                        13.38077,
                        52.51662
                    ]
                ]
            }
        },
        {
            "type": "Feature",
            "properties": {
                "id": 37,
                "nazwa": "Yitzhak-Rabin-Straße",
                "dlugosc_m": 486.0,
                "predkosc_ms": 11.388889,
                "predkosc_kmh": 41.000000400000005,
                "free_flow_ms": 13.333334,
                "free_flow_kmh": 48.00000240000001,
                "jam_factor": 1.3,
                "confidence": 0.99,
                "traversability": "open"
            },
            "geometry": {
                "type": "LineString",
                "coordinates": [
                    [
                        13.37682,
                        52.51628
                    ],
                    [
                        13.37668,
                        52.51627
                    ],
                    [
                        13.37608,
                        52.51623
                    ],
                    [
                        13.37497,
                        52.51615
                    ],
                    [
                        13.37395,
                        52.51608
                    ],
                    [
                        13.37338,
                        52.51604
                    ],
                    [
                        13.37207,
                        52.51597
                    ],
                    [
                        13.37108,
                        52.51592
                    ],
                    [
                        13.37072,
                        52.5159
                    ],
                    [
                        13.37,
                        52.51586
                    ],
                    [
                        13.36983,
                        52.51585
                    ],
                    [
                        13.36975,
                        52.51584
                    ]
                ]
            }
        },
        {
            "type": "Feature",
            "properties": {
                "id": 38,
                "nazwa": "Danziger Straße",
                "dlugosc_m": 1297.0,
                "predkosc_ms": 8.333334,
                "predkosc_kmh": 30.000002400000003,
                "free_flow_ms": 11.944445,
                "free_flow_kmh": 43.000002,
                "jam_factor": 2.3,
                "confidence": 0.99,
                "traversability": "open"
            },
            "geometry": {
                "type": "LineString",
                "coordinates": [
                    [
                        13.41719,
                        52.52849
                    ],
                    [
                        13.41771,
                        52.52903
                    ],
                    [
                        13.41782,
                        52.52913
                    ],
                    [
                        13.41837,
                        52.52966
                    ],
                    [
                        13.41856,
                        52.52988
                    ],
                    [
                        13.41871,
                        52.53005
                    ],
                    [
                        13.41886,
                        52.53023
                    ],
                    [
                        13.41908,
                        52.53049
                    ],
                    [
                        13.41917,
                        52.5306
                    ],
                    [
                        13.41944,
                        52.53092
                    ],
                    [
                        13.41995,
                        52.53173
                    ],
                    [
                        13.42035,
                        52.53242
                    ],
                    [
                        13.42055,
                        52.53275
                    ],
                    [
                        13.42098,
                        52.53348
                    ],
                    [
                        13.42104,
                        52.53358
                    ],
                    [
                        13.42121,
                        52.53383
                    ],
                    [
                        13.42172,
                        52.53469
                    ],
                    [
                        13.42191,
                        52.53501
                    ],
                    [
                        13.42203,
                        52.53522
                    ],
                    [
                        13.42223,
                        52.53556
                    ],
                    [
                        13.42259,
                        52.53618
                    ],
                    [
                        13.42316,
                        52.53712
                    ],
                    [
                        13.42357,
                        52.53782
                    ],
                    [
                        13.42381,
                        52.53817
                    ],
                    [
                        13.42394,
                        52.5384
                    ],
                    [
                        13.42406,
                        52.5386
                    ],
                    [
                        13.4243,
                        52.53903
                    ],
                    [
                        13.42439,
                        52.53925
                    ]
                ]
            }
        },
        {
            "type": "Feature",
            "properties": {
                "id": 39,
                "nazwa": "Prenzlauer Berg",
                "dlugosc_m": 181.0,
                "predkosc_ms": 5.0,
                "predkosc_kmh": 18.0,
                "free_flow_ms": 9.722222,
                "free_flow_kmh": 34.999999200000005,
                "jam_factor": 3.8,
                "confidence": 0.99,
                "traversability": "open"
            },
            "geometry": {
                "type": "LineString",
                "coordinates": [
                    [
                        13.41595,
                        52.52706
                    ],
                    [
                        13.4161,
                        52.52722
                    ],
                    [
                        13.41632,
                        52.52747
                    ],
                    [
                        13.41648,
                        52.52765
                    ],
                    [
                        13.41682,
                        52.52806
                    ],
                    [
                        13.41719,
                        52.52849
                    ]
                ]
            }
        },
        {
            "type": "Feature",
            "properties": {
                "id": 40,
                "nazwa": "Mollstraße",
                "dlugosc_m": 358.0,
                "predkosc_ms": 3.3333335,
                "predkosc_kmh": 12.000000600000002,
                "free_flow_ms": 9.166667,
                "free_flow_kmh": 33.0000012,
                "jam_factor": 3.1,
                "confidence": 0.99,
                "traversability": "open"
            },
            "geometry": {
                "type": "LineString",
                "coordinates": [
                    [
                        13.4128,
                        52.52449
                    ],
                    [
                        13.41304,
                        52.52468
                    ],
                    [
                        13.41343,
                        52.52498
                    ],
                    [
                        13.4136,
                        52.52511
                    ],
                    [
                        13.41402,
                        52.52544
                    ],
                    [
                        13.41434,
                        52.52571
                    ],
                    [
                        13.41457,
                        52.52589
                    ],
                    [
                        13.4149,
                        52.52615
                    ],
                    [
                        13.41508,
                        52.52629
                    ],
                    [
                        13.41525,
                        52.52643
                    ],
                    [
                        13.41542,
                        52.52657
                    ],
                    [
                        13.41564,
                        52.52676
                    ],
                    [
                        13.41581,
                        52.52692
                    ],
                    [
                        13.41595,
                        52.52706
                    ]
                ]
            }
        },
        {
            "type": "Feature",
            "properties": {
                "id": 41,
                "nazwa": "Otto-Braun-Straße",
                "dlugosc_m": 355.0,
                "predkosc_ms": 5.277778,
                "predkosc_kmh": 19.0000008,
                "free_flow_ms": 9.722222,
                "free_flow_kmh": 34.999999200000005,
                "jam_factor": 3.1,
                "confidence": 0.99,
                "traversability": "open"
            },
            "geometry": {
                "type": "LineString",
                "coordinates": [
                    [
                        13.41564,
                        52.52676
                    ],
                    [
                        13.4163,
                        52.52645
                    ],
                    [
                        13.41723,
                        52.52605
                    ],
                    [
                        13.41765,
                        52.52587
                    ],
                    [
                        13.4186,
                        52.52553
                    ],
                    [
                        13.4189,
                        52.52541
                    ],
                    [
                        13.41916,
                        52.52531
                    ],
                    [
                        13.41956,
                        52.52514
                    ],
                    [
                        13.41996,
                        52.52498
                    ]
                ]
            }
        },
        {
            "type": "Feature",
            "properties": {
                "id": 42,
                "nazwa": "Rosa-Luxemburg-Straße",
                "dlugosc_m": 461.0,
                "predkosc_ms": 5.0,
                "predkosc_kmh": 18.0,
                "free_flow_ms": 7.2222223,
                "free_flow_kmh": 26.000000280000002,
                "jam_factor": 1.8,
                "confidence": 0.99,
                "traversability": "open"
            },
            "geometry": {
                "type": "LineString",
                "coordinates": [
                    [
                        13.41566,
                        52.52719
                    ],
                    [
                        13.41529,
                        52.52736
                    ],
                    [
                        13.41483,
                        52.52753
                    ],
                    [
                        13.41335,
                        52.52794
                    ],
                    [
                        13.41234,
                        52.52824
                    ],
                    [
                        13.41198,
                        52.52834
                    ],
                    [
                        13.41179,
                        52.5284
                    ],
                    [
                        13.41152,
                        52.52848
                    ],
                    [
                        13.41095,
                        52.5286
                    ],
                    [
                        13.40995,
                        52.52876
                    ],
                    [
                        13.40951,
                        52.52884
                    ]
                ]
            }
        },
        {
            "type": "Feature",
            "properties": {
                "id": 43,
                "nazwa": "Alexanderplatz",
                "dlugosc_m": 395.0,
                "predkosc_ms": 3.888889,
                "predkosc_kmh": 14.0000004,
                "free_flow_ms": 8.888889,
                "free_flow_kmh": 32.000000400000005,
                "jam_factor": 3.1,
                "confidence": 0.99,
                "traversability": "open"
            },
            "geometry": {
                "type": "LineString",
                "coordinates": [
                    [
                        13.41644,
                        52.52219
                    ],
                    [
                        13.4159,
                        52.52245
                    ],
                    [
                        13.41543,
                        52.52268
                    ],
                    [
                        13.41534,
                        52.52272
                    ],
                    [
                        13.41517,
                        52.52279
                    ],
                    [
                        13.41479,
                        52.52297
                    ],
                    [
                        13.41417,
                        52.52327
                    ],
                    [
                        13.41393,
                        52.52338
                    ],
                    [
                        13.41368,
                        52.5235
                    ],
                    [
                        13.41323,
                        52.52372
                    ],
                    [
                        13.41292,
                        52.52386
                    ],
                    [
                        13.41268,
                        52.52396
                    ],
                    [
                        13.41248,
                        52.52402
                    ],
                    [
                        13.4123,
                        52.52405
                    ],
                    [
                        13.41215,
                        52.52406
                    ],
                    [
                        13.41194,
                        52.52403
                    ],
                    [
                        13.41178,
                        52.5239
                    ]
                ]
            }
        },
        {
            "type": "Feature",
            "properties": {
                "id": 44,
                "nazwa": "Inselstraße",
                "dlugosc_m": 405.0,
                "predkosc_ms": 7.5,
                "predkosc_kmh": 27.0,
                "free_flow_ms": 8.611112,
                "free_flow_kmh": 31.000003200000002,
                "jam_factor": 1.4,
                "confidence": 0.99,
                "traversability": "open"
            },
            "geometry": {
                "type": "LineString",
                "coordinates": [
                    [
                        13.41647,
                        52.51103
                    ],
                    [
                        13.41592,
                        52.51116
                    ],
                    [
                        13.4151,
                        52.51129
                    ],
                    [
                        13.41498,
                        52.51131
                    ],
                    [
                        13.41397,
                        52.51155
                    ],
                    [
                        13.41341,
                        52.51165
                    ],
                    [
                        13.41326,
                        52.51169
                    ],
                    [
                        13.4132,
                        52.51172
                    ],
                    [
                        13.41244,
                        52.51215
                    ],
                    [
                        13.41229,
                        52.5122
                    ],
                    [
                        13.41223,
                        52.51229
                    ],
                    [
                        13.41168,
                        52.51274
                    ],
                    [
                        13.41153,
                        52.5128
                    ]
                ]
            }
        },
        {
            "type": "Feature",
            "properties": {
                "id": 45,
                "nazwa": "Alexanderstraße",
                "dlugosc_m": 663.0,
                "predkosc_ms": 6.9444447,
                "predkosc_kmh": 25.00000092,
                "free_flow_ms": 10.555556,
                "free_flow_kmh": 38.0000016,
                "jam_factor": 3.3,
                "confidence": 0.99,
                "traversability": "open"
            },
            "geometry": {
                "type": "LineString",
                "coordinates": [
                    [
                        13.40872,
                        52.51642
                    ],
                    [
                        13.40886,
                        52.51635
                    ],
                    [
                        13.40916,
                        52.51628
                    ],
                    [
                        13.40944,
                        52.51625
                    ],
                    [
                        13.40998,
                        52.51619
                    ],
                    [
                        13.41059,
                        52.5161
                    ],
                    [
                        13.41156,
                        52.51595
                    ],
                    [
                        13.41227,
                        52.51584
                    ],
                    [
                        13.41307,
                        52.51573
                    ],
                    [
                        13.41362,
                        52.51571
                    ],
                    [
                        13.4144,
                        52.51575
                    ],
                    [
                        13.41469,
                        52.51577
                    ],
                    [
                        13.41502,
                        52.51579
                    ],
                    [
                        13.41532,
                        52.51581
                    ],
                    [
                        13.41541,
                        52.51581
                    ],
                    [
                        13.41598,
                        52.51579
                    ],
                    [
                        13.41633,
                        52.51576
                    ],
                    [
                        13.41685,
                        52.51571
                    ],
                    [
                        13.41714,
                        52.51568
                    ],
                    [
                        13.4174,
                        52.51563
                    ],
                    [
                        13.41799,
                        52.5155
                    ],
                    [
                        13.41818,
                        52.51545
                    ]
                ]
            }
        },
        {
            "type": "Feature",
            "properties": {
                "id": 46,
                "nazwa": "Heinrich-Heine-Straße",
                "dlugosc_m": 416.0,
                "predkosc_ms": 7.2222223,
                "predkosc_kmh": 26.000000280000002,
                "free_flow_ms": 7.2222223,
                "free_flow_kmh": 26.000000280000002,
                "jam_factor": 0.1,
                "confidence": 0.99,
                "traversability": "open"
            },
            "geometry": {
                "type": "LineString",
                "coordinates": [
                    [
                        13.41153,
                        52.5128
                    ],
                    [
                        13.41168,
                        52.51274
                    ],
                    [
                        13.41223,
                        52.51229
                    ],
                    [
                        13.41229,
                        52.5122
                    ],
                    [
                        13.41244,
                        52.51215
                    ],
                    [
                        13.4132,
                        52.51172
                    ],
                    [
                        13.41326,
                        52.51169
                    ],
                    [
                        13.41353,
                        52.5115
                    ],
                    [
                        13.41361,
                        52.51143
                    ],
                    [
                        13.41372,
                        52.51137
                    ],
                    [
                        13.41389,
                        52.51134
                    ],
                    [
                        13.4141,
                        52.51132
                    ],
                    [
                        13.41462,
                        52.51129
                    ],
                    [
                        13.41498,
                        52.51131
                    ],
                    [
                        13.4151,
                        52.51129
                    ],
                    [
                        13.41592,
                        52.51116
                    ],
                    [
                        13.41647,
                        52.51103
                    ]
                ]
            }
        },
        {
            "type": "Feature",
            "properties": {
                "id": 47,
                "nazwa": "Heinrich-Heine-Straße",
                "dlugosc_m": 862.0,
                "predkosc_ms": 6.666667,
                "predkosc_kmh": 24.000001200000003,
                "free_flow_ms": 8.888889,
                "free_flow_kmh": 32.000000400000005,
                "jam_factor": 1.4,
                "confidence": 0.99,
                "traversability": "open"
            },
            "geometry": {
                "type": "LineString",
                "coordinates": [
                    [
                        13.42773,
                        52.50757
                    ],
                    [
                        13.42744,
                        52.5077
                    ],
                    [
                        13.4267,
                        52.50802
                    ],
                    [
                        13.42526,
                        52.50861
                    ],
                    [
                        13.42465,
                        52.50882
                    ],
                    [
                        13.42383,
                        52.50906
                    ],
                    [
                        13.42327,
                        52.50922
                    ],
                    [
                        13.42309,
                        52.50927
                    ],
                    [
                        13.42276,
                        52.50936
                    ],
                    [
                        13.42183,
                        52.50962
                    ],
                    [
                        13.4212,
                        52.5098
                    ],
                    [
                        13.42061,
                        52.50996
                    ],
                    [
                        13.42031,
                        52.51004
                    ],
                    [
                        13.41966,
                        52.51021
                    ],
                    [
                        13.41854,
                        52.5105
                    ],
                    [
                        13.41748,
                        52.51077
                    ],
                    [
                        13.41717,
                        52.51084
                    ],
                    [
                        13.4168,
                        52.51095
                    ],
                    [
                        13.41647,
                        52.51103
                    ]
                ]
            }
        },
        {
            "type": "Feature",
            "properties": {
                "id": 48,
                "nazwa": "Engeldamm",
                "dlugosc_m": 907.0,
                "predkosc_ms": 7.5,
                "predkosc_kmh": 27.0,
                "free_flow_ms": 9.444445,
                "free_flow_kmh": 34.000002,
                "jam_factor": 0.9,
                "confidence": 0.99,
                "traversability": "open"
            },
            "geometry": {
                "type": "LineString",
                "coordinates": [
                    [
                        13.41647,
                        52.51103
                    ],
                    [
                        13.4168,
                        52.51095
                    ],
                    [
                        13.41717,
                        52.51084
                    ],
                    [
                        13.41748,
                        52.51077
                    ],
                    [
                        13.41854,
                        52.5105
                    ],
                    [
                        13.41966,
                        52.51021
                    ],
                    [
                        13.42031,
                        52.51004
                    ],
                    [
                        13.42061,
                        52.50996
                    ],
                    [
                        13.4212,
                        52.5098
                    ],
                    [
                        13.42183,
                        52.50962
                    ],
                    [
                        13.42276,
                        52.50936
                    ],
                    [
                        13.42309,
                        52.50927
                    ],
                    [
                        13.42327,
                        52.50922
                    ],
                    [
                        13.42383,
                        52.50906
                    ],
                    [
                        13.42465,
                        52.50882
                    ],
                    [
                        13.42526,
                        52.50861
                    ],
                    [
                        13.4267,
                        52.50802
                    ],
                    [
                        13.42744,
                        52.5077
                    ],
                    [
                        13.42773,
                        52.50757
                    ],
                    [
                        13.42828,
                        52.50735
                    ]
                ]
            }
        },
        {
            "type": "Feature",
            "properties": {
                "id": 49,
                "nazwa": "Wilhelmstraße",
                "dlugosc_m": 192.0,
                "predkosc_ms": 4.166667,
                "predkosc_kmh": 15.000001200000002,
                "free_flow_ms": 5.8333335,
                "free_flow_kmh": 21.0000006,
                "jam_factor": 1.4,
                "confidence": 0.99,
                "traversability": "open"
            },
            "geometry": {
                "type": "LineString",
                "coordinates": [
                    [
                        13.38045,
                        52.51808
                    ],
                    [
                        13.38053,
                        52.51761
                    ],
                    [
                        13.38056,
                        52.51741
                    ],
                    [
                        13.38063,
                        52.51711
                    ],
                    [
                        13.38066,
                        52.51693
                    ],
                    [
                        13.38077,
                        52.51662
                    ],
                    [
                        13.38081,
                        52.51651
                    ],
                    [
                        13.38086,
                        52.51638
                    ]
                ]
            }
        },
        {
            "type": "Feature",
            "properties": {
                "id": 50,
                "nazwa": "Friedrichstraße",
                "dlugosc_m": 232.0,
                "predkosc_ms": 5.0,
                "predkosc_kmh": 18.0,
                "free_flow_ms": 8.333334,
                "free_flow_kmh": 30.000002400000003,
                "jam_factor": 2.7,
                "confidence": 0.99,
                "traversability": "open"
            },
            "geometry": {
                "type": "LineString",
                "coordinates": [
                    [
                        13.38583,
                        52.51668
                    ],
                    [
                        13.38628,
                        52.51672
                    ],
                    [
                        13.38733,
                        52.51678
                    ],
                    [
                        13.38813,
                        52.51683
                    ],
                    [
                        13.38884,
                        52.51688
                    ],
                    [
                        13.38921,
                        52.5169
                    ]
                ]
            }
        },
        {
            "type": "Feature",
            "properties": {
                "id": 51,
                "nazwa": "Glinkastraße",
                "dlugosc_m": 342.0,
                "predkosc_ms": 6.388889,
                "predkosc_kmh": 23.0000004,
                "free_flow_ms": 8.888889,
                "free_flow_kmh": 32.000000400000005,
                "jam_factor": 1.9,
                "confidence": 0.99,
                "traversability": "open"
            },
            "geometry": {
                "type": "LineString",
                "coordinates": [
                    [
                        13.38086,
                        52.51638
                    ],
                    [
                        13.3819,
                        52.51644
                    ],
                    [
                        13.38287,
                        52.5165
                    ],
                    [
                        13.38355,
                        52.51655
                    ],
                    [
                        13.38401,
                        52.51659
                    ],
                    [
                        13.38427,
                        52.5166
                    ],
                    [
                        13.3849,
                        52.51663
                    ],
                    [
                        13.38528,
                        52.51665
                    ],
                    [
                        13.38583,
                        52.51668
                    ]
                ]
            }
        },
        {
            "type": "Feature",
            "properties": {
                "id": 52,
                "nazwa": "Dorotheenstraße",
                "dlugosc_m": 240.0,
                "predkosc_ms": 2.2222223,
                "predkosc_kmh": 8.00000028,
                "free_flow_ms": 6.388889,
                "free_flow_kmh": 23.0000004,
                "jam_factor": 5.9,
                "confidence": 0.99,
                "traversability": "open"
            },
            "geometry": {
                "type": "LineString",
                "coordinates": [
                    [
                        13.37697,
                        52.51779
                    ],
                    [
                        13.37733,
                        52.51784
                    ],
                    [
                        13.37799,
                        52.51791
                    ],
                    [
                        13.38003,
                        52.51805
                    ],
                    [
                        13.38024,
                        52.51807
                    ],
                    [
                        13.38045,
                        52.51808
                    ]
                ]
            }
        },
        {
            "type": "Feature",
            "properties": {
                "id": 53,
                "nazwa": "Spandauer Straße",
                "dlugosc_m": 1164.0,
                "predkosc_ms": 6.666667,
                "predkosc_kmh": 24.000001200000003,
                "free_flow_ms": 10.833334,
                "free_flow_kmh": 39.00000240000001,
                "jam_factor": 3.6,
                "confidence": 0.99,
                "traversability": "open"
            },
            "geometry": {
                "type": "LineString",
                "coordinates": [
                    [
                        13.38921,
                        52.5169
                    ],
                    [
                        13.38961,
                        52.51693
                    ],
                    [
                        13.3899,
                        52.51696
                    ],
                    [
                        13.39022,
                        52.51698
                    ],
                    [
                        13.39069,
                        52.51701
                    ],
                    [
                        13.39204,
                        52.51707
                    ],
                    [
                        13.39261,
                        52.51711
                    ],
                    [
                        13.39284,
                        52.51713
                    ],
                    [
                        13.39312,
                        52.5172
                    ],
                    [
                        13.39327,
                        52.51725
                    ],
                    [
                        13.39347,
                        52.51727
                    ],
                    [
                        13.39384,
                        52.51729
                    ],
                    [
                        13.39416,
                        52.51731
                    ],
                    [
                        13.39447,
                        52.51733
                    ],
                    [
                        13.39481,
                        52.51734
                    ],
                    [
                        13.39516,
                        52.51735
                    ],
                    [
                        13.39613,
                        52.51742
                    ],
                    [
                        13.39625,
                        52.51745
                    ],
                    [
                        13.39631,
                        52.51748
                    ],
                    [
                        13.39674,
                        52.51752
                    ],
                    [
                        13.3974,
                        52.51756
                    ],
                    [
                        13.39803,
                        52.5176
                    ],
                    [
                        13.3985,
                        52.51763
                    ],
                    [
                        13.3989,
                        52.51766
                    ],
                    [
                        13.39917,
                        52.51768
                    ],
                    [
                        13.39937,
                        52.51771
                    ],
                    [
                        13.39962,
                        52.51777
                    ],
                    [
                        13.39979,
                        52.51783
                    ],
                    [
                        13.40063,
                        52.51815
                    ],
                    [
                        13.40091,
                        52.51826
                    ],
                    [
                        13.40101,
                        52.5183
                    ],
                    [
                        13.40123,
                        52.51837
                    ],
                    [
                        13.40183,
                        52.5186
                    ],
                    [
                        13.40197,
                        52.51865
                    ],
                    [
                        13.40209,
                        52.5187
                    ],
                    [
                        13.40243,
                        52.51884
                    ],
                    [
                        13.40251,
                        52.51887
                    ],
                    [
                        13.40265,
                        52.51893
                    ],
                    [
                        13.40277,
                        52.51898
                    ],
                    [
                        13.40345,
                        52.51931
                    ],
                    [
                        13.40369,
                        52.51944
                    ],
                    [
                        13.40392,
                        52.51948
                    ],
                    [
                        13.40437,
                        52.51973
                    ],
                    [
                        13.40477,
                        52.51994
                    ],
                    [
                        13.40495,
                        52.52003
                    ]
                ]
            }
        },
        {
            "type": "Feature",
            "properties": {
                "id": 54,
                "nazwa": "Senefelderplatz",
                "dlugosc_m": 277.0,
                "predkosc_ms": 10.0,
                "predkosc_kmh": 36.0,
                "free_flow_ms": 10.555556,
                "free_flow_kmh": 38.0000016,
                "jam_factor": 0.5,
                "confidence": 0.99,
                "traversability": "open"
            },
            "geometry": {
                "type": "LineString",
                "coordinates": [
                    [
                        13.40983,
                        52.52923
                    ],
                    [
                        13.41,
                        52.52944
                    ],
                    [
                        13.41014,
                        52.52964
                    ],
                    [
                        13.41027,
                        52.52978
                    ],
                    [
                        13.41032,
                        52.52984
                    ],
                    [
                        13.41045,
                        52.53002
                    ],
                    [
                        13.41055,
                        52.53006
                    ],
                    [
                        13.4108,
                        52.53028
                    ],
                    [
                        13.41113,
                        52.5305
                    ],
                    [
                        13.41195,
                        52.53104
                    ],
                    [
                        13.41217,
                        52.53124
                    ]
                ]
            }
        },
        {
            "type": "Feature",
            "properties": {
                "id": 55,
                "nazwa": "Torstraße",
                "dlugosc_m": 837.0,
                "predkosc_ms": 5.555556,
                "predkosc_kmh": 20.0000016,
                "free_flow_ms": 6.9444447,
                "free_flow_kmh": 25.00000092,
                "jam_factor": 2.0,
                "confidence": 0.99,
                "traversability": "open"
            },
            "geometry": {
                "type": "LineString",
                "coordinates": [
                    [
                        13.40678,
                        52.5249
                    ],
                    [
                        13.40712,
                        52.52481
                    ],
                    [
                        13.40782,
                        52.52457
                    ],
                    [
                        13.4079,
                        52.52454
                    ],
                    [
                        13.40892,
                        52.52419
                    ],
                    [
                        13.40912,
                        52.52413
                    ],
                    [
                        13.40931,
                        52.52409
                    ],
                    [
                        13.40966,
                        52.52401
                    ],
                    [
                        13.40971,
                        52.52407
                    ],
                    [
                        13.41005,
                        52.52456
                    ],
                    [
                        13.4108,
                        52.52552
                    ],
                    [
                        13.41087,
                        52.52561
                    ],
                    [
                        13.41107,
                        52.52588
                    ],
                    [
                        13.4111,
                        52.52592
                    ],
                    [
                        13.41115,
                        52.52599
                    ],
                    [
                        13.41119,
                        52.52608
                    ],
                    [
                        13.41118,
                        52.52616
                    ],
                    [
                        13.4111,
                        52.52638
                    ],
                    [
                        13.41093,
                        52.52677
                    ],
                    [
                        13.41085,
                        52.52693
                    ],
                    [
                        13.41075,
                        52.52714
                    ],
                    [
                        13.41066,
                        52.52733
                    ],
                    [
                        13.41061,
                        52.52743
                    ],
                    [
                        13.41038,
                        52.52791
                    ],
                    [
                        13.4103,
                        52.52808
                    ],
                    [
                        13.41002,
                        52.52861
                    ],
                    [
                        13.40999,
                        52.52868
                    ],
                    [
                        13.40995,
                        52.52876
                    ],
                    [
                        13.40984,
                        52.52901
                    ],
                    [
                        13.40983,
                        52.52923
                    ]
                ]
            }
        },
        {
            "type": "Feature",
            "properties": {
                "id": 56,
                "nazwa": "Münzstraße",
                "dlugosc_m": 787.0,
                "predkosc_ms": 6.111111,
                "predkosc_kmh": 21.999999600000002,
                "free_flow_ms": 6.666667,
                "free_flow_kmh": 24.000001200000003,
                "jam_factor": 1.0,
                "confidence": 0.99,
                "traversability": "open"
            },
            "geometry": {
                "type": "LineString",
                "coordinates": [
                    [
                        13.41002,
                        52.52861
                    ],
                    [
                        13.4103,
                        52.52808
                    ],
                    [
                        13.41038,
                        52.52791
                    ],
                    [
                        13.41061,
                        52.52743
                    ],
                    [
                        13.41066,
                        52.52733
                    ],
                    [
                        13.41075,
                        52.52714
                    ],
                    [
                        13.41085,
                        52.52693
                    ],
                    [
                        13.41093,
                        52.52677
                    ],
                    [
                        13.4111,
                        52.52638
                    ],
                    [
                        13.41118,
                        52.52616
                    ],
                    [
                        13.41119,
                        52.52608
                    ],
                    [
                        13.41115,
                        52.52599
                    ],
                    [
                        13.4111,
                        52.52592
                    ],
                    [
                        13.41107,
                        52.52588
                    ],
                    [
                        13.41087,
                        52.52561
                    ],
                    [
                        13.4108,
                        52.52552
                    ],
                    [
                        13.41005,
                        52.52456
                    ],
                    [
                        13.40971,
                        52.52407
                    ],
                    [
                        13.40931,
                        52.52409
                    ],
                    [
                        13.40912,
                        52.52413
                    ],
                    [
                        13.40892,
                        52.52419
                    ],
                    [
                        13.4079,
                        52.52454
                    ],
                    [
                        13.40782,
                        52.52457
                    ],
                    [
                        13.40712,
                        52.52481
                    ],
                    [
                        13.40678,
                        52.5249
                    ],
                    [
                        13.40658,
                        52.52493
                    ],
                    [
                        13.4064,
                        52.52494
                    ]
                ]
            }
        },
        {
            "type": "Feature",
            "properties": {
                "id": 57,
                "nazwa": "Alexanderplatz",
                "dlugosc_m": 653.0,
                "predkosc_ms": 4.4444447,
                "predkosc_kmh": 16.00000092,
                "free_flow_ms": 8.888889,
                "free_flow_kmh": 32.000000400000005,
                "jam_factor": 3.1,
                "confidence": 0.99,
                "traversability": "open"
            },
            "geometry": {
                "type": "LineString",
                "coordinates": [
                    [
                        13.40495,
                        52.52003
                    ],
                    [
                        13.40525,
                        52.52018
                    ],
                    [
                        13.40606,
                        52.52058
                    ],
                    [
                        13.40611,
                        52.5206
                    ],
                    [
                        13.40736,
                        52.52124
                    ],
                    [
                        13.40741,
                        52.52127
                    ],
                    [
                        13.40793,
                        52.52153
                    ],
                    [
                        13.40805,
                        52.52159
                    ],
                    [
                        13.40867,
                        52.5219
                    ],
                    [
                        13.40891,
                        52.52202
                    ],
                    [
                        13.40942,
                        52.52226
                    ],
                    [
                        13.40976,
                        52.52244
                    ],
                    [
                        13.41001,
                        52.52257
                    ],
                    [
                        13.41113,
                        52.52325
                    ],
                    [
                        13.41118,
                        52.52328
                    ],
                    [
                        13.41141,
                        52.52341
                    ],
                    [
                        13.41165,
                        52.52356
                    ],
                    [
                        13.41187,
                        52.52369
                    ],
                    [
                        13.412,
                        52.52378
                    ],
                    [
                        13.41213,
                        52.52389
                    ]
                ]
            }
        },
        {
            "type": "Feature",
            "properties": {
                "id": 58,
                "nazwa": "Grunerstraße",
                "dlugosc_m": 397.0,
                "predkosc_ms": 3.888889,
                "predkosc_kmh": 14.0000004,
                "free_flow_ms": 7.777778,
                "free_flow_kmh": 28.0000008,
                "jam_factor": 3.1,
                "confidence": 0.99,
                "traversability": "open"
            },
            "geometry": {
                "type": "LineString",
                "coordinates": [
                    [
                        13.41213,
                        52.52389
                    ],
                    [
                        13.41229,
                        52.52387
                    ],
                    [
                        13.41239,
                        52.52384
                    ],
                    [
                        13.41268,
                        52.52372
                    ],
                    [
                        13.4131,
                        52.52354
                    ],
                    [
                        13.41347,
                        52.52336
                    ],
                    [
                        13.41368,
                        52.52326
                    ],
                    [
                        13.41398,
                        52.52312
                    ],
                    [
                        13.41468,
                        52.52279
                    ],
                    [
                        13.41498,
                        52.52264
                    ],
                    [
                        13.41512,
                        52.52257
                    ],
                    [
                        13.41521,
                        52.52252
                    ],
                    [
                        13.41556,
                        52.52235
                    ],
                    [
                        13.41571,
                        52.52228
                    ],
                    [
                        13.41624,
                        52.52204
                    ],
                    [
                        13.41657,
                        52.52189
                    ],
                    [
                        13.41674,
                        52.52205
                    ]
                ]
            }
        },
        {
            "type": "Feature",
            "properties": {
                "id": 59,
                "nazwa": "Torstraße",
                "dlugosc_m": 383.0,
                "predkosc_ms": 6.666667,
                "predkosc_kmh": 24.000001200000003,
                "free_flow_ms": 7.777778,
                "free_flow_kmh": 28.0000008,
                "jam_factor": 1.3,
                "confidence": 0.99,
                "traversability": "open"
            },
            "geometry": {
                "type": "LineString",
                "coordinates": [
                    [
                        13.41195,
                        52.53131
                    ],
                    [
                        13.41176,
                        52.53113
                    ],
                    [
                        13.41102,
                        52.53057
                    ],
                    [
                        13.41057,
                        52.53022
                    ],
                    [
                        13.41046,
                        52.5301
                    ],
                    [
                        13.41045,
                        52.53002
                    ],
                    [
                        13.41032,
                        52.52984
                    ],
                    [
                        13.41027,
                        52.52978
                    ],
                    [
                        13.41014,
                        52.52964
                    ],
                    [
                        13.41,
                        52.52944
                    ],
                    [
                        13.40983,
                        52.52923
                    ],
                    [
                        13.40951,
                        52.52884
                    ],
                    [
                        13.40946,
                        52.52879
                    ],
                    [
                        13.40941,
                        52.52873
                    ],
                    [
                        13.41002,
                        52.52861
                    ]
                ]
            }
        },
        {
            "type": "Feature",
            "properties": {
                "id": 60,
                "nazwa": "Münzstraße",
                "dlugosc_m": 26.0,
                "predkosc_ms": 5.0,
                "predkosc_kmh": 18.0,
                "free_flow_ms": 7.2222223,
                "free_flow_kmh": 26.000000280000002,
                "jam_factor": 1.8,
                "confidence": 0.99,
                "traversability": "open"
            },
            "geometry": {
                "type": "LineString",
                "coordinates": [
                    [
                        13.4064,
                        52.52494
                    ],
                    [
                        13.40658,
                        52.52493
                    ],
                    [
                        13.40678,
                        52.5249
                    ]
                ]
            }
        },
        {
            "type": "Feature",
            "properties": {
                "id": 61,
                "nazwa": "Alexanderplatz",
                "dlugosc_m": 395.0,
                "predkosc_ms": 5.555556,
                "predkosc_kmh": 20.0000016,
                "free_flow_ms": 10.0,
                "free_flow_kmh": 36.0,
                "jam_factor": 3.4,
                "confidence": 0.99,
                "traversability": "open"
            },
            "geometry": {
                "type": "LineString",
                "coordinates": [
                    [
                        13.41537,
                        52.52689
                    ],
                    [
                        13.41512,
                        52.52665
                    ],
                    [
                        13.41501,
                        52.52655
                    ],
                    [
                        13.41462,
                        52.52619
                    ],
                    [
                        13.41436,
                        52.52597
                    ],
                    [
                        13.41416,
                        52.5258
                    ],
                    [
                        13.41381,
                        52.52553
                    ],
                    [
                        13.41356,
                        52.52532
                    ],
                    [
                        13.41339,
                        52.52519
                    ],
                    [
                        13.41281,
                        52.52473
                    ],
                    [
                        13.41258,
                        52.52455
                    ],
                    [
                        13.4124,
                        52.52441
                    ],
                    [
                        13.41207,
                        52.52414
                    ],
                    [
                        13.41194,
                        52.52403
                    ]
                ]
            }
        },
        {
            "type": "Feature",
            "properties": {
                "id": 62,
                "nazwa": "Kochstraße",
                "dlugosc_m": 420.0,
                "predkosc_ms": 7.2222223,
                "predkosc_kmh": 26.000000280000002,
                "free_flow_ms": 9.722222,
                "free_flow_kmh": 34.999999200000005,
                "jam_factor": 2.4,
                "confidence": 0.99,
                "traversability": "open"
            },
            "geometry": {
                "type": "LineString",
                "coordinates": [
                    [
                        13.38418,
                        52.51
                    ],
                    [
                        13.38433,
                        52.5097
                    ],
                    [
                        13.38471,
                        52.50902
                    ],
                    [
                        13.38489,
                        52.50866
                    ],
                    [
                        13.385,
                        52.50843
                    ],
                    [
                        13.38553,
                        52.50745
                    ],
                    [
                        13.38564,
                        52.50724
                    ],
                    [
                        13.38575,
                        52.507
                    ],
                    [
                        13.38585,
                        52.50679
                    ],
                    [
                        13.38606,
                        52.50642
                    ]
                ]
            }
        },
        {
            "type": "Feature",
            "properties": {
                "id": 63,
                "nazwa": "Friedrichstraße",
                "dlugosc_m": 272.0,
                "predkosc_ms": 5.0,
                "predkosc_kmh": 18.0,
                "free_flow_ms": 7.777778,
                "free_flow_kmh": 28.0000008,
                "jam_factor": 2.3,
                "confidence": 0.99,
                "traversability": "open"
            },
            "geometry": {
                "type": "LineString",
                "coordinates": [
                    [
                        13.38656,
                        52.50649
                    ],
                    [
                        13.38828,
                        52.50658
                    ],
                    [
                        13.38894,
                        52.50663
                    ],
                    [
                        13.38976,
                        52.50668
                    ],
                    [
                        13.39053,
                        52.50673
                    ]
                ]
            }
        },
        {
            "type": "Feature",
            "properties": {
                "id": 64,
                "nazwa": "Wilhelmstraße",
                "dlugosc_m": 307.0,
                "predkosc_ms": 5.555556,
                "predkosc_kmh": 20.0000016,
                "free_flow_ms": 7.777778,
                "free_flow_kmh": 28.0000008,
                "jam_factor": 2.6,
                "confidence": 0.99,
                "traversability": "open"
            },
            "geometry": {
                "type": "LineString",
                "coordinates": [
                    [
                        13.39053,
                        52.50673
                    ],
                    [
                        13.38976,
                        52.50668
                    ],
                    [
                        13.38894,
                        52.50663
                    ],
                    [
                        13.38828,
                        52.50658
                    ],
                    [
                        13.38656,
                        52.50649
                    ],
                    [
                        13.38634,
                        52.50647
                    ],
                    [
                        13.38606,
                        52.50642
                    ]
                ]
            }
        },
        {
            "type": "Feature",
            "properties": {
                "id": 65,
                "nazwa": "Stresemannstraße",
                "dlugosc_m": 690.0,
                "predkosc_ms": 7.2222223,
                "predkosc_kmh": 26.000000280000002,
                "free_flow_ms": 9.722222,
                "free_flow_kmh": 34.999999200000005,
                "jam_factor": 1.7,
                "confidence": 0.99,
                "traversability": "open"
            },
            "geometry": {
                "type": "LineString",
                "coordinates": [
                    [
                        13.38662,
                        52.50535
                    ],
                    [
                        13.38674,
                        52.50512
                    ],
                    [
                        13.38684,
                        52.50492
                    ],
                    [
                        13.38697,
                        52.50467
                    ],
                    [
                        13.38711,
                        52.50439
                    ],
                    [
                        13.38716,
                        52.5043
                    ],
                    [
                        13.38722,
                        52.50419
                    ],
                    [
                        13.38738,
                        52.50388
                    ],
                    [
                        13.38745,
                        52.50375
                    ],
                    [
                        13.38764,
                        52.50338
                    ],
                    [
                        13.38769,
                        52.50328
                    ],
                    [
                        13.38782,
                        52.50303
                    ],
                    [
                        13.38787,
                        52.50294
                    ],
                    [
                        13.38802,
                        52.50264
                    ],
                    [
                        13.38819,
                        52.50233
                    ],
                    [
                        13.38853,
                        52.50167
                    ],
                    [
                        13.38857,
                        52.50157
                    ],
                    [
                        13.38861,
                        52.5014
                    ],
                    [
                        13.38862,
                        52.50126
                    ],
                    [
                        13.38864,
                        52.50112
                    ],
                    [
                        13.38869,
                        52.50071
                    ],
                    [
                        13.38873,
                        52.50042
                    ],
                    [
                        13.38877,
                        52.50004
                    ],
                    [
                        13.38874,
                        52.49989
                    ],
                    [
                        13.38871,
                        52.49939
                    ],
                    [
                        13.38871,
                        52.49934
                    ]
                ]
            }
        },
        {
            "type": "Feature",
            "properties": {
                "id": 66,
                "nazwa": "Anhalter Straße",
                "dlugosc_m": 125.0,
                "predkosc_ms": 3.6111112,
                "predkosc_kmh": 13.00000032,
                "free_flow_ms": 8.055555,
                "free_flow_kmh": 28.999998,
                "jam_factor": 3.1,
                "confidence": 0.99,
                "traversability": "open"
            },
            "geometry": {
                "type": "LineString",
                "coordinates": [
                    [
                        13.38606,
                        52.50642
                    ],
                    [
                        13.3863,
                        52.50595
                    ],
                    [
                        13.38642,
                        52.50572
                    ],
                    [
                        13.38656,
                        52.50546
                    ],
                    [
                        13.38662,
                        52.50535
                    ]
                ]
            }
        },
        {
            "type": "Feature",
            "properties": {
                "id": 67,
                "nazwa": "Leipziger Straße",
                "dlugosc_m": 420.0,
                "predkosc_ms": 5.8333335,
                "predkosc_kmh": 21.0000006,
                "free_flow_ms": 8.611112,
                "free_flow_kmh": 31.000003200000002,
                "jam_factor": 3.1,
                "confidence": 0.99,
                "traversability": "open"
            },
            "geometry": {
                "type": "LineString",
                "coordinates": [
                    [
                        13.38606,
                        52.50642
                    ],
                    [
                        13.38585,
                        52.50679
                    ],
                    [
                        13.38575,
                        52.507
                    ],
                    [
                        13.38564,
                        52.50724
                    ],
                    [
                        13.38553,
                        52.50745
                    ],
                    [
                        13.385,
                        52.50843
                    ],
                    [
                        13.38489,
                        52.50866
                    ],
                    [
                        13.38471,
                        52.50902
                    ],
                    [
                        13.38433,
                        52.5097
                    ],
                    [
                        13.38418,
                        52.51
                    ]
                ]
            }
        },
        {
            "type": "Feature",
            "properties": {
                "id": 68,
                "nazwa": "Kochstraße",
                "dlugosc_m": 125.0,
                "predkosc_ms": 7.2222223,
                "predkosc_kmh": 26.000000280000002,
                "free_flow_ms": 9.444445,
                "free_flow_kmh": 34.000002,
                "jam_factor": 1.2,
                "confidence": 0.99,
                "traversability": "open"
            },
            "geometry": {
                "type": "LineString",
                "coordinates": [
                    [
                        13.38662,
                        52.50535
                    ],
                    [
                        13.38656,
                        52.50546
                    ],
                    [
                        13.38642,
                        52.50572
                    ],
                    [
                        13.3863,
                        52.50595
                    ],
                    [
                        13.38606,
                        52.50642
                    ]
                ]
            }
        },
        {
            "type": "Feature",
            "properties": {
                "id": 69,
                "nazwa": "Anhalter Straße",
                "dlugosc_m": 687.0,
                "predkosc_ms": 6.388889,
                "predkosc_kmh": 23.0000004,
                "free_flow_ms": 10.555556,
                "free_flow_kmh": 38.0000016,
                "jam_factor": 2.8,
                "confidence": 0.99,
                "traversability": "open"
            },
            "geometry": {
                "type": "LineString",
                "coordinates": [
                    [
                        13.38889,
                        52.49937
                    ],
                    [
                        13.38883,
                        52.49989
                    ],
                    [
                        13.38877,
                        52.50004
                    ],
                    [
                        13.38873,
                        52.50042
                    ],
                    [
                        13.38869,
                        52.50071
                    ],
                    [
                        13.38864,
                        52.50112
                    ],
                    [
                        13.38862,
                        52.50126
                    ],
                    [
                        13.38861,
                        52.5014
                    ],
                    [
                        13.38857,
                        52.50157
                    ],
                    [
                        13.38853,
                        52.50167
                    ],
                    [
                        13.38819,
                        52.50233
                    ],
                    [
                        13.38802,
                        52.50264
                    ],
                    [
                        13.38787,
                        52.50294
                    ],
                    [
                        13.38782,
                        52.50303
                    ],
                    [
                        13.38769,
                        52.50328
                    ],
                    [
                        13.38764,
                        52.50338
                    ],
                    [
                        13.38745,
                        52.50375
                    ],
                    [
                        13.38738,
                        52.50388
                    ],
                    [
                        13.38722,
                        52.50419
                    ],
                    [
                        13.38716,
                        52.5043
                    ],
                    [
                        13.38711,
                        52.50439
                    ],
                    [
                        13.38697,
                        52.50467
                    ],
                    [
                        13.38684,
                        52.50492
                    ],
                    [
                        13.38674,
                        52.50512
                    ],
                    [
                        13.38662,
                        52.50535
                    ]
                ]
            }
        },
        {
            "type": "Feature",
            "properties": {
                "id": 70,
                "nazwa": "Oranienstraße",
                "dlugosc_m": 719.0,
                "predkosc_ms": 8.055555,
                "predkosc_kmh": 28.999998,
                "free_flow_ms": 10.277778,
                "free_flow_kmh": 37.0000008,
                "jam_factor": 2.0,
                "confidence": 0.99,
                "traversability": "open"
            },
            "geometry": {
                "type": "LineString",
                "coordinates": [
                    [
                        13.39455,
                        52.50113
                    ],
                    [
                        13.39448,
                        52.50141
                    ],
                    [
                        13.39448,
                        52.50164
                    ],
                    [
                        13.39451,
                        52.50186
                    ],
                    [
                        13.3946,
                        52.50213
                    ],
                    [
                        13.39463,
                        52.5022
                    ],
                    [
                        13.39478,
                        52.50246
                    ],
                    [
                        13.39488,
                        52.50259
                    ],
                    [
                        13.39496,
                        52.50269
                    ],
                    [
                        13.39508,
                        52.50283
                    ],
                    [
                        13.39543,
                        52.50319
                    ],
                    [
                        13.39595,
                        52.50387
                    ],
                    [
                        13.39695,
                        52.50521
                    ],
                    [
                        13.39703,
                        52.50533
                    ],
                    [
                        13.39712,
                        52.5055
                    ],
                    [
                        13.39734,
                        52.50585
                    ],
                    [
                        13.39757,
                        52.50616
                    ],
                    [
                        13.39775,
                        52.50635
                    ],
                    [
                        13.39812,
                        52.50685
                    ],
                    [
                        13.39829,
                        52.50709
                    ]
                ]
            }
        },
        {
            "type": "Feature",
            "properties": {
                "id": 71,
                "nazwa": "Franz-Klühs-Straße",
                "dlugosc_m": 727.0,
                "predkosc_ms": 9.722222,
                "predkosc_kmh": 34.999999200000005,
                "free_flow_ms": 11.388889,
                "free_flow_kmh": 41.000000400000005,
                "jam_factor": 1.3,
                "confidence": 0.99,
                "traversability": "open"
            },
            "geometry": {
                "type": "LineString",
                "coordinates": [
                    [
                        13.39829,
                        52.50709
                    ],
                    [
                        13.39812,
                        52.50685
                    ],
                    [
                        13.39775,
                        52.50635
                    ],
                    [
                        13.39757,
                        52.50616
                    ],
                    [
                        13.39734,
                        52.50585
                    ],
                    [
                        13.39712,
                        52.5055
                    ],
                    [
                        13.39701,
                        52.50543
                    ],
                    [
                        13.39694,
                        52.50537
                    ],
                    [
                        13.39684,
                        52.50525
                    ],
                    [
                        13.39637,
                        52.50469
                    ],
                    [
                        13.39563,
                        52.50368
                    ],
                    [
                        13.39544,
                        52.50345
                    ],
                    [
                        13.39527,
                        52.50327
                    ],
                    [
                        13.39503,
                        52.50304
                    ],
                    [
                        13.39477,
                        52.50277
                    ],
                    [
                        13.39456,
                        52.50251
                    ],
                    [
                        13.39446,
                        52.50233
                    ],
                    [
                        13.39442,
                        52.50226
                    ],
                    [
                        13.39432,
                        52.50199
                    ],
                    [
                        13.39427,
                        52.50174
                    ],
                    [
                        13.39426,
                        52.50152
                    ],
                    [
                        13.39426,
                        52.50144
                    ],
                    [
                        13.39429,
                        52.50128
                    ],
                    [
                        13.39432,
                        52.50112
                    ]
                ]
            }
        },
        {
            "type": "Feature",
            "properties": {
                "id": 72,
                "nazwa": "Lindenstraße",
                "dlugosc_m": 535.0,
                "predkosc_ms": 5.8333335,
                "predkosc_kmh": 21.0000006,
                "free_flow_ms": 7.777778,
                "free_flow_kmh": 28.0000008,
                "jam_factor": 1.5,
                "confidence": 0.99,
                "traversability": "open"
            },
            "geometry": {
                "type": "LineString",
                "coordinates": [
                    [
                        13.39053,
                        52.50673
                    ],
                    [
                        13.39106,
                        52.50676
                    ],
                    [
                        13.39202,
                        52.50682
                    ],
                    [
                        13.39241,
                        52.50685
                    ],
                    [
                        13.39301,
                        52.50689
                    ],
                    [
                        13.39388,
                        52.50694
                    ],
                    [
                        13.39434,
                        52.50697
                    ],
                    [
                        13.39561,
                        52.50705
                    ],
                    [
                        13.3961,
                        52.50708
                    ],
                    [
                        13.39659,
                        52.50711
                    ],
                    [
                        13.39736,
                        52.50715
                    ],
                    [
                        13.39774,
                        52.50717
                    ],
                    [
                        13.39829,
                        52.50709
                    ]
                ]
            }
        },
        {
            "type": "Feature",
            "properties": {
                "id": 73,
                "nazwa": "Friedrichstraße",
                "dlugosc_m": 535.0,
                "predkosc_ms": 6.388889,
                "predkosc_kmh": 23.0000004,
                "free_flow_ms": 6.9444447,
                "free_flow_kmh": 25.00000092,
                "jam_factor": 0.0,
                "confidence": 0.99,
                "traversability": "open"
            },
            "geometry": {
                "type": "LineString",
                "coordinates": [
                    [
                        13.39829,
                        52.50709
                    ],
                    [
                        13.39774,
                        52.50717
                    ],
                    [
                        13.39736,
                        52.50715
                    ],
                    [
                        13.39659,
                        52.50711
                    ],
                    [
                        13.3961,
                        52.50708
                    ],
                    [
                        13.39561,
                        52.50705
                    ],
                    [
                        13.39434,
                        52.50697
                    ],
                    [
                        13.39388,
                        52.50694
                    ],
                    [
                        13.39301,
                        52.50689
                    ],
                    [
                        13.39241,
                        52.50685
                    ],
                    [
                        13.39202,
                        52.50682
                    ],
                    [
                        13.39106,
                        52.50676
                    ],
                    [
                        13.39053,
                        52.50673
                    ]
                ]
            }
        },
        {
            "type": "Feature",
            "properties": {
                "id": 74,
                "nazwa": "Leipziger Straße",
                "dlugosc_m": 82.0,
                "predkosc_ms": 7.2222223,
                "predkosc_kmh": 26.000000280000002,
                "free_flow_ms": 10.277778,
                "free_flow_kmh": 37.0000008,
                "jam_factor": 2.0,
                "confidence": 0.99,
                "traversability": "open"
            },
            "geometry": {
                "type": "LineString",
                "coordinates": [
                    [
                        13.40108,
                        52.51117
                    ],
                    [
                        13.4012,
                        52.51096
                    ],
                    [
                        13.40122,
                        52.51083
                    ],
                    [
                        13.40122,
                        52.51075
                    ],
                    [
                        13.40121,
                        52.51064
                    ],
                    [
                        13.40105,
                        52.51047
                    ]
                ]
            }
        },
        {
            "type": "Feature",
            "properties": {
                "id": 75,
                "nazwa": "Zimmerstraße",
                "dlugosc_m": 118.0,
                "predkosc_ms": 11.666667,
                "predkosc_kmh": 42.0000012,
                "free_flow_ms": 13.333334,
                "free_flow_kmh": 48.00000240000001,
                "jam_factor": 1.2,
                "confidence": 0.99,
                "traversability": "open"
            },
            "geometry": {
                "type": "LineString",
                "coordinates": [
                    [
                        13.39969,
                        52.50913
                    ],
                    [
                        13.39975,
                        52.50913
                    ],
                    [
                        13.39967,
                        52.50909
                    ],
                    [
                        13.39954,
                        52.50888
                    ],
                    [
                        13.39927,
                        52.50851
                    ],
                    [
                        13.3991,
                        52.50819
                    ]
                ]
            }
        },
        {
            "type": "Feature",
            "properties": {
                "id": 76,
                "nazwa": "Oranienstraße",
                "dlugosc_m": 133.0,
                "predkosc_ms": 5.0,
                "predkosc_kmh": 18.0,
                "free_flow_ms": 11.388889,
                "free_flow_kmh": 41.000000400000005,
                "jam_factor": 3.1,
                "confidence": 0.99,
                "traversability": "open"
            },
            "geometry": {
                "type": "LineString",
                "coordinates": [
                    [
                        13.3991,
                        52.50819
                    ],
                    [
                        13.3988,
                        52.50781
                    ],
                    [
                        13.39866,
                        52.50762
                    ],
                    [
                        13.39841,
                        52.50728
                    ],
                    [
                        13.39833,
                        52.50716
                    ],
                    [
                        13.39829,
                        52.50709
                    ]
                ]
            }
        },
        {
            "type": "Feature",
            "properties": {
                "id": 77,
                "nazwa": "Krausenstraße",
                "dlugosc_m": 176.0,
                "predkosc_ms": 11.388889,
                "predkosc_kmh": 41.000000400000005,
                "free_flow_ms": 12.222222,
                "free_flow_kmh": 43.999999200000005,
                "jam_factor": 0.6,
                "confidence": 0.99,
                "traversability": "open"
            },
            "geometry": {
                "type": "LineString",
                "coordinates": [
                    [
                        13.40105,
                        52.51047
                    ],
                    [
                        13.4005,
                        52.51
                    ],
                    [
                        13.40002,
                        52.50959
                    ],
                    [
                        13.39989,
                        52.50943
                    ],
                    [
                        13.39969,
                        52.50913
                    ]
                ]
            }
        },
        {
            "type": "Feature",
            "properties": {
                "id": 78,
                "nazwa": "Leipziger Straße",
                "dlugosc_m": 266.0,
                "predkosc_ms": 8.055555,
                "predkosc_kmh": 28.999998,
                "free_flow_ms": 7.777778,
                "free_flow_kmh": 28.0000008,
                "jam_factor": 0.0,
                "confidence": 0.99,
                "traversability": "open"
            },
            "geometry": {
                "type": "LineString",
                "coordinates": [
                    [
                        13.39975,
                        52.50913
                    ],
                    [
                        13.3998,
                        52.50914
                    ],
                    [
                        13.39983,
                        52.50916
                    ],
                    [
                        13.40012,
                        52.50954
                    ],
                    [
                        13.4006,
                        52.50995
                    ],
                    [
                        13.40099,
                        52.51026
                    ],
                    [
                        13.40118,
                        52.51041
                    ],
                    [
                        13.40125,
                        52.51049
                    ],
                    [
                        13.40131,
                        52.5106
                    ],
                    [
                        13.40136,
                        52.51074
                    ],
                    [
                        13.40133,
                        52.51098
                    ],
                    [
                        13.40126,
                        52.51121
                    ]
                ]
            }
        },
        {
            "type": "Feature",
            "properties": {
                "id": 79,
                "nazwa": "Krausenstraße",
                "dlugosc_m": 114.0,
                "predkosc_ms": 13.055556,
                "predkosc_kmh": 47.0000016,
                "free_flow_ms": 12.5,
                "free_flow_kmh": 45.0,
                "jam_factor": 0.0,
                "confidence": 0.99,
                "traversability": "open"
            },
            "geometry": {
                "type": "LineString",
                "coordinates": [
                    [
                        13.3991,
                        52.50819
                    ],
                    [
                        13.39927,
                        52.50851
                    ],
                    [
                        13.39954,
                        52.50888
                    ],
                    [
                        13.39967,
                        52.50909
                    ],
                    [
                        13.39975,
                        52.50913
                    ]
                ]
            }
        },
        {
            "type": "Feature",
            "properties": {
                "id": 80,
                "nazwa": "Zimmerstraße",
                "dlugosc_m": 133.0,
                "predkosc_ms": 7.2222223,
                "predkosc_kmh": 26.000000280000002,
                "free_flow_ms": 11.388889,
                "free_flow_kmh": 41.000000400000005,
                "jam_factor": 2.7,
                "confidence": 0.99,
                "traversability": "open"
            },
            "geometry": {
                "type": "LineString",
                "coordinates": [
                    [
                        13.39829,
                        52.50709
                    ],
                    [
                        13.39833,
                        52.50716
                    ],
                    [
                        13.39841,
                        52.50728
                    ],
                    [
                        13.39866,
                        52.50762
                    ],
                    [
                        13.3988,
                        52.50781
                    ],
                    [
                        13.3991,
                        52.50819
                    ]
                ]
            }
        },
        {
            "type": "Feature",
            "properties": {
                "id": 81,
                "nazwa": "Wilhelmstraße",
                "dlugosc_m": 35.0,
                "predkosc_ms": 5.0,
                "predkosc_kmh": 18.0,
                "free_flow_ms": 8.333334,
                "free_flow_kmh": 30.000002400000003,
                "jam_factor": 2.9,
                "confidence": 0.99,
                "traversability": "open"
            },
            "geometry": {
                "type": "LineString",
                "coordinates": [
                    [
                        13.38606,
                        52.50642
                    ],
                    [
                        13.38634,
                        52.50647
                    ],
                    [
                        13.38656,
                        52.50649
                    ]
                ]
            }
        },
        {
            "type": "Feature",
            "properties": {
                "id": 82,
                "nazwa": "Gertraudenstraße",
                "dlugosc_m": 14.0,
                "predkosc_ms": 2.5,
                "predkosc_kmh": 9.0,
                "free_flow_ms": 5.555556,
                "free_flow_kmh": 20.0000016,
                "jam_factor": 3.5,
                "confidence": 0.99,
                "traversability": "open"
            },
            "geometry": {
                "type": "LineString",
                "coordinates": [
                    [
                        13.40569,
                        52.51412
                    ],
                    [
                        13.40582,
                        52.51402
                    ]
                ]
            }
        },
        {
            "type": "Feature",
            "properties": {
                "id": 83,
                "nazwa": "Torstraße",
                "dlugosc_m": 92.0,
                "predkosc_ms": 1.9444445,
                "predkosc_kmh": 7.0000002,
                "free_flow_ms": 5.8333335,
                "free_flow_kmh": 21.0000006,
                "jam_factor": 3.1,
                "confidence": 0.99,
                "traversability": "open"
            },
            "geometry": {
                "type": "LineString",
                "coordinates": [
                    [
                        13.38732,
                        52.52634
                    ],
                    [
                        13.38727,
                        52.52657
                    ],
                    [
                        13.3872,
                        52.52703
                    ],
                    [
                        13.38718,
                        52.52716
                    ]
                ]
            }
        },
        {
            "type": "Feature",
            "properties": {
                "id": 84,
                "nazwa": "Oranienburger Straße",
                "dlugosc_m": 272.0,
                "predkosc_ms": 3.6111112,
                "predkosc_kmh": 13.00000032,
                "free_flow_ms": 6.666667,
                "free_flow_kmh": 24.000001200000003,
                "jam_factor": 3.1,
                "confidence": 0.99,
                "traversability": "open"
            },
            "geometry": {
                "type": "LineString",
                "coordinates": [
                    [
                        13.38778,
                        52.52391
                    ],
                    [
                        13.38769,
                        52.52444
                    ],
                    [
                        13.3876,
                        52.52491
                    ],
                    [
                        13.38757,
                        52.52506
                    ],
                    [
                        13.38744,
                        52.5259
                    ],
                    [
                        13.38739,
                        52.5261
                    ],
                    [
                        13.38734,
                        52.52626
                    ],
                    [
                        13.38732,
                        52.52634
                    ]
                ]
            }
        },
        {
            "type": "Feature",
            "properties": {
                "id": 85,
                "nazwa": "Karl-Liebknecht-Straße",
                "dlugosc_m": 15.0,
                "predkosc_ms": 5.555556,
                "predkosc_kmh": 20.0000016,
                "free_flow_ms": 9.722222,
                "free_flow_kmh": 34.999999200000005,
                "jam_factor": 3.2,
                "confidence": 0.99,
                "traversability": "open"
            },
            "geometry": {
                "type": "LineString",
                "coordinates": [
                    [
                        13.40463,
                        52.52004
                    ],
                    [
                        13.40477,
                        52.51994
                    ]
                ]
            }
        },
        {
            "type": "Feature",
            "properties": {
                "id": 86,
                "nazwa": "Zinnowitzer Straße",
                "dlugosc_m": 97.0,
                "predkosc_ms": 6.388889,
                "predkosc_kmh": 23.0000004,
                "free_flow_ms": 8.333334,
                "free_flow_kmh": 30.000002400000003,
                "jam_factor": 1.4,
                "confidence": 0.99,
                "traversability": "open"
            },
            "geometry": {
                "type": "LineString",
                "coordinates": [
                    [
                        13.38307,
                        52.53058
                    ],
                    [
                        13.38288,
                        52.53077
                    ],
                    [
                        13.38248,
                        52.5311
                    ],
                    [
                        13.38226,
                        52.53129
                    ]
                ]
            }
        },
        {
            "type": "Feature",
            "properties": {
                "id": 87,
                "nazwa": "Invalidenstraße",
                "dlugosc_m": 474.0,
                "predkosc_ms": 6.388889,
                "predkosc_kmh": 23.0000004,
                "free_flow_ms": 8.055555,
                "free_flow_kmh": 28.999998,
                "jam_factor": 1.1,
                "confidence": 0.98,
                "traversability": "open"
            },
            "geometry": {
                "type": "LineString",
                "coordinates": [
                    [
                        13.38718,
                        52.52716
                    ],
                    [
                        13.38708,
                        52.52734
                    ],
                    [
                        13.387,
                        52.52742
                    ],
                    [
                        13.38633,
                        52.52797
                    ],
                    [
                        13.38629,
                        52.528
                    ],
                    [
                        13.38619,
                        52.52804
                    ],
                    [
                        13.38586,
                        52.52832
                    ],
                    [
                        13.3856,
                        52.52853
                    ],
                    [
                        13.38538,
                        52.52872
                    ],
                    [
                        13.38523,
                        52.52882
                    ],
                    [
                        13.3851,
                        52.52893
                    ],
                    [
                        13.38467,
                        52.52929
                    ],
                    [
                        13.38395,
                        52.52987
                    ],
                    [
                        13.38384,
                        52.52996
                    ],
                    [
                        13.38376,
                        52.53002
                    ],
                    [
                        13.38356,
                        52.53018
                    ],
                    [
                        13.38315,
                        52.53051
                    ],
                    [
                        13.38307,
                        52.53058
                    ]
                ]
            }
        },
        {
            "type": "Feature",
            "properties": {
                "id": 88,
                "nazwa": "Platz des 18. März",
                "dlugosc_m": 504.0,
                "predkosc_ms": 6.111111,
                "predkosc_kmh": 21.999999600000002,
                "free_flow_ms": 10.0,
                "free_flow_kmh": 36.0,
                "jam_factor": 3.5,
                "confidence": 0.99,
                "traversability": "open"
            },
            "geometry": {
                "type": "LineString",
                "coordinates": [
                    [
                        13.36968,
                        52.51571
                    ],
                    [
                        13.36998,
                        52.51573
                    ],
                    [
                        13.37086,
                        52.51578
                    ],
                    [
                        13.3712,
                        52.5158
                    ],
                    [
                        13.37209,
                        52.51586
                    ],
                    [
                        13.3734,
                        52.51594
                    ],
                    [
                        13.37397,
                        52.51598
                    ],
                    [
                        13.37494,
                        52.51604
                    ],
                    [
                        13.37612,
                        52.51612
                    ],
                    [
                        13.37668,
                        52.51615
                    ],
                    [
                        13.37683,
                        52.51616
                    ],
                    [
                        13.37681,
                        52.51621
                    ],
                    [
                        13.37682,
                        52.51628
                    ]
                ]
            }
        },
        {
            "type": "Feature",
            "properties": {
                "id": 89,
                "nazwa": "Luisenstraße",
                "dlugosc_m": 160.0,
                "predkosc_ms": 7.5,
                "predkosc_kmh": 27.0,
                "free_flow_ms": 6.9444447,
                "free_flow_kmh": 25.00000092,
                "jam_factor": 0.0,
                "confidence": 0.99,
                "traversability": "open"
            },
            "geometry": {
                "type": "LineString",
                "coordinates": [
                    [
                        13.37988,
                        52.52116
                    ],
                    [
                        13.37986,
                        52.52131
                    ],
                    [
                        13.37985,
                        52.52137
                    ],
                    [
                        13.37983,
                        52.52146
                    ],
                    [
                        13.3798,
                        52.5217
                    ],
                    [
                        13.37972,
                        52.52214
                    ],
                    [
                        13.37963,
                        52.52259
                    ]
                ]
            }
        },
        {
            "type": "Feature",
            "properties": {
                "id": 90,
                "nazwa": "Margarete-Steffin-Straße",
                "dlugosc_m": 330.0,
                "predkosc_ms": 4.166667,
                "predkosc_kmh": 15.000001200000002,
                "free_flow_ms": 10.833334,
                "free_flow_kmh": 39.00000240000001,
                "jam_factor": 6.2,
                "confidence": 0.99,
                "traversability": "open"
            },
            "geometry": {
                "type": "LineString",
                "coordinates": [
                    [
                        13.38044,
                        52.5182
                    ],
                    [
                        13.38037,
                        52.51857
                    ],
                    [
                        13.38031,
                        52.51886
                    ],
                    [
                        13.3803,
                        52.51893
                    ],
                    [
                        13.3802,
                        52.51951
                    ],
                    [
                        13.38019,
                        52.51957
                    ],
                    [
                        13.38017,
                        52.51979
                    ],
                    [
                        13.38011,
                        52.52006
                    ],
                    [
                        13.38007,
                        52.52032
                    ],
                    [
                        13.37999,
                        52.52068
                    ],
                    [
                        13.37997,
                        52.52076
                    ],
                    [
                        13.37994,
                        52.52093
                    ],
                    [
                        13.37988,
                        52.52116
                    ]
                ]
            }
        },
        {
            "type": "Feature",
            "properties": {
                "id": 91,
                "nazwa": "Dorotheenstraße",
                "dlugosc_m": 13.0,
                "predkosc_ms": 5.555556,
                "predkosc_kmh": 20.0000016,
                "free_flow_ms": 8.333334,
                "free_flow_kmh": 30.000002400000003,
                "jam_factor": 2.0,
                "confidence": 0.99,
                "traversability": "open"
            },
            "geometry": {
                "type": "LineString",
                "coordinates": [
                    [
                        13.38045,
                        52.51808
                    ],
                    [
                        13.38044,
                        52.5182
                    ]
                ]
            }
        },
        {
            "type": "Feature",
            "properties": {
                "id": 92,
                "nazwa": "Reinhardtstraße",
                "dlugosc_m": 275.0,
                "predkosc_ms": 5.8333335,
                "predkosc_kmh": 21.0000006,
                "free_flow_ms": 8.333334,
                "free_flow_kmh": 30.000002400000003,
                "jam_factor": 2.0,
                "confidence": 0.99,
                "traversability": "open"
            },
            "geometry": {
                "type": "LineString",
                "coordinates": [
                    [
                        13.38717,
                        52.52633
                    ],
                    [
                        13.38718,
                        52.52625
                    ],
                    [
                        13.38721,
                        52.52609
                    ],
                    [
                        13.38729,
                        52.52565
                    ],
                    [
                        13.38736,
                        52.52541
                    ],
                    [
                        13.38738,
                        52.52523
                    ],
                    [
                        13.38738,
                        52.52504
                    ],
                    [
                        13.3874,
                        52.5249
                    ],
                    [
                        13.38749,
                        52.52443
                    ],
                    [
                        13.38759,
                        52.52388
                    ]
                ]
            }
        },
        {
            "type": "Feature",
            "properties": {
                "id": 93,
                "nazwa": "Behrenstraße",
                "dlugosc_m": 654.0,
                "predkosc_ms": 6.666667,
                "predkosc_kmh": 24.000001200000003,
                "free_flow_ms": 7.5,
                "free_flow_kmh": 27.0,
                "jam_factor": 1.0,
                "confidence": 0.99,
                "traversability": "open"
            },
            "geometry": {
                "type": "LineString",
                "coordinates": [
                    [
                        13.38287,
                        52.5165
                    ],
                    [
                        13.38355,
                        52.51655
                    ],
                    [
                        13.38401,
                        52.51659
                    ],
                    [
                        13.38427,
                        52.5166
                    ],
                    [
                        13.3849,
                        52.51663
                    ],
                    [
                        13.38528,
                        52.51665
                    ],
                    [
                        13.38583,
                        52.51668
                    ],
                    [
                        13.38587,
                        52.5164
                    ],
                    [
                        13.38591,
                        52.51613
                    ],
                    [
                        13.38597,
                        52.51582
                    ],
                    [
                        13.38605,
                        52.51546
                    ],
                    [
                        13.38573,
                        52.51544
                    ],
                    [
                        13.38516,
                        52.51541
                    ],
                    [
                        13.38451,
                        52.51537
                    ],
                    [
                        13.38435,
                        52.51536
                    ],
                    [
                        13.38367,
                        52.5153
                    ],
                    [
                        13.38312,
                        52.51527
                    ],
                    [
                        13.38281,
                        52.51525
                    ],
                    [
                        13.38221,
                        52.51521
                    ],
                    [
                        13.38191,
                        52.51519
                    ],
                    [
                        13.38149,
                        52.51514
                    ]
                ]
            }
        },
        {
            "type": "Feature",
            "properties": {
                "id": 94,
                "nazwa": "Margarete-Steffin-Straße",
                "dlugosc_m": 160.0,
                "predkosc_ms": 8.055555,
                "predkosc_kmh": 28.999998,
                "free_flow_ms": 8.611112,
                "free_flow_kmh": 31.000003200000002,
                "jam_factor": 0.5,
                "confidence": 0.98,
                "traversability": "open"
            },
            "geometry": {
                "type": "LineString",
                "coordinates": [
                    [
                        13.37963,
                        52.52259
                    ],
                    [
                        13.37972,
                        52.52214
                    ],
                    [
                        13.3798,
                        52.5217
                    ],
                    [
                        13.37983,
                        52.52146
                    ],
                    [
                        13.37985,
                        52.52137
                    ],
                    [
                        13.37986,
                        52.52131
                    ],
                    [
                        13.37988,
                        52.52116
                    ]
                ]
            }
        },
        {
            "type": "Feature",
            "properties": {
                "id": 95,
                "nazwa": "Luisenstraße",
                "dlugosc_m": 563.0,
                "predkosc_ms": 6.388889,
                "predkosc_kmh": 23.0000004,
                "free_flow_ms": 9.444445,
                "free_flow_kmh": 34.000002,
                "jam_factor": 2.2,
                "confidence": 0.99,
                "traversability": "open"
            },
            "geometry": {
                "type": "LineString",
                "coordinates": [
                    [
                        13.38759,
                        52.52388
                    ],
                    [
                        13.38725,
                        52.52382
                    ],
                    [
                        13.38698,
                        52.52377
                    ],
                    [
                        13.38545,
                        52.52352
                    ],
                    [
                        13.38449,
                        52.52337
                    ],
                    [
                        13.38378,
                        52.52325
                    ],
                    [
                        13.38347,
                        52.5232
                    ],
                    [
                        13.38291,
                        52.52311
                    ],
                    [
                        13.38273,
                        52.52308
                    ],
                    [
                        13.38217,
                        52.52299
                    ],
                    [
                        13.38171,
                        52.52292
                    ],
                    [
                        13.38101,
                        52.52281
                    ],
                    [
                        13.38079,
                        52.52277
                    ],
                    [
                        13.38025,
                        52.52269
                    ],
                    [
                        13.37963,
                        52.52259
                    ]
                ]
            }
        },
        {
            "type": "Feature",
            "properties": {
                "id": 96,
                "nazwa": "Oranienburger Straße",
                "dlugosc_m": 91.0,
                "predkosc_ms": 4.166667,
                "predkosc_kmh": 15.000001200000002,
                "free_flow_ms": 7.777778,
                "free_flow_kmh": 28.0000008,
                "jam_factor": 3.3,
                "confidence": 0.99,
                "traversability": "open"
            },
            "geometry": {
                "type": "LineString",
                "coordinates": [
                    [
                        13.38696,
                        52.52713
                    ],
                    [
                        13.38705,
                        52.52699
                    ],
                    [
                        13.38709,
                        52.52685
                    ],
                    [
                        13.38717,
                        52.52633
                    ]
                ]
            }
        },
        {
            "type": "Feature",
            "properties": {
                "id": 97,
                "nazwa": "Torstraße",
                "dlugosc_m": 469.0,
                "predkosc_ms": 5.555556,
                "predkosc_kmh": 20.0000016,
                "free_flow_ms": 8.611112,
                "free_flow_kmh": 31.000003200000002,
                "jam_factor": 3.5,
                "confidence": 0.99,
                "traversability": "open"
            },
            "geometry": {
                "type": "LineString",
                "coordinates": [
                    [
                        13.38307,
                        52.53058
                    ],
                    [
                        13.38315,
                        52.53051
                    ],
                    [
                        13.38356,
                        52.53018
                    ],
                    [
                        13.38376,
                        52.53002
                    ],
                    [
                        13.38384,
                        52.52996
                    ],
                    [
                        13.38395,
                        52.52987
                    ],
                    [
                        13.38467,
                        52.52929
                    ],
                    [
                        13.3851,
                        52.52893
                    ],
                    [
                        13.38523,
                        52.52882
                    ],
                    [
                        13.38538,
                        52.52872
                    ],
                    [
                        13.3856,
                        52.52853
                    ],
                    [
                        13.38586,
                        52.52832
                    ],
                    [
                        13.38619,
                        52.52804
                    ],
                    [
                        13.38621,
                        52.52798
                    ],
                    [
                        13.38624,
                        52.52794
                    ],
                    [
                        13.38668,
                        52.52752
                    ],
                    [
                        13.38676,
                        52.52742
                    ],
                    [
                        13.38696,
                        52.52713
                    ]
                ]
            }
        },
        {
            "type": "Feature",
            "properties": {
                "id": 98,
                "nazwa": "Reinhardtstraße",
                "dlugosc_m": 577.0,
                "predkosc_ms": 6.9444447,
                "predkosc_kmh": 25.00000092,
                "free_flow_ms": 9.166667,
                "free_flow_kmh": 33.0000012,
                "jam_factor": 1.4,
                "confidence": 0.99,
                "traversability": "open"
            },
            "geometry": {
                "type": "LineString",
                "coordinates": [
                    [
                        13.37963,
                        52.52259
                    ],
                    [
                        13.38025,
                        52.52269
                    ],
                    [
                        13.38079,
                        52.52277
                    ],
                    [
                        13.38101,
                        52.52281
                    ],
                    [
                        13.38171,
                        52.52292
                    ],
                    [
                        13.38217,
                        52.52299
                    ],
                    [
                        13.38273,
                        52.52308
                    ],
                    [
                        13.38291,
                        52.52311
                    ],
                    [
                        13.38347,
                        52.5232
                    ],
                    [
                        13.38378,
                        52.52325
                    ],
                    [
                        13.38449,
                        52.52337
                    ],
                    [
                        13.38545,
                        52.52352
                    ],
                    [
                        13.38698,
                        52.52377
                    ],
                    [
                        13.38725,
                        52.52382
                    ],
                    [
                        13.38759,
                        52.52388
                    ],
                    [
                        13.38767,
                        52.52389
                    ],
                    [
                        13.38778,
                        52.52391
                    ]
                ]
            }
        },
        {
            "type": "Feature",
            "properties": {
                "id": 99,
                "nazwa": "Unter den Linden",
                "dlugosc_m": 828.0,
                "predkosc_ms": null,
                "predkosc_kmh": null,
                "free_flow_ms": 7.2222223,
                "free_flow_kmh": 26.000000280000002,
                "jam_factor": 10.0,
                "confidence": null,
                "traversability": "closed"
            },
            "geometry": {
                "type": "LineString",
                "coordinates": [
                    [
                        13.38149,
                        52.51514
                    ],
                    [
                        13.38191,
                        52.51519
                    ],
                    [
                        13.38221,
                        52.51521
                    ],
                    [
                        13.38281,
                        52.51525
                    ],
                    [
                        13.38312,
                        52.51527
                    ],
                    [
                        13.38367,
                        52.5153
                    ],
                    [
                        13.38435,
                        52.51536
                    ],
                    [
                        13.38451,
                        52.51537
                    ],
                    [
                        13.38516,
                        52.51541
                    ],
                    [
                        13.38573,
                        52.51544
                    ],
                    [
                        13.38605,
                        52.51546
                    ],
                    [
                        13.38597,
                        52.51582
                    ],
                    [
                        13.38591,
                        52.51613
                    ],
                    [
                        13.38587,
                        52.5164
                    ],
                    [
                        13.38583,
                        52.51668
                    ],
                    [
                        13.38583,
                        52.51677
                    ],
                    [
                        13.38582,
                        52.51683
                    ],
                    [
                        13.3858,
                        52.51696
                    ],
                    [
                        13.38471,
                        52.51689
                    ],
                    [
                        13.38429,
                        52.51686
                    ],
                    [
                        13.38397,
                        52.51684
                    ],
                    [
                        13.38323,
                        52.51679
                    ],
                    [
                        13.38169,
                        52.51669
                    ],
                    [
                        13.38077,
                        52.51662
                    ]
                ]
            }
        },
        {
            "type": "Feature",
            "properties": {
                "id": 100,
                "nazwa": "Schöneberger Straße",
                "dlugosc_m": 476.0,
                "predkosc_ms": 7.777778,
                "predkosc_kmh": 28.0000008,
                "free_flow_ms": 11.666667,
                "free_flow_kmh": 42.0000012,
                "jam_factor": 2.4,
                "confidence": 0.99,
                "traversability": "open"
            },
            "geometry": {
                "type": "LineString",
                "coordinates": [
                    [
                        13.37158,
                        52.50479
                    ],
                    [
                        13.3723,
                        52.50437
                    ],
                    [
                        13.37245,
                        52.50426
                    ],
                    [
                        13.37254,
                        52.50419
                    ],
                    [
                        13.37294,
                        52.50381
                    ],
                    [
                        13.37306,
                        52.5037
                    ],
                    [
                        13.37323,
                        52.50353
                    ],
                    [
                        13.37337,
                        52.50337
                    ],
                    [
                        13.37343,
                        52.50331
                    ],
                    [
                        13.3735,
                        52.50323
                    ],
                    [
                        13.37367,
                        52.50308
                    ],
                    [
                        13.37387,
                        52.50293
                    ],
                    [
                        13.37425,
                        52.5027
                    ],
                    [
                        13.37451,
                        52.50256
                    ],
                    [
                        13.37474,
                        52.50244
                    ],
                    [
                        13.37493,
                        52.50233
                    ],
                    [
                        13.37552,
                        52.50199
                    ],
                    [
                        13.37614,
                        52.5016
                    ]
                ]
            }
        },
        {
            "type": "Feature",
            "properties": {
                "id": 101,
                "nazwa": "George-C.-Marshall-Brücke",
                "dlugosc_m": 487.0,
                "predkosc_ms": 7.5,
                "predkosc_kmh": 27.0,
                "free_flow_ms": 10.555556,
                "free_flow_kmh": 38.0000016,
                "jam_factor": 1.9,
                "confidence": 0.99,
                "traversability": "open"
            },
            "geometry": {
                "type": "LineString",
                "coordinates": [
                    [
                        13.37688,
                        52.50194
                    ],
                    [
                        13.37665,
                        52.50217
                    ],
                    [
                        13.37642,
                        52.50234
                    ],
                    [
                        13.37617,
                        52.50249
                    ],
                    [
                        13.37585,
                        52.50264
                    ],
                    [
                        13.37531,
                        52.50286
                    ],
                    [
                        13.37511,
                        52.50294
                    ],
                    [
                        13.37493,
                        52.50302
                    ],
                    [
                        13.37468,
                        52.50312
                    ],
                    [
                        13.37447,
                        52.50322
                    ],
                    [
                        13.37417,
                        52.50341
                    ],
                    [
                        13.37391,
                        52.50367
                    ],
                    [
                        13.37368,
                        52.50392
                    ],
                    [
                        13.37358,
                        52.50403
                    ],
                    [
                        13.37336,
                        52.50426
                    ],
                    [
                        13.37319,
                        52.5044
                    ],
                    [
                        13.37285,
                        52.50465
                    ],
                    [
                        13.37245,
                        52.5049
                    ],
                    [
                        13.37207,
                        52.5051
                    ]
                ]
            }
        },
        {
            "type": "Feature",
            "properties": {
                "id": 102,
                "nazwa": "Dorotheenstraße",
                "dlugosc_m": 181.0,
                "predkosc_ms": 2.2222223,
                "predkosc_kmh": 8.00000028,
                "free_flow_ms": 6.9444447,
                "free_flow_kmh": 25.00000092,
                "jam_factor": 3.1,
                "confidence": 0.99,
                "traversability": "open"
            },
            "geometry": {
                "type": "LineString",
                "coordinates": [
                    [
                        13.37682,
                        52.51628
                    ],
                    [
                        13.37691,
                        52.51642
                    ],
                    [
                        13.37708,
                        52.51658
                    ],
                    [
                        13.37719,
                        52.51667
                    ],
                    [
                        13.37726,
                        52.51675
                    ],
                    [
                        13.3773,
                        52.51687
                    ],
                    [
                        13.3773,
                        52.51697
                    ],
                    [
                        13.37726,
                        52.5171
                    ],
                    [
                        13.37728,
                        52.51716
                    ],
                    [
                        13.37726,
                        52.51721
                    ],
                    [
                        13.37704,
                        52.51761
                    ],
                    [
                        13.37697,
                        52.51779
                    ]
                ]
            }
        },
        {
            "type": "Feature",
            "properties": {
                "id": 103,
                "nazwa": "Leipziger Straße",
                "dlugosc_m": 602.0,
                "predkosc_ms": 6.388889,
                "predkosc_kmh": 23.0000004,
                "free_flow_ms": 7.5,
                "free_flow_kmh": 27.0,
                "jam_factor": 0.3,
                "confidence": 0.99,
                "traversability": "open"
            },
            "geometry": {
                "type": "LineString",
                "coordinates": [
                    [
                        13.38149,
                        52.51514
                    ],
                    [
                        13.38166,
                        52.51479
                    ],
                    [
                        13.38178,
                        52.51458
                    ],
                    [
                        13.3819,
                        52.51436
                    ],
                    [
                        13.38212,
                        52.51394
                    ],
                    [
                        13.38214,
                        52.5139
                    ],
                    [
                        13.38229,
                        52.51361
                    ],
                    [
                        13.38283,
                        52.51257
                    ],
                    [
                        13.38293,
                        52.51238
                    ],
                    [
                        13.38299,
                        52.51227
                    ],
                    [
                        13.38342,
                        52.51146
                    ],
                    [
                        13.38397,
                        52.5104
                    ],
                    [
                        13.38418,
                        52.51
                    ]
                ]
            }
        },
        {
            "type": "Feature",
            "properties": {
                "id": 104,
                "nazwa": "Unter den Linden",
                "dlugosc_m": 138.0,
                "predkosc_ms": 7.777778,
                "predkosc_kmh": 28.0000008,
                "free_flow_ms": 11.111112,
                "free_flow_kmh": 40.0000032,
                "jam_factor": 1.9,
                "confidence": 0.99,
                "traversability": "open"
            },
            "geometry": {
                "type": "LineString",
                "coordinates": [
                    [
                        13.38086,
                        52.51638
                    ],
                    [
                        13.3819,
                        52.51644
                    ],
                    [
                        13.38287,
                        52.5165
                    ]
                ]
            }
        },
        {
            "type": "Feature",
            "properties": {
                "id": 105,
                "nazwa": "Dorotheenstraße",
                "dlugosc_m": 343.0,
                "predkosc_ms": 5.0,
                "predkosc_kmh": 18.0,
                "free_flow_ms": 8.888889,
                "free_flow_kmh": 32.000000400000005,
                "jam_factor": 3.1,
                "confidence": 0.99,
                "traversability": "open"
            },
            "geometry": {
                "type": "LineString",
                "coordinates": [
                    [
                        13.37988,
                        52.52116
                    ],
                    [
                        13.37994,
                        52.52093
                    ],
                    [
                        13.37997,
                        52.52076
                    ],
                    [
                        13.37999,
                        52.52068
                    ],
                    [
                        13.38007,
                        52.52032
                    ],
                    [
                        13.38011,
                        52.52006
                    ],
                    [
                        13.38017,
                        52.51979
                    ],
                    [
                        13.38019,
                        52.51957
                    ],
                    [
                        13.3802,
                        52.51951
                    ],
                    [
                        13.3803,
                        52.51893
                    ],
                    [
                        13.38031,
                        52.51886
                    ],
                    [
                        13.38037,
                        52.51857
                    ],
                    [
                        13.38044,
                        52.5182
                    ],
                    [
                        13.38045,
                        52.51808
                    ]
                ]
            }
        },
        {
            "type": "Feature",
            "properties": {
                "id": 106,
                "nazwa": "Behrenstraße",
                "dlugosc_m": 602.0,
                "predkosc_ms": 6.666667,
                "predkosc_kmh": 24.000001200000003,
                "free_flow_ms": 7.2222223,
                "free_flow_kmh": 26.000000280000002,
                "jam_factor": 0.0,
                "confidence": 0.99,
                "traversability": "open"
            },
            "geometry": {
                "type": "LineString",
                "coordinates": [
                    [
                        13.38418,
                        52.51
                    ],
                    [
                        13.38397,
                        52.5104
                    ],
                    [
                        13.38342,
                        52.51146
                    ],
                    [
                        13.38299,
                        52.51227
                    ],
                    [
                        13.38293,
                        52.51238
                    ],
                    [
                        13.38283,
                        52.51257
                    ],
                    [
                        13.38229,
                        52.51361
                    ],
                    [
                        13.38214,
                        52.5139
                    ],
                    [
                        13.38212,
                        52.51394
                    ],
                    [
                        13.3819,
                        52.51436
                    ],
                    [
                        13.38178,
                        52.51458
                    ],
                    [
                        13.38166,
                        52.51479
                    ],
                    [
                        13.38149,
                        52.51514
                    ]
                ]
            }
        },
        {
            "type": "Feature",
            "properties": {
                "id": 107,
                "nazwa": "Invalidenstraße",
                "dlugosc_m": 98.0,
                "predkosc_ms": 2.777778,
                "predkosc_kmh": 10.0000008,
                "free_flow_ms": 6.666667,
                "free_flow_kmh": 24.000001200000003,
                "jam_factor": 3.1,
                "confidence": 0.99,
                "traversability": "open"
            },
            "geometry": {
                "type": "LineString",
                "coordinates": [
                    [
                        13.38213,
                        52.53124
                    ],
                    [
                        13.38262,
                        52.53086
                    ],
                    [
                        13.38307,
                        52.53058
                    ]
                ]
            }
        },
        {
            "type": "Feature",
            "properties": {
                "id": 108,
                "nazwa": "Prenzlauer Berg",
                "dlugosc_m": 1267.0,
                "predkosc_ms": 11.111112,
                "predkosc_kmh": 40.0000032,
                "free_flow_ms": 11.944445,
                "free_flow_kmh": 43.000002,
                "jam_factor": 0.6,
                "confidence": 0.99,
                "traversability": "open"
            },
            "geometry": {
                "type": "LineString",
                "coordinates": [
                    [
                        13.42401,
                        52.53908
                    ],
                    [
                        13.42394,
                        52.53889
                    ],
                    [
                        13.42369,
                        52.53847
                    ],
                    [
                        13.42353,
                        52.53824
                    ],
                    [
                        13.42344,
                        52.53811
                    ],
                    [
                        13.42332,
                        52.5379
                    ],
                    [
                        13.42291,
                        52.53721
                    ],
                    [
                        13.4228,
                        52.53701
                    ],
                    [
                        13.4223,
                        52.5362
                    ],
                    [
                        13.42219,
                        52.53601
                    ],
                    [
                        13.42196,
                        52.53561
                    ],
                    [
                        13.42146,
                        52.53475
                    ],
                    [
                        13.42081,
                        52.53367
                    ],
                    [
                        13.42075,
                        52.53356
                    ],
                    [
                        13.4203,
                        52.53279
                    ],
                    [
                        13.4202,
                        52.53261
                    ],
                    [
                        13.42007,
                        52.53241
                    ],
                    [
                        13.41974,
                        52.53184
                    ],
                    [
                        13.41927,
                        52.53108
                    ],
                    [
                        13.41895,
                        52.53067
                    ],
                    [
                        13.4189,
                        52.53061
                    ],
                    [
                        13.41886,
                        52.53056
                    ],
                    [
                        13.41851,
                        52.53014
                    ],
                    [
                        13.41849,
                        52.53012
                    ],
                    [
                        13.41834,
                        52.52994
                    ],
                    [
                        13.41813,
                        52.52969
                    ],
                    [
                        13.41751,
                        52.52909
                    ],
                    [
                        13.41738,
                        52.52897
                    ],
                    [
                        13.41697,
                        52.52856
                    ]
                ]
            }
        },
        {
            "type": "Feature",
            "properties": {
                "id": 109,
                "nazwa": "Mollstraße",
                "dlugosc_m": 216.0,
                "predkosc_ms": 2.777778,
                "predkosc_kmh": 10.0000008,
                "free_flow_ms": 8.333334,
                "free_flow_kmh": 30.000002400000003,
                "jam_factor": 3.1,
                "confidence": 0.99,
                "traversability": "open"
            },
            "geometry": {
                "type": "LineString",
                "coordinates": [
                    [
                        13.41697,
                        52.52856
                    ],
                    [
                        13.4167,
                        52.5283
                    ],
                    [
                        13.41648,
                        52.52809
                    ],
                    [
                        13.41632,
                        52.52792
                    ],
                    [
                        13.41601,
                        52.52757
                    ],
                    [
                        13.41579,
                        52.52733
                    ],
                    [
                        13.41566,
                        52.52719
                    ],
                    [
                        13.41551,
                        52.52703
                    ],
                    [
                        13.41537,
                        52.52689
                    ]
                ]
            }
        },
        {
            "type": "Feature",
            "properties": {
                "id": 110,
                "nazwa": "Mollstraße",
                "dlugosc_m": 425.0,
                "predkosc_ms": 5.555556,
                "predkosc_kmh": 20.0000016,
                "free_flow_ms": 9.166667,
                "free_flow_kmh": 33.0000012,
                "jam_factor": 2.9,
                "confidence": 0.99,
                "traversability": "open"
            },
            "geometry": {
                "type": "LineString",
                "coordinates": [
                    [
                        13.41674,
                        52.52205
                    ],
                    [
                        13.41743,
                        52.52269
                    ],
                    [
                        13.41806,
                        52.5233
                    ],
                    [
                        13.41837,
                        52.52357
                    ],
                    [
                        13.41859,
                        52.52376
                    ],
                    [
                        13.4188,
                        52.52398
                    ],
                    [
                        13.41897,
                        52.52413
                    ],
                    [
                        13.41931,
                        52.52441
                    ],
                    [
                        13.41959,
                        52.52465
                    ],
                    [
                        13.41996,
                        52.52498
                    ],
                    [
                        13.42008,
                        52.52509
                    ],
                    [
                        13.42022,
                        52.52522
                    ]
                ]
            }
        },
        {
            "type": "Feature",
            "properties": {
                "id": 111,
                "nazwa": "Grunerstraße",
                "dlugosc_m": 633.0,
                "predkosc_ms": 6.9444447,
                "predkosc_kmh": 25.00000092,
                "free_flow_ms": 8.611112,
                "free_flow_kmh": 31.000003200000002,
                "jam_factor": 1.8,
                "confidence": 0.99,
                "traversability": "open"
            },
            "geometry": {
                "type": "LineString",
                "coordinates": [
                    [
                        13.41823,
                        52.51559
                    ],
                    [
                        13.41825,
                        52.51606
                    ],
                    [
                        13.41827,
                        52.51629
                    ],
                    [
                        13.41828,
                        52.51652
                    ],
                    [
                        13.41828,
                        52.51673
                    ],
                    [
                        13.4182,
                        52.51748
                    ],
                    [
                        13.4181,
                        52.51784
                    ],
                    [
                        13.41798,
                        52.51806
                    ],
                    [
                        13.41769,
                        52.51849
                    ],
                    [
                        13.41745,
                        52.51883
                    ],
                    [
                        13.41729,
                        52.51904
                    ],
                    [
                        13.41719,
                        52.51916
                    ],
                    [
                        13.41692,
                        52.51944
                    ],
                    [
                        13.41668,
                        52.51967
                    ],
                    [
                        13.41625,
                        52.52003
                    ],
                    [
                        13.41598,
                        52.52027
                    ],
                    [
                        13.41569,
                        52.52052
                    ],
                    [
                        13.41543,
                        52.52076
                    ],
                    [
                        13.41536,
                        52.52082
                    ]
                ]
            }
        },
        {
            "type": "Feature",
            "properties": {
                "id": 112,
                "nazwa": "Holzmarktstraße",
                "dlugosc_m": 523.0,
                "predkosc_ms": 6.111111,
                "predkosc_kmh": 21.999999600000002,
                "free_flow_ms": 6.9444447,
                "free_flow_kmh": 25.00000092,
                "jam_factor": 0.9,
                "confidence": 0.99,
                "traversability": "open"
            },
            "geometry": {
                "type": "LineString",
                "coordinates": [
                    [
                        13.41647,
                        52.51103
                    ],
                    [
                        13.41669,
                        52.51141
                    ],
                    [
                        13.41682,
                        52.51167
                    ],
                    [
                        13.41691,
                        52.51188
                    ],
                    [
                        13.41718,
                        52.51243
                    ],
                    [
                        13.41725,
                        52.51258
                    ],
                    [
                        13.41727,
                        52.51263
                    ],
                    [
                        13.41743,
                        52.51299
                    ],
                    [
                        13.41757,
                        52.51326
                    ],
                    [
                        13.41766,
                        52.51348
                    ],
                    [
                        13.41768,
                        52.51357
                    ],
                    [
                        13.41769,
                        52.51364
                    ],
                    [
                        13.41777,
                        52.51382
                    ],
                    [
                        13.41782,
                        52.51394
                    ],
                    [
                        13.41784,
                        52.51399
                    ],
                    [
                        13.41789,
                        52.51427
                    ],
                    [
                        13.41792,
                        52.51452
                    ],
                    [
                        13.41797,
                        52.51474
                    ],
                    [
                        13.41798,
                        52.51481
                    ],
                    [
                        13.41806,
                        52.51507
                    ],
                    [
                        13.41818,
                        52.51545
                    ],
                    [
                        13.41823,
                        52.51559
                    ]
                ]
            }
        },
        {
            "type": "Feature",
            "properties": {
                "id": 113,
                "nazwa": "Holzmarktstraße",
                "dlugosc_m": 564.0,
                "predkosc_ms": 7.777778,
                "predkosc_kmh": 28.0000008,
                "free_flow_ms": 10.0,
                "free_flow_kmh": 36.0,
                "jam_factor": 2.1,
                "confidence": 0.99,
                "traversability": "open"
            },
            "geometry": {
                "type": "LineString",
                "coordinates": [
                    [
                        13.41583,
                        52.52022
                    ],
                    [
                        13.41614,
                        52.51998
                    ],
                    [
                        13.41657,
                        52.51962
                    ],
                    [
                        13.41669,
                        52.51951
                    ],
                    [
                        13.41679,
                        52.51939
                    ],
                    [
                        13.41703,
                        52.51911
                    ],
                    [
                        13.41718,
                        52.51894
                    ],
                    [
                        13.41755,
                        52.51845
                    ],
                    [
                        13.41781,
                        52.518
                    ],
                    [
                        13.41799,
                        52.5175
                    ],
                    [
                        13.41807,
                        52.51719
                    ],
                    [
                        13.41815,
                        52.51675
                    ],
                    [
                        13.41815,
                        52.51651
                    ],
                    [
                        13.41813,
                        52.51629
                    ],
                    [
                        13.41809,
                        52.51585
                    ],
                    [
                        13.41805,
                        52.51565
                    ],
                    [
                        13.41799,
                        52.5155
                    ]
                ]
            }
        },
        {
            "type": "Feature",
            "properties": {
                "id": 114,
                "nazwa": "Grunerstraße",
                "dlugosc_m": 67.0,
                "predkosc_ms": 6.111111,
                "predkosc_kmh": 21.999999600000002,
                "free_flow_ms": 10.833334,
                "free_flow_kmh": 39.00000240000001,
                "jam_factor": 3.2,
                "confidence": 0.99,
                "traversability": "open"
            },
            "geometry": {
                "type": "LineString",
                "coordinates": [
                    [
                        13.41523,
                        52.52069
                    ],
                    [
                        13.41529,
                        52.52064
                    ],
                    [
                        13.41547,
                        52.5205
                    ],
                    [
                        13.41583,
                        52.52022
                    ]
                ]
            }
        },
        {
            "type": "Feature",
            "properties": {
                "id": 115,
                "nazwa": "Köpenicker Straße",
                "dlugosc_m": 881.0,
                "predkosc_ms": 7.5,
                "predkosc_kmh": 27.0,
                "free_flow_ms": 9.444445,
                "free_flow_kmh": 34.000002,
                "jam_factor": 2.0,
                "confidence": 0.99,
                "traversability": "open"
            },
            "geometry": {
                "type": "LineString",
                "coordinates": [
                    [
                        13.41091,
                        52.50387
                    ],
                    [
                        13.41104,
                        52.50404
                    ],
                    [
                        13.41113,
                        52.50416
                    ],
                    [
                        13.41156,
                        52.50471
                    ],
                    [
                        13.41161,
                        52.50477
                    ],
                    [
                        13.41174,
                        52.50494
                    ],
                    [
                        13.41176,
                        52.50496
                    ],
                    [
                        13.41196,
                        52.50522
                    ],
                    [
                        13.41253,
                        52.50593
                    ],
                    [
                        13.41264,
                        52.50608
                    ],
                    [
                        13.41277,
                        52.50625
                    ],
                    [
                        13.41307,
                        52.50664
                    ],
                    [
                        13.41328,
                        52.50692
                    ],
                    [
                        13.41338,
                        52.50704
                    ],
                    [
                        13.41371,
                        52.50744
                    ],
                    [
                        13.41398,
                        52.50777
                    ],
                    [
                        13.41414,
                        52.50801
                    ],
                    [
                        13.41418,
                        52.50806
                    ],
                    [
                        13.41434,
                        52.50829
                    ],
                    [
                        13.41455,
                        52.50855
                    ],
                    [
                        13.41517,
                        52.50931
                    ],
                    [
                        13.41534,
                        52.50955
                    ],
                    [
                        13.41584,
                        52.5102
                    ],
                    [
                        13.41597,
                        52.51035
                    ],
                    [
                        13.41608,
                        52.51049
                    ],
                    [
                        13.41616,
                        52.51058
                    ],
                    [
                        13.4162,
                        52.51064
                    ],
                    [
                        13.41636,
                        52.51085
                    ],
                    [
                        13.41647,
                        52.51103
                    ]
                ]
            }
        },
        {
            "type": "Feature",
            "properties": {
                "id": 116,
                "nazwa": "Moritzplatz",
                "dlugosc_m": 963.0,
                "predkosc_ms": 8.888889,
                "predkosc_kmh": 32.000000400000005,
                "free_flow_ms": 10.0,
                "free_flow_kmh": 36.0,
                "jam_factor": 0.8,
                "confidence": 0.99,
                "traversability": "open"
            },
            "geometry": {
                "type": "LineString",
                "coordinates": [
                    [
                        13.41647,
                        52.51103
                    ],
                    [
                        13.41636,
                        52.51085
                    ],
                    [
                        13.4162,
                        52.51064
                    ],
                    [
                        13.41616,
                        52.51058
                    ],
                    [
                        13.41608,
                        52.51049
                    ],
                    [
                        13.41597,
                        52.51035
                    ],
                    [
                        13.41584,
                        52.5102
                    ],
                    [
                        13.41534,
                        52.50955
                    ],
                    [
                        13.41517,
                        52.50931
                    ],
                    [
                        13.41455,
                        52.50855
                    ],
                    [
                        13.41434,
                        52.50829
                    ],
                    [
                        13.41418,
                        52.50806
                    ],
                    [
                        13.41414,
                        52.50801
                    ],
                    [
                        13.41398,
                        52.50777
                    ],
                    [
                        13.41371,
                        52.50744
                    ],
                    [
                        13.41338,
                        52.50704
                    ],
                    [
                        13.41328,
                        52.50692
                    ],
                    [
                        13.41307,
                        52.50664
                    ],
                    [
                        13.41277,
                        52.50625
                    ],
                    [
                        13.41264,
                        52.50608
                    ],
                    [
                        13.41253,
                        52.50593
                    ],
                    [
                        13.41196,
                        52.50522
                    ],
                    [
                        13.41176,
                        52.50496
                    ],
                    [
                        13.41174,
                        52.50494
                    ],
                    [
                        13.41161,
                        52.50477
                    ],
                    [
                        13.41156,
                        52.50471
                    ],
                    [
                        13.41113,
                        52.50416
                    ],
                    [
                        13.41104,
                        52.50404
                    ],
                    [
                        13.41091,
                        52.50387
                    ],
                    [
                        13.41074,
                        52.50389
                    ],
                    [
                        13.41057,
                        52.50387
                    ],
                    [
                        13.41043,
                        52.50381
                    ],
                    [
                        13.41037,
                        52.50377
                    ],
                    [
                        13.41033,
                        52.50365
                    ],
                    [
                        13.41035,
                        52.50359
                    ],
                    [
                        13.41044,
                        52.50348
                    ],
                    [
                        13.41052,
                        52.50344
                    ]
                ]
            }
        },
        {
            "type": "Feature",
            "properties": {
                "id": 117,
                "nazwa": "Köpenicker Straße",
                "dlugosc_m": 510.0,
                "predkosc_ms": 6.388889,
                "predkosc_kmh": 23.0000004,
                "free_flow_ms": 7.2222223,
                "free_flow_kmh": 26.000000280000002,
                "jam_factor": 1.0,
                "confidence": 0.99,
                "traversability": "open"
            },
            "geometry": {
                "type": "LineString",
                "coordinates": [
                    [
                        13.41799,
                        52.5155
                    ],
                    [
                        13.41792,
                        52.51526
                    ],
                    [
                        13.41786,
                        52.5149
                    ],
                    [
                        13.41781,
                        52.51467
                    ],
                    [
                        13.41776,
                        52.51442
                    ],
                    [
                        13.41766,
                        52.51404
                    ],
                    [
                        13.41768,
                        52.51382
                    ],
                    [
                        13.41769,
                        52.51364
                    ],
                    [
                        13.41768,
                        52.51357
                    ],
                    [
                        13.41766,
                        52.51348
                    ],
                    [
                        13.41757,
                        52.51326
                    ],
                    [
                        13.41743,
                        52.51299
                    ],
                    [
                        13.41727,
                        52.51263
                    ],
                    [
                        13.41725,
                        52.51258
                    ],
                    [
                        13.41718,
                        52.51243
                    ],
                    [
                        13.41691,
                        52.51188
                    ],
                    [
                        13.41682,
                        52.51167
                    ],
                    [
                        13.41669,
                        52.51141
                    ],
                    [
                        13.41647,
                        52.51103
                    ]
                ]
            }
        },
        {
            "type": "Feature",
            "properties": {
                "id": 118,
                "nazwa": "Schönhauser Allee",
                "dlugosc_m": 466.0,
                "predkosc_ms": 6.666667,
                "predkosc_kmh": 24.000001200000003,
                "free_flow_ms": 7.2222223,
                "free_flow_kmh": 26.000000280000002,
                "jam_factor": 0.8,
                "confidence": 0.97,
                "traversability": "open"
            },
            "geometry": {
                "type": "LineString",
                "coordinates": [
                    [
                        13.41697,
                        52.52856
                    ],
                    [
                        13.41684,
                        52.52863
                    ],
                    [
                        13.41668,
                        52.52878
                    ],
                    [
                        13.41644,
                        52.52901
                    ],
                    [
                        13.41632,
                        52.52911
                    ],
                    [
                        13.41613,
                        52.52927
                    ],
                    [
                        13.41586,
                        52.52949
                    ],
                    [
                        13.41539,
                        52.52988
                    ],
                    [
                        13.41517,
                        52.53002
                    ],
                    [
                        13.41423,
                        52.5304
                    ],
                    [
                        13.41391,
                        52.53053
                    ],
                    [
                        13.41371,
                        52.53061
                    ],
                    [
                        13.41293,
                        52.53093
                    ],
                    [
                        13.41217,
                        52.53124
                    ],
                    [
                        13.41204,
                        52.53128
                    ],
                    [
                        13.41195,
                        52.53131
                    ]
                ]
            }
        },
        {
            "type": "Feature",
            "properties": {
                "id": 119,
                "nazwa": "Prenzlauer Allee",
                "dlugosc_m": 466.0,
                "predkosc_ms": 5.0,
                "predkosc_kmh": 18.0,
                "free_flow_ms": 7.2222223,
                "free_flow_kmh": 26.000000280000002,
                "jam_factor": 2.9,
                "confidence": 0.99,
                "traversability": "open"
            },
            "geometry": {
                "type": "LineString",
                "coordinates": [
                    [
                        13.41217,
                        52.53124
                    ],
                    [
                        13.41293,
                        52.53093
                    ],
                    [
                        13.41371,
                        52.53061
                    ],
                    [
                        13.41391,
                        52.53053
                    ],
                    [
                        13.41423,
                        52.5304
                    ],
                    [
                        13.41517,
                        52.53002
                    ],
                    [
                        13.41539,
                        52.52988
                    ],
                    [
                        13.41586,
                        52.52949
                    ],
                    [
                        13.41613,
                        52.52927
                    ],
                    [
                        13.41632,
                        52.52911
                    ],
                    [
                        13.41644,
                        52.52901
                    ],
                    [
                        13.41668,
                        52.52878
                    ],
                    [
                        13.41684,
                        52.52863
                    ],
                    [
                        13.41697,
                        52.52856
                    ],
                    [
                        13.41719,
                        52.52849
                    ]
                ]
            }
        },
        {
            "type": "Feature",
            "properties": {
                "id": 120,
                "nazwa": "Grunerstraße",
                "dlugosc_m": 418.0,
                "predkosc_ms": 4.166667,
                "predkosc_kmh": 15.000001200000002,
                "free_flow_ms": 7.777778,
                "free_flow_kmh": 28.0000008,
                "jam_factor": 3.1,
                "confidence": 0.99,
                "traversability": "open"
            },
            "geometry": {
                "type": "LineString",
                "coordinates": [
                    [
                        13.41213,
                        52.52389
                    ],
                    [
                        13.41229,
                        52.52387
                    ],
                    [
                        13.41239,
                        52.52384
                    ],
                    [
                        13.41268,
                        52.52372
                    ],
                    [
                        13.4131,
                        52.52354
                    ],
                    [
                        13.41347,
                        52.52336
                    ],
                    [
                        13.41368,
                        52.52326
                    ],
                    [
                        13.41398,
                        52.52312
                    ],
                    [
                        13.41468,
                        52.52279
                    ],
                    [
                        13.41498,
                        52.52264
                    ],
                    [
                        13.41512,
                        52.52257
                    ],
                    [
                        13.41521,
                        52.52252
                    ],
                    [
                        13.41556,
                        52.52235
                    ],
                    [
                        13.41571,
                        52.52228
                    ],
                    [
                        13.41624,
                        52.52204
                    ],
                    [
                        13.41657,
                        52.52189
                    ],
                    [
                        13.41712,
                        52.52172
                    ]
                ]
            }
        },
        {
            "type": "Feature",
            "properties": {
                "id": 121,
                "nazwa": "Rosenthaler Platz",
                "dlugosc_m": 376.0,
                "predkosc_ms": 4.4444447,
                "predkosc_kmh": 16.00000092,
                "free_flow_ms": 6.666667,
                "free_flow_kmh": 24.000001200000003,
                "jam_factor": 2.9,
                "confidence": 0.99,
                "traversability": "open"
            },
            "geometry": {
                "type": "LineString",
                "coordinates": [
                    [
                        13.39892,
                        52.53262
                    ],
                    [
                        13.39897,
                        52.53251
                    ],
                    [
                        13.3991,
                        52.53231
                    ],
                    [
                        13.39951,
                        52.5318
                    ],
                    [
                        13.39961,
                        52.53168
                    ],
                    [
                        13.40003,
                        52.5312
                    ],
                    [
                        13.40043,
                        52.53072
                    ],
                    [
                        13.40073,
                        52.53035
                    ],
                    [
                        13.40098,
                        52.53006
                    ],
                    [
                        13.40126,
                        52.52976
                    ],
                    [
                        13.40141,
                        52.52961
                    ]
                ]
            }
        },
        {
            "type": "Feature",
            "properties": {
                "id": 122,
                "nazwa": "Alexanderplatz",
                "dlugosc_m": 393.0,
                "predkosc_ms": 3.888889,
                "predkosc_kmh": 14.0000004,
                "free_flow_ms": 6.666667,
                "free_flow_kmh": 24.000001200000003,
                "jam_factor": 4.0,
                "confidence": 0.99,
                "traversability": "open"
            },
            "geometry": {
                "type": "LineString",
                "coordinates": [
                    [
                        13.4064,
                        52.52494
                    ],
                    [
                        13.40658,
                        52.52493
                    ],
                    [
                        13.40678,
                        52.5249
                    ],
                    [
                        13.40712,
                        52.52481
                    ],
                    [
                        13.40782,
                        52.52457
                    ],
                    [
                        13.4079,
                        52.52454
                    ],
                    [
                        13.40892,
                        52.52419
                    ],
                    [
                        13.40912,
                        52.52413
                    ],
                    [
                        13.40931,
                        52.52409
                    ],
                    [
                        13.40966,
                        52.52401
                    ],
                    [
                        13.41015,
                        52.52396
                    ],
                    [
                        13.41104,
                        52.52392
                    ],
                    [
                        13.41178,
                        52.5239
                    ]
                ]
            }
        },
        {
            "type": "Feature",
            "properties": {
                "id": 123,
                "nazwa": "Alte Schönhauser Straße",
                "dlugosc_m": 227.0,
                "predkosc_ms": 2.777778,
                "predkosc_kmh": 10.0000008,
                "free_flow_ms": 4.7222223,
                "free_flow_kmh": 17.000000280000002,
                "jam_factor": 1.9,
                "confidence": 0.99,
                "traversability": "open"
            },
            "geometry": {
                "type": "LineString",
                "coordinates": [
                    [
                        13.40366,
                        52.52607
                    ],
                    [
                        13.40388,
                        52.526
                    ],
                    [
                        13.40424,
                        52.52584
                    ],
                    [
                        13.40606,
                        52.52501
                    ],
                    [
                        13.40623,
                        52.52496
                    ],
                    [
                        13.4064,
                        52.52494
                    ]
                ]
            }
        },
        {
            "type": "Feature",
            "properties": {
                "id": 124,
                "nazwa": "Gipsstraße",
                "dlugosc_m": 426.0,
                "predkosc_ms": 5.277778,
                "predkosc_kmh": 19.0000008,
                "free_flow_ms": 7.5,
                "free_flow_kmh": 27.0,
                "jam_factor": 2.8,
                "confidence": 0.99,
                "traversability": "open"
            },
            "geometry": {
                "type": "LineString",
                "coordinates": [
                    [
                        13.40141,
                        52.52961
                    ],
                    [
                        13.40189,
                        52.52898
                    ],
                    [
                        13.40264,
                        52.52808
                    ],
                    [
                        13.40297,
                        52.52769
                    ],
                    [
                        13.40313,
                        52.52745
                    ],
                    [
                        13.40332,
                        52.52717
                    ],
                    [
                        13.4034,
                        52.527
                    ],
                    [
                        13.40345,
                        52.52683
                    ],
                    [
                        13.40356,
                        52.52639
                    ],
                    [
                        13.40366,
                        52.52607
                    ]
                ]
            }
        },
        {
            "type": "Feature",
            "properties": {
                "id": 125,
                "nazwa": "Ebertstraße",
                "dlugosc_m": 6.0,
                "predkosc_ms": 4.4444447,
                "predkosc_kmh": 16.00000092,
                "free_flow_ms": 8.333334,
                "free_flow_kmh": 30.000002400000003,
                "jam_factor": 3.6,
                "confidence": 0.97,
                "traversability": "open"
            },
            "geometry": {
                "type": "LineString",
                "coordinates": [
                    [
                        13.37703,
                        52.51242
                    ],
                    [
                        13.37695,
                        52.51243
                    ]
                ]
            }
        },
        {
            "type": "Feature",
            "properties": {
                "id": 126,
                "nazwa": "Ebertstraße",
                "dlugosc_m": 430.0,
                "predkosc_ms": 6.666667,
                "predkosc_kmh": 24.000001200000003,
                "free_flow_ms": 9.444445,
                "free_flow_kmh": 34.000002,
                "jam_factor": 1.7,
                "confidence": 0.99,
                "traversability": "open"
            },
            "geometry": {
                "type": "LineString",
                "coordinates": [
                    [
                        13.37123,
                        52.51114
                    ],
                    [
                        13.37142,
                        52.51117
                    ],
                    [
                        13.37175,
                        52.51121
                    ],
                    [
                        13.37196,
                        52.51124
                    ],
                    [
                        13.37203,
                        52.51125
                    ],
                    [
                        13.37248,
                        52.51131
                    ],
                    [
                        13.37306,
                        52.51139
                    ],
                    [
                        13.37354,
                        52.51146
                    ],
                    [
                        13.37405,
                        52.51154
                    ],
                    [
                        13.37475,
                        52.51172
                    ],
                    [
                        13.37535,
                        52.51186
                    ],
                    [
                        13.37577,
                        52.51196
                    ],
                    [
                        13.37587,
                        52.512
                    ],
                    [
                        13.37633,
                        52.51224
                    ],
                    [
                        13.37646,
                        52.51232
                    ],
                    [
                        13.37671,
                        52.51241
                    ],
                    [
                        13.37685,
                        52.51243
                    ],
                    [
                        13.37695,
                        52.51243
                    ],
                    [
                        13.37703,
                        52.51242
                    ]
                ]
            }
        },
        {
            "type": "Feature",
            "properties": {
                "id": 127,
                "nazwa": "Kemperplatz",
                "dlugosc_m": 433.0,
                "predkosc_ms": 6.666667,
                "predkosc_kmh": 24.000001200000003,
                "free_flow_ms": 9.166667,
                "free_flow_kmh": 33.0000012,
                "jam_factor": 1.7,
                "confidence": 0.98,
                "traversability": "open"
            },
            "geometry": {
                "type": "LineString",
                "coordinates": [
                    [
                        13.37695,
                        52.51243
                    ],
                    [
                        13.37685,
                        52.51243
                    ],
                    [
                        13.37671,
                        52.51241
                    ],
                    [
                        13.37646,
                        52.51232
                    ],
                    [
                        13.37633,
                        52.51224
                    ],
                    [
                        13.37587,
                        52.512
                    ],
                    [
                        13.37577,
                        52.51196
                    ],
                    [
                        13.37535,
                        52.51186
                    ],
                    [
                        13.37475,
                        52.51172
                    ],
                    [
                        13.37405,
                        52.51154
                    ],
                    [
                        13.37354,
                        52.51146
                    ],
                    [
                        13.37306,
                        52.51139
                    ],
                    [
                        13.37248,
                        52.51131
                    ],
                    [
                        13.37203,
                        52.51125
                    ],
                    [
                        13.37196,
                        52.51124
                    ],
                    [
                        13.37175,
                        52.51121
                    ],
                    [
                        13.37142,
                        52.51117
                    ],
                    [
                        13.37123,
                        52.51114
                    ],
                    [
                        13.3711,
                        52.51112
                    ]
                ]
            }
        },
        {
            "type": "Feature",
            "properties": {
                "id": 128,
                "nazwa": "Dorotheenstraße",
                "dlugosc_m": 240.0,
                "predkosc_ms": 1.6666667,
                "predkosc_kmh": 6.00000012,
                "free_flow_ms": 6.388889,
                "free_flow_kmh": 23.0000004,
                "jam_factor": 5.1,
                "confidence": 0.99,
                "traversability": "open"
            },
            "geometry": {
                "type": "LineString",
                "coordinates": [
                    [
                        13.37697,
                        52.51779
                    ],
                    [
                        13.37733,
                        52.51784
                    ],
                    [
                        13.37799,
                        52.51791
                    ],
                    [
                        13.38003,
                        52.51805
                    ],
                    [
                        13.38024,
                        52.51807
                    ],
                    [
                        13.38045,
                        52.51808
                    ]
                ]
            }
        },
        {
            "type": "Feature",
            "properties": {
                "id": 129,
                "nazwa": "Dorotheenstraße",
                "dlugosc_m": 181.0,
                "predkosc_ms": 2.2222223,
                "predkosc_kmh": 8.00000028,
                "free_flow_ms": 6.9444447,
                "free_flow_kmh": 25.00000092,
                "jam_factor": 5.1,
                "confidence": 0.99,
                "traversability": "open"
            },
            "geometry": {
                "type": "LineString",
                "coordinates": [
                    [
                        13.37682,
                        52.51628
                    ],
                    [
                        13.37691,
                        52.51642
                    ],
                    [
                        13.37708,
                        52.51658
                    ],
                    [
                        13.37719,
                        52.51667
                    ],
                    [
                        13.37726,
                        52.51675
                    ],
                    [
                        13.3773,
                        52.51687
                    ],
                    [
                        13.3773,
                        52.51697
                    ],
                    [
                        13.37726,
                        52.5171
                    ],
                    [
                        13.37728,
                        52.51716
                    ],
                    [
                        13.37726,
                        52.51721
                    ],
                    [
                        13.37704,
                        52.51761
                    ],
                    [
                        13.37697,
                        52.51779
                    ]
                ]
            }
        },
        {
            "type": "Feature",
            "properties": {
                "id": 130,
                "nazwa": "Platz des 18. März",
                "dlugosc_m": 504.0,
                "predkosc_ms": 6.388889,
                "predkosc_kmh": 23.0000004,
                "free_flow_ms": 10.0,
                "free_flow_kmh": 36.0,
                "jam_factor": 3.5,
                "confidence": 0.99,
                "traversability": "open"
            },
            "geometry": {
                "type": "LineString",
                "coordinates": [
                    [
                        13.36968,
                        52.51571
                    ],
                    [
                        13.36998,
                        52.51573
                    ],
                    [
                        13.37086,
                        52.51578
                    ],
                    [
                        13.3712,
                        52.5158
                    ],
                    [
                        13.37209,
                        52.51586
                    ],
                    [
                        13.3734,
                        52.51594
                    ],
                    [
                        13.37397,
                        52.51598
                    ],
                    [
                        13.37494,
                        52.51604
                    ],
                    [
                        13.37612,
                        52.51612
                    ],
                    [
                        13.37668,
                        52.51615
                    ],
                    [
                        13.37683,
                        52.51616
                    ],
                    [
                        13.37681,
                        52.51621
                    ],
                    [
                        13.37682,
                        52.51628
                    ]
                ]
            }
        },
        {
            "type": "Feature",
            "properties": {
                "id": 131,
                "nazwa": "Wilhelmstraße",
                "dlugosc_m": 192.0,
                "predkosc_ms": 5.0,
                "predkosc_kmh": 18.0,
                "free_flow_ms": 5.8333335,
                "free_flow_kmh": 21.0000006,
                "jam_factor": 0.3,
                "confidence": 0.99,
                "traversability": "open"
            },
            "geometry": {
                "type": "LineString",
                "coordinates": [
                    [
                        13.38045,
                        52.51808
                    ],
                    [
                        13.38053,
                        52.51761
                    ],
                    [
                        13.38056,
                        52.51741
                    ],
                    [
                        13.38063,
                        52.51711
                    ],
                    [
                        13.38066,
                        52.51693
                    ],
                    [
                        13.38077,
                        52.51662
                    ],
                    [
                        13.38081,
                        52.51651
                    ],
                    [
                        13.38086,
                        52.51638
                    ]
                ]
            }
        },
        {
            "type": "Feature",
            "properties": {
                "id": 132,
                "nazwa": "Unter den Linden",
                "dlugosc_m": 342.0,
                "predkosc_ms": 6.388889,
                "predkosc_kmh": 23.0000004,
                "free_flow_ms": 8.888889,
                "free_flow_kmh": 32.000000400000005,
                "jam_factor": 1.9,
                "confidence": 0.99,
                "traversability": "open"
            },
            "geometry": {
                "type": "LineString",
                "coordinates": [
                    [
                        13.38086,
                        52.51638
                    ],
                    [
                        13.3819,
                        52.51644
                    ],
                    [
                        13.38287,
                        52.5165
                    ],
                    [
                        13.38355,
                        52.51655
                    ],
                    [
                        13.38401,
                        52.51659
                    ],
                    [
                        13.38427,
                        52.5166
                    ],
                    [
                        13.3849,
                        52.51663
                    ],
                    [
                        13.38528,
                        52.51665
                    ],
                    [
                        13.38583,
                        52.51668
                    ]
                ]
            }
        },
        {
            "type": "Feature",
            "properties": {
                "id": 133,
                "nazwa": "Friedrichstraße",
                "dlugosc_m": 207.0,
                "predkosc_ms": 5.0,
                "predkosc_kmh": 18.0,
                "free_flow_ms": 8.333334,
                "free_flow_kmh": 30.000002400000003,
                "jam_factor": 2.7,
                "confidence": 0.99,
                "traversability": "open"
            },
            "geometry": {
                "type": "LineString",
                "coordinates": [
                    [
                        13.38583,
                        52.51668
                    ],
                    [
                        13.38628,
                        52.51672
                    ],
                    [
                        13.38733,
                        52.51678
                    ],
                    [
                        13.38813,
                        52.51683
                    ],
                    [
                        13.38884,
                        52.51688
                    ]
                ]
            }
        },
        {
            "type": "Feature",
            "properties": {
                "id": 134,
                "nazwa": "Stralauer Straße",
                "dlugosc_m": 686.0,
                "predkosc_ms": 5.277778,
                "predkosc_kmh": 19.0000008,
                "free_flow_ms": 9.722222,
                "free_flow_kmh": 34.999999200000005,
                "jam_factor": 3.1,
                "confidence": 0.99,
                "traversability": "open"
            },
            "geometry": {
                "type": "LineString",
                "coordinates": [
                    [
                        13.41504,
                        52.52091
                    ],
                    [
                        13.41458,
                        52.52055
                    ],
                    [
                        13.41438,
                        52.52041
                    ],
                    [
                        13.41421,
                        52.52029
                    ],
                    [
                        13.41377,
                        52.52007
                    ],
                    [
                        13.41319,
                        52.51982
                    ],
                    [
                        13.41289,
                        52.51969
                    ],
                    [
                        13.4124,
                        52.51947
                    ],
                    [
                        13.41222,
                        52.51935
                    ],
                    [
                        13.41205,
                        52.51927
                    ],
                    [
                        13.41185,
                        52.51918
                    ],
                    [
                        13.41124,
                        52.51889
                    ],
                    [
                        13.41097,
                        52.51876
                    ],
                    [
                        13.41035,
                        52.51847
                    ],
                    [
                        13.4098,
                        52.5182
                    ],
                    [
                        13.40947,
                        52.51803
                    ],
                    [
                        13.40875,
                        52.51767
                    ],
                    [
                        13.40845,
                        52.51752
                    ],
                    [
                        13.40839,
                        52.51747
                    ],
                    [
                        13.40837,
                        52.51742
                    ],
                    [
                        13.40838,
                        52.51738
                    ],
                    [
                        13.40844,
                        52.51729
                    ],
                    [
                        13.40857,
                        52.51716
                    ],
                    [
                        13.40872,
                        52.51698
                    ],
                    [
                        13.40875,
                        52.51692
                    ],
                    [
                        13.40876,
                        52.51684
                    ],
                    [
                        13.40872,
                        52.51676
                    ],
                    [
                        13.40868,
                        52.51671
                    ]
                ]
            }
        },
        {
            "type": "Feature",
            "properties": {
                "id": 135,
                "nazwa": "Karl-Marx-Allee",
                "dlugosc_m": 145.0,
                "predkosc_ms": 2.777778,
                "predkosc_kmh": 10.0000008,
                "free_flow_ms": 6.666667,
                "free_flow_kmh": 24.000001200000003,
                "jam_factor": 3.1,
                "confidence": 0.99,
                "traversability": "open"
            },
            "geometry": {
                "type": "LineString",
                "coordinates": [
                    [
                        13.41536,
                        52.52082
                    ],
                    [
                        13.41596,
                        52.52129
                    ],
                    [
                        13.41609,
                        52.52141
                    ],
                    [
                        13.41625,
                        52.52156
                    ],
                    [
                        13.41648,
                        52.52179
                    ],
                    [
                        13.41657,
                        52.52189
                    ]
                ]
            }
        },
        {
            "type": "Feature",
            "properties": {
                "id": 136,
                "nazwa": "Alexanderplatz",
                "dlugosc_m": 348.0,
                "predkosc_ms": 3.0555556,
                "predkosc_kmh": 11.00000016,
                "free_flow_ms": 8.888889,
                "free_flow_kmh": 32.000000400000005,
                "jam_factor": 3.1,
                "confidence": 0.99,
                "traversability": "open"
            },
            "geometry": {
                "type": "LineString",
                "coordinates": [
                    [
                        13.4159,
                        52.52245
                    ],
                    [
                        13.41543,
                        52.52268
                    ],
                    [
                        13.41534,
                        52.52272
                    ],
                    [
                        13.41517,
                        52.52279
                    ],
                    [
                        13.41479,
                        52.52297
                    ],
                    [
                        13.41417,
                        52.52327
                    ],
                    [
                        13.41393,
                        52.52338
                    ],
                    [
                        13.41368,
                        52.5235
                    ],
                    [
                        13.41323,
                        52.52372
                    ],
                    [
                        13.41292,
                        52.52386
                    ],
                    [
                        13.41268,
                        52.52396
                    ],
                    [
                        13.41248,
                        52.52402
                    ],
                    [
                        13.4123,
                        52.52405
                    ],
                    [
                        13.41215,
                        52.52406
                    ],
                    [
                        13.41194,
                        52.52403
                    ],
                    [
                        13.41178,
                        52.5239
                    ]
                ]
            }
        },
        {
            "type": "Feature",
            "properties": {
                "id": 137,
                "nazwa": "Alexanderplatz",
                "dlugosc_m": 715.0,
                "predkosc_ms": 6.9444447,
                "predkosc_kmh": 25.00000092,
                "free_flow_ms": 9.722222,
                "free_flow_kmh": 34.999999200000005,
                "jam_factor": 2.6,
                "confidence": 0.99,
                "traversability": "open"
            },
            "geometry": {
                "type": "LineString",
                "coordinates": [
                    [
                        13.40916,
                        52.51777
                    ],
                    [
                        13.40958,
                        52.51797
                    ],
                    [
                        13.4099,
                        52.51812
                    ],
                    [
                        13.41047,
                        52.51838
                    ],
                    [
                        13.41129,
                        52.51877
                    ],
                    [
                        13.41207,
                        52.51915
                    ],
                    [
                        13.41238,
                        52.51929
                    ],
                    [
                        13.41254,
                        52.51934
                    ],
                    [
                        13.413,
                        52.51946
                    ],
                    [
                        13.41348,
                        52.51961
                    ],
                    [
                        13.41368,
                        52.51971
                    ],
                    [
                        13.41385,
                        52.51979
                    ],
                    [
                        13.41403,
                        52.51989
                    ],
                    [
                        13.41452,
                        52.52013
                    ],
                    [
                        13.4147,
                        52.52024
                    ],
                    [
                        13.41483,
                        52.52035
                    ],
                    [
                        13.41523,
                        52.52069
                    ],
                    [
                        13.41536,
                        52.52082
                    ],
                    [
                        13.41596,
                        52.52129
                    ],
                    [
                        13.41609,
                        52.52141
                    ],
                    [
                        13.41625,
                        52.52156
                    ],
                    [
                        13.41648,
                        52.52179
                    ],
                    [
                        13.41657,
                        52.52189
                    ],
                    [
                        13.41674,
                        52.52205
                    ]
                ]
            }
        },
        {
            "type": "Feature",
            "properties": {
                "id": 138,
                "nazwa": "Stralauer Straße",
                "dlugosc_m": 686.0,
                "predkosc_ms": 6.666667,
                "predkosc_kmh": 24.000001200000003,
                "free_flow_ms": 9.722222,
                "free_flow_kmh": 34.999999200000005,
                "jam_factor": 3.1,
                "confidence": 0.99,
                "traversability": "open"
            },
            "geometry": {
                "type": "LineString",
                "coordinates": [
                    [
                        13.41581,
                        52.52165
                    ],
                    [
                        13.41563,
                        52.52148
                    ],
                    [
                        13.41546,
                        52.52131
                    ],
                    [
                        13.4151,
                        52.52096
                    ],
                    [
                        13.41504,
                        52.52091
                    ],
                    [
                        13.41458,
                        52.52055
                    ],
                    [
                        13.41438,
                        52.52041
                    ],
                    [
                        13.41421,
                        52.52029
                    ],
                    [
                        13.41377,
                        52.52007
                    ],
                    [
                        13.41319,
                        52.51982
                    ],
                    [
                        13.41289,
                        52.51969
                    ],
                    [
                        13.4124,
                        52.51947
                    ],
                    [
                        13.41222,
                        52.51935
                    ],
                    [
                        13.41205,
                        52.51927
                    ],
                    [
                        13.41185,
                        52.51918
                    ],
                    [
                        13.41124,
                        52.51889
                    ],
                    [
                        13.41097,
                        52.51876
                    ],
                    [
                        13.41035,
                        52.51847
                    ],
                    [
                        13.4098,
                        52.5182
                    ],
                    [
                        13.40947,
                        52.51803
                    ],
                    [
                        13.40875,
                        52.51767
                    ],
                    [
                        13.40845,
                        52.51752
                    ]
                ]
            }
        },
        {
            "type": "Feature",
            "properties": {
                "id": 139,
                "nazwa": "Alexanderstraße",
                "dlugosc_m": 151.0,
                "predkosc_ms": 5.8333335,
                "predkosc_kmh": 21.0000006,
                "free_flow_ms": 8.611112,
                "free_flow_kmh": 31.000003200000002,
                "jam_factor": 2.0,
                "confidence": 0.99,
                "traversability": "open"
            },
            "geometry": {
                "type": "LineString",
                "coordinates": [
                    [
                        13.41624,
                        52.52204
                    ],
                    [
                        13.41609,
                        52.5219
                    ],
                    [
                        13.41581,
                        52.52165
                    ],
                    [
                        13.41563,
                        52.52148
                    ],
                    [
                        13.41546,
                        52.52131
                    ],
                    [
                        13.4151,
                        52.52096
                    ],
                    [
                        13.41504,
                        52.52091
                    ]
                ]
            }
        },
        {
            "type": "Feature",
            "properties": {
                "id": 140,
                "nazwa": "Alexanderstraße",
                "dlugosc_m": 549.0,
                "predkosc_ms": 10.0,
                "predkosc_kmh": 36.0,
                "free_flow_ms": 11.111112,
                "free_flow_kmh": 40.0000032,
                "jam_factor": 0.9,
                "confidence": 0.99,
                "traversability": "open"
            },
            "geometry": {
                "type": "LineString",
                "coordinates": [
                    [
                        13.40916,
                        52.51777
                    ],
                    [
                        13.40958,
                        52.51797
                    ],
                    [
                        13.4099,
                        52.51812
                    ],
                    [
                        13.41047,
                        52.51838
                    ],
                    [
                        13.41129,
                        52.51877
                    ],
                    [
                        13.41207,
                        52.51915
                    ],
                    [
                        13.41238,
                        52.51929
                    ],
                    [
                        13.41254,
                        52.51934
                    ],
                    [
                        13.413,
                        52.51946
                    ],
                    [
                        13.41348,
                        52.51961
                    ],
                    [
                        13.41368,
                        52.51971
                    ],
                    [
                        13.41385,
                        52.51979
                    ],
                    [
                        13.41403,
                        52.51989
                    ],
                    [
                        13.41452,
                        52.52013
                    ],
                    [
                        13.4147,
                        52.52024
                    ],
                    [
                        13.41483,
                        52.52035
                    ],
                    [
                        13.41523,
                        52.52069
                    ],
                    [
                        13.41536,
                        52.52082
                    ]
                ]
            }
        },
        {
            "type": "Feature",
            "properties": {
                "id": 141,
                "nazwa": "Friedrichstraße",
                "dlugosc_m": 1173.0,
                "predkosc_ms": 6.388889,
                "predkosc_kmh": 23.0000004,
                "free_flow_ms": 11.666667,
                "free_flow_kmh": 42.0000012,
                "jam_factor": 3.1,
                "confidence": 0.99,
                "traversability": "open"
            },
            "geometry": {
                "type": "LineString",
                "coordinates": [
                    [
                        13.40463,
                        52.52004
                    ],
                    [
                        13.4038,
                        52.51954
                    ],
                    [
                        13.40369,
                        52.51944
                    ],
                    [
                        13.40345,
                        52.51931
                    ],
                    [
                        13.40277,
                        52.51898
                    ],
                    [
                        13.40265,
                        52.51893
                    ],
                    [
                        13.40251,
                        52.51887
                    ],
                    [
                        13.40243,
                        52.51884
                    ],
                    [
                        13.40209,
                        52.5187
                    ],
                    [
                        13.40197,
                        52.51865
                    ],
                    [
                        13.40183,
                        52.5186
                    ],
                    [
                        13.40123,
                        52.51837
                    ],
                    [
                        13.40101,
                        52.5183
                    ],
                    [
                        13.40091,
                        52.51826
                    ],
                    [
                        13.40063,
                        52.51815
                    ],
                    [
                        13.39979,
                        52.51783
                    ],
                    [
                        13.39962,
                        52.51777
                    ],
                    [
                        13.39937,
                        52.51771
                    ],
                    [
                        13.39917,
                        52.51768
                    ],
                    [
                        13.3989,
                        52.51766
                    ],
                    [
                        13.3985,
                        52.51763
                    ],
                    [
                        13.39803,
                        52.5176
                    ],
                    [
                        13.3974,
                        52.51756
                    ],
                    [
                        13.39674,
                        52.51752
                    ],
                    [
                        13.39631,
                        52.51748
                    ],
                    [
                        13.39623,
                        52.5175
                    ],
                    [
                        13.39604,
                        52.51752
                    ],
                    [
                        13.39515,
                        52.51747
                    ],
                    [
                        13.39415,
                        52.51739
                    ],
                    [
                        13.3935,
                        52.51735
                    ],
                    [
                        13.39313,
                        52.51737
                    ],
                    [
                        13.39279,
                        52.51738
                    ],
                    [
                        13.3926,
                        52.51737
                    ],
                    [
                        13.39187,
                        52.51733
                    ],
                    [
                        13.39152,
                        52.51731
                    ],
                    [
                        13.3912,
                        52.5173
                    ],
                    [
                        13.39067,
                        52.51726
                    ],
                    [
                        13.38955,
                        52.51719
                    ],
                    [
                        13.38909,
                        52.51716
                    ],
                    [
                        13.38879,
                        52.51714
                    ]
                ]
            }
        },
        {
            "type": "Feature",
            "properties": {
                "id": 142,
                "nazwa": "Axel-Springer-Straße",
                "dlugosc_m": 441.0,
                "predkosc_ms": 7.5,
                "predkosc_kmh": 27.0,
                "free_flow_ms": 10.555556,
                "free_flow_kmh": 38.0000016,
                "jam_factor": 2.1,
                "confidence": 0.99,
                "traversability": "open"
            },
            "geometry": {
                "type": "LineString",
                "coordinates": [
                    [
                        13.40569,
                        52.51412
                    ],
                    [
                        13.40552,
                        52.514
                    ],
                    [
                        13.40489,
                        52.51354
                    ],
                    [
                        13.40457,
                        52.5133
                    ],
                    [
                        13.40412,
                        52.51298
                    ],
                    [
                        13.4035,
                        52.51256
                    ],
                    [
                        13.40328,
                        52.5124
                    ],
                    [
                        13.40314,
                        52.51231
                    ],
                    [
                        13.40308,
                        52.51226
                    ],
                    [
                        13.40283,
                        52.51209
                    ],
                    [
                        13.40271,
                        52.51201
                    ],
                    [
                        13.40246,
                        52.51185
                    ],
                    [
                        13.40211,
                        52.51165
                    ],
                    [
                        13.40197,
                        52.51158
                    ],
                    [
                        13.40156,
                        52.51143
                    ],
                    [
                        13.40118,
                        52.51133
                    ]
                ]
            }
        },
        {
            "type": "Feature",
            "properties": {
                "id": 143,
                "nazwa": "Fischerinsel",
                "dlugosc_m": 446.0,
                "predkosc_ms": 5.555556,
                "predkosc_kmh": 20.0000016,
                "free_flow_ms": 9.166667,
                "free_flow_kmh": 33.0000012,
                "jam_factor": 3.6,
                "confidence": 0.99,
                "traversability": "open"
            },
            "geometry": {
                "type": "LineString",
                "coordinates": [
                    [
                        13.40126,
                        52.51121
                    ],
                    [
                        13.40142,
                        52.51125
                    ],
                    [
                        13.40158,
                        52.5113
                    ],
                    [
                        13.40171,
                        52.51134
                    ],
                    [
                        13.40193,
                        52.51143
                    ],
                    [
                        13.40231,
                        52.51161
                    ],
                    [
                        13.40261,
                        52.51178
                    ],
                    [
                        13.40282,
                        52.51192
                    ],
                    [
                        13.40295,
                        52.512
                    ],
                    [
                        13.40318,
                        52.51215
                    ],
                    [
                        13.40332,
                        52.51224
                    ],
                    [
                        13.40345,
                        52.51234
                    ],
                    [
                        13.40377,
                        52.51257
                    ],
                    [
                        13.40418,
                        52.51285
                    ],
                    [
                        13.40468,
                        52.51321
                    ],
                    [
                        13.40506,
                        52.51346
                    ],
                    [
                        13.40582,
                        52.51402
                    ]
                ]
            }
        },
        {
            "type": "Feature",
            "properties": {
                "id": 144,
                "nazwa": "Spandauer Straße",
                "dlugosc_m": 1189.0,
                "predkosc_ms": 5.8333335,
                "predkosc_kmh": 21.0000006,
                "free_flow_ms": 10.833334,
                "free_flow_kmh": 39.00000240000001,
                "jam_factor": 3.1,
                "confidence": 0.99,
                "traversability": "open"
            },
            "geometry": {
                "type": "LineString",
                "coordinates": [
                    [
                        13.38884,
                        52.51688
                    ],
                    [
                        13.38921,
                        52.5169
                    ],
                    [
                        13.38961,
                        52.51693
                    ],
                    [
                        13.3899,
                        52.51696
                    ],
                    [
                        13.39022,
                        52.51698
                    ],
                    [
                        13.39069,
                        52.51701
                    ],
                    [
                        13.39204,
                        52.51707
                    ],
                    [
                        13.39261,
                        52.51711
                    ],
                    [
                        13.39284,
                        52.51713
                    ],
                    [
                        13.39312,
                        52.5172
                    ],
                    [
                        13.39327,
                        52.51725
                    ],
                    [
                        13.39347,
                        52.51727
                    ],
                    [
                        13.39384,
                        52.51729
                    ],
                    [
                        13.39416,
                        52.51731
                    ],
                    [
                        13.39447,
                        52.51733
                    ],
                    [
                        13.39481,
                        52.51734
                    ],
                    [
                        13.39516,
                        52.51735
                    ],
                    [
                        13.39613,
                        52.51742
                    ],
                    [
                        13.39625,
                        52.51745
                    ],
                    [
                        13.39631,
                        52.51748
                    ],
                    [
                        13.39674,
                        52.51752
                    ],
                    [
                        13.3974,
                        52.51756
                    ],
                    [
                        13.39803,
                        52.5176
                    ],
                    [
                        13.3985,
                        52.51763
                    ],
                    [
                        13.3989,
                        52.51766
                    ],
                    [
                        13.39917,
                        52.51768
                    ],
                    [
                        13.39937,
                        52.51771
                    ],
                    [
                        13.39962,
                        52.51777
                    ],
                    [
                        13.39979,
                        52.51783
                    ],
                    [
                        13.40063,
                        52.51815
                    ],
                    [
                        13.40091,
                        52.51826
                    ],
                    [
                        13.40101,
                        52.5183
                    ],
                    [
                        13.40123,
                        52.51837
                    ],
                    [
                        13.40183,
                        52.5186
                    ],
                    [
                        13.40197,
                        52.51865
                    ],
                    [
                        13.40209,
                        52.5187
                    ],
                    [
                        13.40243,
                        52.51884
                    ],
                    [
                        13.40251,
                        52.51887
                    ],
                    [
                        13.40265,
                        52.51893
                    ],
                    [
                        13.40277,
                        52.51898
                    ],
                    [
                        13.40345,
                        52.51931
                    ],
                    [
                        13.40369,
                        52.51944
                    ],
                    [
                        13.40392,
                        52.51948
                    ],
                    [
                        13.40437,
                        52.51973
                    ],
                    [
                        13.40477,
                        52.51994
                    ],
                    [
                        13.40495,
                        52.52003
                    ]
                ]
            }
        },
        {
            "type": "Feature",
            "properties": {
                "id": 145,
                "nazwa": "Fischerinsel",
                "dlugosc_m": 353.0,
                "predkosc_ms": 5.555556,
                "predkosc_kmh": 20.0000016,
                "free_flow_ms": 9.444445,
                "free_flow_kmh": 34.000002,
                "jam_factor": 3.0,
                "confidence": 0.99,
                "traversability": "open"
            },
            "geometry": {
                "type": "LineString",
                "coordinates": [
                    [
                        13.40868,
                        52.51671
                    ],
                    [
                        13.4085,
                        52.51655
                    ],
                    [
                        13.40825,
                        52.51633
                    ],
                    [
                        13.40798,
                        52.51609
                    ],
                    [
                        13.4077,
                        52.51585
                    ],
                    [
                        13.40747,
                        52.51566
                    ],
                    [
                        13.40724,
                        52.51547
                    ],
                    [
                        13.40718,
                        52.51542
                    ],
                    [
                        13.40641,
                        52.5147
                    ],
                    [
                        13.40613,
                        52.51445
                    ],
                    [
                        13.40593,
                        52.51429
                    ],
                    [
                        13.40569,
                        52.51412
                    ]
                ]
            }
        },
        {
            "type": "Feature",
            "properties": {
                "id": 146,
                "nazwa": "Stralauer Straße",
                "dlugosc_m": 57.0,
                "predkosc_ms": 8.333334,
                "predkosc_kmh": 30.000002400000003,
                "free_flow_ms": 9.166667,
                "free_flow_kmh": 33.0000012,
                "jam_factor": 0.1,
                "confidence": 0.99,
                "traversability": "open"
            },
            "geometry": {
                "type": "LineString",
                "coordinates": [
                    [
                        13.40865,
                        52.51739
                    ],
                    [
                        13.40866,
                        52.51747
                    ],
                    [
                        13.40874,
                        52.51755
                    ],
                    [
                        13.40916,
                        52.51777
                    ]
                ]
            }
        },
        {
            "type": "Feature",
            "properties": {
                "id": 147,
                "nazwa": "Spandauer Straße",
                "dlugosc_m": 651.0,
                "predkosc_ms": 6.111111,
                "predkosc_kmh": 21.999999600000002,
                "free_flow_ms": 9.722222,
                "free_flow_kmh": 34.999999200000005,
                "jam_factor": 3.5,
                "confidence": 0.99,
                "traversability": "open"
            },
            "geometry": {
                "type": "LineString",
                "coordinates": [
                    [
                        13.41178,
                        52.5239
                    ],
                    [
                        13.41163,
                        52.52379
                    ],
                    [
                        13.41141,
                        52.52364
                    ],
                    [
                        13.41092,
                        52.52334
                    ],
                    [
                        13.41035,
                        52.52298
                    ],
                    [
                        13.40975,
                        52.52262
                    ],
                    [
                        13.40925,
                        52.52235
                    ],
                    [
                        13.40877,
                        52.52212
                    ],
                    [
                        13.40854,
                        52.522
                    ],
                    [
                        13.40787,
                        52.52166
                    ],
                    [
                        13.40728,
                        52.52137
                    ],
                    [
                        13.40651,
                        52.52098
                    ],
                    [
                        13.40605,
                        52.52075
                    ],
                    [
                        13.4059,
                        52.52068
                    ],
                    [
                        13.40571,
                        52.5206
                    ],
                    [
                        13.40549,
                        52.52051
                    ],
                    [
                        13.40507,
                        52.52029
                    ],
                    [
                        13.40482,
                        52.52014
                    ],
                    [
                        13.40463,
                        52.52004
                    ]
                ]
            }
        },
        {
            "type": "Feature",
            "properties": {
                "id": 148,
                "nazwa": "Stralauer Straße",
                "dlugosc_m": 509.0,
                "predkosc_ms": 4.4444447,
                "predkosc_kmh": 16.00000092,
                "free_flow_ms": 7.777778,
                "free_flow_kmh": 28.0000008,
                "jam_factor": 4.0,
                "confidence": 0.99,
                "traversability": "open"
            },
            "geometry": {
                "type": "LineString",
                "coordinates": [
                    [
                        13.40582,
                        52.51402
                    ],
                    [
                        13.40608,
                        52.51423
                    ],
                    [
                        13.40651,
                        52.51457
                    ],
                    [
                        13.40663,
                        52.51467
                    ],
                    [
                        13.4072,
                        52.51515
                    ],
                    [
                        13.40742,
                        52.51535
                    ],
                    [
                        13.4075,
                        52.51541
                    ],
                    [
                        13.40769,
                        52.51555
                    ],
                    [
                        13.40802,
                        52.51582
                    ],
                    [
                        13.40834,
                        52.51609
                    ],
                    [
                        13.4086,
                        52.51631
                    ],
                    [
                        13.40872,
                        52.51642
                    ],
                    [
                        13.40896,
                        52.51666
                    ],
                    [
                        13.40904,
                        52.51683
                    ],
                    [
                        13.40903,
                        52.51695
                    ],
                    [
                        13.40892,
                        52.5171
                    ],
                    [
                        13.40877,
                        52.51725
                    ],
                    [
                        13.40865,
                        52.51739
                    ],
                    [
                        13.40866,
                        52.51747
                    ],
                    [
                        13.40874,
                        52.51755
                    ],
                    [
                        13.40916,
                        52.51777
                    ]
                ]
            }
        },
        {
            "type": "Feature",
            "properties": {
                "id": 149,
                "nazwa": "Alexanderplatz",
                "dlugosc_m": 653.0,
                "predkosc_ms": 5.0,
                "predkosc_kmh": 18.0,
                "free_flow_ms": 8.888889,
                "free_flow_kmh": 32.000000400000005,
                "jam_factor": 3.1,
                "confidence": 0.99,
                "traversability": "open"
            },
            "geometry": {
                "type": "LineString",
                "coordinates": [
                    [
                        13.40495,
                        52.52003
                    ],
                    [
                        13.40525,
                        52.52018
                    ],
                    [
                        13.40606,
                        52.52058
                    ],
                    [
                        13.40611,
                        52.5206
                    ],
                    [
                        13.40736,
                        52.52124
                    ],
                    [
                        13.40741,
                        52.52127
                    ],
                    [
                        13.40793,
                        52.52153
                    ],
                    [
                        13.40805,
                        52.52159
                    ],
                    [
                        13.40867,
                        52.5219
                    ],
                    [
                        13.40891,
                        52.52202
                    ],
                    [
                        13.40942,
                        52.52226
                    ],
                    [
                        13.40976,
                        52.52244
                    ],
                    [
                        13.41001,
                        52.52257
                    ],
                    [
                        13.41113,
                        52.52325
                    ],
                    [
                        13.41118,
                        52.52328
                    ],
                    [
                        13.41141,
                        52.52341
                    ],
                    [
                        13.41165,
                        52.52356
                    ],
                    [
                        13.41187,
                        52.52369
                    ],
                    [
                        13.412,
                        52.52378
                    ],
                    [
                        13.41213,
                        52.52389
                    ]
                ]
            }
        },
        {
            "type": "Feature",
            "properties": {
                "id": 150,
                "nazwa": "Invalidenstraße",
                "dlugosc_m": 356.0,
                "predkosc_ms": 5.8333335,
                "predkosc_kmh": 21.0000006,
                "free_flow_ms": 7.5,
                "free_flow_kmh": 27.0,
                "jam_factor": 2.2,
                "confidence": 0.99,
                "traversability": "open"
            },
            "geometry": {
                "type": "LineString",
                "coordinates": [
                    [
                        13.40126,
                        52.52976
                    ],
                    [
                        13.40098,
                        52.53006
                    ],
                    [
                        13.40073,
                        52.53035
                    ],
                    [
                        13.40043,
                        52.53072
                    ],
                    [
                        13.40003,
                        52.5312
                    ],
                    [
                        13.39961,
                        52.53168
                    ],
                    [
                        13.39951,
                        52.5318
                    ],
                    [
                        13.3991,
                        52.53231
                    ],
                    [
                        13.39897,
                        52.53251
                    ],
                    [
                        13.39892,
                        52.53262
                    ]
                ]
            }
        },
        {
            "type": "Feature",
            "properties": {
                "id": 151,
                "nazwa": "Rosenthaler Platz",
                "dlugosc_m": 446.0,
                "predkosc_ms": 3.6111112,
                "predkosc_kmh": 13.00000032,
                "free_flow_ms": 6.666667,
                "free_flow_kmh": 24.000001200000003,
                "jam_factor": 3.1,
                "confidence": 0.99,
                "traversability": "open"
            },
            "geometry": {
                "type": "LineString",
                "coordinates": [
                    [
                        13.40366,
                        52.52607
                    ],
                    [
                        13.40356,
                        52.52639
                    ],
                    [
                        13.40345,
                        52.52683
                    ],
                    [
                        13.4034,
                        52.527
                    ],
                    [
                        13.40332,
                        52.52717
                    ],
                    [
                        13.40313,
                        52.52745
                    ],
                    [
                        13.40297,
                        52.52769
                    ],
                    [
                        13.40264,
                        52.52808
                    ],
                    [
                        13.40189,
                        52.52898
                    ],
                    [
                        13.40141,
                        52.52961
                    ],
                    [
                        13.40126,
                        52.52976
                    ]
                ]
            }
        },
        {
            "type": "Feature",
            "properties": {
                "id": 152,
                "nazwa": "Gipsstraße",
                "dlugosc_m": 227.0,
                "predkosc_ms": 5.277778,
                "predkosc_kmh": 19.0000008,
                "free_flow_ms": 5.0,
                "free_flow_kmh": 18.0,
                "jam_factor": 0.0,
                "confidence": 0.99,
                "traversability": "open"
            },
            "geometry": {
                "type": "LineString",
                "coordinates": [
                    [
                        13.4064,
                        52.52494
                    ],
                    [
                        13.40623,
                        52.52496
                    ],
                    [
                        13.40606,
                        52.52501
                    ],
                    [
                        13.40424,
                        52.52584
                    ],
                    [
                        13.40388,
                        52.526
                    ],
                    [
                        13.40366,
                        52.52607
                    ]
                ]
            }
        },
        {
            "type": "Feature",
            "properties": {
                "id": 153,
                "nazwa": "Alte Schönhauser Straße",
                "dlugosc_m": 367.0,
                "predkosc_ms": 4.4444447,
                "predkosc_kmh": 16.00000092,
                "free_flow_ms": 6.111111,
                "free_flow_kmh": 21.999999600000002,
                "jam_factor": 2.7,
                "confidence": 0.99,
                "traversability": "open"
            },
            "geometry": {
                "type": "LineString",
                "coordinates": [
                    [
                        13.41144,
                        52.524
                    ],
                    [
                        13.41102,
                        52.524
                    ],
                    [
                        13.41038,
                        52.52403
                    ],
                    [
                        13.41003,
                        52.52405
                    ],
                    [
                        13.40971,
                        52.52407
                    ],
                    [
                        13.40931,
                        52.52409
                    ],
                    [
                        13.40912,
                        52.52413
                    ],
                    [
                        13.40892,
                        52.52419
                    ],
                    [
                        13.4079,
                        52.52454
                    ],
                    [
                        13.40782,
                        52.52457
                    ],
                    [
                        13.40712,
                        52.52481
                    ],
                    [
                        13.40678,
                        52.5249
                    ],
                    [
                        13.40658,
                        52.52493
                    ],
                    [
                        13.4064,
                        52.52494
                    ]
                ]
            }
        },
        {
            "type": "Feature",
            "properties": {
                "id": 154,
                "nazwa": "Alexanderplatz",
                "dlugosc_m": 34.0,
                "predkosc_ms": 4.7222223,
                "predkosc_kmh": 17.000000280000002,
                "free_flow_ms": 10.277778,
                "free_flow_kmh": 37.0000008,
                "jam_factor": 2.7,
                "confidence": 0.99,
                "traversability": "open"
            },
            "geometry": {
                "type": "LineString",
                "coordinates": [
                    [
                        13.41194,
                        52.52403
                    ],
                    [
                        13.41144,
                        52.524
                    ]
                ]
            }
        },
        {
            "type": "Feature",
            "properties": {
                "id": 155,
                "nazwa": "Friedrichstraße",
                "dlugosc_m": 782.0,
                "predkosc_ms": 7.5,
                "predkosc_kmh": 27.0,
                "free_flow_ms": 9.444445,
                "free_flow_kmh": 34.000002,
                "jam_factor": 1.9,
                "confidence": 0.99,
                "traversability": "open"
            },
            "geometry": {
                "type": "LineString",
                "coordinates": [
                    [
                        13.40118,
                        52.51133
                    ],
                    [
                        13.40101,
                        52.5113
                    ],
                    [
                        13.40042,
                        52.51122
                    ],
                    [
                        13.39974,
                        52.51115
                    ],
                    [
                        13.39795,
                        52.51103
                    ],
                    [
                        13.39772,
                        52.51103
                    ],
                    [
                        13.39711,
                        52.51101
                    ],
                    [
                        13.39676,
                        52.51099
                    ],
                    [
                        13.3965,
                        52.51096
                    ],
                    [
                        13.39617,
                        52.51092
                    ],
                    [
                        13.3942,
                        52.51079
                    ],
                    [
                        13.39372,
                        52.51076
                    ],
                    [
                        13.3934,
                        52.51075
                    ],
                    [
                        13.39276,
                        52.51072
                    ],
                    [
                        13.39259,
                        52.5107
                    ],
                    [
                        13.39243,
                        52.51066
                    ],
                    [
                        13.39199,
                        52.51057
                    ],
                    [
                        13.39179,
                        52.51049
                    ],
                    [
                        13.39087,
                        52.51042
                    ],
                    [
                        13.3899,
                        52.51036
                    ]
                ]
            }
        },
        {
            "type": "Feature",
            "properties": {
                "id": 156,
                "nazwa": "Axel-Springer-Straße",
                "dlugosc_m": 785.0,
                "predkosc_ms": 6.666667,
                "predkosc_kmh": 24.000001200000003,
                "free_flow_ms": 8.888889,
                "free_flow_kmh": 32.000000400000005,
                "jam_factor": 2.3,
                "confidence": 0.99,
                "traversability": "open"
            },
            "geometry": {
                "type": "LineString",
                "coordinates": [
                    [
                        13.3899,
                        52.51036
                    ],
                    [
                        13.39087,
                        52.51042
                    ],
                    [
                        13.39179,
                        52.51049
                    ],
                    [
                        13.392,
                        52.51047
                    ],
                    [
                        13.39243,
                        52.51054
                    ],
                    [
                        13.39275,
                        52.5106
                    ],
                    [
                        13.39331,
                        52.51063
                    ],
                    [
                        13.39373,
                        52.51066
                    ],
                    [
                        13.39395,
                        52.51068
                    ],
                    [
                        13.39481,
                        52.51075
                    ],
                    [
                        13.3962,
                        52.51084
                    ],
                    [
                        13.39659,
                        52.51086
                    ],
                    [
                        13.39679,
                        52.51087
                    ],
                    [
                        13.39715,
                        52.51089
                    ],
                    [
                        13.39747,
                        52.51091
                    ],
                    [
                        13.39796,
                        52.51094
                    ],
                    [
                        13.39835,
                        52.51096
                    ],
                    [
                        13.39992,
                        52.51107
                    ],
                    [
                        13.40047,
                        52.5111
                    ],
                    [
                        13.4008,
                        52.51112
                    ],
                    [
                        13.40108,
                        52.51117
                    ],
                    [
                        13.40126,
                        52.51121
                    ]
                ]
            }
        },
        {
            "type": "Feature",
            "properties": {
                "id": 157,
                "nazwa": "Dorotheenstraße",
                "dlugosc_m": 164.0,
                "predkosc_ms": 4.166667,
                "predkosc_kmh": 15.000001200000002,
                "free_flow_ms": 5.555556,
                "free_flow_kmh": 20.0000016,
                "jam_factor": 1.0,
                "confidence": 0.99,
                "traversability": "open"
            },
            "geometry": {
                "type": "LineString",
                "coordinates": [
                    [
                        13.38077,
                        52.51662
                    ],
                    [
                        13.38066,
                        52.51693
                    ],
                    [
                        13.38063,
                        52.51711
                    ],
                    [
                        13.38056,
                        52.51741
                    ],
                    [
                        13.38053,
                        52.51761
                    ],
                    [
                        13.38045,
                        52.51808
                    ]
                ]
            }
        },
        {
            "type": "Feature",
            "properties": {
                "id": 158,
                "nazwa": "Chausseestraße",
                "dlugosc_m": 481.0,
                "predkosc_ms": 6.9444447,
                "predkosc_kmh": 25.00000092,
                "free_flow_ms": 7.777778,
                "free_flow_kmh": 28.0000008,
                "jam_factor": 1.2,
                "confidence": 0.99,
                "traversability": "open"
            },
            "geometry": {
                "type": "LineString",
                "coordinates": [
                    [
                        13.38975,
                        52.53175
                    ],
                    [
                        13.38925,
                        52.53169
                    ],
                    [
                        13.38853,
                        52.53163
                    ],
                    [
                        13.38832,
                        52.53161
                    ],
                    [
                        13.38799,
                        52.53159
                    ],
                    [
                        13.38766,
                        52.53156
                    ],
                    [
                        13.38723,
                        52.53152
                    ],
                    [
                        13.38684,
                        52.53148
                    ],
                    [
                        13.38635,
                        52.53141
                    ],
                    [
                        13.38619,
                        52.53138
                    ],
                    [
                        13.38571,
                        52.53128
                    ],
                    [
                        13.38532,
                        52.53119
                    ],
                    [
                        13.38491,
                        52.53108
                    ],
                    [
                        13.38481,
                        52.53105
                    ],
                    [
                        13.38448,
                        52.53096
                    ],
                    [
                        13.38398,
                        52.53082
                    ],
                    [
                        13.38351,
                        52.5307
                    ],
                    [
                        13.38307,
                        52.53058
                    ]
                ]
            }
        },
        {
            "type": "Feature",
            "properties": {
                "id": 159,
                "nazwa": "Gartenstraße",
                "dlugosc_m": 481.0,
                "predkosc_ms": 4.7222223,
                "predkosc_kmh": 17.000000280000002,
                "free_flow_ms": 8.611112,
                "free_flow_kmh": 31.000003200000002,
                "jam_factor": 3.1,
                "confidence": 0.99,
                "traversability": "open"
            },
            "geometry": {
                "type": "LineString",
                "coordinates": [
                    [
                        13.38307,
                        52.53058
                    ],
                    [
                        13.38351,
                        52.5307
                    ],
                    [
                        13.38398,
                        52.53082
                    ],
                    [
                        13.38448,
                        52.53096
                    ],
                    [
                        13.38481,
                        52.53105
                    ],
                    [
                        13.38491,
                        52.53108
                    ],
                    [
                        13.38532,
                        52.53119
                    ],
                    [
                        13.38571,
                        52.53128
                    ],
                    [
                        13.38619,
                        52.53138
                    ],
                    [
                        13.38635,
                        52.53141
                    ],
                    [
                        13.38684,
                        52.53148
                    ],
                    [
                        13.38723,
                        52.53152
                    ],
                    [
                        13.38766,
                        52.53156
                    ],
                    [
                        13.38799,
                        52.53159
                    ],
                    [
                        13.38832,
                        52.53161
                    ],
                    [
                        13.38853,
                        52.53163
                    ],
                    [
                        13.38925,
                        52.53169
                    ],
                    [
                        13.38975,
                        52.53175
                    ]
                ]
            }
        },
        {
            "type": "Feature",
            "properties": {
                "id": 160,
                "nazwa": "Wilhelmstraße",
                "dlugosc_m": 394.0,
                "predkosc_ms": 5.8333335,
                "predkosc_kmh": 21.0000006,
                "free_flow_ms": 7.5,
                "free_flow_kmh": 27.0,
                "jam_factor": 2.0,
                "confidence": 0.99,
                "traversability": "open"
            },
            "geometry": {
                "type": "LineString",
                "coordinates": [
                    [
                        13.3899,
                        52.51036
                    ],
                    [
                        13.38927,
                        52.51032
                    ],
                    [
                        13.3874,
                        52.51018
                    ],
                    [
                        13.38643,
                        52.51012
                    ],
                    [
                        13.38541,
                        52.51007
                    ],
                    [
                        13.38505,
                        52.51005
                    ],
                    [
                        13.38418,
                        52.51
                    ]
                ]
            }
        },
        {
            "type": "Feature",
            "properties": {
                "id": 161,
                "nazwa": "Friedrichstraße",
                "dlugosc_m": 394.0,
                "predkosc_ms": 4.4444447,
                "predkosc_kmh": 16.00000092,
                "free_flow_ms": 7.5,
                "free_flow_kmh": 27.0,
                "jam_factor": 2.7,
                "confidence": 0.99,
                "traversability": "open"
            },
            "geometry": {
                "type": "LineString",
                "coordinates": [
                    [
                        13.38418,
                        52.51
                    ],
                    [
                        13.38505,
                        52.51005
                    ],
                    [
                        13.38541,
                        52.51007
                    ],
                    [
                        13.38643,
                        52.51012
                    ],
                    [
                        13.3874,
                        52.51018
                    ],
                    [
                        13.38927,
                        52.51032
                    ],
                    [
                        13.3899,
                        52.51036
                    ]
                ]
            }
        },
        {
            "type": "Feature",
            "properties": {
                "id": 162,
                "nazwa": "Wilhelmstraße",
                "dlugosc_m": 509.0,
                "predkosc_ms": 7.5,
                "predkosc_kmh": 27.0,
                "free_flow_ms": 8.333334,
                "free_flow_kmh": 30.000002400000003,
                "jam_factor": 1.0,
                "confidence": 0.99,
                "traversability": "open"
            },
            "geometry": {
                "type": "LineString",
                "coordinates": [
                    [
                        13.3768,
                        52.50945
                    ],
                    [
                        13.37701,
                        52.50949
                    ],
                    [
                        13.37716,
                        52.50954
                    ],
                    [
                        13.37745,
                        52.50957
                    ],
                    [
                        13.37778,
                        52.50959
                    ],
                    [
                        13.37836,
                        52.50963
                    ],
                    [
                        13.37853,
                        52.50964
                    ],
                    [
                        13.37871,
                        52.50965
                    ],
                    [
                        13.37934,
                        52.5097
                    ],
                    [
                        13.37948,
                        52.50971
                    ],
                    [
                        13.37967,
                        52.50972
                    ],
                    [
                        13.38123,
                        52.50982
                    ],
                    [
                        13.38183,
                        52.50985
                    ],
                    [
                        13.3833,
                        52.50994
                    ],
                    [
                        13.38367,
                        52.50997
                    ],
                    [
                        13.38418,
                        52.51
                    ]
                ]
            }
        },
        {
            "type": "Feature",
            "properties": {
                "id": 163,
                "nazwa": "Stresemannstraße",
                "dlugosc_m": 522.0,
                "predkosc_ms": 6.9444447,
                "predkosc_kmh": 25.00000092,
                "free_flow_ms": 8.055555,
                "free_flow_kmh": 28.999998,
                "jam_factor": 1.2,
                "confidence": 0.99,
                "traversability": "open"
            },
            "geometry": {
                "type": "LineString",
                "coordinates": [
                    [
                        13.38418,
                        52.51
                    ],
                    [
                        13.38367,
                        52.50997
                    ],
                    [
                        13.3833,
                        52.50994
                    ],
                    [
                        13.38183,
                        52.50985
                    ],
                    [
                        13.38123,
                        52.50982
                    ],
                    [
                        13.37967,
                        52.50972
                    ],
                    [
                        13.37948,
                        52.50971
                    ],
                    [
                        13.37934,
                        52.5097
                    ],
                    [
                        13.37871,
                        52.50965
                    ],
                    [
                        13.37853,
                        52.50964
                    ],
                    [
                        13.37836,
                        52.50963
                    ],
                    [
                        13.37778,
                        52.50959
                    ],
                    [
                        13.37745,
                        52.50957
                    ],
                    [
                        13.37716,
                        52.50954
                    ],
                    [
                        13.37702,
                        52.50958
                    ],
                    [
                        13.37678,
                        52.50959
                    ],
                    [
                        13.37659,
                        52.50959
                    ]
                ]
            }
        },
        {
            "type": "Feature",
            "properties": {
                "id": 164,
                "nazwa": "Dorotheenstraße",
                "dlugosc_m": 248.0,
                "predkosc_ms": 5.277778,
                "predkosc_kmh": 19.0000008,
                "free_flow_ms": 6.666667,
                "free_flow_kmh": 24.000001200000003,
                "jam_factor": 1.8,
                "confidence": 0.99,
                "traversability": "open"
            },
            "geometry": {
                "type": "LineString",
                "coordinates": [
                    [
                        13.38045,
                        52.51808
                    ],
                    [
                        13.38024,
                        52.51807
                    ],
                    [
                        13.38003,
                        52.51805
                    ],
                    [
                        13.37799,
                        52.51791
                    ],
                    [
                        13.37733,
                        52.51784
                    ],
                    [
                        13.37697,
                        52.51779
                    ],
                    [
                        13.37686,
                        52.51778
                    ]
                ]
            }
        },
        {
            "type": "Feature",
            "properties": {
                "id": 165,
                "nazwa": "Platz des 18. März",
                "dlugosc_m": 182.0,
                "predkosc_ms": 3.3333335,
                "predkosc_kmh": 12.000000600000002,
                "free_flow_ms": 6.111111,
                "free_flow_kmh": 21.999999600000002,
                "jam_factor": 2.9,
                "confidence": 0.99,
                "traversability": "open"
            },
            "geometry": {
                "type": "LineString",
                "coordinates": [
                    [
                        13.37686,
                        52.51778
                    ],
                    [
                        13.37689,
                        52.51765
                    ],
                    [
                        13.37716,
                        52.51715
                    ],
                    [
                        13.37726,
                        52.5171
                    ],
                    [
                        13.3773,
                        52.51697
                    ],
                    [
                        13.3773,
                        52.51687
                    ],
                    [
                        13.37726,
                        52.51675
                    ],
                    [
                        13.37719,
                        52.51667
                    ],
                    [
                        13.37708,
                        52.51658
                    ],
                    [
                        13.37691,
                        52.51642
                    ],
                    [
                        13.37682,
                        52.51628
                    ]
                ]
            }
        },
        {
            "type": "Feature",
            "properties": {
                "id": 166,
                "nazwa": "Chausseestraße",
                "dlugosc_m": 925.0,
                "predkosc_ms": 5.8333335,
                "predkosc_kmh": 21.0000006,
                "free_flow_ms": 9.444445,
                "free_flow_kmh": 34.000002,
                "jam_factor": 3.6,
                "confidence": 0.99,
                "traversability": "open"
            },
            "geometry": {
                "type": "LineString",
                "coordinates": [
                    [
                        13.37093,
                        52.52685
                    ],
                    [
                        13.3717,
                        52.52711
                    ],
                    [
                        13.37212,
                        52.52724
                    ],
                    [
                        13.37265,
                        52.5274
                    ],
                    [
                        13.37352,
                        52.52767
                    ],
                    [
                        13.37366,
                        52.52772
                    ],
                    [
                        13.37406,
                        52.52783
                    ],
                    [
                        13.37427,
                        52.5279
                    ],
                    [
                        13.37453,
                        52.52799
                    ],
                    [
                        13.37491,
                        52.52811
                    ],
                    [
                        13.37605,
                        52.52846
                    ],
                    [
                        13.37661,
                        52.52864
                    ],
                    [
                        13.37733,
                        52.52884
                    ],
                    [
                        13.37773,
                        52.52895
                    ],
                    [
                        13.3785,
                        52.52917
                    ],
                    [
                        13.37905,
                        52.52934
                    ],
                    [
                        13.37927,
                        52.52942
                    ],
                    [
                        13.37937,
                        52.52948
                    ],
                    [
                        13.3795,
                        52.52953
                    ],
                    [
                        13.37963,
                        52.52958
                    ],
                    [
                        13.3798,
                        52.52964
                    ],
                    [
                        13.38032,
                        52.52981
                    ],
                    [
                        13.38064,
                        52.5299
                    ],
                    [
                        13.38147,
                        52.53014
                    ],
                    [
                        13.38185,
                        52.53024
                    ],
                    [
                        13.38233,
                        52.53038
                    ],
                    [
                        13.38262,
                        52.53046
                    ],
                    [
                        13.38307,
                        52.53058
                    ]
                ]
            }
        },
        {
            "type": "Feature",
            "properties": {
                "id": 167,
                "nazwa": "Unter den Linden",
                "dlugosc_m": 206.0,
                "predkosc_ms": 6.9444447,
                "predkosc_kmh": 25.00000092,
                "free_flow_ms": 9.722222,
                "free_flow_kmh": 34.999999200000005,
                "jam_factor": 1.7,
                "confidence": 0.99,
                "traversability": "open"
            },
            "geometry": {
                "type": "LineString",
                "coordinates": [
                    [
                        13.38879,
                        52.51714
                    ],
                    [
                        13.38823,
                        52.51709
                    ],
                    [
                        13.38783,
                        52.51705
                    ],
                    [
                        13.38716,
                        52.51701
                    ],
                    [
                        13.38666,
                        52.51699
                    ],
                    [
                        13.3858,
                        52.51696
                    ]
                ]
            }
        },
        {
            "type": "Feature",
            "properties": {
                "id": 168,
                "nazwa": "Friedrich-List-Ufer",
                "dlugosc_m": 923.0,
                "predkosc_ms": 7.2222223,
                "predkosc_kmh": 26.000000280000002,
                "free_flow_ms": 10.0,
                "free_flow_kmh": 36.0,
                "jam_factor": 1.7,
                "confidence": 0.99,
                "traversability": "open"
            },
            "geometry": {
                "type": "LineString",
                "coordinates": [
                    [
                        13.38307,
                        52.53058
                    ],
                    [
                        13.38262,
                        52.53046
                    ],
                    [
                        13.38233,
                        52.53038
                    ],
                    [
                        13.38185,
                        52.53024
                    ],
                    [
                        13.38147,
                        52.53014
                    ],
                    [
                        13.38064,
                        52.5299
                    ],
                    [
                        13.38032,
                        52.52981
                    ],
                    [
                        13.3798,
                        52.52964
                    ],
                    [
                        13.37963,
                        52.52958
                    ],
                    [
                        13.3795,
                        52.52953
                    ],
                    [
                        13.37937,
                        52.52948
                    ],
                    [
                        13.37919,
                        52.52946
                    ],
                    [
                        13.37901,
                        52.52941
                    ],
                    [
                        13.37878,
                        52.52934
                    ],
                    [
                        13.37845,
                        52.52924
                    ],
                    [
                        13.37768,
                        52.52902
                    ],
                    [
                        13.37731,
                        52.52892
                    ],
                    [
                        13.37624,
                        52.52861
                    ],
                    [
                        13.37597,
                        52.52853
                    ],
                    [
                        13.37545,
                        52.52836
                    ],
                    [
                        13.37418,
                        52.52798
                    ],
                    [
                        13.37398,
                        52.52792
                    ],
                    [
                        13.37359,
                        52.52781
                    ],
                    [
                        13.37346,
                        52.52777
                    ],
                    [
                        13.37236,
                        52.52743
                    ],
                    [
                        13.372,
                        52.52732
                    ],
                    [
                        13.37159,
                        52.52719
                    ],
                    [
                        13.3713,
                        52.5271
                    ],
                    [
                        13.37111,
                        52.52706
                    ],
                    [
                        13.37084,
                        52.52701
                    ]
                ]
            }
        },
        {
            "type": "Feature",
            "properties": {
                "id": 169,
                "nazwa": "Wilhelmstraße",
                "dlugosc_m": 346.0,
                "predkosc_ms": 6.388889,
                "predkosc_kmh": 23.0000004,
                "free_flow_ms": 8.888889,
                "free_flow_kmh": 32.000000400000005,
                "jam_factor": 1.6,
                "confidence": 0.99,
                "traversability": "open"
            },
            "geometry": {
                "type": "LineString",
                "coordinates": [
                    [
                        13.3858,
                        52.51696
                    ],
                    [
                        13.38471,
                        52.51689
                    ],
                    [
                        13.38429,
                        52.51686
                    ],
                    [
                        13.38397,
                        52.51684
                    ],
                    [
                        13.38323,
                        52.51679
                    ],
                    [
                        13.38169,
                        52.51669
                    ],
                    [
                        13.38077,
                        52.51662
                    ]
                ]
            }
        },
        {
            "type": "Feature",
            "properties": {
                "id": 170,
                "nazwa": "Stresemannstraße",
                "dlugosc_m": 345.0,
                "predkosc_ms": 4.7222223,
                "predkosc_kmh": 17.000000280000002,
                "free_flow_ms": 7.777778,
                "free_flow_kmh": 28.0000008,
                "jam_factor": 2.6,
                "confidence": 0.99,
                "traversability": "open"
            },
            "geometry": {
                "type": "LineString",
                "coordinates": [
                    [
                        13.37181,
                        52.50905
                    ],
                    [
                        13.37184,
                        52.50905
                    ],
                    [
                        13.37195,
                        52.50906
                    ],
                    [
                        13.37216,
                        52.50908
                    ],
                    [
                        13.37307,
                        52.50915
                    ],
                    [
                        13.37374,
                        52.5092
                    ],
                    [
                        13.37415,
                        52.50923
                    ],
                    [
                        13.37489,
                        52.50928
                    ],
                    [
                        13.37555,
                        52.50933
                    ],
                    [
                        13.37584,
                        52.50936
                    ],
                    [
                        13.37608,
                        52.50938
                    ],
                    [
                        13.37617,
                        52.50939
                    ],
                    [
                        13.3766,
                        52.50943
                    ],
                    [
                        13.3768,
                        52.50945
                    ]
                ]
            }
        },
        {
            "type": "Feature",
            "properties": {
                "id": 171,
                "nazwa": "Yitzhak-Rabin-Straße",
                "dlugosc_m": 486.0,
                "predkosc_ms": 11.388889,
                "predkosc_kmh": 41.000000400000005,
                "free_flow_ms": 13.333334,
                "free_flow_kmh": 48.00000240000001,
                "jam_factor": 1.3,
                "confidence": 0.99,
                "traversability": "open"
            },
            "geometry": {
                "type": "LineString",
                "coordinates": [
                    [
                        13.37682,
                        52.51628
                    ],
                    [
                        13.37668,
                        52.51627
                    ],
                    [
                        13.37608,
                        52.51623
                    ],
                    [
                        13.37497,
                        52.51615
                    ],
                    [
                        13.37395,
                        52.51608
                    ],
                    [
                        13.37338,
                        52.51604
                    ],
                    [
                        13.37207,
                        52.51597
                    ],
                    [
                        13.37108,
                        52.51592
                    ],
                    [
                        13.37072,
                        52.5159
                    ],
                    [
                        13.37,
                        52.51586
                    ],
                    [
                        13.36983,
                        52.51585
                    ],
                    [
                        13.36975,
                        52.51584
                    ]
                ]
            }
        },
        {
            "type": "Feature",
            "properties": {
                "id": 172,
                "nazwa": "Eichhornstraße",
                "dlugosc_m": 337.0,
                "predkosc_ms": 7.2222223,
                "predkosc_kmh": 26.000000280000002,
                "free_flow_ms": 8.333334,
                "free_flow_kmh": 30.000002400000003,
                "jam_factor": 1.2,
                "confidence": 0.99,
                "traversability": "open"
            },
            "geometry": {
                "type": "LineString",
                "coordinates": [
                    [
                        13.37659,
                        52.50959
                    ],
                    [
                        13.37645,
                        52.50959
                    ],
                    [
                        13.37594,
                        52.50955
                    ],
                    [
                        13.37579,
                        52.50954
                    ],
                    [
                        13.37538,
                        52.5095
                    ],
                    [
                        13.37486,
                        52.50946
                    ],
                    [
                        13.3742,
                        52.5094
                    ],
                    [
                        13.37382,
                        52.50938
                    ],
                    [
                        13.3735,
                        52.50935
                    ],
                    [
                        13.373,
                        52.50933
                    ],
                    [
                        13.37245,
                        52.50929
                    ],
                    [
                        13.37213,
                        52.50927
                    ],
                    [
                        13.372,
                        52.50926
                    ],
                    [
                        13.37182,
                        52.50925
                    ],
                    [
                        13.37175,
                        52.50925
                    ],
                    [
                        13.37169,
                        52.50925
                    ]
                ]
            }
        },
        {
            "type": "Feature",
            "properties": {
                "id": 173,
                "nazwa": "Reinhardtstraße",
                "dlugosc_m": 581.0,
                "predkosc_ms": 5.0,
                "predkosc_kmh": 18.0,
                "free_flow_ms": 8.333334,
                "free_flow_kmh": 30.000002400000003,
                "jam_factor": 2.7,
                "confidence": 0.99,
                "traversability": "open"
            },
            "geometry": {
                "type": "LineString",
                "coordinates": [
                    [
                        13.38852,
                        52.51872
                    ],
                    [
                        13.38857,
                        52.51883
                    ],
                    [
                        13.38858,
                        52.519
                    ],
                    [
                        13.38847,
                        52.51966
                    ],
                    [
                        13.38841,
                        52.51978
                    ],
                    [
                        13.38835,
                        52.51984
                    ],
                    [
                        13.38824,
                        52.52042
                    ],
                    [
                        13.38815,
                        52.52095
                    ],
                    [
                        13.3881,
                        52.52121
                    ],
                    [
                        13.38807,
                        52.52142
                    ],
                    [
                        13.38801,
                        52.52177
                    ],
                    [
                        13.38805,
                        52.52184
                    ],
                    [
                        13.38805,
                        52.52192
                    ],
                    [
                        13.38803,
                        52.52209
                    ],
                    [
                        13.38794,
                        52.52253
                    ],
                    [
                        13.38784,
                        52.52309
                    ],
                    [
                        13.38783,
                        52.52341
                    ],
                    [
                        13.38784,
                        52.52352
                    ],
                    [
                        13.38781,
                        52.52374
                    ],
                    [
                        13.38778,
                        52.52391
                    ]
                ]
            }
        },
        {
            "type": "Feature",
            "properties": {
                "id": 174,
                "nazwa": "Dorotheenstraße",
                "dlugosc_m": 177.0,
                "predkosc_ms": 3.6111112,
                "predkosc_kmh": 13.00000032,
                "free_flow_ms": 6.388889,
                "free_flow_kmh": 23.0000004,
                "jam_factor": 2.6,
                "confidence": 0.99,
                "traversability": "open"
            },
            "geometry": {
                "type": "LineString",
                "coordinates": [
                    [
                        13.38879,
                        52.51714
                    ],
                    [
                        13.38875,
                        52.51738
                    ],
                    [
                        13.38871,
                        52.51759
                    ],
                    [
                        13.38863,
                        52.51804
                    ],
                    [
                        13.38858,
                        52.51834
                    ],
                    [
                        13.38852,
                        52.51872
                    ]
                ]
            }
        },
        {
            "type": "Feature",
            "properties": {
                "id": 175,
                "nazwa": "Unter den Linden",
                "dlugosc_m": 166.0,
                "predkosc_ms": 1.9444445,
                "predkosc_kmh": 7.0000002,
                "free_flow_ms": 5.277778,
                "free_flow_kmh": 19.0000008,
                "jam_factor": 5.1,
                "confidence": 0.99,
                "traversability": "open"
            },
            "geometry": {
                "type": "LineString",
                "coordinates": [
                    [
                        13.38904,
                        52.51565
                    ],
                    [
                        13.38895,
                        52.5162
                    ],
                    [
                        13.38884,
                        52.51688
                    ],
                    [
                        13.38882,
                        52.51697
                    ],
                    [
                        13.38879,
                        52.51714
                    ]
                ]
            }
        },
        {
            "type": "Feature",
            "properties": {
                "id": 176,
                "nazwa": "Behrenstraße",
                "dlugosc_m": 51.0,
                "predkosc_ms": 1.1111112,
                "predkosc_kmh": 4.000000320000001,
                "free_flow_ms": 8.333334,
                "free_flow_kmh": 30.000002400000003,
                "jam_factor": 8.9,
                "confidence": 0.99,
                "traversability": "open"
            },
            "geometry": {
                "type": "LineString",
                "coordinates": [
                    [
                        13.38912,
                        52.51519
                    ],
                    [
                        13.38904,
                        52.51565
                    ]
                ]
            }
        },
        {
            "type": "Feature",
            "properties": {
                "id": 177,
                "nazwa": "Französische Straße",
                "dlugosc_m": 47.0,
                "predkosc_ms": 2.777778,
                "predkosc_kmh": 10.0000008,
                "free_flow_ms": 8.333334,
                "free_flow_kmh": 30.000002400000003,
                "jam_factor": 8.2,
                "confidence": 0.99,
                "traversability": "open"
            },
            "geometry": {
                "type": "LineString",
                "coordinates": [
                    [
                        13.38919,
                        52.51477
                    ],
                    [
                        13.38912,
                        52.51519
                    ]
                ]
            }
        },
        {
            "type": "Feature",
            "properties": {
                "id": 178,
                "nazwa": "Dorotheenstraße",
                "dlugosc_m": 559.0,
                "predkosc_ms": 4.166667,
                "predkosc_kmh": 15.000001200000002,
                "free_flow_ms": 7.2222223,
                "free_flow_kmh": 26.000000280000002,
                "jam_factor": 3.9,
                "confidence": 0.99,
                "traversability": "open"
            },
            "geometry": {
                "type": "LineString",
                "coordinates": [
                    [
                        13.38762,
                        52.5237
                    ],
                    [
                        13.38767,
                        52.52339
                    ],
                    [
                        13.38782,
                        52.5225
                    ],
                    [
                        13.38791,
                        52.52189
                    ],
                    [
                        13.38794,
                        52.52182
                    ],
                    [
                        13.38801,
                        52.52177
                    ],
                    [
                        13.38807,
                        52.52142
                    ],
                    [
                        13.3881,
                        52.52121
                    ],
                    [
                        13.38815,
                        52.52095
                    ],
                    [
                        13.38824,
                        52.52042
                    ],
                    [
                        13.38835,
                        52.51984
                    ],
                    [
                        13.3883,
                        52.51978
                    ],
                    [
                        13.38827,
                        52.51972
                    ],
                    [
                        13.38827,
                        52.51965
                    ],
                    [
                        13.38827,
                        52.51954
                    ],
                    [
                        13.38836,
                        52.51902
                    ],
                    [
                        13.38839,
                        52.51892
                    ],
                    [
                        13.38844,
                        52.51882
                    ],
                    [
                        13.38852,
                        52.51872
                    ]
                ]
            }
        },
        {
            "type": "Feature",
            "properties": {
                "id": 179,
                "nazwa": "Reinhardtstraße",
                "dlugosc_m": 20.0,
                "predkosc_ms": 6.388889,
                "predkosc_kmh": 23.0000004,
                "free_flow_ms": 9.166667,
                "free_flow_kmh": 33.0000012,
                "jam_factor": 2.1,
                "confidence": 0.99,
                "traversability": "open"
            },
            "geometry": {
                "type": "LineString",
                "coordinates": [
                    [
                        13.38759,
                        52.52388
                    ],
                    [
                        13.38762,
                        52.5237
                    ]
                ]
            }
        },
        {
            "type": "Feature",
            "properties": {
                "id": 180,
                "nazwa": "Französische Straße",
                "dlugosc_m": 98.0,
                "predkosc_ms": 1.1111112,
                "predkosc_kmh": 4.000000320000001,
                "free_flow_ms": 5.277778,
                "free_flow_kmh": 19.0000008,
                "jam_factor": 3.1,
                "confidence": 0.99,
                "traversability": "open"
            },
            "geometry": {
                "type": "LineString",
                "coordinates": [
                    [
                        13.38904,
                        52.51565
                    ],
                    [
                        13.38912,
                        52.51519
                    ],
                    [
                        13.38919,
                        52.51477
                    ]
                ]
            }
        },
        {
            "type": "Feature",
            "properties": {
                "id": 181,
                "nazwa": "Behrenstraße",
                "dlugosc_m": 137.0,
                "predkosc_ms": 2.777778,
                "predkosc_kmh": 10.0000008,
                "free_flow_ms": 8.333334,
                "free_flow_kmh": 30.000002400000003,
                "jam_factor": 3.1,
                "confidence": 0.99,
                "traversability": "open"
            },
            "geometry": {
                "type": "LineString",
                "coordinates": [
                    [
                        13.38884,
                        52.51688
                    ],
                    [
                        13.38895,
                        52.5162
                    ],
                    [
                        13.38904,
                        52.51565
                    ]
                ]
            }
        },
        {
            "type": "Feature",
            "properties": {
                "id": 182,
                "nazwa": "Unter den Linden",
                "dlugosc_m": 206.0,
                "predkosc_ms": 2.5,
                "predkosc_kmh": 9.0,
                "free_flow_ms": 6.388889,
                "free_flow_kmh": 23.0000004,
                "jam_factor": 3.1,
                "confidence": 0.99,
                "traversability": "open"
            },
            "geometry": {
                "type": "LineString",
                "coordinates": [
                    [
                        13.38852,
                        52.51872
                    ],
                    [
                        13.38858,
                        52.51834
                    ],
                    [
                        13.38863,
                        52.51804
                    ],
                    [
                        13.38871,
                        52.51759
                    ],
                    [
                        13.38875,
                        52.51738
                    ],
                    [
                        13.38879,
                        52.51714
                    ],
                    [
                        13.38882,
                        52.51697
                    ],
                    [
                        13.38884,
                        52.51688
                    ]
                ]
            }
        },
        {
            "type": "Feature",
            "properties": {
                "id": 183,
                "nazwa": "Kapelleufer",
                "dlugosc_m": 199.0,
                "predkosc_ms": 6.111111,
                "predkosc_kmh": 21.999999600000002,
                "free_flow_ms": 6.111111,
                "free_flow_kmh": 21.999999600000002,
                "jam_factor": 0.2,
                "confidence": 0.99,
                "traversability": "open"
            },
            "geometry": {
                "type": "LineString",
                "coordinates": [
                    [
                        13.37931,
                        52.52254
                    ],
                    [
                        13.37895,
                        52.52248
                    ],
                    [
                        13.37766,
                        52.52227
                    ],
                    [
                        13.37733,
                        52.52221
                    ],
                    [
                        13.37649,
                        52.52207
                    ]
                ]
            }
        },
        {
            "type": "Feature",
            "properties": {
                "id": 184,
                "nazwa": "Reinhardtstraße",
                "dlugosc_m": 23.0,
                "predkosc_ms": 6.666667,
                "predkosc_kmh": 24.000001200000003,
                "free_flow_ms": 8.333334,
                "free_flow_kmh": 30.000002400000003,
                "jam_factor": 1.8,
                "confidence": 0.99,
                "traversability": "open"
            },
            "geometry": {
                "type": "LineString",
                "coordinates": [
                    [
                        13.37963,
                        52.52259
                    ],
                    [
                        13.37931,
                        52.52254
                    ]
                ]
            }
        },
        {
            "type": "Feature",
            "properties": {
                "id": 185,
                "nazwa": "Reinhardtstraße",
                "dlugosc_m": 222.0,
                "predkosc_ms": 3.3333335,
                "predkosc_kmh": 12.000000600000002,
                "free_flow_ms": 7.2222223,
                "free_flow_kmh": 26.000000280000002,
                "jam_factor": 3.8,
                "confidence": 0.99,
                "traversability": "open"
            },
            "geometry": {
                "type": "LineString",
                "coordinates": [
                    [
                        13.37649,
                        52.52207
                    ],
                    [
                        13.37733,
                        52.52221
                    ],
                    [
                        13.37766,
                        52.52227
                    ],
                    [
                        13.37895,
                        52.52248
                    ],
                    [
                        13.37931,
                        52.52254
                    ],
                    [
                        13.37963,
                        52.52259
                    ]
                ]
            }
        },
        {
            "type": "Feature",
            "properties": {
                "id": 186,
                "nazwa": "Otto-von-Bismarck-Allee",
                "dlugosc_m": 130.0,
                "predkosc_ms": 8.888889,
                "predkosc_kmh": 32.000000400000005,
                "free_flow_ms": 9.722222,
                "free_flow_kmh": 34.999999200000005,
                "jam_factor": 0.0,
                "confidence": 0.97,
                "traversability": "open"
            },
            "geometry": {
                "type": "LineString",
                "coordinates": [
                    [
                        13.37205,
                        52.52074
                    ],
                    [
                        13.37263,
                        52.52075
                    ],
                    [
                        13.37324,
                        52.52075
                    ],
                    [
                        13.37353,
                        52.52075
                    ],
                    [
                        13.37383,
                        52.52092
                    ]
                ]
            }
        },
        {
            "type": "Feature",
            "properties": {
                "id": 187,
                "nazwa": "Otto-von-Bismarck-Allee",
                "dlugosc_m": 252.0,
                "predkosc_ms": 8.611112,
                "predkosc_kmh": 31.000003200000002,
                "free_flow_ms": 10.833334,
                "free_flow_kmh": 39.00000240000001,
                "jam_factor": 1.2,
                "confidence": 0.98,
                "traversability": "open"
            },
            "geometry": {
                "type": "LineString",
                "coordinates": [
                    [
                        13.37649,
                        52.52207
                    ],
                    [
                        13.37636,
                        52.52205
                    ],
                    [
                        13.37618,
                        52.522
                    ],
                    [
                        13.37553,
                        52.52177
                    ],
                    [
                        13.37533,
                        52.5217
                    ],
                    [
                        13.37511,
                        52.52161
                    ],
                    [
                        13.37439,
                        52.52124
                    ],
                    [
                        13.37421,
                        52.52114
                    ],
                    [
                        13.374,
                        52.52102
                    ],
                    [
                        13.37383,
                        52.52092
                    ],
                    [
                        13.37353,
                        52.52075
                    ]
                ]
            }
        },
        {
            "type": "Feature",
            "properties": {
                "id": 188,
                "nazwa": "Kapelleufer",
                "dlugosc_m": 224.0,
                "predkosc_ms": 6.388889,
                "predkosc_kmh": 23.0000004,
                "free_flow_ms": 8.888889,
                "free_flow_kmh": 32.000000400000005,
                "jam_factor": 1.7,
                "confidence": 0.98,
                "traversability": "open"
            },
            "geometry": {
                "type": "LineString",
                "coordinates": [
                    [
                        13.37383,
                        52.52092
                    ],
                    [
                        13.374,
                        52.52102
                    ],
                    [
                        13.37421,
                        52.52114
                    ],
                    [
                        13.37439,
                        52.52124
                    ],
                    [
                        13.37511,
                        52.52161
                    ],
                    [
                        13.37533,
                        52.5217
                    ],
                    [
                        13.37553,
                        52.52177
                    ],
                    [
                        13.37618,
                        52.522
                    ],
                    [
                        13.37636,
                        52.52205
                    ],
                    [
                        13.37649,
                        52.52207
                    ]
                ]
            }
        },
        {
            "type": "Feature",
            "properties": {
                "id": 189,
                "nazwa": "Luisenstraße",
                "dlugosc_m": 34.0,
                "predkosc_ms": 8.055555,
                "predkosc_kmh": 28.999998,
                "free_flow_ms": 9.722222,
                "free_flow_kmh": 34.999999200000005,
                "jam_factor": 1.6,
                "confidence": 0.99,
                "traversability": "open"
            },
            "geometry": {
                "type": "LineString",
                "coordinates": [
                    [
                        13.37988,
                        52.52116
                    ],
                    [
                        13.37986,
                        52.52131
                    ],
                    [
                        13.37985,
                        52.52137
                    ],
                    [
                        13.37983,
                        52.52146
                    ]
                ]
            }
        },
        {
            "type": "Feature",
            "properties": {
                "id": 190,
                "nazwa": "Reinhardtstraße",
                "dlugosc_m": 348.0,
                "predkosc_ms": 6.388889,
                "predkosc_kmh": 23.0000004,
                "free_flow_ms": 6.388889,
                "free_flow_kmh": 23.0000004,
                "jam_factor": 0.2,
                "confidence": 0.99,
                "traversability": "open"
            },
            "geometry": {
                "type": "LineString",
                "coordinates": [
                    [
                        13.37983,
                        52.52146
                    ],
                    [
                        13.3798,
                        52.5217
                    ],
                    [
                        13.37972,
                        52.52214
                    ],
                    [
                        13.37963,
                        52.52259
                    ],
                    [
                        13.37931,
                        52.52254
                    ],
                    [
                        13.37895,
                        52.52248
                    ],
                    [
                        13.37766,
                        52.52227
                    ],
                    [
                        13.37733,
                        52.52221
                    ],
                    [
                        13.37649,
                        52.52207
                    ]
                ]
            }
        },
        {
            "type": "Feature",
            "properties": {
                "id": 191,
                "nazwa": "Hugo-Preuß-Brücke",
                "dlugosc_m": 129.0,
                "predkosc_ms": 11.388889,
                "predkosc_kmh": 41.000000400000005,
                "free_flow_ms": 12.5,
                "free_flow_kmh": 45.0,
                "jam_factor": 0.8,
                "confidence": 0.99,
                "traversability": "open"
            },
            "geometry": {
                "type": "LineString",
                "coordinates": [
                    [
                        13.37372,
                        52.52341
                    ],
                    [
                        13.37287,
                        52.52353
                    ],
                    [
                        13.37273,
                        52.52354
                    ],
                    [
                        13.3726,
                        52.52355
                    ],
                    [
                        13.37187,
                        52.52354
                    ]
                ]
            }
        },
        {
            "type": "Feature",
            "properties": {
                "id": 192,
                "nazwa": "Alexanderufer",
                "dlugosc_m": 248.0,
                "predkosc_ms": 8.611112,
                "predkosc_kmh": 31.000003200000002,
                "free_flow_ms": 12.222222,
                "free_flow_kmh": 43.999999200000005,
                "jam_factor": 2.1,
                "confidence": 0.99,
                "traversability": "open"
            },
            "geometry": {
                "type": "LineString",
                "coordinates": [
                    [
                        13.37649,
                        52.52207
                    ],
                    [
                        13.37637,
                        52.52222
                    ],
                    [
                        13.37632,
                        52.52227
                    ],
                    [
                        13.37617,
                        52.52239
                    ],
                    [
                        13.37597,
                        52.52252
                    ],
                    [
                        13.37537,
                        52.52285
                    ],
                    [
                        13.37494,
                        52.52305
                    ],
                    [
                        13.37451,
                        52.52321
                    ],
                    [
                        13.37428,
                        52.52328
                    ],
                    [
                        13.37372,
                        52.52341
                    ]
                ]
            }
        },
        {
            "type": "Feature",
            "properties": {
                "id": 193,
                "nazwa": "Alexanderufer",
                "dlugosc_m": 79.0,
                "predkosc_ms": 10.833334,
                "predkosc_kmh": 39.00000240000001,
                "free_flow_ms": 13.055556,
                "free_flow_kmh": 47.0000016,
                "jam_factor": 1.4,
                "confidence": 0.99,
                "traversability": "open"
            },
            "geometry": {
                "type": "LineString",
                "coordinates": [
                    [
                        13.3726,
                        52.52355
                    ],
                    [
                        13.37273,
                        52.52354
                    ],
                    [
                        13.37287,
                        52.52353
                    ],
                    [
                        13.37372,
                        52.52341
                    ]
                ]
            }
        },
        {
            "type": "Feature",
            "properties": {
                "id": 194,
                "nazwa": "Luisenstraße",
                "dlugosc_m": 382.0,
                "predkosc_ms": 5.277778,
                "predkosc_kmh": 19.0000008,
                "free_flow_ms": 7.777778,
                "free_flow_kmh": 28.0000008,
                "jam_factor": 3.0,
                "confidence": 0.99,
                "traversability": "open"
            },
            "geometry": {
                "type": "LineString",
                "coordinates": [
                    [
                        13.37649,
                        52.52207
                    ],
                    [
                        13.37733,
                        52.52221
                    ],
                    [
                        13.37766,
                        52.52227
                    ],
                    [
                        13.37895,
                        52.52248
                    ],
                    [
                        13.37931,
                        52.52254
                    ],
                    [
                        13.37963,
                        52.52259
                    ],
                    [
                        13.37972,
                        52.52214
                    ],
                    [
                        13.3798,
                        52.5217
                    ],
                    [
                        13.37983,
                        52.52146
                    ],
                    [
                        13.37985,
                        52.52137
                    ],
                    [
                        13.37986,
                        52.52131
                    ],
                    [
                        13.37988,
                        52.52116
                    ]
                ]
            }
        },
        {
            "type": "Feature",
            "properties": {
                "id": 195,
                "nazwa": "Reinhardtstraße",
                "dlugosc_m": 248.0,
                "predkosc_ms": 5.8333335,
                "predkosc_kmh": 21.0000006,
                "free_flow_ms": 10.0,
                "free_flow_kmh": 36.0,
                "jam_factor": 3.1,
                "confidence": 0.99,
                "traversability": "open"
            },
            "geometry": {
                "type": "LineString",
                "coordinates": [
                    [
                        13.37372,
                        52.52341
                    ],
                    [
                        13.37428,
                        52.52328
                    ],
                    [
                        13.37451,
                        52.52321
                    ],
                    [
                        13.37494,
                        52.52305
                    ],
                    [
                        13.37537,
                        52.52285
                    ],
                    [
                        13.37597,
                        52.52252
                    ],
                    [
                        13.37617,
                        52.52239
                    ],
                    [
                        13.37632,
                        52.52227
                    ],
                    [
                        13.37637,
                        52.52222
                    ],
                    [
                        13.37649,
                        52.52207
                    ]
                ]
            }
        },
        {
            "type": "Feature",
            "properties": {
                "id": 196,
                "nazwa": "Yitzhak-Rabin-Straße",
                "dlugosc_m": 360.0,
                "predkosc_ms": 4.7222223,
                "predkosc_kmh": 17.000000280000002,
                "free_flow_ms": 10.0,
                "free_flow_kmh": 36.0,
                "jam_factor": 3.1,
                "confidence": 0.99,
                "traversability": "open"
            },
            "geometry": {
                "type": "LineString",
                "coordinates": [
                    [
                        13.37608,
                        52.51777
                    ],
                    [
                        13.37499,
                        52.51778
                    ],
                    [
                        13.37431,
                        52.51778
                    ],
                    [
                        13.37418,
                        52.51778
                    ],
                    [
                        13.37408,
                        52.51778
                    ],
                    [
                        13.37398,
                        52.51778
                    ],
                    [
                        13.37391,
                        52.51778
                    ],
                    [
                        13.37302,
                        52.51778
                    ],
                    [
                        13.37118,
                        52.51779
                    ],
                    [
                        13.37081,
                        52.51779
                    ]
                ]
            }
        },
        {
            "type": "Feature",
            "properties": {
                "id": 197,
                "nazwa": "Ebertstraße",
                "dlugosc_m": 61.0,
                "predkosc_ms": 8.333334,
                "predkosc_kmh": 30.000002400000003,
                "free_flow_ms": 10.833334,
                "free_flow_kmh": 39.00000240000001,
                "jam_factor": 1.5,
                "confidence": 0.99,
                "traversability": "open"
            },
            "geometry": {
                "type": "LineString",
                "coordinates": [
                    [
                        13.37697,
                        52.51779
                    ],
                    [
                        13.37686,
                        52.51778
                    ],
                    [
                        13.37608,
                        52.51777
                    ]
                ]
            }
        },
        {
            "type": "Feature",
            "properties": {
                "id": 198,
                "nazwa": "Behrenstraße",
                "dlugosc_m": 239.0,
                "predkosc_ms": 3.0555556,
                "predkosc_kmh": 11.00000016,
                "free_flow_ms": 5.8333335,
                "free_flow_kmh": 21.0000006,
                "jam_factor": 3.1,
                "confidence": 0.99,
                "traversability": "open"
            },
            "geometry": {
                "type": "LineString",
                "coordinates": [
                    [
                        13.37719,
                        52.51242
                    ],
                    [
                        13.3772,
                        52.51289
                    ],
                    [
                        13.37721,
                        52.51308
                    ],
                    [
                        13.37723,
                        52.51328
                    ],
                    [
                        13.3774,
                        52.51429
                    ],
                    [
                        13.37739,
                        52.51448
                    ],
                    [
                        13.37737,
                        52.51457
                    ]
                ]
            }
        },
        {
            "type": "Feature",
            "properties": {
                "id": 199,
                "nazwa": "Lennèstraße",
                "dlugosc_m": 316.0,
                "predkosc_ms": 5.277778,
                "predkosc_kmh": 19.0000008,
                "free_flow_ms": 8.888889,
                "free_flow_kmh": 32.000000400000005,
                "jam_factor": 2.9,
                "confidence": 0.99,
                "traversability": "open"
            },
            "geometry": {
                "type": "LineString",
                "coordinates": [
                    [
                        13.37678,
                        52.50959
                    ],
                    [
                        13.37674,
                        52.50975
                    ],
                    [
                        13.3767,
                        52.50991
                    ],
                    [
                        13.37669,
                        52.51009
                    ],
                    [
                        13.37672,
                        52.51028
                    ],
                    [
                        13.37681,
                        52.51059
                    ],
                    [
                        13.37686,
                        52.51078
                    ],
                    [
                        13.37693,
                        52.5111
                    ],
                    [
                        13.37716,
                        52.51222
                    ],
                    [
                        13.37719,
                        52.51242
                    ]
                ]
            }
        },
        {
            "type": "Feature",
            "properties": {
                "id": 200,
                "nazwa": "Leipziger Straße",
                "dlugosc_m": 334.0,
                "predkosc_ms": 4.4444447,
                "predkosc_kmh": 16.00000092,
                "free_flow_ms": 8.611112,
                "free_flow_kmh": 31.000003200000002,
                "jam_factor": 3.5,
                "confidence": 0.99,
                "traversability": "open"
            },
            "geometry": {
                "type": "LineString",
                "coordinates": [
                    [
                        13.37703,
                        52.51242
                    ],
                    [
                        13.37702,
                        52.51223
                    ],
                    [
                        13.377,
                        52.51207
                    ],
                    [
                        13.37694,
                        52.51179
                    ],
                    [
                        13.37672,
                        52.51078
                    ],
                    [
                        13.3767,
                        52.51068
                    ],
                    [
                        13.37655,
                        52.51009
                    ],
                    [
                        13.37654,
                        52.51001
                    ],
                    [
                        13.37657,
                        52.50974
                    ],
                    [
                        13.37659,
                        52.50959
                    ],
                    [
                        13.3766,
                        52.50943
                    ]
                ]
            }
        },
        {
            "type": "Feature",
            "properties": {
                "id": 201,
                "nazwa": "Lennèstraße",
                "dlugosc_m": 229.0,
                "predkosc_ms": 4.7222223,
                "predkosc_kmh": 17.000000280000002,
                "free_flow_ms": 8.611112,
                "free_flow_kmh": 31.000003200000002,
                "jam_factor": 3.4,
                "confidence": 0.99,
                "traversability": "open"
            },
            "geometry": {
                "type": "LineString",
                "coordinates": [
                    [
                        13.37733,
                        52.51448
                    ],
                    [
                        13.37706,
                        52.5132
                    ],
                    [
                        13.37705,
                        52.51309
                    ],
                    [
                        13.37703,
                        52.51282
                    ],
                    [
                        13.37703,
                        52.51242
                    ]
                ]
            }
        },
        {
            "type": "Feature",
            "properties": {
                "id": 202,
                "nazwa": "Behrenstraße",
                "dlugosc_m": 10.0,
                "predkosc_ms": 6.111111,
                "predkosc_kmh": 21.999999600000002,
                "free_flow_ms": 10.0,
                "free_flow_kmh": 36.0,
                "jam_factor": 2.9,
                "confidence": 0.99,
                "traversability": "open"
            },
            "geometry": {
                "type": "LineString",
                "coordinates": [
                    [
                        13.37737,
                        52.51457
                    ],
                    [
                        13.37733,
                        52.51448
                    ]
                ]
            }
        },
        {
            "type": "Feature",
            "properties": {
                "id": 203,
                "nazwa": "Ebertstraße",
                "dlugosc_m": 421.0,
                "predkosc_ms": 6.9444447,
                "predkosc_kmh": 25.00000092,
                "free_flow_ms": 9.722222,
                "free_flow_kmh": 34.999999200000005,
                "jam_factor": 1.9,
                "confidence": 0.99,
                "traversability": "open"
            },
            "geometry": {
                "type": "LineString",
                "coordinates": [
                    [
                        13.37081,
                        52.51779
                    ],
                    [
                        13.37118,
                        52.51779
                    ],
                    [
                        13.37302,
                        52.51778
                    ],
                    [
                        13.37391,
                        52.51778
                    ],
                    [
                        13.37398,
                        52.51778
                    ],
                    [
                        13.37408,
                        52.51778
                    ],
                    [
                        13.37418,
                        52.51778
                    ],
                    [
                        13.37431,
                        52.51778
                    ],
                    [
                        13.37499,
                        52.51778
                    ],
                    [
                        13.37608,
                        52.51777
                    ],
                    [
                        13.37686,
                        52.51778
                    ],
                    [
                        13.37697,
                        52.51779
                    ]
                ]
            }
        },
        {
            "type": "Feature",
            "properties": {
                "id": 204,
                "nazwa": "Platz des 18. März",
                "dlugosc_m": 10.0,
                "predkosc_ms": 5.555556,
                "predkosc_kmh": 20.0000016,
                "free_flow_ms": 7.777778,
                "free_flow_kmh": 28.0000008,
                "jam_factor": 1.6,
                "confidence": 0.96,
                "traversability": "open"
            },
            "geometry": {
                "type": "LineString",
                "coordinates": [
                    [
                        13.37683,
                        52.51616
                    ],
                    [
                        13.37691,
                        52.51609
                    ]
                ]
            }
        },
        {
            "type": "Feature",
            "properties": {
                "id": 205,
                "nazwa": "Platz des 18. März",
                "dlugosc_m": 196.0,
                "predkosc_ms": 6.666667,
                "predkosc_kmh": 24.000001200000003,
                "free_flow_ms": 9.166667,
                "free_flow_kmh": 33.0000012,
                "jam_factor": 1.5,
                "confidence": 0.99,
                "traversability": "open"
            },
            "geometry": {
                "type": "LineString",
                "coordinates": [
                    [
                        13.37737,
                        52.51457
                    ],
                    [
                        13.37746,
                        52.51493
                    ],
                    [
                        13.37748,
                        52.51507
                    ],
                    [
                        13.37752,
                        52.51542
                    ],
                    [
                        13.37753,
                        52.51551
                    ],
                    [
                        13.37752,
                        52.51561
                    ],
                    [
                        13.37749,
                        52.51571
                    ],
                    [
                        13.37744,
                        52.51578
                    ],
                    [
                        13.3774,
                        52.51581
                    ],
                    [
                        13.37717,
                        52.51593
                    ],
                    [
                        13.37708,
                        52.51598
                    ],
                    [
                        13.37691,
                        52.51609
                    ],
                    [
                        13.37683,
                        52.51616
                    ]
                ]
            }
        },
        {
            "type": "Feature",
            "properties": {
                "id": 206,
                "nazwa": "Platz des 18. März",
                "dlugosc_m": 39.0,
                "predkosc_ms": 1.6666667,
                "predkosc_kmh": 6.00000012,
                "free_flow_ms": 5.0,
                "free_flow_kmh": 18.0,
                "jam_factor": 2.7,
                "confidence": 0.73,
                "traversability": "open"
            },
            "geometry": {
                "type": "LineString",
                "coordinates": [
                    [
                        13.37818,
                        52.51632
                    ],
                    [
                        13.37836,
                        52.5162
                    ],
                    [
                        13.37867,
                        52.51622
                    ]
                ]
            }
        },
        {
            "type": "Feature",
            "properties": {
                "id": 207,
                "nazwa": "Glinkastraße",
                "dlugosc_m": 136.0,
                "predkosc_ms": 5.8333335,
                "predkosc_kmh": 21.0000006,
                "free_flow_ms": 6.9444447,
                "free_flow_kmh": 25.00000092,
                "jam_factor": 0.3,
                "confidence": 0.92,
                "traversability": "open"
            },
            "geometry": {
                "type": "LineString",
                "coordinates": [
                    [
                        13.38583,
                        52.51668
                    ],
                    [
                        13.38587,
                        52.5164
                    ],
                    [
                        13.38591,
                        52.51613
                    ],
                    [
                        13.38597,
                        52.51582
                    ],
                    [
                        13.38605,
                        52.51546
                    ]
                ]
            }
        },
        {
            "type": "Feature",
            "properties": {
                "id": 208,
                "nazwa": "Ebertstraße",
                "dlugosc_m": 186.0,
                "predkosc_ms": 4.4444447,
                "predkosc_kmh": 16.00000092,
                "free_flow_ms": 8.333334,
                "free_flow_kmh": 30.000002400000003,
                "jam_factor": 3.2,
                "confidence": 0.99,
                "traversability": "open"
            },
            "geometry": {
                "type": "LineString",
                "coordinates": [
                    [
                        13.37691,
                        52.51609
                    ],
                    [
                        13.37708,
                        52.51598
                    ],
                    [
                        13.37717,
                        52.51593
                    ],
                    [
                        13.3774,
                        52.51581
                    ],
                    [
                        13.37744,
                        52.51578
                    ],
                    [
                        13.37749,
                        52.51571
                    ],
                    [
                        13.37752,
                        52.51561
                    ],
                    [
                        13.37753,
                        52.51551
                    ],
                    [
                        13.37752,
                        52.51542
                    ],
                    [
                        13.37748,
                        52.51507
                    ],
                    [
                        13.37746,
                        52.51493
                    ],
                    [
                        13.37737,
                        52.51457
                    ]
                ]
            }
        },
        {
            "type": "Feature",
            "properties": {
                "id": 209,
                "nazwa": "Ebertstraße",
                "dlugosc_m": 290.0,
                "predkosc_ms": 6.666667,
                "predkosc_kmh": 24.000001200000003,
                "free_flow_ms": 7.2222223,
                "free_flow_kmh": 26.000000280000002,
                "jam_factor": 0.5,
                "confidence": 0.87,
                "traversability": "open"
            },
            "geometry": {
                "type": "LineString",
                "coordinates": [
                    [
                        13.38149,
                        52.51514
                    ],
                    [
                        13.38104,
                        52.51506
                    ],
                    [
                        13.38064,
                        52.51498
                    ],
                    [
                        13.38021,
                        52.51489
                    ],
                    [
                        13.37972,
                        52.5148
                    ],
                    [
                        13.37958,
                        52.51477
                    ],
                    [
                        13.37945,
                        52.51474
                    ],
                    [
                        13.37931,
                        52.51471
                    ],
                    [
                        13.37894,
                        52.51467
                    ],
                    [
                        13.37865,
                        52.51464
                    ],
                    [
                        13.37826,
                        52.51462
                    ],
                    [
                        13.37804,
                        52.51461
                    ],
                    [
                        13.37737,
                        52.51457
                    ]
                ]
            }
        },
        {
            "type": "Feature",
            "properties": {
                "id": 210,
                "nazwa": "Platz des 18. März",
                "dlugosc_m": 100.0,
                "predkosc_ms": 3.3333335,
                "predkosc_kmh": 12.000000600000002,
                "free_flow_ms": 4.7222223,
                "free_flow_kmh": 17.000000280000002,
                "jam_factor": 2.6,
                "confidence": 0.7,
                "traversability": "open"
            },
            "geometry": {
                "type": "LineString",
                "coordinates": [
                    [
                        13.37948,
                        52.51655
                    ],
                    [
                        13.37905,
                        52.51653
                    ],
                    [
                        13.37885,
                        52.51652
                    ],
                    [
                        13.37861,
                        52.51651
                    ],
                    [
                        13.3783,
                        52.51648
                    ],
                    [
                        13.37818,
                        52.51632
                    ]
                ]
            }
        },
        {
            "type": "Feature",
            "properties": {
                "id": 211,
                "nazwa": "Wilhelmstraße",
                "dlugosc_m": 88.0,
                "predkosc_ms": 1.1111112,
                "predkosc_kmh": 4.000000320000001,
                "free_flow_ms": 4.4444447,
                "free_flow_kmh": 16.00000092,
                "jam_factor": 8.0,
                "confidence": 0.99,
                "traversability": "open"
            },
            "geometry": {
                "type": "LineString",
                "coordinates": [
                    [
                        13.38077,
                        52.51662
                    ],
                    [
                        13.37948,
                        52.51655
                    ]
                ]
            }
        },
        {
            "type": "Feature",
            "properties": {
                "id": 212,
                "nazwa": "Wilhelmstraße",
                "dlugosc_m": 150.0,
                "predkosc_ms": 1.1111112,
                "predkosc_kmh": 4.000000320000001,
                "free_flow_ms": 3.3333335,
                "free_flow_kmh": 12.000000600000002,
                "jam_factor": 3.1,
                "confidence": 0.95,
                "traversability": "open"
            },
            "geometry": {
                "type": "LineString",
                "coordinates": [
                    [
                        13.37867,
                        52.51622
                    ],
                    [
                        13.3789,
                        52.51624
                    ],
                    [
                        13.37911,
                        52.51625
                    ],
                    [
                        13.37953,
                        52.51629
                    ],
                    [
                        13.38086,
                        52.51638
                    ]
                ]
            }
        },
        {
            "type": "Feature",
            "properties": {
                "id": 213,
                "nazwa": "Weinmeisterstraße",
                "dlugosc_m": 287.0,
                "predkosc_ms": 4.4444447,
                "predkosc_kmh": 16.00000092,
                "free_flow_ms": 6.666667,
                "free_flow_kmh": 24.000001200000003,
                "jam_factor": 2.0,
                "confidence": 0.99,
                "traversability": "open"
            },
            "geometry": {
                "type": "LineString",
                "coordinates": [
                    [
                        13.40243,
                        52.52363
                    ],
                    [
                        13.40257,
                        52.5238
                    ],
                    [
                        13.40274,
                        52.52403
                    ],
                    [
                        13.40284,
                        52.52418
                    ],
                    [
                        13.40307,
                        52.52454
                    ],
                    [
                        13.40319,
                        52.52474
                    ],
                    [
                        13.40333,
                        52.525
                    ],
                    [
                        13.40362,
                        52.52561
                    ],
                    [
                        13.40367,
                        52.52578
                    ],
                    [
                        13.40368,
                        52.52594
                    ],
                    [
                        13.40366,
                        52.52607
                    ]
                ]
            }
        },
        {
            "type": "Feature",
            "properties": {
                "id": 214,
                "nazwa": "Monbijouplatz",
                "dlugosc_m": 753.0,
                "predkosc_ms": 6.111111,
                "predkosc_kmh": 21.999999600000002,
                "free_flow_ms": 8.055555,
                "free_flow_kmh": 28.999998,
                "jam_factor": 2.1,
                "confidence": 0.99,
                "traversability": "open"
            },
            "geometry": {
                "type": "LineString",
                "coordinates": [
                    [
                        13.38752,
                        52.52625
                    ],
                    [
                        13.38773,
                        52.52621
                    ],
                    [
                        13.38829,
                        52.52608
                    ],
                    [
                        13.38847,
                        52.52603
                    ],
                    [
                        13.38873,
                        52.526
                    ],
                    [
                        13.38897,
                        52.52595
                    ],
                    [
                        13.38934,
                        52.52586
                    ],
                    [
                        13.38996,
                        52.5257
                    ],
                    [
                        13.39093,
                        52.52546
                    ],
                    [
                        13.39123,
                        52.52539
                    ],
                    [
                        13.39194,
                        52.52522
                    ],
                    [
                        13.39286,
                        52.52498
                    ],
                    [
                        13.39352,
                        52.52481
                    ],
                    [
                        13.39459,
                        52.52454
                    ],
                    [
                        13.39515,
                        52.52442
                    ],
                    [
                        13.39529,
                        52.52438
                    ],
                    [
                        13.3954,
                        52.52435
                    ],
                    [
                        13.39573,
                        52.52426
                    ],
                    [
                        13.39588,
                        52.52422
                    ],
                    [
                        13.39622,
                        52.52413
                    ],
                    [
                        13.39674,
                        52.52399
                    ],
                    [
                        13.39758,
                        52.52378
                    ],
                    [
                        13.39776,
                        52.52374
                    ]
                ]
            }
        },
        {
            "type": "Feature",
            "properties": {
                "id": 215,
                "nazwa": "Friedrichstraße",
                "dlugosc_m": 23.0,
                "predkosc_ms": 7.2222223,
                "predkosc_kmh": 26.000000280000002,
                "free_flow_ms": 9.166667,
                "free_flow_kmh": 33.0000012,
                "jam_factor": 8.2,
                "confidence": 0.99,
                "traversability": "open"
            },
            "geometry": {
                "type": "LineString",
                "coordinates": [
                    [
                        13.38718,
                        52.52625
                    ],
                    [
                        13.38734,
                        52.52626
                    ],
                    [
                        13.38752,
                        52.52625
                    ]
                ]
            }
        },
        {
            "type": "Feature",
            "properties": {
                "id": 216,
                "nazwa": "Friedrichstraße",
                "dlugosc_m": 770.0,
                "predkosc_ms": 4.4444447,
                "predkosc_kmh": 16.00000092,
                "free_flow_ms": 7.2222223,
                "free_flow_kmh": 26.000000280000002,
                "jam_factor": 3.5,
                "confidence": 0.99,
                "traversability": "open"
            },
            "geometry": {
                "type": "LineString",
                "coordinates": [
                    [
                        13.39776,
                        52.52374
                    ],
                    [
                        13.39758,
                        52.52378
                    ],
                    [
                        13.39674,
                        52.52399
                    ],
                    [
                        13.39622,
                        52.52413
                    ],
                    [
                        13.39588,
                        52.52422
                    ],
                    [
                        13.39573,
                        52.52426
                    ],
                    [
                        13.3954,
                        52.52435
                    ],
                    [
                        13.39529,
                        52.52438
                    ],
                    [
                        13.39515,
                        52.52442
                    ],
                    [
                        13.39459,
                        52.52454
                    ],
                    [
                        13.39352,
                        52.52481
                    ],
                    [
                        13.39286,
                        52.52498
                    ],
                    [
                        13.39194,
                        52.52522
                    ],
                    [
                        13.39123,
                        52.52539
                    ],
                    [
                        13.39093,
                        52.52546
                    ],
                    [
                        13.38996,
                        52.5257
                    ],
                    [
                        13.38934,
                        52.52586
                    ],
                    [
                        13.38897,
                        52.52595
                    ],
                    [
                        13.38873,
                        52.526
                    ],
                    [
                        13.38852,
                        52.52611
                    ],
                    [
                        13.38832,
                        52.52616
                    ],
                    [
                        13.38776,
                        52.52629
                    ],
                    [
                        13.38753,
                        52.52633
                    ],
                    [
                        13.38732,
                        52.52634
                    ]
                ]
            }
        },
        {
            "type": "Feature",
            "properties": {
                "id": 217,
                "nazwa": "Monbijouplatz",
                "dlugosc_m": 320.0,
                "predkosc_ms": 4.7222223,
                "predkosc_kmh": 17.000000280000002,
                "free_flow_ms": 8.055555,
                "free_flow_kmh": 28.999998,
                "jam_factor": 2.8,
                "confidence": 0.99,
                "traversability": "open"
            },
            "geometry": {
                "type": "LineString",
                "coordinates": [
                    [
                        13.40243,
                        52.52363
                    ],
                    [
                        13.40228,
                        52.52368
                    ],
                    [
                        13.40214,
                        52.5237
                    ],
                    [
                        13.40171,
                        52.52366
                    ],
                    [
                        13.39967,
                        52.52368
                    ],
                    [
                        13.39959,
                        52.52368
                    ],
                    [
                        13.39943,
                        52.52368
                    ],
                    [
                        13.39877,
                        52.5237
                    ],
                    [
                        13.39826,
                        52.52372
                    ],
                    [
                        13.39776,
                        52.52374
                    ]
                ]
            }
        },
        {
            "type": "Feature",
            "properties": {
                "id": 218,
                "nazwa": "Hackescher Markt",
                "dlugosc_m": 272.0,
                "predkosc_ms": 6.388889,
                "predkosc_kmh": 23.0000004,
                "free_flow_ms": 6.388889,
                "free_flow_kmh": 23.0000004,
                "jam_factor": 0.0,
                "confidence": 0.97,
                "traversability": "open"
            },
            "geometry": {
                "type": "LineString",
                "coordinates": [
                    [
                        13.40368,
                        52.52594
                    ],
                    [
                        13.40367,
                        52.52578
                    ],
                    [
                        13.40362,
                        52.52561
                    ],
                    [
                        13.40333,
                        52.525
                    ],
                    [
                        13.40319,
                        52.52474
                    ],
                    [
                        13.40307,
                        52.52454
                    ],
                    [
                        13.40284,
                        52.52418
                    ],
                    [
                        13.40274,
                        52.52403
                    ],
                    [
                        13.40257,
                        52.5238
                    ],
                    [
                        13.40243,
                        52.52363
                    ]
                ]
            }
        },
        {
            "type": "Feature",
            "properties": {
                "id": 219,
                "nazwa": "Weinmeisterstraße",
                "dlugosc_m": 15.0,
                "predkosc_ms": 8.055555,
                "predkosc_kmh": 28.999998,
                "free_flow_ms": 8.055555,
                "free_flow_kmh": 28.999998,
                "jam_factor": 0.1,
                "confidence": 0.99,
                "traversability": "open"
            },
            "geometry": {
                "type": "LineString",
                "coordinates": [
                    [
                        13.40366,
                        52.52607
                    ],
                    [
                        13.40368,
                        52.52594
                    ]
                ]
            }
        },
        {
            "type": "Feature",
            "properties": {
                "id": 220,
                "nazwa": "Friedrichstraße",
                "dlugosc_m": 32.0,
                "predkosc_ms": null,
                "predkosc_kmh": null,
                "free_flow_ms": 7.5,
                "free_flow_kmh": 27.0,
                "jam_factor": 10.0,
                "confidence": null,
                "traversability": "closed"
            },
            "geometry": {
                "type": "LineString",
                "coordinates": [
                    [
                        13.38904,
                        52.51565
                    ],
                    [
                        13.38858,
                        52.51562
                    ]
                ]
            }
        },
        {
            "type": "Feature",
            "properties": {
                "id": 221,
                "nazwa": "Unter den Linden",
                "dlugosc_m": 32.0,
                "predkosc_ms": 13.888889,
                "predkosc_kmh": 50.000000400000005,
                "free_flow_ms": 7.2222223,
                "free_flow_kmh": 26.000000280000002,
                "jam_factor": 0.0,
                "confidence": 0.93,
                "traversability": "open"
            },
            "geometry": {
                "type": "LineString",
                "coordinates": [
                    [
                        13.3858,
                        52.51696
                    ],
                    [
                        13.38582,
                        52.51683
                    ],
                    [
                        13.38583,
                        52.51677
                    ],
                    [
                        13.38583,
                        52.51668
                    ]
                ]
            }
        },
        {
            "type": "Feature",
            "properties": {
                "id": 222,
                "nazwa": "Wilhelmstraße",
                "dlugosc_m": 314.0,
                "predkosc_ms": null,
                "predkosc_kmh": null,
                "free_flow_ms": 7.5,
                "free_flow_kmh": 27.0,
                "jam_factor": 10.0,
                "confidence": null,
                "traversability": "closed"
            },
            "geometry": {
                "type": "LineString",
                "coordinates": [
                    [
                        13.38605,
                        52.51546
                    ],
                    [
                        13.38573,
                        52.51544
                    ],
                    [
                        13.38516,
                        52.51541
                    ],
                    [
                        13.38451,
                        52.51537
                    ],
                    [
                        13.38435,
                        52.51536
                    ],
                    [
                        13.38367,
                        52.5153
                    ],
                    [
                        13.38312,
                        52.51527
                    ],
                    [
                        13.38281,
                        52.51525
                    ],
                    [
                        13.38221,
                        52.51521
                    ],
                    [
                        13.38191,
                        52.51519
                    ],
                    [
                        13.38149,
                        52.51514
                    ]
                ]
            }
        },
        {
            "type": "Feature",
            "properties": {
                "id": 223,
                "nazwa": "Glinkastraße",
                "dlugosc_m": 173.0,
                "predkosc_ms": null,
                "predkosc_kmh": null,
                "free_flow_ms": 6.388889,
                "free_flow_kmh": 23.0000004,
                "jam_factor": 10.0,
                "confidence": null,
                "traversability": "closed"
            },
            "geometry": {
                "type": "LineString",
                "coordinates": [
                    [
                        13.38858,
                        52.51562
                    ],
                    [
                        13.38771,
                        52.51556
                    ],
                    [
                        13.38724,
                        52.51553
                    ],
                    [
                        13.38674,
                        52.5155
                    ],
                    [
                        13.38634,
                        52.51548
                    ],
                    [
                        13.38605,
                        52.51546
                    ]
                ]
            }
        },
        {
            "type": "Feature",
            "properties": {
                "id": 224,
                "nazwa": "Friedrichstraße",
                "dlugosc_m": 185.0,
                "predkosc_ms": 5.277778,
                "predkosc_kmh": 19.0000008,
                "free_flow_ms": 7.5,
                "free_flow_kmh": 27.0,
                "jam_factor": 1.8,
                "confidence": 0.77,
                "traversability": "open"
            },
            "geometry": {
                "type": "LineString",
                "coordinates": [
                    [
                        13.38634,
                        52.51548
                    ],
                    [
                        13.38674,
                        52.5155
                    ],
                    [
                        13.38724,
                        52.51553
                    ],
                    [
                        13.38771,
                        52.51556
                    ],
                    [
                        13.38858,
                        52.51562
                    ],
                    [
                        13.38904,
                        52.51565
                    ]
                ]
            }
        },
        {
            "type": "Feature",
            "properties": {
                "id": 225,
                "nazwa": "Glinkastraße",
                "dlugosc_m": 20.0,
                "predkosc_ms": 7.777778,
                "predkosc_kmh": 28.0000008,
                "free_flow_ms": 9.444445,
                "free_flow_kmh": 34.000002,
                "jam_factor": 1.6,
                "confidence": 0.7,
                "traversability": "open"
            },
            "geometry": {
                "type": "LineString",
                "coordinates": [
                    [
                        13.38605,
                        52.51546
                    ],
                    [
                        13.38634,
                        52.51548
                    ]
                ]
            }
        },
        {
            "type": "Feature",
            "properties": {
                "id": 226,
                "nazwa": "Friedrichstraße",
                "dlugosc_m": 207.0,
                "predkosc_ms": 1.1111112,
                "predkosc_kmh": 4.000000320000001,
                "free_flow_ms": 3.3333335,
                "free_flow_kmh": 12.000000600000002,
                "jam_factor": 8.1,
                "confidence": 0.93,
                "traversability": "open"
            },
            "geometry": {
                "type": "LineString",
                "coordinates": [
                    [
                        13.38549,
                        52.51853
                    ],
                    [
                        13.38653,
                        52.5186
                    ],
                    [
                        13.3884,
                        52.51871
                    ],
                    [
                        13.38852,
                        52.51872
                    ]
                ]
            }
        },
        {
            "type": "Feature",
            "properties": {
                "id": 227,
                "nazwa": "Friedrichstraße",
                "dlugosc_m": 8.0,
                "predkosc_ms": 3.3333335,
                "predkosc_kmh": 12.000000600000002,
                "free_flow_ms": 5.555556,
                "free_flow_kmh": 20.0000016,
                "jam_factor": 2.5,
                "confidence": 0.94,
                "traversability": "open"
            },
            "geometry": {
                "type": "LineString",
                "coordinates": [
                    [
                        13.38852,
                        52.51872
                    ],
                    [
                        13.3884,
                        52.51871
                    ]
                ]
            }
        },
        {
            "type": "Feature",
            "properties": {
                "id": 228,
                "nazwa": "Wilhelmstraße",
                "dlugosc_m": 545.0,
                "predkosc_ms": 3.3333335,
                "predkosc_kmh": 12.000000600000002,
                "free_flow_ms": 6.111111,
                "free_flow_kmh": 21.999999600000002,
                "jam_factor": 3.2,
                "confidence": 0.98,
                "traversability": "open"
            },
            "geometry": {
                "type": "LineString",
                "coordinates": [
                    [
                        13.3884,
                        52.51871
                    ],
                    [
                        13.38653,
                        52.5186
                    ],
                    [
                        13.38549,
                        52.51853
                    ],
                    [
                        13.38497,
                        52.5185
                    ],
                    [
                        13.3844,
                        52.51846
                    ],
                    [
                        13.38376,
                        52.51842
                    ],
                    [
                        13.38367,
                        52.51841
                    ],
                    [
                        13.38226,
                        52.51832
                    ],
                    [
                        13.38223,
                        52.51832
                    ],
                    [
                        13.38151,
                        52.51827
                    ],
                    [
                        13.38044,
                        52.5182
                    ]
                ]
            }
        },
        {
            "type": "Feature",
            "properties": {
                "id": 229,
                "nazwa": "Anhalter Straße",
                "dlugosc_m": 720.0,
                "predkosc_ms": 5.555556,
                "predkosc_kmh": 20.0000016,
                "free_flow_ms": 9.166667,
                "free_flow_kmh": 33.0000012,
                "jam_factor": 2.8,
                "confidence": 0.99,
                "traversability": "open"
            },
            "geometry": {
                "type": "LineString",
                "coordinates": [
                    [
                        13.38871,
                        52.49939
                    ],
                    [
                        13.38856,
                        52.49945
                    ],
                    [
                        13.38838,
                        52.4996
                    ],
                    [
                        13.38822,
                        52.49975
                    ],
                    [
                        13.38778,
                        52.50018
                    ],
                    [
                        13.38759,
                        52.50033
                    ],
                    [
                        13.38708,
                        52.5008
                    ],
                    [
                        13.38676,
                        52.50106
                    ],
                    [
                        13.38646,
                        52.5013
                    ],
                    [
                        13.38634,
                        52.50139
                    ],
                    [
                        13.38599,
                        52.50167
                    ],
                    [
                        13.38511,
                        52.50235
                    ],
                    [
                        13.38438,
                        52.50293
                    ],
                    [
                        13.38406,
                        52.50319
                    ],
                    [
                        13.3837,
                        52.50347
                    ],
                    [
                        13.38362,
                        52.50353
                    ],
                    [
                        13.3834,
                        52.5037
                    ],
                    [
                        13.38326,
                        52.50381
                    ],
                    [
                        13.38277,
                        52.50423
                    ],
                    [
                        13.3826,
                        52.50437
                    ],
                    [
                        13.38235,
                        52.50455
                    ]
                ]
            }
        },
        {
            "type": "Feature",
            "properties": {
                "id": 230,
                "nazwa": "Wilhelmstraße",
                "dlugosc_m": 740.0,
                "predkosc_ms": 6.111111,
                "predkosc_kmh": 21.999999600000002,
                "free_flow_ms": 10.277778,
                "free_flow_kmh": 37.0000008,
                "jam_factor": 3.1,
                "confidence": 0.99,
                "traversability": "open"
            },
            "geometry": {
                "type": "LineString",
                "coordinates": [
                    [
                        13.38222,
                        52.50449
                    ],
                    [
                        13.38241,
                        52.50435
                    ],
                    [
                        13.38264,
                        52.50417
                    ],
                    [
                        13.38314,
                        52.50377
                    ],
                    [
                        13.3833,
                        52.50365
                    ],
                    [
                        13.38351,
                        52.50348
                    ],
                    [
                        13.38359,
                        52.50342
                    ],
                    [
                        13.38397,
                        52.50313
                    ],
                    [
                        13.38428,
                        52.50289
                    ],
                    [
                        13.38501,
                        52.50231
                    ],
                    [
                        13.38545,
                        52.50197
                    ],
                    [
                        13.38585,
                        52.50164
                    ],
                    [
                        13.38623,
                        52.50135
                    ],
                    [
                        13.38634,
                        52.50126
                    ],
                    [
                        13.38666,
                        52.50101
                    ],
                    [
                        13.38699,
                        52.50074
                    ],
                    [
                        13.38747,
                        52.50029
                    ],
                    [
                        13.38762,
                        52.50015
                    ],
                    [
                        13.38811,
                        52.49967
                    ],
                    [
                        13.38826,
                        52.49952
                    ],
                    [
                        13.38837,
                        52.49944
                    ],
                    [
                        13.38853,
                        52.49936
                    ],
                    [
                        13.38863,
                        52.49934
                    ],
                    [
                        13.38871,
                        52.49934
                    ],
                    [
                        13.38889,
                        52.49937
                    ]
                ]
            }
        },
        {
            "type": "Feature",
            "properties": {
                "id": 231,
                "nazwa": "Unter den Linden",
                "dlugosc_m": 168.0,
                "predkosc_ms": 3.888889,
                "predkosc_kmh": 14.0000004,
                "free_flow_ms": 5.8333335,
                "free_flow_kmh": 21.0000006,
                "jam_factor": 3.1,
                "confidence": 0.7,
                "traversability": "open"
            },
            "geometry": {
                "type": "LineString",
                "coordinates": [
                    [
                        13.38605,
                        52.51546
                    ],
                    [
                        13.38597,
                        52.51582
                    ],
                    [
                        13.38591,
                        52.51613
                    ],
                    [
                        13.38587,
                        52.5164
                    ],
                    [
                        13.38583,
                        52.51668
                    ],
                    [
                        13.38583,
                        52.51677
                    ],
                    [
                        13.38582,
                        52.51683
                    ],
                    [
                        13.3858,
                        52.51696
                    ]
                ]
            }
        },
        {
            "type": "Feature",
            "properties": {
                "id": 232,
                "nazwa": "Leipziger Straße",
                "dlugosc_m": 689.0,
                "predkosc_ms": 6.666667,
                "predkosc_kmh": 24.000001200000003,
                "free_flow_ms": 9.444445,
                "free_flow_kmh": 34.000002,
                "jam_factor": 2.0,
                "confidence": 0.99,
                "traversability": "open"
            },
            "geometry": {
                "type": "LineString",
                "coordinates": [
                    [
                        13.38235,
                        52.50455
                    ],
                    [
                        13.38206,
                        52.50476
                    ],
                    [
                        13.38173,
                        52.50501
                    ],
                    [
                        13.38148,
                        52.5052
                    ],
                    [
                        13.38109,
                        52.5055
                    ],
                    [
                        13.38088,
                        52.50566
                    ],
                    [
                        13.38072,
                        52.50579
                    ],
                    [
                        13.38036,
                        52.50607
                    ],
                    [
                        13.37997,
                        52.50637
                    ],
                    [
                        13.37963,
                        52.50664
                    ],
                    [
                        13.37917,
                        52.50702
                    ],
                    [
                        13.37845,
                        52.5076
                    ],
                    [
                        13.37824,
                        52.50778
                    ],
                    [
                        13.37808,
                        52.50791
                    ],
                    [
                        13.3779,
                        52.50806
                    ],
                    [
                        13.37768,
                        52.50824
                    ],
                    [
                        13.37751,
                        52.50838
                    ],
                    [
                        13.37738,
                        52.50848
                    ],
                    [
                        13.37717,
                        52.50865
                    ],
                    [
                        13.37701,
                        52.50879
                    ],
                    [
                        13.37692,
                        52.50893
                    ],
                    [
                        13.37686,
                        52.5091
                    ],
                    [
                        13.3768,
                        52.50945
                    ],
                    [
                        13.37678,
                        52.50959
                    ]
                ]
            }
        },
        {
            "type": "Feature",
            "properties": {
                "id": 233,
                "nazwa": "Anhalter Straße",
                "dlugosc_m": 677.0,
                "predkosc_ms": 8.888889,
                "predkosc_kmh": 32.000000400000005,
                "free_flow_ms": 10.277778,
                "free_flow_kmh": 37.0000008,
                "jam_factor": 0.6,
                "confidence": 0.99,
                "traversability": "open"
            },
            "geometry": {
                "type": "LineString",
                "coordinates": [
                    [
                        13.3766,
                        52.50943
                    ],
                    [
                        13.37665,
                        52.5091
                    ],
                    [
                        13.37667,
                        52.50903
                    ],
                    [
                        13.37671,
                        52.50895
                    ],
                    [
                        13.37677,
                        52.50887
                    ],
                    [
                        13.37692,
                        52.50872
                    ],
                    [
                        13.37707,
                        52.5086
                    ],
                    [
                        13.37721,
                        52.50849
                    ],
                    [
                        13.37733,
                        52.50839
                    ],
                    [
                        13.3775,
                        52.50825
                    ],
                    [
                        13.37781,
                        52.508
                    ],
                    [
                        13.37815,
                        52.50774
                    ],
                    [
                        13.37837,
                        52.50756
                    ],
                    [
                        13.37909,
                        52.50698
                    ],
                    [
                        13.37955,
                        52.5066
                    ],
                    [
                        13.3799,
                        52.50634
                    ],
                    [
                        13.38028,
                        52.50603
                    ],
                    [
                        13.38065,
                        52.50575
                    ],
                    [
                        13.3808,
                        52.50563
                    ],
                    [
                        13.3814,
                        52.50516
                    ],
                    [
                        13.38163,
                        52.50498
                    ],
                    [
                        13.38203,
                        52.50465
                    ],
                    [
                        13.38222,
                        52.50449
                    ]
                ]
            }
        },
        {
            "type": "Feature",
            "properties": {
                "id": 234,
                "nazwa": "Glinkastraße",
                "dlugosc_m": 314.0,
                "predkosc_ms": 6.666667,
                "predkosc_kmh": 24.000001200000003,
                "free_flow_ms": 6.9444447,
                "free_flow_kmh": 25.00000092,
                "jam_factor": 0.3,
                "confidence": 0.7,
                "traversability": "open"
            },
            "geometry": {
                "type": "LineString",
                "coordinates": [
                    [
                        13.38149,
                        52.51514
                    ],
                    [
                        13.38191,
                        52.51519
                    ],
                    [
                        13.38221,
                        52.51521
                    ],
                    [
                        13.38281,
                        52.51525
                    ],
                    [
                        13.38312,
                        52.51527
                    ],
                    [
                        13.38367,
                        52.5153
                    ],
                    [
                        13.38435,
                        52.51536
                    ],
                    [
                        13.38451,
                        52.51537
                    ],
                    [
                        13.38516,
                        52.51541
                    ],
                    [
                        13.38573,
                        52.51544
                    ],
                    [
                        13.38605,
                        52.51546
                    ]
                ]
            }
        },
        {
            "type": "Feature",
            "properties": {
                "id": 235,
                "nazwa": "Wilhelmstraße",
                "dlugosc_m": 290.0,
                "predkosc_ms": 6.388889,
                "predkosc_kmh": 23.0000004,
                "free_flow_ms": 5.555556,
                "free_flow_kmh": 20.0000016,
                "jam_factor": 0.0,
                "confidence": 0.99,
                "traversability": "open"
            },
            "geometry": {
                "type": "LineString",
                "coordinates": [
                    [
                        13.37737,
                        52.51457
                    ],
                    [
                        13.37804,
                        52.51461
                    ],
                    [
                        13.37826,
                        52.51462
                    ],
                    [
                        13.37865,
                        52.51464
                    ],
                    [
                        13.37894,
                        52.51467
                    ],
                    [
                        13.37931,
                        52.51471
                    ],
                    [
                        13.37945,
                        52.51474
                    ],
                    [
                        13.37958,
                        52.51477
                    ],
                    [
                        13.37972,
                        52.5148
                    ],
                    [
                        13.38021,
                        52.51489
                    ],
                    [
                        13.38064,
                        52.51498
                    ],
                    [
                        13.38104,
                        52.51506
                    ],
                    [
                        13.38149,
                        52.51514
                    ]
                ]
            }
        }
    ]
}