<?xml version="1.0" encoding="UTF-8"?>
<osm version="0.6" generator="Overpass API 0.7.62.11 87bfad18">
<note>The data included in this document is from www.openstreetmap.org. The data is made available under ODbL.</note>
<meta osm_base="2026-06-01T19:30:31Z"/>

  <node id="253608668" lat="54.1514458" lon="19.4104018"/>
  <node id="253608669" lat="54.1511657" lon="19.4135630"/>
  <node id="319175038" lat="54.1558484" lon="19.4015279"/>
  <node id="319175594" lat="54.1544074" lon="19.4017881"/>
  <node id="319175854" lat="54.1536924" lon="19.3971559"/>
  <node id="319175856" lat="54.1528230" lon="19.3976642"/>
  <node id="319175857" lat="54.1526983" lon="19.3980194"/>
  <node id="319175858" lat="54.1525856" lon="19.3985081"/>
  <node id="319175859" lat="54.1525533" lon="19.3991770"/>
  <node id="319175860" lat="54.1525762" lon="19.4000505"/>
  <node id="319175861" lat="54.1528895" lon="19.4009595"/>
  <node id="319191143" lat="54.1593009" lon="19.4135673"/>
  <node id="319191146" lat="54.1590862" lon="19.4107714"/>
  <node id="413336864" lat="54.1601953" lon="19.3957637"/>
  <node id="413336870" lat="54.1595916" lon="19.3958702"/>
  <node id="413336873" lat="54.1584104" lon="19.3960804"/>
  <node id="413342725" lat="54.1576814" lon="19.3950070"/>
  <node id="413369485" lat="54.1570056" lon="19.3953485"/>
  <node id="413515939" lat="54.1580159" lon="19.4043769">
    <tag k="highway" v="traffic_signals"/>
  </node>
  <node id="417962854" lat="54.1544608" lon="19.3957570"/>
  <node id="417962855" lat="54.1541967" lon="19.3947442"/>
  <node id="417963090" lat="54.1580129" lon="19.3984780"/>
  <node id="417963091" lat="54.1591349" lon="19.3983383"/>
  <node id="417969685" lat="54.1612745" lon="19.3985151"/>
  <node id="443694499" lat="54.1602340" lon="19.4080310"/>
  <node id="443694503" lat="54.1598566" lon="19.4089798">
    <tag k="highway" v="traffic_signals"/>
    <tag k="railway" v="tram_level_crossing"/>
  </node>
  <node id="443694504" lat="54.1589245" lon="19.4124087"/>
  <node id="443694505" lat="54.1591617" lon="19.4136385"/>
  <node id="443694506" lat="54.1592097" lon="19.4103998"/>
  <node id="443694507" lat="54.1599495" lon="19.4092772">
    <tag k="highway" v="traffic_signals"/>
  </node>
  <node id="443694520" lat="54.1590019" lon="19.4127797"/>
  <node id="592177304" lat="54.1596722" lon="19.3986560"/>
  <node id="592177308" lat="54.1595495" lon="19.3987345"/>
  <node id="592183600" lat="54.1620140" lon="19.3984595"/>
  <node id="592183604" lat="54.1614647" lon="19.3986512"/>
  <node id="732237568" lat="54.1565884" lon="19.4107078"/>
  <node id="732237587" lat="54.1592864" lon="19.4075844"/>
  <node id="732237641" lat="54.1592987" lon="19.4146022"/>
  <node id="732237646" lat="54.1576304" lon="19.4103941"/>
  <node id="732237649" lat="54.1587610" lon="19.4073440"/>
  <node id="733863488" lat="54.1538931" lon="19.4125670"/>
  <node id="733863494" lat="54.1522363" lon="19.4177452"/>
  <node id="733863501" lat="54.1593943" lon="19.3991354">
    <tag k="bench" v="yes"/>
    <tag k="name" v="Plac Słowiański"/>
    <tag k="network" v="ZKM Elbląg"/>
    <tag k="public_transport" v="stop_position"/>
    <tag k="railway" v="tram_stop"/>
    <tag k="ref" v="410"/>
    <tag k="shelter" v="yes"/>
    <tag k="tactile_paving" v="no"/>
    <tag k="tram" v="yes"/>
  </node>
  <node id="733863502" lat="54.1561148" lon="19.4073227">
    <tag k="bench" v="yes"/>
    <tag k="name" v="Plac Grunwaldzki"/>
    <tag k="network" v="ZKM Elbląg"/>
    <tag k="public_transport" v="stop_position"/>
    <tag k="railway" v="tram_stop"/>
    <tag k="ref" v="421"/>
    <tag k="shelter" v="yes"/>
    <tag k="tactile_paving" v="no"/>
    <tag k="tram" v="yes"/>
  </node>
  <node id="733863512" lat="54.1563399" lon="19.4105951"/>
  <node id="733863523" lat="54.1564550" lon="19.4071647">
    <tag k="railway" v="tram_crossing"/>
    <tag k="tactile_paving" v="no"/>
  </node>
  <node id="733863531" lat="54.1579872" lon="19.4069368">
    <tag k="railway" v="tram_crossing"/>
  </node>
  <node id="733863537" lat="54.1549610" lon="19.4095419"/>
  <node id="818620269" lat="54.1543286" lon="19.3952990"/>
  <node id="818620337" lat="54.1545428" lon="19.3959903"/>
  <node id="1296875040" lat="54.1539379" lon="19.3935679"/>
  <node id="1296875042" lat="54.1515660" lon="19.3974359"/>
  <node id="1296875055" lat="54.1545160" lon="19.4027462"/>
  <node id="1296875063" lat="54.1598877" lon="19.4044253"/>
  <node id="1296875064" lat="54.1532963" lon="19.3969869"/>
  <node id="1296875066" lat="54.1530399" lon="19.3971993"/>
  <node id="1296875176" lat="54.1530807" lon="19.3965414"/>
  <node id="1296875266" lat="54.1546822" lon="19.3977488"/>
  <node id="1296875292" lat="54.1513490" lon="19.4123524">
    <tag k="railway" v="switch"/>
    <tag k="ref" v="13"/>
  </node>
  <node id="1296875295" lat="54.1561806" lon="19.4043664"/>
  <node id="1296875296" lat="54.1545367" lon="19.4037965"/>
  <node id="1296875305" lat="54.1541924" lon="19.3973800"/>
  <node id="1296875312" lat="54.1587991" lon="19.4045017"/>
  <node id="1296875436" lat="54.1555876" lon="19.4040557"/>
  <node id="1296875460" lat="54.1539357" lon="19.3995421"/>
  <node id="1296875499" lat="54.1514156" lon="19.4197471"/>
  <node id="1296875544" lat="54.1503835" lon="19.4028595">
    <tag k="crossing:barrier" v="double_half"/>
    <tag k="railway" v="level_crossing"/>
    <tag k="ref" v="204 028 051"/>
    <tag k="source:ref" v="#ŻółtaNaklejkaPLK"/>
  </node>
  <node id="1296875633" lat="54.1539667" lon="19.4000216"/>
  <node id="1296875647" lat="54.1530501" lon="19.4022424"/>
  <node id="1296875654" lat="54.1502365" lon="19.4028913"/>
  <node id="1296875679" lat="54.1532662" lon="19.4035264"/>
  <node id="1296875753" lat="54.1580158" lon="19.4045132">
    <tag k="highway" v="traffic_signals"/>
  </node>
  <node id="1296875767" lat="54.1536039" lon="19.4043823"/>
  <node id="1296875776" lat="54.1529178" lon="19.3974301"/>
  <node id="1296875868" lat="54.1519184" lon="19.3973006"/>
  <node id="1296875942" lat="54.1533767" lon="19.4038554"/>
  <node id="1296875958" lat="54.1519822" lon="19.3954781"/>
  <node id="1296875978" lat="54.1533355" lon="19.4020421"/>
  <node id="1296876022" lat="54.1552410" lon="19.3985917"/>
  <node id="1296876046" lat="54.1518732" lon="19.3964896"/>
  <node id="1296876048" lat="54.1517399" lon="19.3974148"/>
  <node id="1296876067" lat="54.1612152" lon="19.4044155"/>
  <node id="1304253988" lat="54.1636942" lon="19.4139614"/>
  <node id="1304253989" lat="54.1601363" lon="19.4083558"/>
  <node id="1304254013" lat="54.1635217" lon="19.4138540"/>
  <node id="1304254024" lat="54.1600323" lon="19.4091614"/>
  <node id="1304254035" lat="54.1604008" lon="19.4106984"/>
  <node id="1304254037" lat="54.1623210" lon="19.4126857"/>
  <node id="1304254038" lat="54.1597631" lon="19.4091337">
    <tag k="highway" v="traffic_signals"/>
  </node>
  <node id="1304254072" lat="54.1606970" lon="19.4062725"/>
  <node id="1304254076" lat="54.1598599" lon="19.4094006">
    <tag k="highway" v="traffic_signals"/>
  </node>
  <node id="1304254083" lat="54.1639684" lon="19.4140553"/>
  <node id="1304254097" lat="54.1601055" lon="19.4099533"/>
  <node id="1304254128" lat="54.1649056" lon="19.4143235"/>
  <node id="1304258596" lat="54.1588154" lon="19.4104069">
    <tag k="highway" v="crossing"/>
  </node>
  <node id="1304258599" lat="54.1567480" lon="19.3956389"/>
  <node id="1304258665" lat="54.1556340" lon="19.3964804"/>
  <node id="1304258679" lat="54.1594515" lon="19.3987751"/>
  <node id="1304258686" lat="54.1553458" lon="19.3966776"/>
  <node id="1304258688" lat="54.1559295" lon="19.4094427"/>
  <node id="1304258707" lat="54.1589662" lon="19.4104342"/>
  <node id="1304258710" lat="54.1565627" lon="19.3958881"/>
  <node id="1304258717" lat="54.1561279" lon="19.4103470"/>
  <node id="1304258769" lat="54.1591100" lon="19.3985890"/>
  <node id="1304258782" lat="54.1597069" lon="19.3988044"/>
  <node id="1304258791" lat="54.1550087" lon="19.3971014"/>
  <node id="1304258800" lat="54.1559208" lon="19.4089241"/>
  <node id="1304258833" lat="54.1571964" lon="19.4105152"/>
  <node id="1304258852" lat="54.1559518" lon="19.4098102"/>
  <node id="1304258910" lat="54.1564862" lon="19.3959877"/>
  <node id="1304258935" lat="54.1574791" lon="19.3950819"/>
  <node id="1304258947" lat="54.1557763" lon="19.4083328"/>
  <node id="1304261321" lat="54.1568433" lon="19.3996834"/>
  <node id="1304261323" lat="54.1568475" lon="19.4028150"/>
  <node id="1304261324" lat="54.1587770" lon="19.4043717"/>
  <node id="1304261327" lat="54.1601410" lon="19.3988161"/>
  <node id="1304261328" lat="54.1580166" lon="19.4027939"/>
  <node id="1304261329" lat="54.1564416" lon="19.4012460">
    <tag k="highway" v="crossing"/>
  </node>
  <node id="1304261331" lat="54.1580155" lon="19.4036360"/>
  <node id="1304261332" lat="54.1580131" lon="19.3988852"/>
  <node id="1304261333" lat="54.1595765" lon="19.4015499"/>
  <node id="1304261334" lat="54.1580154" lon="19.4033149"/>
  <node id="1304261335" lat="54.1601912" lon="19.4014090"/>
  <node id="1304261336" lat="54.1564351" lon="19.4006343"/>
  <node id="1304261337" lat="54.1568364" lon="19.4036357"/>
  <node id="1304261338" lat="54.1582732" lon="19.3989016"/>
  <node id="1304261340" lat="54.1587041" lon="19.4008046"/>
  <node id="1304261343" lat="54.1563505" lon="19.3998085"/>
  <node id="1304261344" lat="54.1601670" lon="19.4001805"/>
  <node id="1304261345" lat="54.1583689" lon="19.3990791"/>
  <node id="1304261349" lat="54.1589135" lon="19.3985608"/>
  <node id="1304261351" lat="54.1585722" lon="19.3991443"/>
  <node id="1304261352" lat="54.1592104" lon="19.3998231"/>
  <node id="1304261353" lat="54.1583662" lon="19.4038215"/>
  <node id="1304261355" lat="54.1594883" lon="19.4006341"/>
  <node id="1304261356" lat="54.1580144" lon="19.4013409"/>
  <node id="1304261357" lat="54.1594149" lon="19.4002065"/>
  <node id="1304261358" lat="54.1583602" lon="19.4033188"/>
  <node id="1304261361" lat="54.1583614" lon="19.4026202"/>
  <node id="1304261362" lat="54.1568566" lon="19.4013572"/>
  <node id="1305376911" lat="54.1549094" lon="19.4122297"/>
  <node id="1305376932" lat="54.1557047" lon="19.3979594"/>
  <node id="1305377090" lat="54.1585792" lon="19.4097881"/>
  <node id="1305377204" lat="54.1562238" lon="19.3961429"/>
  <node id="1305377232" lat="54.1580526" lon="19.4095933"/>
  <node id="1305377303" lat="54.1578495" lon="19.4095798"/>
  <node id="1305377360" lat="54.1576271" lon="19.4101657"/>
  <node id="1305377422" lat="54.1590854" lon="19.4131826"/>
  <node id="1305377452" lat="54.1604539" lon="19.3985212"/>
  <node id="1305377453" lat="54.1578972" lon="19.4133237"/>
  <node id="1305377525" lat="54.1557041" lon="19.4097173"/>
  <node id="1305377560" lat="54.1540000" lon="19.4122360">
    <tag k="crossing" v="zebra"/>
    <tag k="highway" v="crossing"/>
  </node>
  <node id="1305377602" lat="54.1571611" lon="19.3952153"/>
  <node id="1305377653" lat="54.1551429" lon="19.4123919"/>
  <node id="1305377743" lat="54.1561763" lon="19.4130091"/>
  <node id="1305377786" lat="54.1552607" lon="19.3967698"/>
  <node id="1305377830" lat="54.1578220" lon="19.4097531"/>
  <node id="1376728164" lat="54.1589863" lon="19.4108098">
    <tag k="railway" v="tram_crossing"/>
  </node>
  <node id="1376728166" lat="54.1596099" lon="19.4083559"/>
  <node id="1376728167" lat="54.1591889" lon="19.4074520"/>
  <node id="1376728170" lat="54.1590161" lon="19.4073627"/>
  <node id="1376728172" lat="54.1596912" lon="19.4064331">
    <tag k="bench" v="yes"/>
    <tag k="name" v="1-go Maja - Sąd"/>
    <tag k="network" v="ZKM Elbląg"/>
    <tag k="public_transport" v="stop_position"/>
    <tag k="railway" v="tram_stop"/>
    <tag k="ref" v="411"/>
    <tag k="shelter" v="yes"/>
    <tag k="tactile_paving" v="no"/>
    <tag k="tram" v="yes"/>
  </node>
  <node id="1376728174" lat="54.1589530" lon="19.4075822"/>
  <node id="1376728182" lat="54.1596187" lon="19.4087951">
    <tag k="button_operated" v="yes"/>
    <tag k="crossing:signals" v="yes"/>
    <tag k="highway" v="crossing"/>
  </node>
  <node id="1376728184" lat="54.1591286" lon="19.4077450"/>
  <node id="1376728186" lat="54.1589187" lon="19.4113129"/>
  <node id="1376728187" lat="54.1596542" lon="19.4086014"/>
  <node id="1376728189" lat="54.1600267" lon="19.4085902"/>
  <node id="1376728193" lat="54.1590755" lon="19.4104887">
    <tag k="railway" v="tram_level_crossing"/>
  </node>
  <node id="1376728199" lat="54.1593985" lon="19.4076219"/>
  <node id="1376728201" lat="54.1589537" lon="19.4075105">
    <tag k="railway" v="tram_level_crossing"/>
  </node>
  <node id="1376728202" lat="54.1591314" lon="19.4073567"/>
  <node id="1376728203" lat="54.1590989" lon="19.4077605"/>
  <node id="1376728204" lat="54.1591647" lon="19.4073963"/>
  <node id="1376728213" lat="54.1590517" lon="19.4073401"/>
  <node id="1376728215" lat="54.1591640" lon="19.4077043"/>
  <node id="1376728219" lat="54.1596317" lon="19.4085418"/>
  <node id="1376728220" lat="54.1590271" lon="19.4077460"/>
  <node id="1376728221" lat="54.1591775" lon="19.4077850"/>
  <node id="1376728222" lat="54.1592631" lon="19.4136991"/>
  <node id="1376728224" lat="54.1589462" lon="19.4110439">
    <tag k="name" v="Grobla Św. Jerzego"/>
    <tag k="public_transport" v="stop_position"/>
    <tag k="railway" v="tram_stop"/>
    <tag k="ref" v="452"/>
    <tag k="tram" v="yes"/>
  </node>
  <node id="1376728225" lat="54.1589662" lon="19.4076502"/>
  <node id="1376728228" lat="54.1589869" lon="19.4064275"/>
  <node id="1376728230" lat="54.1594060" lon="19.4082624"/>
  <node id="1376728238" lat="54.1591385" lon="19.4129441"/>
  <node id="1376728239" lat="54.1597927" lon="19.4091310"/>
  <node id="1376728240" lat="54.1597215" lon="19.4087664"/>
  <node id="1376728242" lat="54.1594425" lon="19.4080147"/>
  <node id="1376728244" lat="54.1595621" lon="19.4080559"/>
  <node id="1376728245" lat="54.1596929" lon="19.4086963">
    <tag k="bicycle" v="yes"/>
    <tag k="railway" v="tram_crossing"/>
  </node>
  <node id="1376728247" lat="54.1591955" lon="19.4102004"/>
  <node id="1376728251" lat="54.1589389" lon="19.4111000"/>
  <node id="1376728265" lat="54.1589176" lon="19.4117178"/>
  <node id="1376728267" lat="54.1591985" lon="19.4074947"/>
  <node id="1376728269" lat="54.1597088" lon="19.4086045">
    <tag k="crossing" v="zebra"/>
    <tag k="highway" v="crossing"/>
    <tag k="tactile_paving" v="no"/>
  </node>
  <node id="1376728271" lat="54.1600814" lon="19.4085056"/>
  <node id="1376728273" lat="54.1590923" lon="19.4073373"/>
  <node id="1376728275" lat="54.1589282" lon="19.4118605"/>
  <node id="1376728277" lat="54.1592002" lon="19.4075932">
    <tag k="railway" v="tram_level_crossing"/>
  </node>
  <node id="1376728279" lat="54.1597278" lon="19.4094007"/>
  <node id="1377792973" lat="54.1600328" lon="19.4089879"/>
  <node id="1377792975" lat="54.1601287" lon="19.4087763"/>
  <node id="1377792977" lat="54.1602820" lon="19.4083408"/>
  <node id="1554370285" lat="54.1598597" lon="19.4042739">
    <tag k="railway" v="tram_level_crossing"/>
  </node>
  <node id="1554370329" lat="54.1598349" lon="19.4042771"/>
  <node id="1554370363" lat="54.1601002" lon="19.4017845"/>
  <node id="1554370393" lat="54.1598710" lon="19.4044261">
    <tag k="railway" v="tram_level_crossing"/>
  </node>
  <node id="1554370445" lat="54.1600783" lon="19.3993253"/>
  <node id="1554370449" lat="54.1598888" lon="19.4018321"/>
  <node id="1554370574" lat="54.1599060" lon="19.4020258"/>
  <node id="1554370578" lat="54.1601184" lon="19.4019969"/>
  <node id="1555898141" lat="54.1594122" lon="19.4037659"/>
  <node id="1555898246" lat="54.1580141" lon="19.4008769"/>
  <node id="1556117200" lat="54.1565004" lon="19.4038923"/>
  <node id="1556117435" lat="54.1568489" lon="19.3991113"/>
  <node id="1556117467" lat="54.1576877" lon="19.4027891"/>
  <node id="1556117470" lat="54.1568437" lon="19.3999763"/>
  <node id="1556117496" lat="54.1577465" lon="19.4013459"/>
  <node id="1556117566" lat="54.1577279" lon="19.3999312"/>
  <node id="1556117570" lat="54.1576604" lon="19.4013443"/>
  <node id="1556117606" lat="54.1568432" lon="19.3996230"/>
  <node id="1558337028" lat="54.1588490" lon="19.4050964"/>
  <node id="1559586256" lat="54.1575276" lon="19.3974371"/>
  <node id="1559586392" lat="54.1578161" lon="19.3972810"/>
  <node id="1560260206" lat="54.1589862" lon="19.3959771"/>
  <node id="1562398343" lat="54.1529939" lon="19.4020108"/>
  <node id="1562398344" lat="54.1525034" lon="19.3998326"/>
  <node id="1562398517" lat="54.1554771" lon="19.4043872"/>
  <node id="1562398672" lat="54.1532417" lon="19.3966031"/>
  <node id="1562398721" lat="54.1500747" lon="19.3998441"/>
  <node id="1707370268" lat="54.1559088" lon="19.3986414">
    <tag k="crossing" v="zebra"/>
    <tag k="crossing:island" v="no"/>
    <tag k="highway" v="crossing"/>
  </node>
  <node id="1707370286" lat="54.1559251" lon="19.4064156"/>
  <node id="1707478728" lat="54.1510289" lon="19.4146057"/>
  <node id="1707478778" lat="54.1510700" lon="19.4142408"/>
  <node id="1707478886" lat="54.1514435" lon="19.4113484"/>
  <node id="1709179376" lat="54.1525834" lon="19.4166391">
    <tag k="bench" v="yes"/>
    <tag k="name" v="Dworzec"/>
    <tag k="network" v="ZKM Elbląg"/>
    <tag k="public_transport" v="stop_position"/>
    <tag k="railway" v="tram_stop"/>
    <tag k="ref" v="420"/>
    <tag k="shelter" v="yes"/>
    <tag k="tactile_paving" v="no"/>
    <tag k="tram" v="yes"/>
  </node>
  <node id="1709179377" lat="54.1527235" lon="19.4160870">
    <tag k="bench" v="yes"/>
    <tag k="name" v="Dworzec"/>
    <tag k="network" v="ZKM Elbląg"/>
    <tag k="public_transport" v="stop_position"/>
    <tag k="railway" v="tram_stop"/>
    <tag k="ref" v="413"/>
    <tag k="shelter" v="yes"/>
    <tag k="tactile_paving" v="no"/>
    <tag k="tram" v="yes"/>
  </node>
  <node id="1709179384" lat="54.1560697" lon="19.4072992">
    <tag k="bench" v="yes"/>
    <tag k="name" v="Plac Grunwaldzki"/>
    <tag k="network" v="ZKM Elbląg"/>
    <tag k="public_transport" v="stop_position"/>
    <tag k="railway" v="tram_stop"/>
    <tag k="ref" v="412"/>
    <tag k="shelter" v="yes"/>
    <tag k="tactile_paving" v="no"/>
    <tag k="tram" v="yes"/>
  </node>
  <node id="1709179391" lat="54.1512799" lon="19.4202833"/>
  <node id="1709179392" lat="54.1513130" lon="19.4201081"/>
  <node id="1709179393" lat="54.1513180" lon="19.4201876"/>
  <node id="1709179395" lat="54.1514538" lon="19.4197105"/>
  <node id="1709179400" lat="54.1514525" lon="19.4196269"/>
  <node id="1709179403" lat="54.1514890" lon="19.4196142"/>
  <node id="1709179406" lat="54.1514690" lon="19.4195851"/>
  <node id="1709179408" lat="54.1515269" lon="19.4195371"/>
  <node id="1709179409" lat="54.1515349" lon="19.4194603"/>
  <node id="1709179412" lat="54.1515696" lon="19.4194672"/>
  <node id="1709179413" lat="54.1515686" lon="19.4194076"/>
  <node id="1709179414" lat="54.1516239" lon="19.4193824"/>
  <node id="1709179416" lat="54.1516541" lon="19.4192787"/>
  <node id="1709179420" lat="54.1516687" lon="19.4193146"/>
  <node id="1709179433" lat="54.1516830" lon="19.4192224"/>
  <node id="1709179437" lat="54.1517122" lon="19.4192408"/>
  <node id="1709179441" lat="54.1517827" lon="19.4189477"/>
  <node id="1709179445" lat="54.1517414" lon="19.4191777"/>
  <node id="1709179454" lat="54.1518185" lon="19.4188408"/>
  <node id="1709179456" lat="54.1517849" lon="19.4190600"/>
  <node id="1709179727" lat="54.1521328" lon="19.4179329"/>
  <node id="1709179756" lat="54.1521728" lon="19.4179359"/>
  <node id="1709179905" lat="54.1522067" lon="19.4177125"/>
  <node id="1709180173" lat="54.1531925" lon="19.4148148"/>
  <node id="1709180197" lat="54.1549430" lon="19.4095115"/>
  <node id="1709180199" lat="54.1554825" lon="19.4079594"/>
  <node id="1709180201" lat="54.1555046" lon="19.4079841"/>
  <node id="1709180203" lat="54.1556423" lon="19.4075966"/>
  <node id="1709180209" lat="54.1557548" lon="19.4075344"/>
  <node id="1709180212" lat="54.1564499" lon="19.4071264">
    <tag k="railway" v="tram_crossing"/>
    <tag k="tactile_paving" v="no"/>
  </node>
  <node id="1709180217" lat="54.1572382" lon="19.4067712"/>
  <node id="1709180236" lat="54.1583700" lon="19.4070234"/>
  <node id="1709180239" lat="54.1593065" lon="19.4075332"/>
  <node id="1709180246" lat="54.1593754" lon="19.4075739"/>
  <node id="1709180249" lat="54.1593657" lon="19.4076005"/>
  <node id="1709180253" lat="54.1593619" lon="19.4075371"/>
  <node id="1709180256" lat="54.1593943" lon="19.4075491"/>
  <node id="1709180260" lat="54.1594332" lon="19.4075014"/>
  <node id="1709180263" lat="54.1594164" lon="19.4075645"/>
  <node id="1709180278" lat="54.1594438" lon="19.4076704"/>
  <node id="1709180281" lat="54.1594429" lon="19.4075850"/>
  <node id="1709180283" lat="54.1594638" lon="19.4074818"/>
  <node id="1709180286" lat="54.1594835" lon="19.4076397"/>
  <node id="1709180289" lat="54.1595216" lon="19.4074943"/>
  <node id="1709180292" lat="54.1595424" lon="19.4083312"/>
  <node id="1709180300" lat="54.1595296" lon="19.4081777">
    <tag k="railway" v="tram_level_crossing"/>
  </node>
  <node id="1709180303" lat="54.1595568" lon="19.4084210"/>
  <node id="1709180307" lat="54.1595019" lon="19.4076695"/>
  <node id="1709180325" lat="54.1595306" lon="19.4080843"/>
  <node id="1709180328" lat="54.1595867" lon="19.4083897"/>
  <node id="1709180335" lat="54.1595600" lon="19.4081433"/>
  <node id="1709180340" lat="54.1595890" lon="19.4085391"/>
  <node id="1709180343" lat="54.1595359" lon="19.4077547"/>
  <node id="1709180348" lat="54.1595211" lon="19.4074244"/>
  <node id="1709180352" lat="54.1595562" lon="19.4078307"/>
  <node id="1709180355" lat="54.1596003" lon="19.4073623"/>
  <node id="1709180365" lat="54.1596653" lon="19.4087330">
    <tag k="bicycle" v="yes"/>
    <tag k="railway" v="tram_crossing"/>
  </node>
  <node id="1709180369" lat="54.1596976" lon="19.4088138"/>
  <node id="1709180373" lat="54.1596791" lon="19.4093995"/>
  <node id="1709180376" lat="54.1597017" lon="19.4094483"/>
  <node id="1709180379" lat="54.1597594" lon="19.4090942"/>
  <node id="1709180383" lat="54.1597281" lon="19.4088687"/>
  <node id="1709180386" lat="54.1597089" lon="19.4093453"/>
  <node id="1709180388" lat="54.1597272" lon="19.4093010"/>
  <node id="1709180391" lat="54.1597491" lon="19.4093527"/>
  <node id="1709180393" lat="54.1597855" lon="19.4091954">
    <tag k="railway" v="tram_level_crossing"/>
  </node>
  <node id="1709180401" lat="54.1597465" lon="19.4088161"/>
  <node id="1709180408" lat="54.1598285" lon="19.4089675"/>
  <node id="1709180411" lat="54.1598692" lon="19.4089230"/>
  <node id="1709180412" lat="54.1598954" lon="19.4089879"/>
  <node id="1709180416" lat="54.1599178" lon="19.4089272"/>
  <node id="1709180419" lat="54.1600533" lon="19.4089097"/>
  <node id="1709180421" lat="54.1599563" lon="19.4089186"/>
  <node id="1709180423" lat="54.1601024" lon="19.4087338"/>
  <node id="1709205438" lat="54.1593828" lon="19.4075190"/>
  <node id="1709205443" lat="54.1594869" lon="19.4075276"/>
  <node id="1709205447" lat="54.1594924" lon="19.4074589"/>
  <node id="1709205450" lat="54.1595495" lon="19.4074562"/>
  <node id="1709205452" lat="54.1595808" lon="19.4074093"/>
  <node id="1709205468" lat="54.1596032" lon="19.4072379"/>
  <node id="1709205471" lat="54.1596303" lon="19.4072652"/>
  <node id="1713057325" lat="54.1604852" lon="19.4041750"/>
  <node id="1740412045" lat="54.1598993" lon="19.4044271">
    <tag k="railway" v="tram_level_crossing"/>
  </node>
  <node id="1740412047" lat="54.1596172" lon="19.4073190">
    <tag k="railway" v="tram_level_crossing"/>
  </node>
  <node id="1740412048" lat="54.1599384" lon="19.4090374"/>
  <node id="1740412059" lat="54.1588817" lon="19.4117437"/>
  <node id="1740412065" lat="54.1596210" lon="19.4071468"/>
  <node id="1740412067" lat="54.1600575" lon="19.4088511">
    <tag k="bicycle" v="yes"/>
    <tag k="railway" v="tram_crossing"/>
  </node>
  <node id="1740412069" lat="54.1592000" lon="19.4135123"/>
  <node id="1740412074" lat="54.1598870" lon="19.4042708">
    <tag k="railway" v="tram_level_crossing"/>
  </node>
  <node id="1740412075" lat="54.1596437" lon="19.4071901"/>
  <node id="1740412081" lat="54.1592807" lon="19.4143012"/>
  <node id="1740412089" lat="54.1598889" lon="19.4047992"/>
  <node id="1740412091" lat="54.1602529" lon="19.4083020"/>
  <node id="1740412094" lat="54.1589128" lon="19.4120423"/>
  <node id="1740412099" lat="54.1589196" lon="19.4109636"/>
  <node id="1740412103" lat="54.1592692" lon="19.4141326"/>
  <node id="1740412105" lat="54.1590714" lon="19.4103822"/>
  <node id="1740412110" lat="54.1588799" lon="19.4112969"/>
  <node id="1740412119" lat="54.1589421" lon="19.4122075"/>
  <node id="1740412120" lat="54.1591496" lon="19.4131953"/>
  <node id="1740412122" lat="54.1591798" lon="19.4101330"/>
  <node id="1747626290" lat="54.1586245" lon="19.3984312"/>
  <node id="1747660773" lat="54.1561793" lon="19.4045284"/>
  <node id="1747660818" lat="54.1515461" lon="19.4116628"/>
  <node id="1747737822" lat="54.1594988" lon="19.4077764"/>
  <node id="1747737838" lat="54.1595128" lon="19.4078206"/>
  <node id="1747737855" lat="54.1594702" lon="19.4077119"/>
  <node id="1748678582" lat="54.1594637" lon="19.4043156"/>
  <node id="1751188974" lat="54.1556708" lon="19.3986612"/>
  <node id="1752731103" lat="54.1576204" lon="19.4131903"/>
  <node id="1752731154" lat="54.1559180" lon="19.4101572"/>
  <node id="1752731158" lat="54.1558181" lon="19.4088054"/>
  <node id="1752731215" lat="54.1578578" lon="19.4087087"/>
  <node id="1752731231" lat="54.1566158" lon="19.4108302"/>
  <node id="1752731253" lat="54.1555410" lon="19.4082992"/>
  <node id="1752731282" lat="54.1576168" lon="19.4093529"/>
  <node id="1752731311" lat="54.1563362" lon="19.4108091"/>
  <node id="1752731340" lat="54.1594319" lon="19.4135196"/>
  <node id="1752731457" lat="54.1571153" lon="19.4114136"/>
  <node id="1752731503" lat="54.1561465" lon="19.4105643"/>
  <node id="1752731508" lat="54.1576058" lon="19.4084056"/>
  <node id="1752731550" lat="54.1571193" lon="19.4121754"/>
  <node id="1752731554" lat="54.1568227" lon="19.4107751"/>
  <node id="1752731571" lat="54.1582610" lon="19.4087280"/>
  <node id="1752731616" lat="54.1576394" lon="19.4134780"/>
  <node id="1752731620" lat="54.1576685" lon="19.4145306"/>
  <node id="1752731630" lat="54.1558348" lon="19.4092585"/>
  <node id="1752731676" lat="54.1573899" lon="19.4127320"/>
  <node id="1752731685" lat="54.1571851" lon="19.4123716"/>
  <node id="1752731697" lat="54.1575404" lon="19.4141193"/>
  <node id="1752731728" lat="54.1590358" lon="19.4137037"/>
  <node id="1752731733" lat="54.1571143" lon="19.4118563"/>
  <node id="1752731799" lat="54.1558009" lon="19.4096825"/>
  <node id="1752731800" lat="54.1577873" lon="19.4145552"/>
  <node id="1753963969" lat="54.1505862" lon="19.4029734"/>
  <node id="1753963974" lat="54.1523380" lon="19.4046336"/>
  <node id="1753963978" lat="54.1518201" lon="19.4028594"/>
  <node id="1753963995" lat="54.1520779" lon="19.4032605"/>
  <node id="1753963997" lat="54.1552377" lon="19.4071744"/>
  <node id="1753963999" lat="54.1542731" lon="19.4078712"/>
  <node id="1753964004" lat="54.1540229" lon="19.4059104"/>
  <node id="1753964006" lat="54.1555695" lon="19.4067978"/>
  <node id="1753964010" lat="54.1544164" lon="19.4091313"/>
  <node id="1753964035" lat="54.1544311" lon="19.4085388"/>
  <node id="1753964042" lat="54.1538502" lon="19.4056055"/>
  <node id="1753964068" lat="54.1554659" lon="19.4078579"/>
  <node id="1753964077" lat="54.1550801" lon="19.4079489"/>
  <node id="1753964102" lat="54.1537753" lon="19.4069994"/>
  <node id="1753964111" lat="54.1536611" lon="19.4119918"/>
  <node id="1753964120" lat="54.1529729" lon="19.4066459"/>
  <node id="1753964125" lat="54.1503041" lon="19.4031166"/>
  <node id="1753964127" lat="54.1543099" lon="19.4071357"/>
  <node id="1753964144" lat="54.1538315" lon="19.4099273"/>
  <node id="1753964149" lat="54.1532310" lon="19.4112629"/>
  <node id="1753964157" lat="54.1524947" lon="19.4050756"/>
  <node id="1753964159" lat="54.1529016" lon="19.4049905"/>
  <node id="1753964161" lat="54.1513982" lon="19.4029205"/>
  <node id="1753964162" lat="54.1541011" lon="19.4073988"/>
  <node id="1753964163" lat="54.1536764" lon="19.4054323"/>
  <node id="1753964168" lat="54.1541381" lon="19.4071077"/>
  <node id="1753964181" lat="54.1531338" lon="19.4067186"/>
  <node id="1753964185" lat="54.1549825" lon="19.4092523"/>
  <node id="1753964189" lat="54.1513824" lon="19.4027254"/>
  <node id="1753964198" lat="54.1539876" lon="19.4074673"/>
  <node id="1753964214" lat="54.1518572" lon="19.4025292"/>
  <node id="1753964227" lat="54.1524362" lon="19.4073727"/>
  <node id="1753964228" lat="54.1535587" lon="19.4094722"/>
  <node id="1753964230" lat="54.1555152" lon="19.4080753"/>
  <node id="1753964235" lat="54.1538625" lon="19.4093482"/>
  <node id="1753964236" lat="54.1535416" lon="19.4077190"/>
  <node id="1753964237" lat="54.1555647" lon="19.4064729">
    <tag k="crossing:markings" v="zebra"/>
    <tag k="highway" v="crossing"/>
  </node>
  <node id="1753964245" lat="54.1533759" lon="19.4051781"/>
  <node id="1753964248" lat="54.1538808" lon="19.4063578"/>
  <node id="1753964253" lat="54.1514149" lon="19.4031310"/>
  <node id="1753964259" lat="54.1514945" lon="19.4027710"/>
  <node id="1753964277" lat="54.1541481" lon="19.4100262"/>
  <node id="1753964279" lat="54.1516192" lon="19.4071193"/>
  <node id="1753964282" lat="54.1519959" lon="19.4110718"/>
  <node id="1753964284" lat="54.1540484" lon="19.4079168"/>
  <node id="1753964289" lat="54.1537007" lon="19.4113748"/>
  <node id="1753964291" lat="54.1533993" lon="19.4060917"/>
  <node id="1753964292" lat="54.1533874" lon="19.4094245"/>
  <node id="1753964294" lat="54.1513750" lon="19.4026406"/>
  <node id="1754950940" lat="54.1483171" lon="19.4032909"/>
  <node id="1754950941" lat="54.1498182" lon="19.4031454"/>
  <node id="1754950954" lat="54.1465977" lon="19.4017103"/>
  <node id="1754950964" lat="54.1435423" lon="19.3916388"/>
  <node id="1754950983" lat="54.1429642" lon="19.3906517"/>
  <node id="1754951011" lat="54.1457074" lon="19.3984000"/>
  <node id="1754951016" lat="54.1471263" lon="19.4031785"/>
  <node id="1754951024" lat="54.1469903" lon="19.4030250"/>
  <node id="1754951025" lat="54.1476961" lon="19.4032614"/>
  <node id="1754951040" lat="54.1443677" lon="19.3930704"/>
  <node id="1754951041" lat="54.1439855" lon="19.3920925"/>
  <node id="1754951059" lat="54.1449476" lon="19.3953188"/>
  <node id="1754951081" lat="54.1489285" lon="19.4032378"/>
  <node id="1758174812" lat="54.1562441" lon="19.4045287">
    <tag k="crossing" v="traffic_signals"/>
    <tag k="crossing:markings" v="zebra"/>
    <tag k="highway" v="crossing"/>
  </node>
  <node id="1762378272" lat="54.1620984" lon="19.4167484"/>
  <node id="1762378273" lat="54.1615493" lon="19.4164298"/>
  <node id="1762378274" lat="54.1619154" lon="19.4167273"/>
  <node id="1762378277" lat="54.1611464" lon="19.4145829"/>
  <node id="1762378278" lat="54.1664560" lon="19.4163228"/>
  <node id="1762378279" lat="54.1706893" lon="19.4235326"/>
  <node id="1762378280" lat="54.1681449" lon="19.4171384"/>
  <node id="1762378281" lat="54.1691565" lon="19.4195211"/>
  <node id="1762378282" lat="54.1692037" lon="19.4193816"/>
  <node id="1762378284" lat="54.1617877" lon="19.4166318"/>
  <node id="1762378285" lat="54.1676357" lon="19.4167454"/>
  <node id="1762378286" lat="54.1653639" lon="19.4162353"/>
  <node id="1762378288" lat="54.1736913" lon="19.4239305"/>
  <node id="1762378289" lat="54.1749405" lon="19.4252248"/>
  <node id="1762378290" lat="54.1602778" lon="19.4137057"/>
  <node id="1762378291" lat="54.1599249" lon="19.4137010"/>
  <node id="1762378293" lat="54.1702741" lon="19.4227479"/>
  <node id="1762378294" lat="54.1740760" lon="19.4244213"/>
  <node id="1762378295" lat="54.1676527" lon="19.4167802"/>
  <node id="1762378296" lat="54.1671898" lon="19.4163638"/>
  <node id="1762378298" lat="54.1668992" lon="19.4162030"/>
  <node id="1762378299" lat="54.1753524" lon="19.4359370"/>
  <node id="1762378300" lat="54.1742450" lon="19.4247288"/>
  <node id="1762378301" lat="54.1689271" lon="19.4198442"/>
  <node id="1762378303" lat="54.1666706" lon="19.4162120"/>
  <node id="1762378305" lat="54.1597080" lon="19.4136426"/>
  <node id="1762378306" lat="54.1659933" lon="19.4165004"/>
  <node id="1762378307" lat="54.1645433" lon="19.4163908"/>
  <node id="1762378309" lat="54.1650864" lon="19.4162482"/>
  <node id="1762378310" lat="54.1627328" lon="19.4158496"/>
  <node id="1762378312" lat="54.1704141" lon="19.4213935"/>
  <node id="1762378313" lat="54.1612645" lon="19.4158060"/>
  <node id="1762378314" lat="54.1684018" lon="19.4180817"/>
  <node id="1762378315" lat="54.1624978" lon="19.4162760"/>
  <node id="1762378316" lat="54.1703543" lon="19.4199203"/>
  <node id="1762378317" lat="54.1748190" lon="19.4257542">
    <tag k="waterway" v="waterfall"/>
  </node>
  <node id="1762378318" lat="54.1613057" lon="19.4149207"/>
  <node id="1762378319" lat="54.1677277" lon="19.4170662"/>
  <node id="1762378320" lat="54.1702326" lon="19.4231640">
    <tag k="waterway" v="weir"/>
  </node>
  <node id="1762378321" lat="54.1683557" lon="19.4190165"/>
  <node id="1762378322" lat="54.1702813" lon="19.4234343">
    <tag k="waterway" v="weir"/>
  </node>
  <node id="1762378323" lat="54.1704479" lon="19.4208355"/>
  <node id="1762378326" lat="54.1715477" lon="19.4236255"/>
  <node id="1762378328" lat="54.1703001" lon="19.4225300">
    <tag k="waterway" v="weir"/>
  </node>
  <node id="1762378329" lat="54.1623829" lon="19.4165360"/>
  <node id="1762378330" lat="54.1614577" lon="19.4163501"/>
  <node id="1762378331" lat="54.1711111" lon="19.4235817"/>
  <node id="1762378333" lat="54.1747970" lon="19.4248126"/>
  <node id="1778216100" lat="54.1565988" lon="19.4108995">
    <tag k="barrier" v="lift_gate"/>
  </node>
  <node id="1778216149" lat="54.1566163" lon="19.4112709"/>
  <node id="1833045155" lat="54.1606573" lon="19.4071443"/>
  <node id="1835365513" lat="54.1605223" lon="19.4108747"/>
  <node id="1835365528" lat="54.1608711" lon="19.4112206"/>
  <node id="1835365541" lat="54.1611623" lon="19.4115011"/>
  <node id="1835365564" lat="54.1617414" lon="19.4120948"/>
  <node id="1852461854" lat="54.1605337" lon="19.4077777"/>
  <node id="1869042873" lat="54.1558415" lon="19.4074076">
    <tag k="bicycle" v="yes"/>
    <tag k="railway" v="tram_crossing"/>
  </node>
  <node id="1869043020" lat="54.1575313" lon="19.4068007"/>
  <node id="1869043060" lat="54.1574512" lon="19.4067350"/>
  <node id="1869043217" lat="54.1584674" lon="19.4071250"/>
  <node id="1869043254" lat="54.1585776" lon="19.4071468"/>
  <node id="1869043261" lat="54.1588173" lon="19.4114432"/>
  <node id="1869043262" lat="54.1588855" lon="19.4121831"/>
  <node id="1869043307" lat="54.1591017" lon="19.4075893"/>
  <node id="1869043310" lat="54.1590616" lon="19.4075215"/>
  <node id="1869043319" lat="54.1592542" lon="19.4078927"/>
  <node id="1869043332" lat="54.1593076" lon="19.4142706"/>
  <node id="1869043342" lat="54.1597552" lon="19.4092943"/>
  <node id="1869043363" lat="54.1602628" lon="19.4087204"/>
  <node id="1869043434" lat="54.1606405" lon="19.4110143"/>
  <node id="1869088470" lat="54.1574529" lon="19.4045165"/>
  <node id="1869140946" lat="54.1587637" lon="19.4038057"/>
  <node id="1874582112" lat="54.1589675" lon="19.4121382"/>
  <node id="1874582136" lat="54.1591070" lon="19.4129724"/>
  <node id="1874582149" lat="54.1592318" lon="19.4137377"/>
  <node id="1874582150" lat="54.1591928" lon="19.4132261"/>
  <node id="1874582151" lat="54.1592363" lon="19.4134974"/>
  <node id="1874632495" lat="54.1519691" lon="19.4029998"/>
  <node id="1874632527" lat="54.1520321" lon="19.4031120"/>
  <node id="1874632547" lat="54.1523699" lon="19.4048133"/>
  <node id="1874632574" lat="54.1524484" lon="19.4050163"/>
  <node id="1874632597" lat="54.1527623" lon="19.4050382"/>
  <node id="1874632624" lat="54.1531278" lon="19.4050021"/>
  <node id="1874632963" lat="54.1539745" lon="19.4057872"/>
  <node id="1874633007" lat="54.1540470" lon="19.4060586"/>
  <node id="1874633012" lat="54.1540630" lon="19.4062240"/>
  <node id="1874633022" lat="54.1543339" lon="19.4092025"/>
  <node id="1874633075" lat="54.1542100" lon="19.4077507"/>
  <node id="1874633655" lat="54.1545833" lon="19.4080459"/>
  <node id="1874633780" lat="54.1547105" lon="19.4080440"/>
  <node id="1874633802" lat="54.1548554" lon="19.4091724"/>
  <node id="1874633845" lat="54.1547922" lon="19.4080240"/>
  <node id="1874634057" lat="54.1552548" lon="19.4079809"/>
  <node id="1874664411" lat="54.1531080" lon="19.4056633"/>
  <node id="1874664433" lat="54.1532202" lon="19.4057491"/>
  <node id="1880059939" lat="54.1524138" lon="19.4170443"/>
  <node id="1880060092" lat="54.1524451" lon="19.4170725"/>
  <node id="1880060497" lat="54.1526348" lon="19.4163608">
    <tag k="crossing" v="traffic_signals"/>
    <tag k="railway" v="tram_crossing"/>
  </node>
  <node id="1880060573" lat="54.1526651" lon="19.4163897">
    <tag k="crossing" v="traffic_signals"/>
    <tag k="railway" v="tram_crossing"/>
  </node>
  <node id="1978147626" lat="54.1513283" lon="19.4081766"/>
  <node id="2127879803" lat="54.1609693" lon="19.4046369">
    <tag k="crossing" v="traffic_signals"/>
    <tag k="crossing:markings" v="zebra"/>
    <tag k="crossing_ref" v="zebra"/>
    <tag k="highway" v="crossing"/>
  </node>
  <node id="2127879807" lat="54.1609976" lon="19.4044017"/>
  <node id="2127879813" lat="54.1610293" lon="19.4040642"/>
  <node id="2127879826" lat="54.1611909" lon="19.4046790">
    <tag k="crossing" v="traffic_signals"/>
    <tag k="crossing:markings" v="zebra"/>
    <tag k="crossing_ref" v="zebra"/>
    <tag k="highway" v="crossing"/>
  </node>
  <node id="2129092621" lat="54.1603511" lon="19.4084609"/>
  <node id="2129092625" lat="54.1607948" lon="19.4041192"/>
  <node id="2129092628" lat="54.1606860" lon="19.4044030"/>
  <node id="2129120341" lat="54.1604857" lon="19.4044078"/>
  <node id="2129341048" lat="54.1597392" lon="19.3986476"/>
  <node id="2129341055" lat="54.1598785" lon="19.3985238"/>
  <node id="2129341078" lat="54.1616841" lon="19.3986184"/>
  <node id="2129341087" lat="54.1617599" lon="19.3985931"/>
  <node id="2129341095" lat="54.1618832" lon="19.3985405"/>
  <node id="2129341116" lat="54.1620789" lon="19.3984105"/>
  <node id="2134331903" lat="54.1595562" lon="19.3984520"/>
  <node id="2134984431" lat="54.1579466" lon="19.3972280"/>
  <node id="2135000024" lat="54.1572596" lon="19.3951678"/>
  <node id="2135000025" lat="54.1575932" lon="19.3950444"/>
  <node id="2136164705" lat="54.1597779" lon="19.3985185"/>
  <node id="2249269547" lat="54.1625855" lon="19.4160345"/>
  <node id="2249269548" lat="54.1626336" lon="19.4159423"/>
  <node id="2249269551" lat="54.1647445" lon="19.4164385"/>
  <node id="2249269553" lat="54.1649473" lon="19.4162458"/>
  <node id="2249269555" lat="54.1661699" lon="19.4164987"/>
  <node id="2249269556" lat="54.1670739" lon="19.4162767"/>
  <node id="2249269557" lat="54.1672708" lon="19.4164699"/>
  <node id="2249269558" lat="54.1675965" lon="19.4167036"/>
  <node id="2249269559" lat="54.1678037" lon="19.4172846"/>
  <node id="2249269560" lat="54.1679377" lon="19.4173090"/>
  <node id="2249269561" lat="54.1680247" lon="19.4172313"/>
  <node id="2249269562" lat="54.1680874" lon="19.4171732"/>
  <node id="2249269563" lat="54.1683332" lon="19.4196948"/>
  <node id="2249269564" lat="54.1683468" lon="19.4198562"/>
  <node id="2249269565" lat="54.1683973" lon="19.4200233"/>
  <node id="2249269566" lat="54.1684019" lon="19.4171963"/>
  <node id="2249269567" lat="54.1684811" lon="19.4177268"/>
  <node id="2249269568" lat="54.1685256" lon="19.4201147"/>
  <node id="2249269569" lat="54.1685305" lon="19.4173291"/>
  <node id="2249269570" lat="54.1685748" lon="19.4175596"/>
  <node id="2249269571" lat="54.1685888" lon="19.4174222"/>
  <node id="2249269572" lat="54.1686773" lon="19.4201089"/>
  <node id="2249269573" lat="54.1687997" lon="19.4199922"/>
  <node id="2249269574" lat="54.1694169" lon="19.4191724"/>
  <node id="2249269575" lat="54.1695243" lon="19.4184747"/>
  <node id="2249269576" lat="54.1695657" lon="19.4184318"/>
  <node id="2249269577" lat="54.1695527" lon="19.4187691"/>
  <node id="2249269578" lat="54.1698352" lon="19.4182776"/>
  <node id="2249269579" lat="54.1698776" lon="19.4182754"/>
  <node id="2249269580" lat="54.1699755" lon="19.4184195"/>
  <node id="2249269582" lat="54.1743828" lon="19.4248136"/>
  <node id="2249269583" lat="54.1747452" lon="19.4248030"/>
  <node id="2249269584" lat="54.1747702" lon="19.4262926"/>
  <node id="2249269585" lat="54.1748150" lon="19.4272136"/>
  <node id="2249269586" lat="54.1748643" lon="19.4249333"/>
  <node id="2249269587" lat="54.1748666" lon="19.4281901"/>
  <node id="2249269588" lat="54.1749270" lon="19.4255755"/>
  <node id="2249269589" lat="54.1750091" lon="19.4334869"/>
  <node id="2249269590" lat="54.1750630" lon="19.4336929"/>
  <node id="2249269591" lat="54.1750884" lon="19.4340247"/>
  <node id="2249269592" lat="54.1750940" lon="19.4342141"/>
  <node id="2249269593" lat="54.1751614" lon="19.4344279"/>
  <node id="2249269594" lat="54.1752184" lon="19.4350272"/>
  <node id="2249269595" lat="54.1752150" lon="19.4347412"/>
  <node id="2249269596" lat="54.1753062" lon="19.4354842"/>
  <node id="2249269597" lat="54.1753054" lon="19.4357078"/>
  <node id="2249299239" lat="54.1575573" lon="19.4143288"/>
  <node id="2249299244" lat="54.1589112" lon="19.4138696"/>
  <node id="2249299245" lat="54.1598132" lon="19.4136769"/>
  <node id="2249299246" lat="54.1601352" lon="19.4136843"/>
  <node id="2249303997" lat="54.1564703" lon="19.4108505"/>
  <node id="2249304000" lat="54.1569752" lon="19.4108509"/>
  <node id="2249304002" lat="54.1570752" lon="19.4110337"/>
  <node id="2249304004" lat="54.1575329" lon="19.4129818"/>
  <node id="2251085634" lat="54.1525598" lon="19.3988505"/>
  <node id="2251085635" lat="54.1526304" lon="19.3982747"/>
  <node id="2251085636" lat="54.1530366" lon="19.3971121">
    <tag k="highway" v="stop"/>
  </node>
  <node id="2251085637" lat="54.1530555" lon="19.3969194"/>
  <node id="2251085638" lat="54.1530800" lon="19.3966406"/>
  <node id="2251085644" lat="54.1532761" lon="19.3967872"/>
  <node id="2251085645" lat="54.1532836" lon="19.3968774"/>
  <node id="2251085652" lat="54.1555210" lon="19.4040129"/>
  <node id="2251085655" lat="54.1558023" lon="19.3999698"/>
  <node id="2251085656" lat="54.1558056" lon="19.4067392"/>
  <node id="2251107538" lat="54.1539417" lon="19.3996995"/>
  <node id="2251107539" lat="54.1539448" lon="19.3992785"/>
  <node id="2251107540" lat="54.1539466" lon="19.3998289"/>
  <node id="2251107541" lat="54.1539864" lon="19.4001432"/>
  <node id="2251107542" lat="54.1540030" lon="19.3989362"/>
  <node id="2251107543" lat="54.1540206" lon="19.4002729"/>
  <node id="2251107544" lat="54.1540465" lon="19.3986159"/>
  <node id="2251107546" lat="54.1541236" lon="19.3979077"/>
  <node id="2251107547" lat="54.1543772" lon="19.4016129"/>
  <node id="2251107548" lat="54.1545048" lon="19.3975369"/>
  <node id="2251107549" lat="54.1552821" lon="19.3986254"/>
  <node id="2251107550" lat="54.1553583" lon="19.3986703"/>
  <node id="2252082964" lat="54.1588864" lon="19.4107414">
    <tag k="crossing" v="zebra"/>
    <tag k="highway" v="crossing"/>
  </node>
  <node id="2252082970" lat="54.1590678" lon="19.4108626">
    <tag k="crossing" v="zebra"/>
    <tag k="highway" v="crossing"/>
  </node>
  <node id="2252082997" lat="54.1589541" lon="19.4107845">
    <tag k="railway" v="tram_crossing"/>
  </node>
  <node id="2252087517" lat="54.1608172" lon="19.4065256"/>
  <node id="2252087519" lat="54.1602900" lon="19.4074115">
    <tag k="crossing" v="zebra"/>
    <tag k="highway" v="crossing"/>
  </node>
  <node id="2252200330" lat="54.1609081" lon="19.4040907"/>
  <node id="2252582541" lat="54.1508753" lon="19.4029423"/>
  <node id="2252582543" lat="54.1510019" lon="19.4029133"/>
  <node id="2252582545" lat="54.1515994" lon="19.4027678"/>
  <node id="2252582547" lat="54.1516942" lon="19.4027946"/>
  <node id="2252582549" lat="54.1517691" lon="19.4028239"/>
  <node id="2252582551" lat="54.1519018" lon="19.4029311"/>
  <node id="2252582553" lat="54.1520984" lon="19.4033540"/>
  <node id="2252582556" lat="54.1524022" lon="19.4049318"/>
  <node id="2252582558" lat="54.1525490" lon="19.4050949"/>
  <node id="2252582560" lat="54.1526332" lon="19.4050827"/>
  <node id="2252582562" lat="54.1529925" lon="19.4049756"/>
  <node id="2252582564" lat="54.1530579" lon="19.4049859"/>
  <node id="2252582566" lat="54.1532178" lon="19.4033465"/>
  <node id="2252582568" lat="54.1532520" lon="19.4050681"/>
  <node id="2252582572" lat="54.1534944" lon="19.4041476"/>
  <node id="2252582574" lat="54.1535671" lon="19.4053262"/>
  <node id="2252582576" lat="54.1536983" lon="19.4045493"/>
  <node id="2252582578" lat="54.1537653" lon="19.4046443"/>
  <node id="2252582582" lat="54.1539193" lon="19.4056890"/>
  <node id="2252582585" lat="54.1540747" lon="19.4070452"/>
  <node id="2252582587" lat="54.1540761" lon="19.4068017"/>
  <node id="2252582589" lat="54.1540818" lon="19.4072083"/>
  <node id="2252582591" lat="54.1541489" lon="19.4075930"/>
  <node id="2252582593" lat="54.1541817" lon="19.4076856"/>
  <node id="2252582608" lat="54.1544581" lon="19.4021412"/>
  <node id="2252582610" lat="54.1544903" lon="19.4024639"/>
  <node id="2252582612" lat="54.1547858" lon="19.4058004"/>
  <node id="2252582616" lat="54.1552211" lon="19.4058227"/>
  <node id="2252776182" lat="54.1543435" lon="19.4079385"/>
  <node id="2252776185" lat="54.1544737" lon="19.4080109"/>
  <node id="2252776188" lat="54.1551387" lon="19.4079412"/>
  <node id="2252776191" lat="54.1551983" lon="19.4079546"/>
  <node id="2253931819" lat="54.1584148" lon="19.3991478"/>
  <node id="2253931827" lat="54.1585917" lon="19.3979546"/>
  <node id="2253931830" lat="54.1592949" lon="19.3983520"/>
  <node id="2253931856" lat="54.1582223" lon="19.3980122"/>
  <node id="2253931877" lat="54.1590696" lon="19.3978871"/>
  <node id="2253931883" lat="54.1586018" lon="19.3991233"/>
  <node id="2253931895" lat="54.1583844" lon="19.3991091"/>
  <node id="2253961050" lat="54.1547437" lon="19.3977013"/>
  <node id="2253966012" lat="54.1550640" lon="19.3972336">
    <tag k="crossing" v="zebra"/>
    <tag k="highway" v="crossing"/>
  </node>
  <node id="2253986019" lat="54.1550550" lon="19.3975214"/>
  <node id="2254010685" lat="54.1494985" lon="19.4031685"/>
  <node id="2254010688" lat="54.1492830" lon="19.4031689"/>
  <node id="2254010691" lat="54.1469187" lon="19.4028731"/>
  <node id="2254010694" lat="54.1490809" lon="19.4032392"/>
  <node id="2254010696" lat="54.1485667" lon="19.4032444"/>
  <node id="2254010697" lat="54.1473067" lon="19.4032647"/>
  <node id="2254010699" lat="54.1486454" lon="19.4032633"/>
  <node id="2254010701" lat="54.1491778" lon="19.4031872"/>
  <node id="2254990029" lat="54.1588450" lon="19.4110081"/>
  <node id="2254990080" lat="54.1589371" lon="19.4108691"/>
  <node id="2254990098" lat="54.1589683" lon="19.4109060"/>
  <node id="2254990179" lat="54.1589919" lon="19.4077069"/>
  <node id="2254990223" lat="54.1592026" lon="19.4075398">
    <tag k="railway" v="tram_level_crossing"/>
  </node>
  <node id="2254990251" lat="54.1591454" lon="19.4075972"/>
  <node id="2254990267" lat="54.1591894" lon="19.4076458"/>
  <node id="2254990297" lat="54.1592291" lon="19.4077107"/>
  <node id="2254990324" lat="54.1592967" lon="19.4140185"/>
  <node id="2254990345" lat="54.1593147" lon="19.4099039"/>
  <node id="2254990427" lat="54.1593306" lon="19.4099633"/>
  <node id="2254990452" lat="54.1592627" lon="19.4073999"/>
  <node id="2254990482" lat="54.1593335" lon="19.4075903"/>
  <node id="2254990514" lat="54.1593547" lon="19.4073626"/>
  <node id="2254990542" lat="54.1595097" lon="19.4081294"/>
  <node id="2254990554" lat="54.1595285" lon="19.4079017"/>
  <node id="2254990568" lat="54.1595326" lon="19.4079444"/>
  <node id="2254990580" lat="54.1595511" lon="19.4073800"/>
  <node id="2254990609" lat="54.1595644" lon="19.4079563"/>
  <node id="2254990623" lat="54.1595626" lon="19.4082150"/>
  <node id="2254990638" lat="54.1595740" lon="19.4083158"/>
  <node id="2254990646" lat="54.1595899" lon="19.4072882"/>
  <node id="2254990659" lat="54.1596107" lon="19.4085984"/>
  <node id="2254990673" lat="54.1596329" lon="19.4073166">
    <tag k="railway" v="tram_level_crossing"/>
  </node>
  <node id="2254990703" lat="54.1597268" lon="19.4088924"/>
  <node id="2254990730" lat="54.1597390" lon="19.4089374"/>
  <node id="2254990742" lat="54.1597897" lon="19.4071708"/>
  <node id="2254990757" lat="54.1597577" lon="19.4090388"/>
  <node id="2254990770" lat="54.1597498" lon="19.4088435"/>
  <node id="2254990782" lat="54.1597509" lon="19.4092024"/>
  <node id="2254990810" lat="54.1597926" lon="19.4086921"/>
  <node id="2254990837" lat="54.1597779" lon="19.4089339"/>
  <node id="2254990869" lat="54.1597935" lon="19.4090369"/>
  <node id="2254990895" lat="54.1598069" lon="19.4088914"/>
  <node id="2254991014" lat="54.1598264" lon="19.4086999"/>
  <node id="2254991057" lat="54.1598477" lon="19.4089152"/>
  <node id="2254991142" lat="54.1598691" lon="19.4087058"/>
  <node id="2254991152" lat="54.1598713" lon="19.4046880">
    <tag k="railway" v="tram_crossing"/>
  </node>
  <node id="2254991189" lat="54.1599180" lon="19.4086880"/>
  <node id="2254991192" lat="54.1599281" lon="19.4089865"/>
  <node id="2254991200" lat="54.1599117" lon="19.4091605">
    <tag k="railway" v="tram_level_crossing"/>
  </node>
  <node id="2254991223" lat="54.1599718" lon="19.4086564"/>
  <node id="2254991239" lat="54.1599612" lon="19.4089785"/>
  <node id="2254991263" lat="54.1599931" lon="19.4088979"/>
  <node id="2254991282" lat="54.1600241" lon="19.4089149"/>
  <node id="2254991295" lat="54.1599936" lon="19.4089618"/>
  <node id="2254991369" lat="54.1600822" lon="19.4088988">
    <tag k="bicycle" v="yes"/>
    <tag k="railway" v="tram_crossing"/>
  </node>
  <node id="2254991412" lat="54.1601161" lon="19.4090354"/>
  <node id="2255231484" lat="54.1577598" lon="19.4118986"/>
  <node id="2255231532" lat="54.1579918" lon="19.4142754"/>
  <node id="2255593319" lat="54.1599336" lon="19.4096013">
    <tag k="crossing" v="zebra"/>
    <tag k="highway" v="crossing"/>
  </node>
  <node id="2255593324" lat="54.1601579" lon="19.4089624">
    <tag k="crossing" v="zebra"/>
    <tag k="highway" v="crossing"/>
  </node>
  <node id="2255593325" lat="54.1596552" lon="19.4092723">
    <tag k="crossing" v="zebra"/>
    <tag k="highway" v="crossing"/>
  </node>
  <node id="2255593336" lat="54.1633126" lon="19.4136932"/>
  <node id="2255593337" lat="54.1595978" lon="19.4087474">
    <tag k="crossing" v="zebra"/>
    <tag k="highway" v="crossing"/>
    <tag k="tactile_paving" v="no"/>
  </node>
  <node id="2255593338" lat="54.1600021" lon="19.4086242">
    <tag k="crossing" v="zebra"/>
    <tag k="highway" v="crossing"/>
  </node>
  <node id="2255593346" lat="54.1600201" lon="19.4086602">
    <tag k="crossing" v="zebra"/>
    <tag k="highway" v="crossing"/>
  </node>
  <node id="2255593348" lat="54.1624123" lon="19.4127799">
    <tag k="crossing" v="zebra"/>
    <tag k="highway" v="crossing"/>
  </node>
  <node id="2255593356" lat="54.1641229" lon="19.4140959">
    <tag k="crossing" v="zebra"/>
    <tag k="highway" v="crossing"/>
  </node>
  <node id="2255593365" lat="54.1622428" lon="19.4126000">
    <tag k="crossing" v="zebra"/>
    <tag k="highway" v="crossing"/>
  </node>
  <node id="2255593367" lat="54.1600154" lon="19.4094861">
    <tag k="crossing" v="zebra"/>
    <tag k="highway" v="crossing"/>
  </node>
  <node id="2255593373" lat="54.1597651" lon="19.4095255">
    <tag k="crossing" v="zebra"/>
    <tag k="highway" v="crossing"/>
  </node>
  <node id="2256017098" lat="54.1638619" lon="19.4140283">
    <tag k="crossing" v="zebra"/>
    <tag k="highway" v="crossing"/>
  </node>
  <node id="2258544981" lat="54.1559023" lon="19.4087655"/>
  <node id="2258544989" lat="54.1562468" lon="19.4105129"/>
  <node id="2263122509" lat="54.1588257" lon="19.4102555">
    <tag k="highway" v="crossing"/>
  </node>
  <node id="2263122530" lat="54.1580158" lon="19.4042408">
    <tag k="crossing" v="traffic_signals"/>
    <tag k="crossing:markings" v="dots"/>
    <tag k="highway" v="crossing"/>
  </node>
  <node id="2263122540" lat="54.1591326" lon="19.4134317">
    <tag k="crossing" v="zebra"/>
    <tag k="highway" v="crossing"/>
  </node>
  <node id="2263122542" lat="54.1590509" lon="19.4079844">
    <tag k="crossing" v="zebra"/>
    <tag k="highway" v="crossing"/>
  </node>
  <node id="2263122544" lat="54.1581578" lon="19.4043721">
    <tag k="crossing" v="traffic_signals"/>
    <tag k="crossing:markings" v="zebra"/>
    <tag k="highway" v="crossing"/>
    <tag k="tactile_paving" v="no"/>
  </node>
  <node id="2263122554" lat="54.1581571" lon="19.4045147">
    <tag k="crossing" v="traffic_signals"/>
    <tag k="crossing:markings" v="zebra"/>
    <tag k="highway" v="crossing"/>
    <tag k="tactile_paving" v="no"/>
  </node>
  <node id="2263122557" lat="54.1560790" lon="19.4041705">
    <tag k="crossing" v="traffic_signals"/>
    <tag k="crossing:markings" v="zebra"/>
    <tag k="highway" v="crossing"/>
  </node>
  <node id="2278899197" lat="54.1563168" lon="19.3960951"/>
  <node id="2278899198" lat="54.1564109" lon="19.3960416"/>
  <node id="2278899199" lat="54.1565285" lon="19.3959398"/>
  <node id="2278899200" lat="54.1568877" lon="19.3954577"/>
  <node id="2278899201" lat="54.1571031" lon="19.3952553"/>
  <node id="2278899204" lat="54.1578304" lon="19.3984920">
    <tag k="highway" v="traffic_signals"/>
    <tag k="traffic_signals:direction" v="forward"/>
  </node>
  <node id="2278899205" lat="54.1593665" lon="19.3983781"/>
  <node id="2278912610" lat="54.1551756" lon="19.3968911"/>
  <node id="2278912611" lat="54.1554054" lon="19.3968520"/>
  <node id="2278912612" lat="54.1555092" lon="19.3972048"/>
  <node id="2278912613" lat="54.1555925" lon="19.3975241"/>
  <node id="2278912632" lat="54.1584907" lon="19.3967621"/>
  <node id="2278912638" lat="54.1596536" lon="19.3984896"/>
  <node id="2278912641" lat="54.1603103" lon="19.3985223"/>
  <node id="2278912643" lat="54.1610511" lon="19.3985168"/>
  <node id="2289070365" lat="54.2116612" lon="19.4693341"/>
  <node id="2289070374" lat="54.2116959" lon="19.4692961"/>
  <node id="2289070380" lat="54.2117232" lon="19.4686028"/>
  <node id="2289070384" lat="54.2117296" lon="19.4691674"/>
  <node id="2289070525" lat="54.2141770" lon="19.4727517"/>
  <node id="2289070526" lat="54.2142156" lon="19.4725945"/>
  <node id="2289070527" lat="54.2142251" lon="19.4725846"/>
  <node id="2289070528" lat="54.2142050" lon="19.4726800"/>
  <node id="2289070529" lat="54.2142376" lon="19.4725717"/>
  <node id="2289070531" lat="54.2142712" lon="19.4725814"/>
  <node id="2289070532" lat="54.2142788" lon="19.4725837"/>
  <node id="2289070533" lat="54.2143461" lon="19.4726447"/>
  <node id="2289070534" lat="54.2143701" lon="19.4726665"/>
  <node id="2289070535" lat="54.2144095" lon="19.4726777"/>
  <node id="2289070536" lat="54.2144226" lon="19.4726526"/>
  <node id="2289070537" lat="54.2144256" lon="19.4726387"/>
  <node id="2289070538" lat="54.2144462" lon="19.4724919"/>
  <node id="2289070539" lat="54.2144838" lon="19.4727796"/>
  <node id="2289070540" lat="54.2144868" lon="19.4724376"/>
  <node id="2289070541" lat="54.2144901" lon="19.4727283"/>
  <node id="2289070542" lat="54.2144905" lon="19.4728226"/>
  <node id="2289070543" lat="54.2144947" lon="19.4728497"/>
  <node id="2289070544" lat="54.2144977" lon="19.4726670"/>
  <node id="2289070545" lat="54.2145002" lon="19.4728560"/>
  <node id="2289070546" lat="54.2145139" lon="19.4724479"/>
  <node id="2289070547" lat="54.2145334" lon="19.4725982"/>
  <node id="2289070548" lat="54.2145378" lon="19.4725221"/>
  <node id="2289070549" lat="54.2146118" lon="19.4730583"/>
  <node id="2289070550" lat="54.2146125" lon="19.4730986"/>
  <node id="2289070551" lat="54.2145883" lon="19.4729714"/>
  <node id="2289070552" lat="54.2147056" lon="19.4731599"/>
  <node id="2289070553" lat="54.2147185" lon="19.4731684"/>
  <node id="2289070554" lat="54.2147655" lon="19.4731375"/>
  <node id="2289070555" lat="54.2147737" lon="19.4735046"/>
  <node id="2289070556" lat="54.2147754" lon="19.4731310"/>
  <node id="2289070557" lat="54.2147788" lon="19.4734478"/>
  <node id="2289070558" lat="54.2147850" lon="19.4731206"/>
  <node id="2289070559" lat="54.2147973" lon="19.4731263"/>
  <node id="2289070560" lat="54.2148007" lon="19.4735885"/>
  <node id="2289070561" lat="54.2148047" lon="19.4734072"/>
  <node id="2289070562" lat="54.2148168" lon="19.4731595"/>
  <node id="2289070563" lat="54.2148320" lon="19.4734127"/>
  <node id="2289070564" lat="54.2148377" lon="19.4732139"/>
  <node id="2289070565" lat="54.2148437" lon="19.4736105"/>
  <node id="2289070566" lat="54.2148526" lon="19.4734102"/>
  <node id="2289070567" lat="54.2148589" lon="19.4732694"/>
  <node id="2289070568" lat="54.2148660" lon="19.4733342"/>
  <node id="2289070569" lat="54.2148651" lon="19.4733765"/>
  <node id="2289070570" lat="54.2148797" lon="19.4735773"/>
  <node id="2289070571" lat="54.2148991" lon="19.4735595"/>
  <node id="2289070572" lat="54.2149145" lon="19.4735440"/>
  <node id="2289070573" lat="54.2149605" lon="19.4735154"/>
  <node id="2289070574" lat="54.2150041" lon="19.4735177"/>
  <node id="2289070577" lat="54.2151706" lon="19.4734691"/>
  <node id="2289070579" lat="54.2152051" lon="19.4734850"/>
  <node id="2289070581" lat="54.2152296" lon="19.4734964"/>
  <node id="2289070582" lat="54.2152635" lon="19.4735171"/>
  <node id="2289070583" lat="54.2152994" lon="19.4735390"/>
  <node id="2289070584" lat="54.2153786" lon="19.4734955"/>
  <node id="2289070585" lat="54.2154330" lon="19.4735049"/>
  <node id="2289070586" lat="54.2155085" lon="19.4735476"/>
  <node id="2289070587" lat="54.2155788" lon="19.4735613"/>
  <node id="2289070588" lat="54.2156410" lon="19.4735982"/>
  <node id="2289070590" lat="54.2156900" lon="19.4736302"/>
  <node id="2289070591" lat="54.2157152" lon="19.4736288"/>
  <node id="2289070592" lat="54.2157595" lon="19.4736043"/>
  <node id="2289070593" lat="54.2157847" lon="19.4735904"/>
  <node id="2289070594" lat="54.2158331" lon="19.4735921"/>
  <node id="2289070595" lat="54.2159162" lon="19.4736664"/>
  <node id="2289070596" lat="54.2159404" lon="19.4736947"/>
  <node id="2289070599" lat="54.2160091" lon="19.4737354"/>
  <node id="2289070600" lat="54.2160653" lon="19.4737687"/>
  <node id="2289070601" lat="54.2160924" lon="19.4737682"/>
  <node id="2289070605" lat="54.2161205" lon="19.4737673"/>
  <node id="2289070608" lat="54.2161472" lon="19.4737836"/>
  <node id="2289070610" lat="54.2161654" lon="19.4738088"/>
  <node id="2289070617" lat="54.2161870" lon="19.4738673"/>
  <node id="2289070621" lat="54.2162031" lon="19.4739109"/>
  <node id="2289070625" lat="54.2162468" lon="19.4739624"/>
  <node id="2289070627" lat="54.2162677" lon="19.4740418"/>
  <node id="2289070630" lat="54.2162876" lon="19.4740985"/>
  <node id="2289070634" lat="54.2163487" lon="19.4741499"/>
  <node id="2289070635" lat="54.2163804" lon="19.4741810"/>
  <node id="2289070643" lat="54.2164086" lon="19.4742084"/>
  <node id="2289070645" lat="54.2164278" lon="19.4742514"/>
  <node id="2289070648" lat="54.2164499" lon="19.4743033"/>
  <node id="2289070653" lat="54.2164846" lon="19.4743224"/>
  <node id="2289070655" lat="54.2165068" lon="19.4743246"/>
  <node id="2289070662" lat="54.2166142" lon="19.4742993"/>
  <node id="2289070664" lat="54.2166631" lon="19.4742913"/>
  <node id="2289070665" lat="54.2166813" lon="19.4741553"/>
  <node id="2289070667" lat="54.2166791" lon="19.4742547"/>
  <node id="2289070673" lat="54.2166931" lon="19.4741425"/>
  <node id="2289070682" lat="54.2167406" lon="19.4742346"/>
  <node id="2289070684" lat="54.2167855" lon="19.4742566"/>
  <node id="2289070686" lat="54.2168205" lon="19.4741799"/>
  <node id="2289070688" lat="54.2168343" lon="19.4741496"/>
  <node id="2289070695" lat="54.2168567" lon="19.4741341"/>
  <node id="2289070697" lat="54.2168795" lon="19.4741554"/>
  <node id="2289070699" lat="54.2169480" lon="19.4742249"/>
  <node id="2289070701" lat="54.2169674" lon="19.4742446"/>
  <node id="2289070705" lat="54.2170008" lon="19.4742638"/>
  <node id="2289070708" lat="54.2170271" lon="19.4742529"/>
  <node id="2289070710" lat="54.2170468" lon="19.4742406"/>
  <node id="2289070712" lat="54.2170642" lon="19.4742141"/>
  <node id="2289070716" lat="54.2171611" lon="19.4740672"/>
  <node id="2289070723" lat="54.2172505" lon="19.4740645"/>
  <node id="2289070724" lat="54.2172801" lon="19.4740030"/>
  <node id="2289070726" lat="54.2172998" lon="19.4739812"/>
  <node id="2289070727" lat="54.2173168" lon="19.4739804"/>
  <node id="2289070729" lat="54.2173564" lon="19.4739808"/>
  <node id="2289070730" lat="54.2174283" lon="19.4740607"/>
  <node id="2289070733" lat="54.2175340" lon="19.4742035"/>
  <node id="2289070735" lat="54.2176570" lon="19.4742585"/>
  <node id="2289070736" lat="54.2177220" lon="19.4742542"/>
  <node id="2289070737" lat="54.2177457" lon="19.4742526"/>
  <node id="2289070739" lat="54.2178544" lon="19.4742411"/>
  <node id="2289070740" lat="54.2178779" lon="19.4742092"/>
  <node id="2289070741" lat="54.2178918" lon="19.4741363"/>
  <node id="2289070745" lat="54.2180395" lon="19.4740736"/>
  <node id="2289070747" lat="54.2181034" lon="19.4741145"/>
  <node id="2289070748" lat="54.2181540" lon="19.4741999"/>
  <node id="2289070752" lat="54.2182141" lon="19.4742873"/>
  <node id="2289070753" lat="54.2182907" lon="19.4743475"/>
  <node id="2289070754" lat="54.2183159" lon="19.4743785"/>
  <node id="2289070755" lat="54.2183327" lon="19.4743991"/>
  <node id="2289070757" lat="54.2183494" lon="19.4744821"/>
  <node id="2289070758" lat="54.2183611" lon="19.4745160"/>
  <node id="2289070760" lat="54.2183814" lon="19.4745311"/>
  <node id="2289070783" lat="54.2185826" lon="19.4744843"/>
  <node id="2289070786" lat="54.2186231" lon="19.4745073"/>
  <node id="2289070794" lat="54.2186723" lon="19.4745205"/>
  <node id="2289070795" lat="54.2186953" lon="19.4745023"/>
  <node id="2289070798" lat="54.2187115" lon="19.4744896"/>
  <node id="2289070802" lat="54.2187752" lon="19.4744558"/>
  <node id="2289070804" lat="54.2187890" lon="19.4742510"/>
  <node id="2289070806" lat="54.2187918" lon="19.4742954"/>
  <node id="2289070808" lat="54.2187972" lon="19.4744156"/>
  <node id="2289070810" lat="54.2188071" lon="19.4742138"/>
  <node id="2289070811" lat="54.2188333" lon="19.4742025"/>
  <node id="2289070819" lat="54.2189214" lon="19.4742343"/>
  <node id="2289070820" lat="54.2189387" lon="19.4742738"/>
  <node id="2289070821" lat="54.2189476" lon="19.4743254"/>
  <node id="2289070823" lat="54.2189546" lon="19.4743663"/>
  <node id="2289070826" lat="54.2189640" lon="19.4743980"/>
  <node id="2289070827" lat="54.2189763" lon="19.4744359"/>
  <node id="2289070828" lat="54.2189907" lon="19.4744534"/>
  <node id="2289070832" lat="54.2190386" lon="19.4745119"/>
  <node id="2289070833" lat="54.2190646" lon="19.4745719"/>
  <node id="2289070836" lat="54.2190969" lon="19.4746142"/>
  <node id="2289070840" lat="54.2191195" lon="19.4746215"/>
  <node id="2289070842" lat="54.2191381" lon="19.4746111"/>
  <node id="2289070846" lat="54.2191495" lon="19.4744896"/>
  <node id="2289070847" lat="54.2191622" lon="19.4744719"/>
  <node id="2289070850" lat="54.2191986" lon="19.4744526"/>
  <node id="2289070857" lat="54.2192969" lon="19.4744001"/>
  <node id="2289070861" lat="54.2193345" lon="19.4743828"/>
  <node id="2289070869" lat="54.2194030" lon="19.4743512"/>
  <node id="2289070870" lat="54.2194114" lon="19.4758975"/>
  <node id="2289070872" lat="54.2194228" lon="19.4758475"/>
  <node id="2289070873" lat="54.2194335" lon="19.4757738"/>
  <node id="2289070874" lat="54.2195193" lon="19.4757837"/>
  <node id="2289070875" lat="54.2194551" lon="19.4760048"/>
  <node id="2289070879" lat="54.2194925" lon="19.4760887"/>
  <node id="2289070880" lat="54.2195067" lon="19.4743469"/>
  <node id="2289070882" lat="54.2195118" lon="19.4762235"/>
  <node id="2289070884" lat="54.2195507" lon="19.4743556"/>
  <node id="2289070887" lat="54.2195916" lon="19.4758786"/>
  <node id="2289070888" lat="54.2196079" lon="19.4763166"/>
  <node id="2289070893" lat="54.2196456" lon="19.4743227"/>
  <node id="2289070894" lat="54.2196461" lon="19.4760001"/>
  <node id="2289070895" lat="54.2196567" lon="19.4747857"/>
  <node id="2289070898" lat="54.2196498" lon="19.4748422"/>
  <node id="2289070900" lat="54.2196623" lon="19.4749057"/>
  <node id="2289070902" lat="54.2196818" lon="19.4749466"/>
  <node id="2289070903" lat="54.2196575" lon="19.4761455"/>
  <node id="2289070905" lat="54.2196911" lon="19.4747225"/>
  <node id="2289070906" lat="54.2196922" lon="19.4765127"/>
  <node id="2289070907" lat="54.2196952" lon="19.4743642"/>
  <node id="2289070908" lat="54.2197115" lon="19.4765444"/>
  <node id="2289070909" lat="54.2197161" lon="19.4744501"/>
  <node id="2289070910" lat="54.2197301" lon="19.4750482"/>
  <node id="2289070911" lat="54.2197320" lon="19.4756947"/>
  <node id="2289070912" lat="54.2197456" lon="19.4756246"/>
  <node id="2289070913" lat="54.2197530" lon="19.4758620"/>
  <node id="2289070916" lat="54.2197617" lon="19.4761480"/>
  <node id="2289070919" lat="54.2197706" lon="19.4759486"/>
  <node id="2289070920" lat="54.2197823" lon="19.4755990"/>
  <node id="2289070923" lat="54.2198071" lon="19.4755989"/>
  <node id="2289070924" lat="54.2198217" lon="19.4760435"/>
  <node id="2289070925" lat="54.2198264" lon="19.4762235"/>
  <node id="2289070927" lat="54.2198384" lon="19.4761118"/>
  <node id="2289070928" lat="54.2198452" lon="19.4750922"/>
  <node id="2289070929" lat="54.2198515" lon="19.4752767"/>
  <node id="2289070930" lat="54.2198520" lon="19.4761677"/>
  <node id="2289070932" lat="54.2198647" lon="19.4755612"/>
  <node id="2289070934" lat="54.2198688" lon="19.4751178"/>
  <node id="2289070935" lat="54.2198746" lon="19.4754207"/>
  <node id="2289070936" lat="54.2198767" lon="19.4768872"/>
  <node id="2289070937" lat="54.2198781" lon="19.4755234"/>
  <node id="2289070942" lat="54.2199085" lon="19.4769092"/>
  <node id="2289070944" lat="54.2199718" lon="19.4768870"/>
  <node id="2289070950" lat="54.2200326" lon="19.4768092"/>
  <node id="2289070952" lat="54.2200560" lon="19.4767170"/>
  <node id="2289070956" lat="54.2201115" lon="19.4766716"/>
  <node id="2289070958" lat="54.2201249" lon="19.4766607"/>
  <node id="2289070962" lat="54.2201359" lon="19.4765720"/>
  <node id="2289070963" lat="54.2201454" lon="19.4765554"/>
  <node id="2289070968" lat="54.2202379" lon="19.4764796"/>
  <node id="2289070969" lat="54.2202971" lon="19.4763517"/>
  <node id="2289070970" lat="54.2203476" lon="19.4761993"/>
  <node id="2289070971" lat="54.2203553" lon="19.4761310"/>
  <node id="2289070973" lat="54.2203642" lon="19.4760527"/>
  <node id="2289070974" lat="54.2203694" lon="19.4760182"/>
  <node id="2289070978" lat="54.2204136" lon="19.4759886"/>
  <node id="2289070980" lat="54.2204577" lon="19.4759915"/>
  <node id="2289070983" lat="54.2204977" lon="19.4758904"/>
  <node id="2289070985" lat="54.2205254" lon="19.4758393"/>
  <node id="2289070987" lat="54.2205496" lon="19.4757948"/>
  <node id="2289070989" lat="54.2206308" lon="19.4756514"/>
  <node id="2289070990" lat="54.2206829" lon="19.4756296"/>
  <node id="2289070991" lat="54.2207218" lon="19.4756298"/>
  <node id="2289070993" lat="54.2207585" lon="19.4756626"/>
  <node id="2289070995" lat="54.2209304" lon="19.4759744"/>
  <node id="2289070997" lat="54.2209752" lon="19.4763977"/>
  <node id="2289070998" lat="54.2209873" lon="19.4764321"/>
  <node id="2289070999" lat="54.2209881" lon="19.4763593"/>
  <node id="2289071001" lat="54.2210328" lon="19.4761158"/>
  <node id="2289071003" lat="54.2210437" lon="19.4762719"/>
  <node id="2289071004" lat="54.2210505" lon="19.4761620"/>
  <node id="2289071005" lat="54.2210979" lon="19.4764884"/>
  <node id="2289071007" lat="54.2211335" lon="19.4764847"/>
  <node id="2289071010" lat="54.2211606" lon="19.4764538"/>
  <node id="2289071011" lat="54.2211633" lon="19.4763660"/>
  <node id="2289071012" lat="54.2211811" lon="19.4758864"/>
  <node id="2289071013" lat="54.2211878" lon="19.4759236"/>
  <node id="2289071014" lat="54.2211881" lon="19.4762625"/>
  <node id="2289071015" lat="54.2211907" lon="19.4758424"/>
  <node id="2289071017" lat="54.2212069" lon="19.4758261"/>
  <node id="2289071018" lat="54.2212076" lon="19.4761916"/>
  <node id="2289071019" lat="54.2212193" lon="19.4761598"/>
  <node id="2289071020" lat="54.2212235" lon="19.4761212"/>
  <node id="2289071021" lat="54.2213366" lon="19.4759321"/>
  <node id="2289071022" lat="54.2214188" lon="19.4759416"/>
  <node id="2289071023" lat="54.2214960" lon="19.4759505"/>
  <node id="2289071024" lat="54.2215028" lon="19.4768053"/>
  <node id="2289071025" lat="54.2215069" lon="19.4767584"/>
  <node id="2289071026" lat="54.2215179" lon="19.4759807"/>
  <node id="2289071027" lat="54.2215204" lon="19.4768575"/>
  <node id="2289071028" lat="54.2215389" lon="19.4766810"/>
  <node id="2289071029" lat="54.2215482" lon="19.4760224"/>
  <node id="2289071031" lat="54.2215833" lon="19.4766758"/>
  <node id="2289071033" lat="54.2215937" lon="19.4769969"/>
  <node id="2289071034" lat="54.2216222" lon="19.4770658"/>
  <node id="2289071035" lat="54.2216387" lon="19.4760008"/>
  <node id="2289071036" lat="54.2216685" lon="19.4760114"/>
  <node id="2289071037" lat="54.2216742" lon="19.4766607"/>
  <node id="2289071038" lat="54.2216892" lon="19.4771127"/>
  <node id="2289071039" lat="54.2216921" lon="19.4766843"/>
  <node id="2289071040" lat="54.2217034" lon="19.4767310"/>
  <node id="2289071041" lat="54.2217055" lon="19.4760244"/>
  <node id="2289071043" lat="54.2217178" lon="19.4767884"/>
  <node id="2289071044" lat="54.2217341" lon="19.4771441"/>
  <node id="2289071045" lat="54.2217429" lon="19.4760702"/>
  <node id="2289071046" lat="54.2217735" lon="19.4768592"/>
  <node id="2289071047" lat="54.2217771" lon="19.4766989"/>
  <node id="2289071048" lat="54.2217844" lon="19.4772217"/>
  <node id="2289071049" lat="54.2217853" lon="19.4765963"/>
  <node id="2289071050" lat="54.2217857" lon="19.4767593"/>
  <node id="2289071051" lat="54.2217946" lon="19.4764808"/>
  <node id="2289071052" lat="54.2217948" lon="19.4768237"/>
  <node id="2289071053" lat="54.2218181" lon="19.4761627"/>
  <node id="2289071054" lat="54.2218250" lon="19.4772795"/>
  <node id="2289071057" lat="54.2218495" lon="19.4762441"/>
  <node id="2289071059" lat="54.2218646" lon="19.4773229"/>
  <node id="2289071060" lat="54.2218889" lon="19.4772561"/>
  <node id="2289071061" lat="54.2218988" lon="19.4772923"/>
  <node id="2289071062" lat="54.2219021" lon="19.4771920"/>
  <node id="2289071064" lat="54.2219285" lon="19.4771848"/>
  <node id="2289071065" lat="54.2219559" lon="19.4771775"/>
  <node id="2289071066" lat="54.2219867" lon="19.4771541"/>
  <node id="2289071067" lat="54.2219956" lon="19.4771474"/>
  <node id="2289071068" lat="54.2220195" lon="19.4771529"/>
  <node id="2289071070" lat="54.2220475" lon="19.4772096"/>
  <node id="2289071071" lat="54.2220426" lon="19.4771731"/>
  <node id="2289071072" lat="54.2221135" lon="19.4772569"/>
  <node id="2289071073" lat="54.2221552" lon="19.4772708"/>
  <node id="2289071074" lat="54.2221865" lon="19.4772812"/>
  <node id="2289071076" lat="54.2222124" lon="19.4772188"/>
  <node id="2289071077" lat="54.2222453" lon="19.4771971"/>
  <node id="2289071078" lat="54.2222963" lon="19.4772060"/>
  <node id="2289071080" lat="54.2223271" lon="19.4772276"/>
  <node id="2289071081" lat="54.2223485" lon="19.4772888"/>
  <node id="2289071082" lat="54.2224660" lon="19.4773549"/>
  <node id="2289071083" lat="54.2225066" lon="19.4773053"/>
  <node id="2289071084" lat="54.2225195" lon="19.4771599"/>
  <node id="2289071085" lat="54.2225233" lon="19.4771182"/>
  <node id="2289071086" lat="54.2225387" lon="19.4772183"/>
  <node id="2289071088" lat="54.2226440" lon="19.4770799"/>
  <node id="2289071090" lat="54.2226790" lon="19.4770345"/>
  <node id="2289071091" lat="54.2227038" lon="19.4770087"/>
  <node id="2289071092" lat="54.2227910" lon="19.4769906"/>
  <node id="2289071093" lat="54.2228703" lon="19.4770317"/>
  <node id="2289071094" lat="54.2229138" lon="19.4770541"/>
  <node id="2289071095" lat="54.2229837" lon="19.4769813"/>
  <node id="2289071096" lat="54.2230158" lon="19.4770021"/>
  <node id="2289071097" lat="54.2230402" lon="19.4770128"/>
  <node id="2289071098" lat="54.2230679" lon="19.4769678"/>
  <node id="2289071100" lat="54.2231003" lon="19.4769734"/>
  <node id="2289071101" lat="54.2231163" lon="19.4770011"/>
  <node id="2289071102" lat="54.2231527" lon="19.4769829"/>
  <node id="2289071103" lat="54.2232003" lon="19.4769591"/>
  <node id="2289071104" lat="54.2232330" lon="19.4769268"/>
  <node id="2289071105" lat="54.2232660" lon="19.4768940"/>
  <node id="2289071106" lat="54.2232975" lon="19.4769021"/>
  <node id="2289071107" lat="54.2233184" lon="19.4767068"/>
  <node id="2289071108" lat="54.2233260" lon="19.4766388"/>
  <node id="2289071109" lat="54.2233323" lon="19.4769110"/>
  <node id="2289071110" lat="54.2233477" lon="19.4767793"/>
  <node id="2289071111" lat="54.2233497" lon="19.4768560"/>
  <node id="2289071112" lat="54.2233570" lon="19.4766318"/>
  <node id="2289071113" lat="54.2234109" lon="19.4766198"/>
  <node id="2289071115" lat="54.2235026" lon="19.4766997"/>
  <node id="2289071116" lat="54.2235234" lon="19.4768017"/>
  <node id="2289071118" lat="54.2235602" lon="19.4768511"/>
  <node id="2289071119" lat="54.2236271" lon="19.4769180"/>
  <node id="2289071121" lat="54.2236548" lon="19.4768944"/>
  <node id="2289071122" lat="54.2236947" lon="19.4767916"/>
  <node id="2289071123" lat="54.2237625" lon="19.4767032"/>
  <node id="2289071124" lat="54.2238227" lon="19.4766586"/>
  <node id="2289071125" lat="54.2238955" lon="19.4766831"/>
  <node id="2289071126" lat="54.2239018" lon="19.4767277"/>
  <node id="2289071128" lat="54.2239628" lon="19.4767561"/>
  <node id="2289071131" lat="54.2240646" lon="19.4767992"/>
  <node id="2289071133" lat="54.2241158" lon="19.4768616"/>
  <node id="2289071137" lat="54.2242011" lon="19.4768852"/>
  <node id="2289071141" lat="54.2242824" lon="19.4768876"/>
  <node id="2289071149" lat="54.2243522" lon="19.4769121"/>
  <node id="2289071157" lat="54.2244477" lon="19.4769096"/>
  <node id="2289071160" lat="54.2244827" lon="19.4769231"/>
  <node id="2289252574" lat="54.1557753" lon="19.4015415"/>
  <node id="2289252584" lat="54.1576298" lon="19.4103556"/>
  <node id="2289392643" lat="54.1539294" lon="19.4065065"/>
  <node id="2289392644" lat="54.1539637" lon="19.4067162"/>
  <node id="2289392645" lat="54.1539665" lon="19.4070895"/>
  <node id="2289392646" lat="54.1539708" lon="19.4069394"/>
  <node id="2289392647" lat="54.1539744" lon="19.4072090"/>
  <node id="2291788938" lat="54.1563998" lon="19.3997312"/>
  <node id="2291788941" lat="54.1563635" lon="19.4001745"/>
  <node id="2294018020" lat="54.1574246" lon="19.3967897"/>
  <node id="2294018021" lat="54.1573803" lon="19.3966164"/>
  <node id="2344151953" lat="54.1588035" lon="19.4046432">
    <tag k="crossing" v="uncontrolled"/>
    <tag k="crossing:markings" v="zebra"/>
    <tag k="highway" v="crossing"/>
  </node>
  <node id="2344153512" lat="54.1587784" lon="19.4042249">
    <tag k="crossing" v="uncontrolled"/>
    <tag k="crossing:markings" v="dots"/>
    <tag k="highway" v="crossing"/>
  </node>
  <node id="2344154482" lat="54.1560723" lon="19.4055252"/>
  <node id="2344216500" lat="54.1589056" lon="19.4074123">
    <tag k="railway" v="tram_crossing"/>
  </node>
  <node id="2353294953" lat="54.1565796" lon="19.4105318"/>
  <node id="2353320860" lat="54.1594911" lon="19.3988141"/>
  <node id="2353320864" lat="54.1594431" lon="19.3989185"/>
  <node id="2353320867" lat="54.1594615" lon="19.3988692"/>
  <node id="2353320868" lat="54.1594029" lon="19.3990661"/>
  <node id="2353320870" lat="54.1595108" lon="19.3987854">
    <tag k="railway" v="tram_level_crossing"/>
  </node>
  <node id="2355023022" lat="54.2218432" lon="19.4773063"/>
  <node id="2355023351" lat="54.2247752" lon="19.4769734"/>
  <node id="2355023355" lat="54.2248082" lon="19.4769696"/>
  <node id="2355023400" lat="54.2251531" lon="19.4766715"/>
  <node id="2355023412" lat="54.2251966" lon="19.4766690"/>
  <node id="2355023432" lat="54.2253112" lon="19.4767439"/>
  <node id="2355023445" lat="54.2254301" lon="19.4767671"/>
  <node id="2355023452" lat="54.2255002" lon="19.4768167"/>
  <node id="2355023455" lat="54.2255463" lon="19.4769244"/>
  <node id="2355023458" lat="54.2256210" lon="19.4770329"/>
  <node id="2355023461" lat="54.2256515" lon="19.4771764"/>
  <node id="2355023472" lat="54.2257599" lon="19.4771500"/>
  <node id="2355023479" lat="54.2258281" lon="19.4769954"/>
  <node id="2355023498" lat="54.2260150" lon="19.4770748"/>
  <node id="2355023509" lat="54.2261495" lon="19.4770879"/>
  <node id="2355023514" lat="54.2262018" lon="19.4772042"/>
  <node id="2355023525" lat="54.2263404" lon="19.4773420"/>
  <node id="2355023539" lat="54.2265770" lon="19.4774586"/>
  <node id="2355023540" lat="54.2266009" lon="19.4774060"/>
  <node id="2355023551" lat="54.2267301" lon="19.4773798"/>
  <node id="2355023558" lat="54.2267960" lon="19.4775357"/>
  <node id="2355023561" lat="54.2268313" lon="19.4775590"/>
  <node id="2355023562" lat="54.2268435" lon="19.4775669"/>
  <node id="2355023605" lat="54.2271131" lon="19.4778033"/>
  <node id="2355023635" lat="54.2272552" lon="19.4777174"/>
  <node id="2355023646" lat="54.2273288" lon="19.4777835"/>
  <node id="2355023648" lat="54.2273252" lon="19.4783658"/>
  <node id="2355023661" lat="54.2273846" lon="19.4779329"/>
  <node id="2355024331" lat="54.2274274" lon="19.4785895"/>
  <node id="2355024355" lat="54.2275221" lon="19.4786061"/>
  <node id="2355024361" lat="54.2275697" lon="19.4786849"/>
  <node id="2355024391" lat="54.2277173" lon="19.4787759"/>
  <node id="2355024396" lat="54.2277757" lon="19.4787601"/>
  <node id="2355024403" lat="54.2277961" lon="19.4787705"/>
  <node id="2355024411" lat="54.2278275" lon="19.4787867"/>
  <node id="2355024435" lat="54.2280099" lon="19.4790025"/>
  <node id="2355024454" lat="54.2280977" lon="19.4788724"/>
  <node id="2355024476" lat="54.2282031" lon="19.4787534"/>
  <node id="2355024497" lat="54.2282789" lon="19.4786662"/>
  <node id="2355024536" lat="54.2284612" lon="19.4786696"/>
  <node id="2355024562" lat="54.2285484" lon="19.4785830"/>
  <node id="2355024576" lat="54.2286440" lon="19.4786299"/>
  <node id="2355024628" lat="54.2289976" lon="19.4785549"/>
  <node id="2355024644" lat="54.2290619" lon="19.4786336"/>
  <node id="2355024677" lat="54.2292588" lon="19.4786932"/>
  <node id="2355024699" lat="54.2293485" lon="19.4788600"/>
  <node id="2355024718" lat="54.2294554" lon="19.4788298"/>
  <node id="2355024722" lat="54.2294976" lon="19.4788189"/>
  <node id="2355024738" lat="54.2296014" lon="19.4787305"/>
  <node id="2355024750" lat="54.2296850" lon="19.4787595"/>
  <node id="2355024887" lat="54.2299939" lon="19.4788667"/>
  <node id="2355024935" lat="54.2301437" lon="19.4790381"/>
  <node id="2355024978" lat="54.2302895" lon="19.4791904"/>
  <node id="2355025010" lat="54.2303763" lon="19.4794403"/>
  <node id="2355025072" lat="54.2306634" lon="19.4796300"/>
  <node id="2355025085" lat="54.2306761" lon="19.4796383"/>
  <node id="2361233182" lat="54.1579131" lon="19.4071557">
    <tag k="highway" v="turning_circle"/>
  </node>
  <node id="2380195004" lat="54.1592603" lon="19.3986977"/>
  <node id="2380195005" lat="54.1593960" lon="19.3993403"/>
  <node id="2380195006" lat="54.1594056" lon="19.3987609"/>
  <node id="2380195007" lat="54.1594060" lon="19.3994518"/>
  <node id="2380195008" lat="54.1593908" lon="19.3992720"/>
  <node id="2380195009" lat="54.1594227" lon="19.3993155"/>
  <node id="2380195010" lat="54.1594237" lon="19.3992052"/>
  <node id="2380195011" lat="54.1594311" lon="19.3991300"/>
  <node id="2380195012" lat="54.1594357" lon="19.3994858"/>
  <node id="2380195013" lat="54.1594423" lon="19.3990675"/>
  <node id="2380195014" lat="54.1594726" lon="19.3989595">
    <tag k="bench" v="yes"/>
    <tag k="name" v="Plac Słowiański"/>
    <tag k="network" v="ZKM Elbląg"/>
    <tag k="public_transport" v="stop_position"/>
    <tag k="railway" v="tram_stop"/>
    <tag k="ref" v="423"/>
    <tag k="shelter" v="yes"/>
    <tag k="tactile_paving" v="no"/>
    <tag k="tram" v="yes"/>
  </node>
  <node id="2380195015" lat="54.1594958" lon="19.3989078"/>
  <node id="2380195016" lat="54.1595201" lon="19.3988668"/>
  <node id="2380195018" lat="54.1595448" lon="19.3988312"/>
  <node id="2380195020" lat="54.1595920" lon="19.3986956"/>
  <node id="2380195021" lat="54.1595758" lon="19.3987929">
    <tag k="railway" v="tram_level_crossing"/>
  </node>
  <node id="2380195022" lat="54.1596306" lon="19.3986729"/>
  <node id="2380195023" lat="54.1596040" lon="19.3987642"/>
  <node id="2380195024" lat="54.1596325" lon="19.3987421"/>
  <node id="2380195025" lat="54.1597033" lon="19.3986495"/>
  <node id="2380195026" lat="54.1596881" lon="19.3987176"/>
  <node id="2380195027" lat="54.1597156" lon="19.3987090"/>
  <node id="2380195028" lat="54.1597456" lon="19.3987057"/>
  <node id="2380195031" lat="54.1601850" lon="19.3985210"/>
  <node id="2380195035" lat="54.1611731" lon="19.3986611">
    <tag k="railway" v="tram_level_crossing"/>
  </node>
  <node id="2380195036" lat="54.1611523" lon="19.3987214">
    <tag k="railway" v="tram_level_crossing"/>
  </node>
  <node id="2380195037" lat="54.1614912" lon="19.3987111"/>
  <node id="2380195038" lat="54.1615995" lon="19.3986351"/>
  <node id="2380195039" lat="54.1615976" lon="19.3986965"/>
  <node id="2380195041" lat="54.1616816" lon="19.3986775"/>
  <node id="2380195042" lat="54.1617650" lon="19.3986554"/>
  <node id="2380195045" lat="54.1618984" lon="19.3985994"/>
  <node id="2380195046" lat="54.1619740" lon="19.3985567"/>
  <node id="2380195047" lat="54.1620317" lon="19.3985150"/>
  <node id="2380195048" lat="54.1620859" lon="19.3984752"/>
  <node id="2380241121" lat="54.1625420" lon="19.3980288"/>
  <node id="2380241123" lat="54.1625615" lon="19.3980814"/>
  <node id="2385303451" lat="54.1590085" lon="19.4075485"/>
  <node id="2385303461" lat="54.1590358" lon="19.4105116"/>
  <node id="2385303481" lat="54.1590187" lon="19.4074986"/>
  <node id="2385303515" lat="54.1590488" lon="19.4105790">
    <tag k="railway" v="tram_level_crossing"/>
  </node>
  <node id="2385303534" lat="54.1590556" lon="19.4075747"/>
  <node id="2385303681" lat="54.1592146" lon="19.4078321"/>
  <node id="2385304674" lat="54.1598854" lon="19.4046908">
    <tag k="crossing" v="traffic_signals"/>
    <tag k="crossing:markings" v="zebra"/>
    <tag k="highway" v="crossing"/>
  </node>
  <node id="2385304760" lat="54.1601335" lon="19.4044334"/>
  <node id="2385304785" lat="54.1605910" lon="19.4044053"/>
  <node id="2385616722" lat="54.1594182" lon="19.3990003"/>
  <node id="2385616835" lat="54.1598608" lon="19.4048086"/>
  <node id="2385616836" lat="54.1598659" lon="19.4043521"/>
  <node id="2385616837" lat="54.1598744" lon="19.4045079"/>
  <node id="2385616838" lat="54.1598756" lon="19.4045933"/>
  <node id="2385616840" lat="54.1598948" lon="19.4043538"/>
  <node id="2385616850" lat="54.1598960" lon="19.4047082"/>
  <node id="2385616860" lat="54.1599027" lon="19.4045181"/>
  <node id="2385616864" lat="54.1599008" lon="19.4046146"/>
  <node id="2385616884" lat="54.1600180" lon="19.3985229"/>
  <node id="2399711515" lat="54.1587267" lon="19.4026040"/>
  <node id="2412954512" lat="54.1590424" lon="19.4121978"/>
  <node id="2412954515" lat="54.1618678" lon="19.4122255"/>
  <node id="2412954518" lat="54.1615236" lon="19.4118692"/>
  <node id="2412954519" lat="54.1621004" lon="19.4124560"/>
  <node id="2412954532" lat="54.1614096" lon="19.4163019"/>
  <node id="2412954560" lat="54.1612457" lon="19.4147383"/>
  <node id="2412954593" lat="54.1595472" lon="19.4135636"/>
  <node id="2412954602" lat="54.1613101" lon="19.4152622"/>
  <node id="2414222086" lat="54.1629506" lon="19.4157932"/>
  <node id="2414222100" lat="54.1622024" lon="19.4167165"/>
  <node id="2414222103" lat="54.1623198" lon="19.4166201"/>
  <node id="2414263605" lat="54.1587378" lon="19.4140001"/>
  <node id="2417861307" lat="54.1587570" lon="19.3984518"/>
  <node id="2417861308" lat="54.1588581" lon="19.3984677"/>
  <node id="2417861310" lat="54.1588870" lon="19.3983678"/>
  <node id="2417861311" lat="54.1589477" lon="19.3985031"/>
  <node id="2417861312" lat="54.1590307" lon="19.3985374"/>
  <node id="2417861313" lat="54.1590689" lon="19.3983427">
    <tag k="crossing" v="zebra"/>
    <tag k="highway" v="crossing"/>
  </node>
  <node id="2417861315" lat="54.1613236" lon="19.3987243">
    <tag k="railway" v="tram_level_crossing"/>
  </node>
  <node id="2417861316" lat="54.1613165" lon="19.3986609">
    <tag k="railway" v="tram_level_crossing"/>
  </node>
  <node id="2421608638" lat="54.1598965" lon="19.3988095"/>
  <node id="2421609780" lat="54.1608397" lon="19.3985184"/>
  <node id="2424616868" lat="54.1545687" lon="19.3975817"/>
  <node id="2424616883" lat="54.1550503" lon="19.3970526">
    <tag k="crossing:island" v="no"/>
    <tag k="crossing:markings" v="yes"/>
    <tag k="crossing:signals" v="no"/>
    <tag k="highway" v="crossing"/>
  </node>
  <node id="2424616890" lat="54.1550753" lon="19.3975092"/>
  <node id="2424616958" lat="54.1555543" lon="19.3986864"/>
  <node id="2424616962" lat="54.1557153" lon="19.3989206">
    <tag k="crossing" v="zebra"/>
    <tag k="highway" v="crossing"/>
  </node>
  <node id="2424616984" lat="54.1558990" lon="19.4068089"/>
  <node id="2424616987" lat="54.1559000" lon="19.3979591"/>
  <node id="2424616996" lat="54.1559683" lon="19.3982885"/>
  <node id="2424617160" lat="54.1593522" lon="19.3986255"/>
  <node id="2424617164" lat="54.1593743" lon="19.3987230"/>
  <node id="2424617167" lat="54.1593671" lon="19.3984761"/>
  <node id="2424617175" lat="54.1594330" lon="19.3984032"/>
  <node id="2424617214" lat="54.1595921" lon="19.3990947"/>
  <node id="2424617216" lat="54.1600100" lon="19.4042540">
    <tag k="crossing" v="traffic_signals"/>
    <tag k="crossing:markings" v="dots"/>
    <tag k="highway" v="crossing"/>
  </node>
  <node id="2424617217" lat="54.1600219" lon="19.4044301">
    <tag k="crossing" v="traffic_signals"/>
    <tag k="crossing:markings" v="dots"/>
    <tag k="highway" v="crossing"/>
  </node>
  <node id="2424617218" lat="54.1601401" lon="19.3990165">
    <tag k="crossing" v="zebra"/>
    <tag k="highway" v="crossing"/>
  </node>
  <node id="2424657510" lat="54.1576325" lon="19.4104356"/>
  <node id="2424657537" lat="54.1591301" lon="19.4136529"/>
  <node id="2424657584" lat="54.1603988" lon="19.4137547"/>
  <node id="2424657585" lat="54.1612660" lon="19.4159599"/>
  <node id="2424657586" lat="54.1612838" lon="19.4160631"/>
  <node id="2424657587" lat="54.1613180" lon="19.4150198"/>
  <node id="2445999515" lat="54.1532575" lon="19.4021038"/>
  <node id="2462423622" lat="54.1754329" lon="19.4360385"/>
  <node id="2462423623" lat="54.1758793" lon="19.4366350"/>
  <node id="2462423624" lat="54.1762015" lon="19.4369843"/>
  <node id="2462423625" lat="54.1765215" lon="19.4372308"/>
  <node id="2462423626" lat="54.1769046" lon="19.4373309"/>
  <node id="2462423627" lat="54.1771435" lon="19.4372231"/>
  <node id="2462423628" lat="54.1775356" lon="19.4371076"/>
  <node id="2462423631" lat="54.1775672" lon="19.4388634"/>
  <node id="2462423632" lat="54.1776407" lon="19.4379270"/>
  <node id="2462423634" lat="54.1777204" lon="19.4391252"/>
  <node id="2462423635" lat="54.1777250" lon="19.4375080"/>
  <node id="2462423636" lat="54.1778440" lon="19.4395796"/>
  <node id="2462423637" lat="54.1778466" lon="19.4394487"/>
  <node id="2462423638" lat="54.1778557" lon="19.4392485"/>
  <node id="2462423639" lat="54.1780134" lon="19.4400186"/>
  <node id="2462423640" lat="54.1785646" lon="19.4406036"/>
  <node id="2462423648" lat="54.1794290" lon="19.4435538"/>
  <node id="2462423649" lat="54.1796254" lon="19.4436011"/>
  <node id="2462423650" lat="54.1798924" lon="19.4434730"/>
  <node id="2462423651" lat="54.1803223" lon="19.4436550"/>
  <node id="2462423652" lat="54.1805095" lon="19.4443330"/>
  <node id="2462423653" lat="54.1807702" lon="19.4445897"/>
  <node id="2462423654" lat="54.1809520" lon="19.4444811"/>
  <node id="2462423655" lat="54.1810902" lon="19.4442530"/>
  <node id="2462423656" lat="54.1812618" lon="19.4455071"/>
  <node id="2462423657" lat="54.1812884" lon="19.4451786"/>
  <node id="2462423658" lat="54.1811649" lon="19.4441575"/>
  <node id="2462423659" lat="54.1813128" lon="19.4457629"/>
  <node id="2462423660" lat="54.1812918" lon="19.4447921"/>
  <node id="2462423661" lat="54.1812664" lon="19.4443625"/>
  <node id="2462423662" lat="54.1814944" lon="19.4457748"/>
  <node id="2462423663" lat="54.1815079" lon="19.4477339"/>
  <node id="2462423664" lat="54.1815551" lon="19.4481146"/>
  <node id="2462423665" lat="54.1815754" lon="19.4470417"/>
  <node id="2462423666" lat="54.1816834" lon="19.4482811"/>
  <node id="2462423667" lat="54.1816353" lon="19.4457561"/>
  <node id="2462423668" lat="54.1817307" lon="19.4468687"/>
  <node id="2462423669" lat="54.1819749" lon="19.4484148"/>
  <node id="2462423670" lat="54.1819661" lon="19.4460971"/>
  <node id="2462423671" lat="54.1820480" lon="19.4466264"/>
  <node id="2462423672" lat="54.1821022" lon="19.4487541"/>
  <node id="2462423673" lat="54.1821378" lon="19.4462508"/>
  <node id="2462423674" lat="54.1823160" lon="19.4463214"/>
  <node id="2462423675" lat="54.1822938" lon="19.4489350"/>
  <node id="2462423676" lat="54.1824019" lon="19.4489094"/>
  <node id="2462423678" lat="54.1830213" lon="19.4500140"/>
  <node id="2462423679" lat="54.1829883" lon="19.4498430"/>
  <node id="2462423680" lat="54.1831355" lon="19.4500229"/>
  <node id="2462423681" lat="54.1829133" lon="19.4492806"/>
  <node id="2462423682" lat="54.1829587" lon="19.4497111"/>
  <node id="2462423683" lat="54.1832447" lon="19.4500054"/>
  <node id="2462423684" lat="54.1833721" lon="19.4500338"/>
  <node id="2462423685" lat="54.1835651" lon="19.4500558"/>
  <node id="2462423686" lat="54.1835908" lon="19.4498361"/>
  <node id="2462423687" lat="54.1842255" lon="19.4492648"/>
  <node id="2462423688" lat="54.1843580" lon="19.4494592"/>
  <node id="2462423689" lat="54.1844228" lon="19.4494417"/>
  <node id="2462423690" lat="54.1845546" lon="19.4493944"/>
  <node id="2462423691" lat="54.1850797" lon="19.4488528"/>
  <node id="2462423692" lat="54.1851811" lon="19.4487832"/>
  <node id="2462423693" lat="54.1855265" lon="19.4493090"/>
  <node id="2462423694" lat="54.1858508" lon="19.4494453"/>
  <node id="2462423695" lat="54.1859470" lon="19.4495204"/>
  <node id="2462423696" lat="54.1868084" lon="19.4486536"/>
  <node id="2462423697" lat="54.1868704" lon="19.4538984"/>
  <node id="2462423698" lat="54.1868841" lon="19.4524990"/>
  <node id="2462423699" lat="54.1869372" lon="19.4494978"/>
  <node id="2462423700" lat="54.1869667" lon="19.4492651"/>
  <node id="2462423701" lat="54.1869736" lon="19.4487006"/>
  <node id="2462423702" lat="54.1869077" lon="19.4540042"/>
  <node id="2462423703" lat="54.1870493" lon="19.4505351"/>
  <node id="2462423704" lat="54.1870737" lon="19.4498952"/>
  <node id="2462423705" lat="54.1872695" lon="19.4542277"/>
  <node id="2462423706" lat="54.1873933" lon="19.4541336"/>
  <node id="2462423707" lat="54.1874353" lon="19.4540594"/>
  <node id="2462423708" lat="54.1875990" lon="19.4537519"/>
  <node id="2462423709" lat="54.1878186" lon="19.4539943"/>
  <node id="2462423710" lat="54.1882878" lon="19.4532256"/>
  <node id="2462423711" lat="54.1885995" lon="19.4531720"/>
  <node id="2462423712" lat="54.1888349" lon="19.4533215"/>
  <node id="2462423713" lat="54.1888475" lon="19.4539593"/>
  <node id="2462423714" lat="54.1888559" lon="19.4546401"/>
  <node id="2462423715" lat="54.1888910" lon="19.4535852"/>
  <node id="2462423716" lat="54.1890594" lon="19.4554193"/>
  <node id="2462423717" lat="54.1893890" lon="19.4559468"/>
  <node id="2462423718" lat="54.1899782" lon="19.4558149"/>
  <node id="2462423719" lat="54.1902658" lon="19.4588119"/>
  <node id="2462423720" lat="54.1903109" lon="19.4596391"/>
  <node id="2462423721" lat="54.1903289" lon="19.4558389"/>
  <node id="2462423722" lat="54.1904201" lon="19.4561146"/>
  <node id="2462423723" lat="54.1904819" lon="19.4598971"/>
  <node id="2462423724" lat="54.1904972" lon="19.4567260"/>
  <node id="2462423725" lat="54.1905253" lon="19.4571695"/>
  <node id="2462423726" lat="54.1905152" lon="19.4581793"/>
  <node id="2462423727" lat="54.1905450" lon="19.4577678"/>
  <node id="2462423728" lat="54.1909881" lon="19.4600490"/>
  <node id="2462423729" lat="54.1913170" lon="19.4595236"/>
  <node id="2462423730" lat="54.1913345" lon="19.4592935"/>
  <node id="2462423731" lat="54.1919605" lon="19.4589859"/>
  <node id="2462423732" lat="54.1922589" lon="19.4591356"/>
  <node id="2462423733" lat="54.1923186" lon="19.4612323"/>
  <node id="2462423734" lat="54.1923251" lon="19.4607211"/>
  <node id="2462423735" lat="54.1923966" lon="19.4622975"/>
  <node id="2462423736" lat="54.1924037" lon="19.4593769"/>
  <node id="2462423737" lat="54.1924180" lon="19.4597313"/>
  <node id="2462423738" lat="54.1926481" lon="19.4627166"/>
  <node id="2462423739" lat="54.1934046" lon="19.4617598"/>
  <node id="2462423740" lat="54.1935113" lon="19.4615333"/>
  <node id="2462423741" lat="54.1935672" lon="19.4614349"/>
  <node id="2462423742" lat="54.1939512" lon="19.4607265"/>
  <node id="2462423743" lat="54.1942911" lon="19.4601835"/>
  <node id="2462423744" lat="54.1945914" lon="19.4600490"/>
  <node id="2462423745" lat="54.1947916" lon="19.4623953"/>
  <node id="2462423746" lat="54.1948756" lon="19.4612630"/>
  <node id="2462423747" lat="54.1948130" lon="19.4605134"/>
  <node id="2462423748" lat="54.1949703" lon="19.4634218"/>
  <node id="2462423749" lat="54.1955104" lon="19.4639686"/>
  <node id="2462423750" lat="54.1957514" lon="19.4641032"/>
  <node id="2462423751" lat="54.1963477" lon="19.4645059"/>
  <node id="2462423753" lat="54.1965826" lon="19.4655224"/>
  <node id="2462423754" lat="54.1966708" lon="19.4657859"/>
  <node id="2462423755" lat="54.1971646" lon="19.4672477"/>
  <node id="2462423756" lat="54.1978133" lon="19.4681137"/>
  <node id="2462423757" lat="54.1978651" lon="19.4686117"/>
  <node id="2462423758" lat="54.1979380" lon="19.4687487"/>
  <node id="2462423759" lat="54.1984263" lon="19.4693716"/>
  <node id="2462423760" lat="54.1989509" lon="19.4694338"/>
  <node id="2462423761" lat="54.1994756" lon="19.4695958"/>
  <node id="2462423762" lat="54.1997671" lon="19.4699695"/>
  <node id="2509331210" lat="54.1517093" lon="19.4062430"/>
  <node id="2509331211" lat="54.1529244" lon="19.4055602"/>
  <node id="2509331212" lat="54.1528717" lon="19.4075095"/>
  <node id="2509331213" lat="54.1528315" lon="19.4065762"/>
  <node id="2509779040" lat="54.1601855" lon="19.4044372"/>
  <node id="2516835211" lat="54.1512618" lon="19.4203809"/>
  <node id="2516835230" lat="54.1513296" lon="19.4200417"/>
  <node id="2516835241" lat="54.1513721" lon="19.4199967"/>
  <node id="2516835272" lat="54.1514975" lon="19.4195252"/>
  <node id="2516835466" lat="54.1517128" lon="19.4191512"/>
  <node id="2516835474" lat="54.1517397" lon="19.4190781"/>
  <node id="2516835962" lat="54.1519186" lon="19.4185408"/>
  <node id="2516836127" lat="54.1520691" lon="19.4182228"/>
  <node id="2516836426" lat="54.1528551" lon="19.4156989"/>
  <node id="2516836455" lat="54.1528719" lon="19.4157665"/>
  <node id="2516836844" lat="54.1532232" lon="19.4148320"/>
  <node id="2516837604" lat="54.1555465" lon="19.4077853"/>
  <node id="2516837615" lat="54.1555569" lon="19.4078398"/>
  <node id="2516837626" lat="54.1556010" lon="19.4076624"/>
  <node id="2516837636" lat="54.1556113" lon="19.4077149"/>
  <node id="2516837681" lat="54.1557151" lon="19.4075011">
    <tag k="railway" v="tram_level_crossing"/>
  </node>
  <node id="2516837697" lat="54.1558508" lon="19.4074563">
    <tag k="bicycle" v="yes"/>
    <tag k="railway" v="tram_crossing"/>
  </node>
  <node id="2518367290" lat="54.1624388" lon="19.4164230"/>
  <node id="2518367313" lat="54.1635884" lon="19.4138995"/>
  <node id="2518367385" lat="54.1628145" lon="19.4158231"/>
  <node id="2518367400" lat="54.1617213" lon="19.4165719"/>
  <node id="2575638100" lat="54.1555900" lon="19.4100890"/>
  <node id="2785115713" lat="54.1564781" lon="19.4106694"/>
  <node id="2785115716" lat="54.1566232" lon="19.4107095"/>
  <node id="2785115717" lat="54.1567575" lon="19.4106756"/>
  <node id="2785115723" lat="54.1578794" lon="19.4073753"/>
  <node id="2785115724" lat="54.1578910" lon="19.4072562"/>
  <node id="2785115725" lat="54.1580857" lon="19.4096033"/>
  <node id="2785115726" lat="54.1581584" lon="19.4096474"/>
  <node id="2785115728" lat="54.1581652" lon="19.4095445"/>
  <node id="2785115729" lat="54.1581697" lon="19.4091205"/>
  <node id="2785115732" lat="54.1583447" lon="19.4095348"/>
  <node id="2785115741" lat="54.1582346" lon="19.4096978"/>
  <node id="2785115745" lat="54.1584745" lon="19.4090188"/>
  <node id="2785115765" lat="54.1585709" lon="19.4087928"/>
  <node id="2785115777" lat="54.1584005" lon="19.4087354"/>
  <node id="2785115780" lat="54.1587503" lon="19.4088268"/>
  <node id="2785115782" lat="54.1588151" lon="19.4088407">
    <tag k="highway" v="turning_circle"/>
  </node>
  <node id="2785115805" lat="54.1590334" lon="19.4081223"/>
  <node id="2807040260" lat="54.1580079" lon="19.3977309"/>
  <node id="2807040261" lat="54.1597389" lon="19.3974710"/>
  <node id="2807538539" lat="54.1747900" lon="19.4265625"/>
  <node id="2934458253" lat="54.1580131" lon="19.3987965">
    <tag k="highway" v="traffic_signals"/>
    <tag k="traffic_signals:direction" v="forward"/>
  </node>
  <node id="3029162205" lat="54.1578138" lon="19.3961955"/>
  <node id="3029207015" lat="54.1603638" lon="19.3973625"/>
  <node id="3077094966" lat="54.1503716" lon="19.4030824"/>
  <node id="3184410291" lat="54.1564691" lon="19.3972489"/>
  <node id="3184410294" lat="54.1565499" lon="19.3973415"/>
  <node id="3184410295" lat="54.1565620" lon="19.3976597"/>
  <node id="3186777531" lat="54.1579429" lon="19.4013439"/>
  <node id="3186777534" lat="54.1579667" lon="19.4027942"/>
  <node id="3186777536" lat="54.1579653" lon="19.4036358"/>
  <node id="3186777566" lat="54.1596472" lon="19.3968744"/>
  <node id="3187749288" lat="54.1551562" lon="19.4114183"/>
  <node id="3187749311" lat="54.1554569" lon="19.4125764"/>
  <node id="3187749312" lat="54.1554911" lon="19.4115364"/>
  <node id="3187749322" lat="54.1556422" lon="19.4114941"/>
  <node id="3187749325" lat="54.1556951" lon="19.4114048"/>
  <node id="3187749326" lat="54.1558478" lon="19.4085219"/>
  <node id="3187749329" lat="54.1558442" lon="19.4110835"/>
  <node id="3187749334" lat="54.1559156" lon="19.4110192"/>
  <node id="3187749382" lat="54.1575787" lon="19.4138554"/>
  <node id="3210773919" lat="54.1545288" lon="19.4039762"/>
  <node id="3210775942" lat="54.1545091" lon="19.4040266"/>
  <node id="3210775947" lat="54.1545334" lon="19.4038808"/>
  <node id="3210776198" lat="54.1544858" lon="19.4040271"/>
  <node id="3210776333" lat="54.1545247" lon="19.4040072"/>
  <node id="3262390142" lat="54.2117299" lon="19.4686786"/>
  <node id="3262390143" lat="54.2117425" lon="19.4688746"/>
  <node id="3262390144" lat="54.2117409" lon="19.4690777"/>
  <node id="3262390145" lat="54.2117139" lon="19.4692522"/>
  <node id="3262390146" lat="54.2115980" lon="19.4694035"/>
  <node id="3262390147" lat="54.2115327" lon="19.4695061"/>
  <node id="3262390148" lat="54.2115063" lon="19.4696298"/>
  <node id="3262390149" lat="54.2114745" lon="19.4697052"/>
  <node id="3262390150" lat="54.2114161" lon="19.4697122"/>
  <node id="3262390151" lat="54.2113757" lon="19.4697293"/>
  <node id="3262390152" lat="54.2113916" lon="19.4697927"/>
  <node id="3262390153" lat="54.2114216" lon="19.4699295"/>
  <node id="3262390154" lat="54.2115239" lon="19.4699948"/>
  <node id="3262390155" lat="54.2116051" lon="19.4700913"/>
  <node id="3262390156" lat="54.2116333" lon="19.4701939"/>
  <node id="3262390157" lat="54.2117144" lon="19.4702844"/>
  <node id="3262390158" lat="54.2117691" lon="19.4703326"/>
  <node id="3262390159" lat="54.2118384" lon="19.4704744"/>
  <node id="3262390160" lat="54.2119056" lon="19.4704896"/>
  <node id="3262395361" lat="54.2119870" lon="19.4703958"/>
  <node id="3262395362" lat="54.2120329" lon="19.4702779"/>
  <node id="3262395363" lat="54.2121143" lon="19.4702537"/>
  <node id="3262395364" lat="54.2121416" lon="19.4703022"/>
  <node id="3262395365" lat="54.2121744" lon="19.4704623"/>
  <node id="3262395366" lat="54.2122416" lon="19.4704684"/>
  <node id="3262395367" lat="54.2122681" lon="19.4704654"/>
  <node id="3262395368" lat="54.2123407" lon="19.4704775"/>
  <node id="3262395369" lat="54.2123707" lon="19.4705137"/>
  <node id="3262395370" lat="54.2123972" lon="19.4706045"/>
  <node id="3262395371" lat="54.2123990" lon="19.4707194"/>
  <node id="3262395372" lat="54.2123690" lon="19.4707859"/>
  <node id="3262395373" lat="54.2122894" lon="19.4708101"/>
  <node id="3262395374" lat="54.2121939" lon="19.4708131"/>
  <node id="3262395375" lat="54.2121532" lon="19.4708283"/>
  <node id="3262395376" lat="54.2121090" lon="19.4710218"/>
  <node id="3262395377" lat="54.2121373" lon="19.4711942"/>
  <node id="3262395378" lat="54.2121426" lon="19.4714149"/>
  <node id="3262395379" lat="54.2121780" lon="19.4715480"/>
  <node id="3262395380" lat="54.2123209" lon="19.4716486"/>
  <node id="3262395381" lat="54.2123741" lon="19.4716364"/>
  <node id="3262395382" lat="54.2124379" lon="19.4716122"/>
  <node id="3262395383" lat="54.2124840" lon="19.4715273"/>
  <node id="3262395384" lat="54.2124982" lon="19.4714758"/>
  <node id="3262395385" lat="54.2124645" lon="19.4712575"/>
  <node id="3262395386" lat="54.2125088" lon="19.4711332"/>
  <node id="3262395387" lat="54.2125531" lon="19.4710362"/>
  <node id="3262395388" lat="54.2126205" lon="19.4709755"/>
  <node id="3262395389" lat="54.2127038" lon="19.4709937"/>
  <node id="3262395390" lat="54.2127553" lon="19.4708815"/>
  <node id="3262395391" lat="54.2128014" lon="19.4708997"/>
  <node id="3262395392" lat="54.2127801" lon="19.4710483"/>
  <node id="3262395393" lat="54.2127765" lon="19.4711635"/>
  <node id="3262395394" lat="54.2128386" lon="19.4713363"/>
  <node id="3262395395" lat="54.2129450" lon="19.4713969"/>
  <node id="3262395396" lat="54.2130460" lon="19.4714333"/>
  <node id="3262395397" lat="54.2130921" lon="19.4714212"/>
  <node id="3262395398" lat="54.2131081" lon="19.4714909"/>
  <node id="3262395399" lat="54.2130850" lon="19.4715667"/>
  <node id="3262395400" lat="54.2130070" lon="19.4716122"/>
  <node id="3262395401" lat="54.2129485" lon="19.4716455"/>
  <node id="3262395402" lat="54.2129662" lon="19.4717425"/>
  <node id="3262395403" lat="54.2129999" lon="19.4718244"/>
  <node id="3262395404" lat="54.2129538" lon="19.4718850"/>
  <node id="3262395405" lat="54.2129095" lon="19.4720093"/>
  <node id="3262395406" lat="54.2129024" lon="19.4720851"/>
  <node id="3262395407" lat="54.2129060" lon="19.4722216"/>
  <node id="3262395408" lat="54.2129343" lon="19.4722761"/>
  <node id="3262395409" lat="54.2130584" lon="19.4723489"/>
  <node id="3262395410" lat="54.2131240" lon="19.4723307"/>
  <node id="3262395411" lat="54.2131293" lon="19.4721367"/>
  <node id="3262395412" lat="54.2131737" lon="19.4721094"/>
  <node id="3262395413" lat="54.2132180" lon="19.4722003"/>
  <node id="3262395414" lat="54.2132623" lon="19.4721821"/>
  <node id="3262395415" lat="54.2132800" lon="19.4720821"/>
  <node id="3262395416" lat="54.2132853" lon="19.4719911"/>
  <node id="3262395417" lat="54.2133190" lon="19.4719669"/>
  <node id="3262395418" lat="54.2133651" lon="19.4720912"/>
  <node id="3262395419" lat="54.2133917" lon="19.4721306"/>
  <node id="3262395420" lat="54.2134684" lon="19.4721352"/>
  <node id="3262395421" lat="54.2135057" lon="19.4721291"/>
  <node id="3262395422" lat="54.2135217" lon="19.4721778"/>
  <node id="3262395423" lat="54.2134950" lon="19.4723176"/>
  <node id="3262395424" lat="54.2135092" lon="19.4724088"/>
  <node id="3262395425" lat="54.2135537" lon="19.4724392"/>
  <node id="3262395426" lat="54.2135963" lon="19.4723966"/>
  <node id="3262395427" lat="54.2136248" lon="19.4722416"/>
  <node id="3262395428" lat="54.2136496" lon="19.4722538"/>
  <node id="3262395429" lat="54.2136941" lon="19.4723693"/>
  <node id="3262395430" lat="54.2137385" lon="19.4724756"/>
  <node id="3262395431" lat="54.2137883" lon="19.4725212"/>
  <node id="3262395432" lat="54.2138362" lon="19.4725182"/>
  <node id="3262395433" lat="54.2138665" lon="19.4723480"/>
  <node id="3262395434" lat="54.2138842" lon="19.4722598"/>
  <node id="3262395435" lat="54.2139660" lon="19.4722872"/>
  <node id="3262395436" lat="54.2140033" lon="19.4722264"/>
  <node id="3262395437" lat="54.2140495" lon="19.4722173"/>
  <node id="3262395438" lat="54.2140981" lon="19.4722446"/>
  <node id="3262395439" lat="54.2141123" lon="19.4723257"/>
  <node id="3262395440" lat="54.2141147" lon="19.4724351"/>
  <node id="3262395441" lat="54.2141005" lon="19.4725162"/>
  <node id="3262395442" lat="54.2140294" lon="19.4725162"/>
  <node id="3262395443" lat="54.2139844" lon="19.4725526"/>
  <node id="3262395444" lat="54.2139820" lon="19.4726742"/>
  <node id="3262395445" lat="54.2140128" lon="19.4727066"/>
  <node id="3262395446" lat="54.2140317" lon="19.4728201"/>
  <node id="3262395447" lat="54.2140649" lon="19.4728728"/>
  <node id="3262395448" lat="54.2141692" lon="19.4728079"/>
  <node id="3262419578" lat="54.1931011" lon="19.4621827"/>
  <node id="3262419579" lat="54.1929501" lon="19.4624350"/>
  <node id="3262419580" lat="54.1927991" lon="19.4625934"/>
  <node id="3262419581" lat="54.1925041" lon="19.4627294"/>
  <node id="3262419582" lat="54.1923666" lon="19.4625288"/>
  <node id="3262419583" lat="54.1924078" lon="19.4626814"/>
  <node id="3262419584" lat="54.1922190" lon="19.4620713"/>
  <node id="3262419585" lat="54.1921778" lon="19.4617897"/>
  <node id="3262419595" lat="54.1947652" lon="19.4602666"/>
  <node id="3262419596" lat="54.1938373" lon="19.4612571"/>
  <node id="3262419600" lat="54.1948353" lon="19.4630240"/>
  <node id="3262419601" lat="54.1953780" lon="19.4637236"/>
  <node id="3262419607" lat="54.1965530" lon="19.4652748"/>
  <node id="3262419608" lat="54.1974756" lon="19.4672679"/>
  <node id="3262419609" lat="54.1975739" lon="19.4673699"/>
  <node id="3262419610" lat="54.1976650" lon="19.4675856"/>
  <node id="3262419611" lat="54.1977747" lon="19.4677432"/>
  <node id="3262419612" lat="54.1967283" lon="19.4665896"/>
  <node id="3262419613" lat="54.1992334" lon="19.4693975"/>
  <node id="3262419620" lat="54.1995761" lon="19.4698140"/>
  <node id="3277671761" lat="54.1585790" lon="19.3977475"/>
  <node id="3277671783" lat="54.1591443" lon="19.3985972"/>
  <node id="3277671784" lat="54.1591683" lon="19.3985903"/>
  <node id="3277671786" lat="54.1591810" lon="19.3983653"/>
  <node id="3277671787" lat="54.1591893" lon="19.3985702"/>
  <node id="3277671788" lat="54.1592036" lon="19.3983981"/>
  <node id="3277671789" lat="54.1592104" lon="19.3985163"/>
  <node id="3277671790" lat="54.1592113" lon="19.3984277"/>
  <node id="3277671791" lat="54.1592159" lon="19.3984705"/>
  <node id="3277671792" lat="54.1593221" lon="19.3987294"/>
  <node id="3277671793" lat="54.1593520" lon="19.3985585"/>
  <node id="3277671794" lat="54.1593566" lon="19.3985152"/>
  <node id="3277671795" lat="54.1593576" lon="19.3986757"/>
  <node id="3277671796" lat="54.1593899" lon="19.3992090"/>
  <node id="3277671797" lat="54.1593827" lon="19.3984400"/>
  <node id="3277671798" lat="54.1594025" lon="19.3984178"/>
  <node id="3277671800" lat="54.1594557" lon="19.3990119"/>
  <node id="3277671802" lat="54.1596624" lon="19.3987265"/>
  <node id="3277671805" lat="54.1602042" lon="19.3958843">
    <tag k="crossing:signals" v="no"/>
    <tag k="highway" v="crossing"/>
  </node>
  <node id="3277671806" lat="54.1602748" lon="19.3965568"/>
  <node id="3277671846" lat="54.1618218" lon="19.3985710"/>
  <node id="3277671847" lat="54.1618394" lon="19.3986281"/>
  <node id="3277671848" lat="54.1619548" lon="19.3985010"/>
  <node id="3303500090" lat="54.1547137" lon="19.4104328"/>
  <node id="3303500092" lat="54.1556718" lon="19.4076269">
    <tag k="railway" v="tram_level_crossing"/>
  </node>
  <node id="3313256052" lat="54.1754112" lon="19.4360112"/>
  <node id="3313256054" lat="54.1755363" lon="19.4362473"/>
  <node id="3313256060" lat="54.1782942" lon="19.4404354"/>
  <node id="3350705402" lat="54.1591726" lon="19.4131132"/>
  <node id="3350705403" lat="54.1591843" lon="19.4134097">
    <tag k="railway" v="tram_crossing"/>
  </node>
  <node id="3350705407" lat="54.1592205" lon="19.4133940">
    <tag k="railway" v="tram_crossing"/>
  </node>
  <node id="3350705410" lat="54.1597572" lon="19.4091530"/>
  <node id="3350705411" lat="54.1597654" lon="19.4088896"/>
  <node id="3350705412" lat="54.1597877" lon="19.4089863"/>
  <node id="3350705413" lat="54.1597803" lon="19.4072181"/>
  <node id="3350708395" lat="54.1588973" lon="19.4119256"/>
  <node id="3350708397" lat="54.1589468" lon="19.4120152"/>
  <node id="3350708398" lat="54.1590008" lon="19.4105984"/>
  <node id="3350708402" lat="54.1592905" lon="19.4144254"/>
  <node id="3350708403" lat="54.1596621" lon="19.4084885"/>
  <node id="3350708407" lat="54.1601002" lon="19.4088388">
    <tag k="railway" v="tram_crossing"/>
  </node>
  <node id="3350710399" lat="54.1589269" lon="19.4112073"/>
  <node id="3350710407" lat="54.1591313" lon="19.4102347"/>
  <node id="3350710413" lat="54.1592398" lon="19.4101109"/>
  <node id="3350710414" lat="54.1592786" lon="19.4100453"/>
  <node id="3350710416" lat="54.1597393" lon="19.4092563"/>
  <node id="3350710428" lat="54.1600738" lon="19.4088825">
    <tag k="bicycle" v="yes"/>
    <tag k="railway" v="tram_crossing"/>
  </node>
  <node id="3350716499" lat="54.1588992" lon="19.4110969"/>
  <node id="3350716500" lat="54.1589123" lon="19.4115742"/>
  <node id="3350716501" lat="54.1589138" lon="19.4114401"/>
  <node id="3350716502" lat="54.1590118" lon="19.4107053"/>
  <node id="3350716505" lat="54.1592961" lon="19.4145053"/>
  <node id="3350716506" lat="54.1593061" lon="19.4141762"/>
  <node id="3350716511" lat="54.1597742" lon="19.4092677"/>
  <node id="3350716514" lat="54.1597943" lon="19.4090824">
    <tag k="railway" v="tram_level_crossing"/>
  </node>
  <node id="3350716518" lat="54.1600225" lon="19.4088735"/>
  <node id="3350716594" lat="54.1589760" lon="19.4106907"/>
  <node id="3350716595" lat="54.1591225" lon="19.4103650"/>
  <node id="3350716597" lat="54.1592510" lon="19.4139305"/>
  <node id="3350716599" lat="54.1593029" lon="19.4141043"/>
  <node id="3350716600" lat="54.1593058" lon="19.4144247"/>
  <node id="3350716603" lat="54.1597495" lon="19.4088994"/>
  <node id="3350716604" lat="54.1597480" lon="19.4089775"/>
  <node id="3350716696" lat="54.1588756" lon="19.4114166"/>
  <node id="3350716697" lat="54.1589934" lon="19.4122671"/>
  <node id="3350716700" lat="54.1592399" lon="19.4100230"/>
  <node id="3350716703" lat="54.1597618" lon="19.4093154"/>
  <node id="3350716707" lat="54.1598934" lon="19.4091008">
    <tag k="railway" v="tram_level_crossing"/>
  </node>
  <node id="3350716709" lat="54.1598859" lon="19.4089269">
    <tag k="railway" v="tram_level_crossing"/>
  </node>
  <node id="3350716718" lat="54.1600811" lon="19.4087943">
    <tag k="railway" v="tram_crossing"/>
  </node>
  <node id="3350716719" lat="54.1601044" lon="19.4088472">
    <tag k="railway" v="tram_crossing"/>
  </node>
  <node id="3350716893" lat="54.1588748" lon="19.4115814"/>
  <node id="3350716894" lat="54.1588882" lon="19.4111922"/>
  <node id="3350716895" lat="54.1589535" lon="19.4109940"/>
  <node id="3350716900" lat="54.1591534" lon="19.4102888"/>
  <node id="3350716908" lat="54.1597533" lon="19.4086651"/>
  <node id="3350716910" lat="54.1597820" lon="19.4092306"/>
  <node id="3350716915" lat="54.1599934" lon="19.4090450"/>
  <node id="3350716919" lat="54.1600773" lon="19.4087865">
    <tag k="railway" v="tram_crossing"/>
  </node>
  <node id="3350719096" lat="54.1603988" lon="19.4074142"/>
  <node id="3350726504" lat="54.1597659" lon="19.4088465"/>
  <node id="3350737293" lat="54.1586516" lon="19.4102739"/>
  <node id="3350737298" lat="54.1594243" lon="19.4076456"/>
  <node id="3350737299" lat="54.1594647" lon="19.4076110"/>
  <node id="3350737300" lat="54.1595990" lon="19.4084402"/>
  <node id="3350737405" lat="54.1595230" lon="19.4078634"/>
  <node id="3350737499" lat="54.1595337" lon="19.4079935"/>
  <node id="3350737500" lat="54.1595617" lon="19.4078824"/>
  <node id="3350737600" lat="54.1595247" lon="19.4077197"/>
  <node id="3350737795" lat="54.1597885" lon="19.4088732"/>
  <node id="3350738096" lat="54.1595730" lon="19.4084858"/>
  <node id="3350738100" lat="54.1596134" lon="19.4084896"/>
  <node id="3350738103" lat="54.1598261" lon="19.4089036"/>
  <node id="3350738395" lat="54.1595364" lon="19.4082765"/>
  <node id="3350738396" lat="54.1595798" lon="19.4078577"/>
  <node id="3350738599" lat="54.1595663" lon="19.4082619">
    <tag k="railway" v="tram_level_crossing"/>
  </node>
  <node id="3495193622" lat="54.1542757" lon="19.4118173"/>
  <node id="3495193660" lat="54.1551418" lon="19.3974166"/>
  <node id="3495193666" lat="54.1554603" lon="19.3986949"/>
  <node id="3495193689" lat="54.1551805" lon="19.4016338"/>
  <node id="3495194395" lat="54.1549642" lon="19.4016794"/>
  <node id="3495194440" lat="54.1558438" lon="19.4006108"/>
  <node id="3495194462" lat="54.1562409" lon="19.4043699">
    <tag k="crossing" v="traffic_signals"/>
    <tag k="crossing:markings" v="zebra"/>
    <tag k="highway" v="crossing"/>
  </node>
  <node id="3495263273" lat="54.1559982" lon="19.4055049"/>
  <node id="3495268411" lat="54.1596950" lon="19.4044317">
    <tag k="crossing" v="traffic_signals"/>
    <tag k="crossing:markings" v="zebra"/>
    <tag k="highway" v="crossing"/>
  </node>
  <node id="3495268425" lat="54.1603899" lon="19.4044172"/>
  <node id="3559434917" lat="54.1607427" lon="19.4140563"/>
  <node id="3559434922" lat="54.1609137" lon="19.4143213"/>
  <node id="3559434929" lat="54.1610157" lon="19.4144377"/>
  <node id="3559451409" lat="54.1606996" lon="19.4139612"/>
  <node id="3559451410" lat="54.1608221" lon="19.4141784"/>
  <node id="3559462704" lat="54.1620235" lon="19.4167585"/>
  <node id="3559468694" lat="54.1606374" lon="19.4138807"/>
  <node id="3559492596" lat="54.1605526" lon="19.4138278"/>
  <node id="3575437237" lat="54.1593274" lon="19.3998224"/>
  <node id="3621017851" lat="54.1559544" lon="19.4015103"/>
  <node id="3705166316" lat="54.1543541" lon="19.4118774"/>
  <node id="3733117998" lat="54.1503449" lon="19.4028682">
    <tag k="crossing:barrier" v="double_half"/>
    <tag k="railway" v="level_crossing"/>
    <tag k="ref" v="204 028 051"/>
    <tag k="source:ref" v="#ŻółtaNaklejkaPLK"/>
  </node>
  <node id="3733140293" lat="54.1504251" lon="19.4028497">
    <tag k="railway" v="level_crossing"/>
    <tag k="ref" v="204 028 051"/>
    <tag k="source:ref" v="#ŻółtaNaklejkaPLK"/>
  </node>
  <node id="3733150386" lat="54.1512229" lon="19.4071488">
    <tag k="railway" v="switch"/>
    <tag k="ref" v="4"/>
  </node>
  <node id="3733150395" lat="54.1512988" lon="19.4078069"/>
  <node id="3733150398" lat="54.1512491" lon="19.4077796"/>
  <node id="3733150399" lat="54.1510457" lon="19.4060950">
    <tag k="railway" v="switch"/>
    <tag k="ref" v="3"/>
  </node>
  <node id="3733150403" lat="54.1512865" lon="19.4081773"/>
  <node id="3733150405" lat="54.1513860" lon="19.4099796"/>
  <node id="3733170773" lat="54.1514230" lon="19.4116203">
    <tag k="crossing:barrier" v="double_half"/>
    <tag k="railway" v="level_crossing"/>
    <tag k="ref" v="204 028 645"/>
    <tag k="source:ref" v="#ŻółtaNaklejkaPLK"/>
  </node>
  <node id="3733170774" lat="54.1514105" lon="19.4117463">
    <tag k="railway" v="switch"/>
    <tag k="ref" v="14"/>
  </node>
  <node id="3733170775" lat="54.1513632" lon="19.4094826">
    <tag k="railway" v="switch"/>
    <tag k="ref" v="8"/>
  </node>
  <node id="3733170781" lat="54.1509504" lon="19.4149935"/>
  <node id="3733170782" lat="54.1509257" lon="19.4170352">
    <tag k="crossing:barrier" v="no"/>
    <tag k="railway" v="crossing"/>
  </node>
  <node id="3733170784" lat="54.1514526" lon="19.4117603">
    <tag k="railway" v="buffer_stop"/>
  </node>
  <node id="3733170785" lat="54.1510239" lon="19.4142883"/>
  <node id="3733170786" lat="54.1512989" lon="19.4122757"/>
  <node id="3733170787" lat="54.1513660" lon="19.4116002">
    <tag k="crossing:barrier" v="double_half"/>
    <tag k="railway" v="level_crossing"/>
    <tag k="ref" v="204 028 645"/>
    <tag k="source:ref" v="#ŻółtaNaklejkaPLK"/>
  </node>
  <node id="3733170792" lat="54.1513506" lon="19.4128161">
    <tag k="railway" v="switch"/>
    <tag k="ref" v="15"/>
  </node>
  <node id="3733170801" lat="54.1513848" lon="19.4112707"/>
  <node id="3733170803" lat="54.1510750" lon="19.4138908"/>
  <node id="3733170808" lat="54.1513286" lon="19.4120081"/>
  <node id="3733170809" lat="54.1508401" lon="19.4178922"/>
  <node id="3733170817" lat="54.1513586" lon="19.4086686">
    <tag k="railway" v="switch"/>
    <tag k="ref" v="7"/>
  </node>
  <node id="3733175085" lat="54.1507215" lon="19.4189157"/>
  <node id="3733189837" lat="54.1506493" lon="19.4194369"/>
  <node id="3734055255" lat="54.1504767" lon="19.4204617">
    <tag k="railway" v="switch"/>
    <tag k="ref" v="38"/>
  </node>
  <node id="3822563758" lat="54.1514021" lon="19.4094272"/>
  <node id="3822563759" lat="54.1513210" lon="19.4087030"/>
  <node id="3822573530" lat="54.1514575" lon="19.4108778"/>
  <node id="3822573535" lat="54.1513972" lon="19.4107642"/>
  <node id="3822573539" lat="54.1509788" lon="19.4147090"/>
  <node id="3881036087" lat="54.1557961" lon="19.4095620"/>
  <node id="3881036088" lat="54.1558381" lon="19.4090276"/>
  <node id="3887195357" lat="54.1596932" lon="19.4042949">
    <tag k="crossing" v="traffic_signals"/>
    <tag k="crossing:markings" v="zebra"/>
    <tag k="highway" v="crossing"/>
  </node>
  <node id="3899720977" lat="54.1548877" lon="19.4091866"/>
  <node id="3899720979" lat="54.1568808" lon="19.4106244"/>
  <node id="3899720981" lat="54.1590417" lon="19.4071815">
    <tag k="crossing" v="zebra"/>
    <tag k="crossing:island" v="yes"/>
    <tag k="highway" v="crossing"/>
  </node>
  <node id="3899736861" lat="54.1608686" lon="19.4041001">
    <tag k="crossing" v="traffic_signals"/>
    <tag k="crossing:markings" v="dots"/>
    <tag k="crossing_ref" v="zebra"/>
    <tag k="highway" v="crossing"/>
  </node>
  <node id="3899736862" lat="54.1608711" lon="19.4043960">
    <tag k="crossing" v="traffic_signals"/>
    <tag k="crossing:markings" v="dots"/>
    <tag k="crossing_ref" v="zebra"/>
    <tag k="highway" v="crossing"/>
  </node>
  <node id="3899751982" lat="54.1562525" lon="19.3961997"/>
  <node id="3899765999" lat="54.1576352" lon="19.3950260"/>
  <node id="3899766001" lat="54.1579012" lon="19.3972411"/>
  <node id="3899766009" lat="54.1590622" lon="19.3985584">
    <tag k="crossing" v="zebra"/>
    <tag k="highway" v="crossing"/>
  </node>
  <node id="3899766020" lat="54.1609153" lon="19.3988371">
    <tag k="crossing" v="zebra"/>
    <tag k="highway" v="crossing"/>
  </node>
  <node id="3899766021" lat="54.1609158" lon="19.3985178">
    <tag k="crossing" v="zebra"/>
    <tag k="highway" v="crossing"/>
  </node>
  <node id="3899766022" lat="54.1609453" lon="19.3985176"/>
  <node id="3909308772" lat="54.1559685" lon="19.4032136"/>
  <node id="3909308773" lat="54.1560358" lon="19.4028006"/>
  <node id="3935914843" lat="54.1590238" lon="19.4068451"/>
  <node id="3935915084" lat="54.1593897" lon="19.4135219"/>
  <node id="3935915095" lat="54.1631255" lon="19.4157671"/>
  <node id="3935915099" lat="54.1658689" lon="19.4164843"/>
  <node id="3935915213" lat="54.1589986" lon="19.4107589">
    <tag k="bicycle" v="yes"/>
    <tag k="railway" v="tram_crossing"/>
  </node>
  <node id="3935915232" lat="54.1633060" lon="19.4157594"/>
  <node id="3935915242" lat="54.1646548" lon="19.4164327"/>
  <node id="3935915888" lat="54.1651638" lon="19.4162499"/>
  <node id="3935918179" lat="54.1588247" lon="19.4112071"/>
  <node id="3935918243" lat="54.1618556" lon="19.4166835"/>
  <node id="3935918245" lat="54.1632274" lon="19.4157588"/>
  <node id="3935920052" lat="54.1630282" lon="19.4157816"/>
  <node id="3935925503" lat="54.1633273" lon="19.4157629"/>
  <node id="3935925521" lat="54.1648127" lon="19.4164060"/>
  <node id="3935925530" lat="54.1654870" lon="19.4163006"/>
  <node id="3935927086" lat="54.1639996" lon="19.4161205"/>
  <node id="3935927097" lat="54.1648756" lon="19.4163221"/>
  <node id="3935927099" lat="54.1649206" lon="19.4162631"/>
  <node id="3935927101" lat="54.1657110" lon="19.4164069"/>
  <node id="3935927102" lat="54.1660555" lon="19.4165109"/>
  <node id="3935927360" lat="54.1634793" lon="19.4158145"/>
  <node id="3935927367" lat="54.1636725" lon="19.4159164"/>
  <node id="3935927380" lat="54.1642257" lon="19.4162128"/>
  <node id="3935927387" lat="54.1643950" lon="19.4162988"/>
  <node id="3935927390" lat="54.1649918" lon="19.4162376"/>
  <node id="3935927394" lat="54.1665775" lon="19.4162530"/>
  <node id="3935927395" lat="54.1669897" lon="19.4162291"/>
  <node id="3935928069" lat="54.1662998" lon="19.4164185"/>
  <node id="3935928070" lat="54.1667759" lon="19.4161942"/>
  <node id="4037337807" lat="54.1596007" lon="19.3959995">
    <tag k="crossing:signals" v="no"/>
    <tag k="highway" v="crossing"/>
  </node>
  <node id="4068975218" lat="54.1748853" lon="19.4256839"/>
  <node id="4068975219" lat="54.1749438" lon="19.4309202"/>
  <node id="4068975220" lat="54.1750012" lon="19.4328229"/>
  <node id="4068975221" lat="54.1750196" lon="19.4330728"/>
  <node id="4068975223" lat="54.1753143" lon="19.4355777"/>
  <node id="4068975224" lat="54.1753124" lon="19.4358313"/>
  <node id="4068975226" lat="54.1756212" lon="19.4363857"/>
  <node id="4068975313" lat="54.1748183" lon="19.4273997"/>
  <node id="4068975314" lat="54.1748659" lon="19.4290081"/>
  <node id="4068975419" lat="54.1748929" lon="19.4292396"/>
  <node id="4068975420" lat="54.1749062" lon="19.4250677"/>
  <node id="4068975514" lat="54.1749961" lon="19.4327206"/>
  <node id="4068975515" lat="54.1750731" lon="19.4338557"/>
  <node id="4068975615" lat="54.1751977" lon="19.4345742"/>
  <node id="4068975706" lat="54.1749538" lon="19.4254075"/>
  <node id="4068975707" lat="54.1750873" lon="19.4341241"/>
  <node id="4068975708" lat="54.1751301" lon="19.4343496"/>
  <node id="4068975710" lat="54.1752300" lon="19.4351824"/>
  <node id="4068976209" lat="54.1748130" lon="19.4268751"/>
  <node id="4068976210" lat="54.1748275" lon="19.4275350"/>
  <node id="4068976211" lat="54.1748339" lon="19.4248554"/>
  <node id="4068976213" lat="54.1748566" lon="19.4276963"/>
  <node id="4068976215" lat="54.1749757" lon="19.4319959"/>
  <node id="4068976216" lat="54.1750116" lon="19.4329448"/>
  <node id="4068976217" lat="54.1752243" lon="19.4349110"/>
  <node id="4068976300" lat="54.1746782" lon="19.4248148"/>
  <node id="4068976301" lat="54.1748635" lon="19.4286339"/>
  <node id="4068976302" lat="54.1749072" lon="19.4296505"/>
  <node id="4218229439" lat="54.2002493" lon="19.4699737"/>
  <node id="4218229440" lat="54.2006239" lon="19.4697700"/>
  <node id="4218229441" lat="54.2010496" lon="19.4697263"/>
  <node id="4218229442" lat="54.2012694" lon="19.4695866"/>
  <node id="4218229443" lat="54.2014744" lon="19.4695006"/>
  <node id="4218229444" lat="54.2017733" lon="19.4696681"/>
  <node id="4218229445" lat="54.2019922" lon="19.4699949"/>
  <node id="4218229446" lat="54.2024799" lon="19.4705414"/>
  <node id="4218229447" lat="54.2028657" lon="19.4703453"/>
  <node id="4218229448" lat="54.2031269" lon="19.4703958"/>
  <node id="4218229449" lat="54.2035185" lon="19.4706724"/>
  <node id="4218229450" lat="54.2040634" lon="19.4706869"/>
  <node id="4218229451" lat="54.2042336" lon="19.4708761"/>
  <node id="4218229452" lat="54.2043613" lon="19.4710944"/>
  <node id="4218229453" lat="54.2044039" lon="19.4712837"/>
  <node id="4218229454" lat="54.2044185" lon="19.4716184"/>
  <node id="4218229455" lat="54.2048551" lon="19.4717640"/>
  <node id="4218229456" lat="54.2050083" lon="19.4715748"/>
  <node id="4218229457" lat="54.2052382" lon="19.4712254"/>
  <node id="4218229458" lat="54.2055106" lon="19.4711527"/>
  <node id="4218229459" lat="54.2057064" lon="19.4715020"/>
  <node id="4218229460" lat="54.2058255" lon="19.4719386"/>
  <node id="4218229461" lat="54.2060245" lon="19.4719378"/>
  <node id="4218229462" lat="54.2061660" lon="19.4718367"/>
  <node id="4218229463" lat="54.2064369" lon="19.4716522"/>
  <node id="4218229464" lat="54.2065032" lon="19.4716457"/>
  <node id="4218229465" lat="54.2069582" lon="19.4719954"/>
  <node id="4218229467" lat="54.2072386" lon="19.4719554"/>
  <node id="4218229468" lat="54.2074563" lon="19.4718126"/>
  <node id="4431610140" lat="54.1598877" lon="19.4046587"/>
  <node id="4431610143" lat="54.1597293" lon="19.4044295"/>
  <node id="4431610144" lat="54.1597271" lon="19.4042944"/>
  <node id="4431610154" lat="54.1588018" lon="19.4046073"/>
  <node id="4431610159" lat="54.1569755" lon="19.4046066"/>
  <node id="4431610161" lat="54.1581289" lon="19.4043702">
    <tag k="crossing" v="traffic_signals"/>
    <tag k="crossing:markings" v="dots"/>
    <tag k="highway" v="crossing"/>
  </node>
  <node id="4431610162" lat="54.1581276" lon="19.4045134">
    <tag k="crossing" v="traffic_signals"/>
    <tag k="crossing:markings" v="dots"/>
    <tag k="highway" v="crossing"/>
  </node>
  <node id="4431610164" lat="54.1600603" lon="19.4044280">
    <tag k="crossing" v="traffic_signals"/>
    <tag k="crossing:markings" v="zebra"/>
    <tag k="highway" v="crossing"/>
  </node>
  <node id="4431610165" lat="54.1600518" lon="19.4042502">
    <tag k="crossing" v="traffic_signals"/>
    <tag k="crossing:markings" v="zebra"/>
    <tag k="highway" v="crossing"/>
  </node>
  <node id="4552911129" lat="54.1533629" lon="19.4143273"/>
  <node id="4552911131" lat="54.1533168" lon="19.4145564"/>
  <node id="4552911132" lat="54.1532849" lon="19.4145581"/>
  <node id="4552919792" lat="54.1572454" lon="19.4068141"/>
  <node id="4552919793" lat="54.1573845" lon="19.4067820"/>
  <node id="4552919794" lat="54.1568588" lon="19.4069419">
    <tag k="bicycle" v="yes"/>
    <tag k="railway" v="tram_crossing"/>
  </node>
  <node id="4552919795" lat="54.1573092" lon="19.4067939"/>
  <node id="4552919796" lat="54.1573061" lon="19.4067464"/>
  <node id="4552919797" lat="54.1568661" lon="19.4069868">
    <tag k="bicycle" v="yes"/>
    <tag k="railway" v="tram_crossing"/>
  </node>
  <node id="4552919798" lat="54.1573780" lon="19.4067370"/>
  <node id="4552919799" lat="54.1579914" lon="19.4068855">
    <tag k="railway" v="tram_crossing"/>
  </node>
  <node id="4552919800" lat="54.1575274" lon="19.4067466"/>
  <node id="4552919801" lat="54.1574571" lon="19.4067830"/>
  <node id="4552921530" lat="54.1588907" lon="19.4074547">
    <tag k="railway" v="tram_crossing"/>
  </node>
  <node id="4552921533" lat="54.1591063" lon="19.4075380"/>
  <node id="4552921534" lat="54.1591478" lon="19.4075455"/>
  <node id="4552921535" lat="54.1589643" lon="19.4074556">
    <tag k="railway" v="tram_level_crossing"/>
  </node>
  <node id="4552924563" lat="54.1581611" lon="19.4069352"/>
  <node id="4552924564" lat="54.1582510" lon="19.4069702"/>
  <node id="4552924565" lat="54.1583640" lon="19.4070684"/>
  <node id="4552924566" lat="54.1582523" lon="19.4070179"/>
  <node id="4552924567" lat="54.1584728" lon="19.4070808"/>
  <node id="4552924568" lat="54.1581503" lon="19.4069764"/>
  <node id="4552924569" lat="54.1585677" lon="19.4071884"/>
  <node id="4552924570" lat="54.1586842" lon="19.4072243"/>
  <node id="4552924571" lat="54.1587698" lon="19.4072948"/>
  <node id="4552924572" lat="54.1586689" lon="19.4072652"/>
  <node id="4552943057" lat="54.1594542" lon="19.4075492"/>
  <node id="4552943058" lat="54.1595741" lon="19.4073281">
    <tag k="railway" v="tram_level_crossing"/>
  </node>
  <node id="4552943059" lat="54.1597210" lon="19.4064399">
    <tag k="bench" v="yes"/>
    <tag k="name" v="1-go Maja - Sąd"/>
    <tag k="network" v="ZKM Elbląg"/>
    <tag k="public_transport" v="stop_position"/>
    <tag k="railway" v="tram_stop"/>
    <tag k="ref" v="422"/>
    <tag k="shelter" v="yes"/>
    <tag k="tactile_paving" v="no"/>
    <tag k="tram" v="yes"/>
  </node>
  <node id="4553601170" lat="54.1600257" lon="19.4089370"/>
  <node id="4553601173" lat="54.1600567" lon="19.4089481"/>
  <node id="4553611350" lat="54.1589650" lon="19.4107330">
    <tag k="bicycle" v="yes"/>
    <tag k="railway" v="tram_crossing"/>
  </node>
  <node id="4553615436" lat="54.1590615" lon="19.4136897"/>
  <node id="4558220228" lat="54.1703339" lon="19.4222273">
    <tag k="waterway" v="weir"/>
  </node>
  <node id="4558220230" lat="54.1679012" lon="19.4173306"/>
  <node id="4558220244" lat="54.1705169" lon="19.4235145"/>
  <node id="4558220254" lat="54.1695487" lon="19.4189690"/>
  <node id="4558220255" lat="54.1702541" lon="19.4233859">
    <tag k="waterway" v="weir"/>
  </node>
  <node id="4558220259" lat="54.1704285" lon="19.4204679"/>
  <node id="4558220265" lat="54.1702423" lon="19.4230767"/>
  <node id="4558220274" lat="54.1694999" lon="19.4185473"/>
  <node id="4558220796" lat="54.1690799" lon="19.4196628"/>
  <node id="4558220802" lat="54.1704521" lon="19.4235037"/>
  <node id="4583867710" lat="54.1776735" lon="19.4372416"/>
  <node id="4583867711" lat="54.1775377" lon="19.4386723"/>
  <node id="4583867723" lat="54.1757399" lon="19.4365302"/>
  <node id="4583867728" lat="54.1775457" lon="19.4383995"/>
  <node id="4583889950" lat="54.1787673" lon="19.4409691"/>
  <node id="4583889978" lat="54.1786319" lon="19.4408261"/>
  <node id="4584193400" lat="54.1607516" lon="19.4064082"/>
  <node id="4584193411" lat="54.1609243" lon="19.4055104"/>
  <node id="4584193428" lat="54.1606887" lon="19.4068240"/>
  <node id="4584193432" lat="54.1605898" lon="19.4072022"/>
  <node id="4584193436" lat="54.1606573" lon="19.4068079"/>
  <node id="4584193442" lat="54.1609621" lon="19.4055078"/>
  <node id="4584193444" lat="54.1607814" lon="19.4064512"/>
  <node id="4742040810" lat="54.1561993" lon="19.4055215"/>
  <node id="4742040818" lat="54.1569634" lon="19.4045238"/>
  <node id="4742041831" lat="54.1561557" lon="19.4055385"/>
  <node id="4742041843" lat="54.1561327" lon="19.4055339">
    <tag k="crossing" v="zebra"/>
    <tag k="highway" v="crossing"/>
  </node>
  <node id="4742041861" lat="54.1565166" lon="19.4013309"/>
  <node id="4742041865" lat="54.1562293" lon="19.4054223"/>
  <node id="4742041879" lat="54.1565056" lon="19.4066328"/>
  <node id="4742041884" lat="54.1566822" lon="19.4059555"/>
  <node id="4742041895" lat="54.1562889" lon="19.4049596"/>
  <node id="4742041897" lat="54.1563031" lon="19.4049301"/>
  <node id="4742041898" lat="54.1562772" lon="19.4050172"/>
  <node id="4742041914" lat="54.1561825" lon="19.4055371"/>
  <node id="4742041923" lat="54.1567268" lon="19.4038905"/>
  <node id="4742041930" lat="54.1569739" lon="19.4046906"/>
  <node id="4742041943" lat="54.1576427" lon="19.4052748"/>
  <node id="4742041953" lat="54.1575932" lon="19.4060272"/>
  <node id="4742041956" lat="54.1568897" lon="19.4047849"/>
  <node id="4742041967" lat="54.1576593" lon="19.4063289"/>
  <node id="4742041991" lat="54.1562178" lon="19.4054741"/>
  <node id="4742041995" lat="54.1563378" lon="19.4048814"/>
  <node id="4884088834" lat="54.1538738" lon="19.4047698"/>
  <node id="4884088836" lat="54.1540342" lon="19.4049601"/>
  <node id="4884088839" lat="54.1536600" lon="19.4060798"/>
  <node id="5137127928" lat="54.1519333" lon="19.4118902"/>
  <node id="5137127929" lat="54.1519432" lon="19.4119938"/>
  <node id="5137127930" lat="54.1520199" lon="19.4115182"/>
  <node id="5137127931" lat="54.1520086" lon="19.4116515"/>
  <node id="5137127939" lat="54.1525132" lon="19.4119510"/>
  <node id="5137127940" lat="54.1524540" lon="19.4118797"/>
  <node id="5137127941" lat="54.1523614" lon="19.4118156"/>
  <node id="5137127942" lat="54.1522988" lon="19.4117930"/>
  <node id="5137127943" lat="54.1522229" lon="19.4117942"/>
  <node id="5137127944" lat="54.1521496" lon="19.4118211">
    <tag k="crossing:markings" v="zebra"/>
    <tag k="highway" v="crossing"/>
  </node>
  <node id="5137127945" lat="54.1520535" lon="19.4118912"/>
  <node id="5137127946" lat="54.1519936" lon="19.4119641"/>
  <node id="5137127948" lat="54.1519525" lon="19.4120606"/>
  <node id="5137127953" lat="54.1518002" lon="19.4131683"/>
  <node id="5137127954" lat="54.1524873" lon="19.4123419"/>
  <node id="5137127959" lat="54.1524800" lon="19.4120089"/>
  <node id="5137127960" lat="54.1524213" lon="19.4119427"/>
  <node id="5137127961" lat="54.1523142" lon="19.4118960"/>
  <node id="5137127963" lat="54.1522446" lon="19.4118927"/>
  <node id="5137127964" lat="54.1521093" lon="19.4119718"/>
  <node id="5137127966" lat="54.1520560" lon="19.4120410"/>
  <node id="5137127968" lat="54.1519240" lon="19.4124601"/>
  <node id="5137128258" lat="54.1526630" lon="19.4122847"/>
  <node id="5159352778" lat="54.1595026" lon="19.4096439">
    <tag k="name" v="Grobla św. Jerzego"/>
    <tag k="public_transport" v="stop_position"/>
    <tag k="railway" v="tram_stop"/>
    <tag k="tram" v="yes"/>
  </node>
  <node id="5159352779" lat="54.1602429" lon="19.4084519">
    <tag k="name" v="Grota-Roweckiego - Traugutta"/>
    <tag k="public_transport" v="stop_position"/>
    <tag k="railway" v="tram_stop"/>
    <tag k="tram" v="yes"/>
  </node>
  <node id="5297141908" lat="54.1608048" lon="19.4065734">
    <tag k="crossing" v="zebra"/>
    <tag k="highway" v="crossing"/>
  </node>
  <node id="5297141910" lat="54.1606510" lon="19.4064510">
    <tag k="crossing" v="zebra"/>
    <tag k="highway" v="crossing"/>
  </node>
  <node id="5435136502" lat="54.1487564" lon="19.4032908"/>
  <node id="5435187689" lat="54.1504919" lon="19.4029910"/>
  <node id="5435787125" lat="54.1637935" lon="19.4140071"/>
  <node id="5436228462" lat="54.1646718" lon="19.4142588"/>
  <node id="5437461123" lat="54.1606035" lon="19.4062497"/>
  <node id="5437981130" lat="54.1598908" lon="19.4045348"/>
  <node id="5437981132" lat="54.1598443" lon="19.4050846"/>
  <node id="5437981133" lat="54.1596042" lon="19.4073214">
    <tag k="railway" v="tram_level_crossing"/>
  </node>
  <node id="5437981135" lat="54.1597706" lon="19.4050852">
    <tag k="crossing" v="zebra"/>
    <tag k="highway" v="crossing"/>
  </node>
  <node id="5437981166" lat="54.1593074" lon="19.4073748"/>
  <node id="5437981167" lat="54.1597588" lon="19.4072614"/>
  <node id="5437981168" lat="54.1598619" lon="19.4073039"/>
  <node id="5437981170" lat="54.1598938" lon="19.4060762"/>
  <node id="5437981173" lat="54.1603165" lon="19.4071363"/>
  <node id="5437981174" lat="54.1603517" lon="19.4069678"/>
  <node id="5437981175" lat="54.1598240" lon="19.4068097"/>
  <node id="5438017884" lat="54.1604483" lon="19.4065051"/>
  <node id="5438017885" lat="54.1598692" lon="19.4063345"/>
  <node id="5438017886" lat="54.1603953" lon="19.4067627"/>
  <node id="5438017887" lat="54.1598422" lon="19.4066246"/>
  <node id="5438017888" lat="54.1598752" lon="19.4062691">
    <tag k="barrier" v="bollard"/>
  </node>
  <node id="5438017889" lat="54.1605250" lon="19.4062416"/>
  <node id="5438017893" lat="54.1606448" lon="19.4044040"/>
  <node id="5438017906" lat="54.1598047" lon="19.4070202"/>
  <node id="5438017908" lat="54.1597290" lon="19.4072905"/>
  <node id="5438267822" lat="54.1597423" lon="19.4059347">
    <tag k="railway" v="tram_crossing"/>
  </node>
  <node id="5438267823" lat="54.1597723" lon="19.4059470">
    <tag k="railway" v="tram_crossing"/>
  </node>
  <node id="5438267824" lat="54.1596878" lon="19.4067693">
    <tag k="railway" v="tram_crossing"/>
    <tag k="tactile_paving" v="no"/>
  </node>
  <node id="5438267825" lat="54.1596581" lon="19.4067604">
    <tag k="railway" v="tram_crossing"/>
    <tag k="tactile_paving" v="no"/>
  </node>
  <node id="5438285984" lat="54.1589860" lon="19.4074024"/>
  <node id="5438285985" lat="54.1590058" lon="19.4066265"/>
  <node id="5438285986" lat="54.1590679" lon="19.4077632"/>
  <node id="5438285987" lat="54.1590540" lon="19.4079448"/>
  <node id="5438285988" lat="54.1589550" lon="19.4092369"/>
  <node id="5438407045" lat="54.1582613" lon="19.4064319"/>
  <node id="5438407046" lat="54.1582818" lon="19.4053429"/>
  <node id="5438407047" lat="54.1584278" lon="19.4052302"/>
  <node id="5438407048" lat="54.1584184" lon="19.4055977"/>
  <node id="5438428479" lat="54.1589115" lon="19.4056993"/>
  <node id="5438428480" lat="54.1587949" lon="19.4057388">
    <tag k="barrier" v="lift_gate"/>
  </node>
  <node id="5438428481" lat="54.1586846" lon="19.4057774"/>
  <node id="5438428482" lat="54.1585700" lon="19.4058136"/>
  <node id="5438428483" lat="54.1589765" lon="19.4063141"/>
  <node id="5438428484" lat="54.1588608" lon="19.4063731">
    <tag k="barrier" v="lift_gate"/>
  </node>
  <node id="5438428485" lat="54.1587497" lon="19.4064076"/>
  <node id="5438428486" lat="54.1583239" lon="19.4065383"/>
  <node id="5438428487" lat="54.1587622" lon="19.4068188"/>
  <node id="5438428488" lat="54.1586711" lon="19.4067449"/>
  <node id="5438428489" lat="54.1586401" lon="19.4064442"/>
  <node id="5438428490" lat="54.1585146" lon="19.4052365"/>
  <node id="5438531323" lat="54.1569763" lon="19.4046350">
    <tag k="crossing" v="unmarked"/>
    <tag k="crossing:markings" v="no"/>
    <tag k="highway" v="crossing"/>
  </node>
  <node id="5438531335" lat="54.1576074" lon="19.4063248"/>
  <node id="5438531336" lat="54.1576725" lon="19.4062836"/>
  <node id="5438531337" lat="54.1575890" lon="19.4062786"/>
  <node id="5438531338" lat="54.1576771" lon="19.4053167"/>
  <node id="5438531339" lat="54.1571052" lon="19.4052807"/>
  <node id="5438531340" lat="54.1568624" lon="19.4052855"/>
  <node id="5438531341" lat="54.1572334" lon="19.4055263"/>
  <node id="5438531342" lat="54.1569724" lon="19.4055445"/>
  <node id="5438531343" lat="54.1569700" lon="19.4060121"/>
  <node id="5438531344" lat="54.1572371" lon="19.4057793"/>
  <node id="5438531345" lat="54.1569721" lon="19.4057754"/>
  <node id="5438531349" lat="54.1574534" lon="19.4045890"/>
  <node id="5438531350" lat="54.1574537" lon="19.4046220"/>
  <node id="5438531353" lat="54.1563156" lon="19.4049007"/>
  <node id="5438606625" lat="54.1584903" lon="19.4087767"/>
  <node id="5438684649" lat="54.1553885" lon="19.4059334"/>
  <node id="5438684650" lat="54.1553175" lon="19.4058562"/>
  <node id="5438684653" lat="54.1547103" lon="19.4057580"/>
  <node id="5438684654" lat="54.1546361" lon="19.4056977"/>
  <node id="5438684656" lat="54.1555398" lon="19.4069788"/>
  <node id="5438684657" lat="54.1556267" lon="19.4062826"/>
  <node id="5438684665" lat="54.1553431" lon="19.4078625"/>
  <node id="5438684677" lat="54.1557508" lon="19.4064302"/>
  <node id="5438684678" lat="54.1557651" lon="19.4063071"/>
  <node id="5438684681" lat="54.1556597" lon="19.4063784"/>
  <node id="5438684683" lat="54.1555406" lon="19.4061855"/>
  <node id="5438684688" lat="54.1542766" lon="19.4071244"/>
  <node id="5438684698" lat="54.1553836" lon="19.4071492"/>
  <node id="5438684701" lat="54.1547852" lon="19.4069861"/>
  <node id="5438684707" lat="54.1546372" lon="19.4074180"/>
  <node id="5438684708" lat="54.1546857" lon="19.4076018"/>
  <node id="5438684709" lat="54.1547454" lon="19.4077156"/>
  <node id="5438684710" lat="54.1548294" lon="19.4077825"/>
  <node id="5438684711" lat="54.1548977" lon="19.4078059"/>
  <node id="5438684713" lat="54.1549594" lon="19.4069335"/>
  <node id="5438684717" lat="54.1548145" lon="19.4074178"/>
  <node id="5438684718" lat="54.1548200" lon="19.4075027"/>
  <node id="5438684719" lat="54.1548434" lon="19.4075392"/>
  <node id="5438684720" lat="54.1549589" lon="19.4076587"/>
  <node id="5438684721" lat="54.1550920" lon="19.4076505"/>
  <node id="5438684722" lat="54.1550311" lon="19.4076963"/>
  <node id="5438684723" lat="54.1549957" lon="19.4076857"/>
  <node id="5438684724" lat="54.1547124" lon="19.4076627"/>
  <node id="5438684725" lat="54.1549996" lon="19.4077221">
    <tag k="direction" v="forward"/>
    <tag k="highway" v="stop"/>
  </node>
  <node id="5438684726" lat="54.1548122" lon="19.4074609"/>
  <node id="5438684727" lat="54.1552925" lon="19.4071899"/>
  <node id="5438684728" lat="54.1553448" lon="19.4071760"/>
  <node id="5438684733" lat="54.1557707" lon="19.4074599"/>
  <node id="5438684734" lat="54.1557113" lon="19.4075745"/>
  <node id="5438687746" lat="54.1556643" lon="19.4050738"/>
  <node id="5439354091" lat="54.1559559" lon="19.4043722"/>
  <node id="5439354092" lat="54.1560865" lon="19.4044573"/>
  <node id="5439354107" lat="54.1587509" lon="19.4035603"/>
  <node id="5439354108" lat="54.1583647" lon="19.4035635"/>
  <node id="5439354114" lat="54.1593652" lon="19.4025549"/>
  <node id="5440827372" lat="54.1598244" lon="19.4041548"/>
  <node id="5440827373" lat="54.1598757" lon="19.4041457">
    <tag k="bicycle" v="yes"/>
    <tag k="railway" v="tram_crossing"/>
  </node>
  <node id="5440827374" lat="54.1598471" lon="19.4041520">
    <tag k="bicycle" v="yes"/>
    <tag k="railway" v="tram_crossing"/>
  </node>
  <node id="5440827376" lat="54.1582292" lon="19.3988792"/>
  <node id="5440827377" lat="54.1582529" lon="19.3988837"/>
  <node id="5440827378" lat="54.1585874" lon="19.3991368"/>
  <node id="5440827379" lat="54.1580130" lon="19.3987206">
    <tag k="crossing" v="traffic_signals"/>
    <tag k="crossing:island" v="no"/>
    <tag k="crossing:markings" v="zebra"/>
    <tag k="highway" v="crossing"/>
    <tag k="tactile_paving" v="no"/>
  </node>
  <node id="5440827380" lat="54.1581747" lon="19.3984657">
    <tag k="crossing" v="traffic_signals"/>
    <tag k="crossing:island" v="no"/>
    <tag k="crossing:markings" v="zebra"/>
    <tag k="highway" v="crossing"/>
    <tag k="tactile_paving" v="no"/>
  </node>
  <node id="5440827381" lat="54.1578838" lon="19.3984879">
    <tag k="crossing" v="traffic_signals"/>
    <tag k="crossing:island" v="no"/>
    <tag k="crossing:markings" v="zebra"/>
    <tag k="highway" v="crossing"/>
    <tag k="tactile_paving" v="no"/>
  </node>
  <node id="5440827382" lat="54.1580147" lon="19.4018920"/>
  <node id="5440827385" lat="54.1582013" lon="19.4018851"/>
  <node id="5440827386" lat="54.1591041" lon="19.4014561"/>
  <node id="5440827387" lat="54.1583478" lon="19.4008733"/>
  <node id="5440827388" lat="54.1583168" lon="19.4018614"/>
  <node id="5440827393" lat="54.1582485" lon="19.4008647"/>
  <node id="5440827394" lat="54.1581845" lon="19.4008671"/>
  <node id="5440827396" lat="54.1583255" lon="19.3998304"/>
  <node id="5440827400" lat="54.1581788" lon="19.3998033"/>
  <node id="5440827403" lat="54.1583267" lon="19.4007918"/>
  <node id="5440827404" lat="54.1581574" lon="19.3997389">
    <tag k="barrier" v="lift_gate"/>
  </node>
  <node id="5440827406" lat="54.1583863" lon="19.4015781"/>
  <node id="5440827407" lat="54.1583468" lon="19.4017753"/>
  <node id="5440827408" lat="54.1585423" lon="19.4017562">
    <tag k="barrier" v="bollard"/>
    <tag k="bollard" v="foldable"/>
  </node>
  <node id="5440827409" lat="54.1591138" lon="19.4016845">
    <tag k="barrier" v="bollard"/>
    <tag k="bollard" v="removable"/>
  </node>
  <node id="5440827412" lat="54.1582964" lon="19.4018782"/>
  <node id="5440827419" lat="54.1587744" lon="19.4041057">
    <tag k="barrier" v="bollard"/>
    <tag k="colour" v="black"/>
    <tag k="material" v="metal"/>
    <tag k="motor_vehicle" v="no"/>
  </node>
  <node id="5440968639" lat="54.1586841" lon="19.3997738"/>
  <node id="5440968640" lat="54.1585141" lon="19.3995952"/>
  <node id="5440968641" lat="54.1587117" lon="19.3998008"/>
  <node id="5440968642" lat="54.1586949" lon="19.3997887"/>
  <node id="5440968643" lat="54.1580135" lon="19.3995950"/>
  <node id="5440968644" lat="54.1581476" lon="19.3995969"/>
  <node id="5440968645" lat="54.1585433" lon="19.3996050"/>
  <node id="5440968646" lat="54.1585685" lon="19.3996255"/>
  <node id="5440968647" lat="54.1593757" lon="19.3998957"/>
  <node id="5440968649" lat="54.1596854" lon="19.4024914">
    <tag k="railway" v="tram_level_crossing"/>
  </node>
  <node id="5440968650" lat="54.1597140" lon="19.4024850">
    <tag k="railway" v="tram_level_crossing"/>
  </node>
  <node id="5440968651" lat="54.1596314" lon="19.4015400">
    <tag k="railway" v="tram_level_crossing"/>
  </node>
  <node id="5440968652" lat="54.1596023" lon="19.4015447">
    <tag k="railway" v="tram_level_crossing"/>
  </node>
  <node id="5440968653" lat="54.1601431" lon="19.3991162"/>
  <node id="5440968657" lat="54.1595636" lon="19.3990996"/>
  <node id="5440968658" lat="54.1595444" lon="19.3991121"/>
  <node id="5440968659" lat="54.1595268" lon="19.3991489"/>
  <node id="5440968660" lat="54.1595266" lon="19.3992437"/>
  <node id="5440968661" lat="54.1595417" lon="19.3992947"/>
  <node id="5440968662" lat="54.1595701" lon="19.3993179"/>
  <node id="5440968663" lat="54.1601484" lon="19.3993263"/>
  <node id="5440968664" lat="54.1595238" lon="19.3991915"/>
  <node id="5440968666" lat="54.1596630" lon="19.4025362">
    <tag k="crossing" v="zebra"/>
    <tag k="highway" v="crossing"/>
    <tag k="tactile_paving" v="no"/>
  </node>
  <node id="5440968667" lat="54.1597174" lon="19.4025212">
    <tag k="railway" v="tram_crossing"/>
    <tag k="tactile_paving" v="no"/>
  </node>
  <node id="5440968668" lat="54.1596886" lon="19.4025292">
    <tag k="railway" v="tram_crossing"/>
    <tag k="tactile_paving" v="no"/>
  </node>
  <node id="5440968669" lat="54.1596600" lon="19.4024970"/>
  <node id="5440968683" lat="54.1598265" lon="19.4001814"/>
  <node id="5440968685" lat="54.1601445" lon="19.4005606"/>
  <node id="5440968686" lat="54.1598211" lon="19.3997015"/>
  <node id="5440968687" lat="54.1595031" lon="19.4001796">
    <tag k="railway" v="tram_level_crossing"/>
  </node>
  <node id="5440968688" lat="54.1594747" lon="19.4001849">
    <tag k="railway" v="tram_level_crossing"/>
  </node>
  <node id="5441964841" lat="54.1604060" lon="19.4062190">
    <tag k="barrier" v="lift_gate"/>
  </node>
  <node id="5442033038" lat="54.1576932" lon="19.4032044"/>
  <node id="5442033039" lat="54.1575067" lon="19.4032101"/>
  <node id="5442033040" lat="54.1576895" lon="19.4029256">
    <tag k="access" v="private"/>
    <tag k="barrier" v="gate"/>
  </node>
  <node id="5442183749" lat="54.1568056" lon="19.4037465"/>
  <node id="5442183750" lat="54.1567715" lon="19.4038371"/>
  <node id="5442183751" lat="54.1564406" lon="19.4007178"/>
  <node id="5442183752" lat="54.1564535" lon="19.4012955"/>
  <node id="5442183753" lat="54.1564759" lon="19.4013260"/>
  <node id="5442183764" lat="54.1550747" lon="19.3983653"/>
  <node id="5442183767" lat="54.1552208" lon="19.3987548"/>
  <node id="5442183768" lat="54.1546097" lon="19.3976294"/>
  <node id="5442183774" lat="54.1552030" lon="19.3985429"/>
  <node id="5442183780" lat="54.1551753" lon="19.3985083"/>
  <node id="5442183781" lat="54.1552232" lon="19.3982510"/>
  <node id="5442183782" lat="54.1551062" lon="19.3980069"/>
  <node id="5442183783" lat="54.1550072" lon="19.3980028"/>
  <node id="5442183784" lat="54.1548347" lon="19.3976363"/>
  <node id="5442183788" lat="54.1555964" lon="19.3984560">
    <tag k="crossing" v="zebra"/>
    <tag k="crossing:island" v="no"/>
    <tag k="highway" v="crossing"/>
  </node>
  <node id="5442231996" lat="54.1553257" lon="19.3986526"/>
  <node id="5442231997" lat="54.1549289" lon="19.3981382"/>
  <node id="5442231998" lat="54.1554144" lon="19.3986880"/>
  <node id="5442574869" lat="54.1593988" lon="19.4057832"/>
  <node id="5442574870" lat="54.1591489" lon="19.4057744"/>
  <node id="5442574871" lat="54.1592067" lon="19.4066177"/>
  <node id="5442574872" lat="54.1592189" lon="19.4067979"/>
  <node id="5442574873" lat="54.1593655" lon="19.4067884"/>
  <node id="5442574874" lat="54.1593400" lon="19.4062531"/>
  <node id="5442574875" lat="54.1594521" lon="19.4062270"/>
  <node id="5442574876" lat="54.1595143" lon="19.4055044"/>
  <node id="5442574877" lat="54.1591450" lon="19.4055035"/>
  <node id="5442574878" lat="54.1591778" lon="19.4064300"/>
  <node id="5442574879" lat="54.1590878" lon="19.4064527"/>
  <node id="5442574880" lat="54.1591283" lon="19.4055422"/>
  <node id="5442574881" lat="54.1591527" lon="19.4062694"/>
  <node id="5442574882" lat="54.1591018" lon="19.4062816">
    <tag k="barrier" v="lift_gate"/>
  </node>
  <node id="5442574883" lat="54.1592339" lon="19.4062763"/>
  <node id="5442574884" lat="54.1592394" lon="19.4063762">
    <tag k="access" v="private"/>
    <tag k="amenity" v="parking_entrance"/>
    <tag k="parking" v="underground"/>
  </node>
  <node id="5442728214" lat="54.1521208" lon="19.4180823">
    <tag k="railway" v="tram_crossing"/>
  </node>
  <node id="5442728215" lat="54.1520903" lon="19.4180511">
    <tag k="railway" v="tram_crossing"/>
  </node>
  <node id="5442855063" lat="54.1583979" lon="19.3991322"/>
  <node id="5443317370" lat="54.1578622" lon="19.4084092"/>
  <node id="5443317371" lat="54.1578831" lon="19.4073201"/>
  <node id="5443317372" lat="54.1576236" lon="19.4073248"/>
  <node id="5443317373" lat="54.1574301" lon="19.4072972"/>
  <node id="5443317374" lat="54.1578025" lon="19.4098111"/>
  <node id="5443317375" lat="54.1578425" lon="19.4096409"/>
  <node id="5443317378" lat="54.1559734" lon="19.4102736"/>
  <node id="5443317382" lat="54.1558336" lon="19.4088977"/>
  <node id="5443317383" lat="54.1558076" lon="19.4094337"/>
  <node id="5443317384" lat="54.1558375" lon="19.4098863"/>
  <node id="5443317389" lat="54.1560690" lon="19.4102336"/>
  <node id="5443317395" lat="54.1565929" lon="19.4107894"/>
  <node id="5443317396" lat="54.1565924" lon="19.4107768"/>
  <node id="5443317397" lat="54.1565647" lon="19.4108437"/>
  <node id="5443317398" lat="54.1564260" lon="19.4108499"/>
  <node id="5443317399" lat="54.1563740" lon="19.4108322"/>
  <node id="5443317400" lat="54.1567011" lon="19.4107923"/>
  <node id="5443317401" lat="54.1569037" lon="19.4107902"/>
  <node id="5443317402" lat="54.1570413" lon="19.4109637"/>
  <node id="5443317403" lat="54.1571101" lon="19.4111727"/>
  <node id="5443317623" lat="54.1553297" lon="19.4115607"/>
  <node id="5443337492" lat="54.1554700" lon="19.4124847"/>
  <node id="5443427542" lat="54.1526232" lon="19.4111646"/>
  <node id="5443455689" lat="54.1534407" lon="19.4076869"/>
  <node id="5443455690" lat="54.1544090" lon="19.4090103"/>
  <node id="5443790273" lat="54.1575870" lon="19.4144274"/>
  <node id="5443790274" lat="54.1576396" lon="19.4133275"/>
  <node id="5443790306" lat="54.1566412" lon="19.4122567"/>
  <node id="5443790311" lat="54.1554656" lon="19.4125157"/>
  <node id="5444780591" lat="54.1579339" lon="19.4086943">
    <tag k="crossing" v="zebra"/>
    <tag k="highway" v="crossing"/>
  </node>
  <node id="5446015377" lat="54.1564650" lon="19.4013150"/>
  <node id="5446015378" lat="54.1564456" lon="19.4012765"/>
  <node id="5446015379" lat="54.1563676" lon="19.4002243"/>
  <node id="5448495832" lat="54.1601863" lon="19.4081972"/>
  <node id="5451351799" lat="54.1554827" lon="19.4007273"/>
  <node id="5451351805" lat="54.1555810" lon="19.4015830"/>
  <node id="5451351806" lat="54.1556162" lon="19.4021601"/>
  <node id="5451351807" lat="54.1553583" lon="19.4007692"/>
  <node id="5451351808" lat="54.1553002" lon="19.4006753"/>
  <node id="5451351809" lat="54.1547175" lon="19.4007826"/>
  <node id="5451351810" lat="54.1546578" lon="19.4007075"/>
  <node id="5451351811" lat="54.1546515" lon="19.4006244"/>
  <node id="5451351812" lat="54.1546735" lon="19.4005359"/>
  <node id="5451351813" lat="54.1551479" lon="19.4004608"/>
  <node id="5451351814" lat="54.1551730" lon="19.4005198"/>
  <node id="5451351815" lat="54.1551813" lon="19.4006968"/>
  <node id="5451351816" lat="54.1548808" lon="19.4010133"/>
  <node id="5451351817" lat="54.1552845" lon="19.4009301"/>
  <node id="5451351818" lat="54.1555091" lon="19.4010764"/>
  <node id="5451351819" lat="54.1554866" lon="19.4008649"/>
  <node id="5451351820" lat="54.1553854" lon="19.3998136">
    <tag k="barrier" v="gate"/>
  </node>
  <node id="5451352621" lat="54.1554320" lon="19.4002506"/>
  <node id="5451352622" lat="54.1553065" lon="19.4002918"/>
  <node id="5454737744" lat="54.1580136" lon="19.3998508"/>
  <node id="5454880377" lat="54.1578608" lon="19.4085081">
    <tag k="crossing" v="zebra"/>
    <tag k="highway" v="crossing"/>
  </node>
  <node id="5454880378" lat="54.1582679" lon="19.4097079"/>
  <node id="5471315622" lat="54.1557458" lon="19.4028987"/>
  <node id="5471315623" lat="54.1558070" lon="19.4038987"/>
  <node id="5471315624" lat="54.1557984" lon="19.4039335"/>
  <node id="5471315625" lat="54.1557049" lon="19.4041547"/>
  <node id="5471315635" lat="54.1558941" lon="19.4007911"/>
  <node id="5471777535" lat="54.1540151" lon="19.4126834"/>
  <node id="5471777542" lat="54.1541166" lon="19.4123384">
    <tag k="crossing" v="zebra"/>
    <tag k="highway" v="crossing"/>
  </node>
  <node id="5471801779" lat="54.1595696" lon="19.4014792">
    <tag k="crossing" v="zebra"/>
    <tag k="highway" v="crossing"/>
  </node>
  <node id="5471801788" lat="54.1569631" lon="19.4043834"/>
  <node id="5478362275" lat="54.1676799" lon="19.4169347"/>
  <node id="5478362276" lat="54.1673756" lon="19.4165938"/>
  <node id="5478462520" lat="54.1613364" lon="19.4161868"/>
  <node id="5478465921" lat="54.1613042" lon="19.4161280"/>
  <node id="5478465922" lat="54.1613721" lon="19.4162480"/>
  <node id="5478465923" lat="54.1613213" lon="19.4151296"/>
  <node id="5478465924" lat="54.1612788" lon="19.4148161"/>
  <node id="5478465925" lat="54.1612015" lon="19.4146511"/>
  <node id="5478655539" lat="54.1598197" lon="19.4092898">
    <tag k="railway" v="tram_level_crossing"/>
  </node>
  <node id="5478655540" lat="54.1597990" lon="19.4092328">
    <tag k="railway" v="tram_level_crossing"/>
  </node>
  <node id="5478655541" lat="54.1597577" lon="19.4091407">
    <tag k="railway" v="tram_level_crossing"/>
  </node>
  <node id="5478655542" lat="54.1597584" lon="19.4091219">
    <tag k="railway" v="tram_level_crossing"/>
  </node>
  <node id="5478817505" lat="54.1612776" lon="19.4116095">
    <tag k="crossing" v="zebra"/>
    <tag k="highway" v="crossing"/>
  </node>
  <node id="5480645515" lat="54.1753130" lon="19.4355256"/>
  <node id="5522695872" lat="54.1597479" lon="19.3976126"/>
  <node id="5522733148" lat="54.1590986" lon="19.3975597">
    <tag k="highway" v="crossing"/>
  </node>
  <node id="5522733149" lat="54.1592492" lon="19.3975446">
    <tag k="highway" v="crossing"/>
  </node>
  <node id="5522733150" lat="54.1591844" lon="19.3975520"/>
  <node id="5522797501" lat="54.1585750" lon="19.3976377"/>
  <node id="5522797502" lat="54.1586099" lon="19.3976322"/>
  <node id="5522797503" lat="54.1583201" lon="19.3976800"/>
  <node id="5522797517" lat="54.1580515" lon="19.3977238"/>
  <node id="5522798255" lat="54.1579378" lon="19.3977483"/>
  <node id="5522798256" lat="54.1577412" lon="19.3977820"/>
  <node id="5522798257" lat="54.1577425" lon="19.3978792"/>
  <node id="5522798258" lat="54.1577410" lon="19.3980217"/>
  <node id="5522798259" lat="54.1569227" lon="19.3980861"/>
  <node id="5522834598" lat="54.1562698" lon="19.3962764">
    <tag k="barrier" v="gate"/>
  </node>
  <node id="5522834599" lat="54.1564964" lon="19.3973248"/>
  <node id="5522835643" lat="54.1579708" lon="19.3977422"/>
  <node id="5531302728" lat="54.1580733" lon="19.3977202"/>
  <node id="5535691200" lat="54.1547383" lon="19.3964884"/>
  <node id="5535691201" lat="54.1545966" lon="19.3966338"/>
  <node id="5535691203" lat="54.1544198" lon="19.3962487"/>
  <node id="5535691204" lat="54.1545127" lon="19.3964243"/>
  <node id="5535691205" lat="54.1546083" lon="19.3966862"/>
  <node id="5535691206" lat="54.1547337" lon="19.3969958"/>
  <node id="5535691322" lat="54.1539179" lon="19.3972382"/>
  <node id="5535691323" lat="54.1540054" lon="19.3967014"/>
  <node id="5535691324" lat="54.1540191" lon="19.3966068"/>
  <node id="5535691325" lat="54.1540376" lon="19.3965613"/>
  <node id="5535691326" lat="54.1540964" lon="19.3964935"/>
  <node id="5535691327" lat="54.1542474" lon="19.3963313"/>
  <node id="5535691328" lat="54.1543664" lon="19.3962110"/>
  <node id="5535691329" lat="54.1542796" lon="19.3961865"/>
  <node id="5535691456" lat="54.1524110" lon="19.3972637"/>
  <node id="5535691457" lat="54.1521960" lon="19.3972079"/>
  <node id="5535691458" lat="54.1516394" lon="19.3974438"/>
  <node id="5535691459" lat="54.1516846" lon="19.3974353"/>
  <node id="5535691460" lat="54.1521106" lon="19.3972118"/>
  <node id="5535691461" lat="54.1518726" lon="19.3973328"/>
  <node id="5535691462" lat="54.1520145" lon="19.3972470"/>
  <node id="5535691463" lat="54.1518386" lon="19.3969045"/>
  <node id="5535691464" lat="54.1518581" lon="19.3970957"/>
  <node id="5535691465" lat="54.1518450" lon="19.3970152"/>
  <node id="5535723521" lat="54.1519469" lon="19.3958055"/>
  <node id="5535723522" lat="54.1518808" lon="19.3964191"/>
  <node id="5535723526" lat="54.1513940" lon="19.3973920"/>
  <node id="5535723527" lat="54.1514788" lon="19.3962828"/>
  <node id="5535723528" lat="54.1515203" lon="19.3957626"/>
  <node id="5535723529" lat="54.1515513" lon="19.3956033"/>
  <node id="5535786846" lat="54.1499938" lon="19.3998476"/>
  <node id="5535786847" lat="54.1498830" lon="19.3999407"/>
  <node id="5535786848" lat="54.1499508" lon="19.3998698"/>
  <node id="5535786849" lat="54.1506124" lon="19.4028084"/>
  <node id="5535786910" lat="54.1520053" lon="19.3998349"/>
  <node id="5535786911" lat="54.1520053" lon="19.3999446">
    <tag k="barrier" v="gate"/>
  </node>
  <node id="5535786912" lat="54.1520234" lon="19.4003451"/>
  <node id="5535786913" lat="54.1520721" lon="19.4009120"/>
  <node id="5535786914" lat="54.1521677" lon="19.4017963"/>
  <node id="5535786915" lat="54.1522273" lon="19.4019596"/>
  <node id="5535786916" lat="54.1522471" lon="19.4021383"/>
  <node id="5535786917" lat="54.1522616" lon="19.4022523">
    <tag k="barrier" v="gate"/>
  </node>
  <node id="5535786918" lat="54.1522878" lon="19.4024329"/>
  <node id="5535786954" lat="54.1525445" lon="19.3998262"/>
  <node id="5535786971" lat="54.1525701" lon="19.3986327"/>
  <node id="5535786987" lat="54.1499095" lon="19.3970264"/>
  <node id="5536207347" lat="54.1525535" lon="19.3999479"/>
  <node id="5536207348" lat="54.1527938" lon="19.4006422"/>
  <node id="5536207349" lat="54.1528472" lon="19.4007805"/>
  <node id="5536207350" lat="54.1528704" lon="19.4008665"/>
  <node id="5536207352" lat="54.1531267" lon="19.4020229"/>
  <node id="5536207353" lat="54.1532799" lon="19.4019980"/>
  <node id="5536207383" lat="54.1526346" lon="19.4000011"/>
  <node id="5536207384" lat="54.1527826" lon="19.3999950"/>
  <node id="5536207385" lat="54.1529125" lon="19.4000135"/>
  <node id="5536207386" lat="54.1529034" lon="19.4000997"/>
  <node id="5536207387" lat="54.1534032" lon="19.4002137"/>
  <node id="5536207388" lat="54.1534159" lon="19.4000227"/>
  <node id="5536207389" lat="54.1529197" lon="19.3999149"/>
  <node id="5536207390" lat="54.1531037" lon="19.3996745"/>
  <node id="5536207391" lat="54.1528836" lon="19.3996314"/>
  <node id="5536207392" lat="54.1528496" lon="19.4000045"/>
  <node id="5536207401" lat="54.1538653" lon="19.3999736"/>
  <node id="5536207402" lat="54.1539156" lon="19.3999870"/>
  <node id="5536207403" lat="54.1539627" lon="19.3999829"/>
  <node id="5536207405" lat="54.1540512" lon="19.3985725"/>
  <node id="5536207406" lat="54.1537778" lon="19.3984947"/>
  <node id="5536207407" lat="54.1538752" lon="19.3976176"/>
  <node id="5536207408" lat="54.1538846" lon="19.3974406"/>
  <node id="5536207409" lat="54.1535368" lon="19.3974036"/>
  <node id="5536207410" lat="54.1534700" lon="19.3974081"/>
  <node id="5536207411" lat="54.1534632" lon="19.3974970"/>
  <node id="5536207412" lat="54.1532705" lon="19.3985537"/>
  <node id="5536207413" lat="54.1534621" lon="19.3987629"/>
  <node id="5536207414" lat="54.1536302" lon="19.3989453"/>
  <node id="5536207415" lat="54.1537433" lon="19.3986476"/>
  <node id="5536207416" lat="54.1535029" lon="19.3992940"/>
  <node id="5536207417" lat="54.1532375" lon="19.3989319"/>
  <node id="5536207418" lat="54.1547831" lon="19.3979074"/>
  <node id="5536207419" lat="54.1545094" lon="19.3984154"/>
  <node id="5536207420" lat="54.1544880" lon="19.3984276"/>
  <node id="5536207621" lat="54.1544213" lon="19.3983707"/>
  <node id="5536207622" lat="54.1541785" lon="19.3982853"/>
  <node id="5536207623" lat="54.1540589" lon="19.3985023"/>
  <node id="5536207624" lat="54.1544475" lon="19.3986207"/>
  <node id="5536207625" lat="54.1545322" lon="19.3983731"/>
  <node id="5536207626" lat="54.1546547" lon="19.3985130"/>
  <node id="5536207627" lat="54.1547930" lon="19.3982551"/>
  <node id="5536207631" lat="54.1547136" lon="19.3980363"/>
  <node id="5536207643" lat="54.1553053" lon="19.4008848"/>
  <node id="5536207644" lat="54.1551950" lon="19.4006943"/>
  <node id="5536207651" lat="54.1543626" lon="19.4015582"/>
  <node id="5536207652" lat="54.1546676" lon="19.4015110"/>
  <node id="5536207653" lat="54.1546827" lon="19.4017376"/>
  <node id="5536207656" lat="54.1544601" lon="19.4015229"/>
  <node id="5536207661" lat="54.1538854" lon="19.3985242">
    <tag k="barrier" v="gate"/>
  </node>
  <node id="5536207668" lat="54.1534820" lon="19.3997993"/>
  <node id="5536207704" lat="54.1428237" lon="19.3905087"/>
  <node id="5536207707" lat="54.1427984" lon="19.3904630"/>
  <node id="5536207709" lat="54.1437405" lon="19.3918765"/>
  <node id="5537742485" lat="54.1557779" lon="19.4039821"/>
  <node id="5537742508" lat="54.1550008" lon="19.4038962"/>
  <node id="5537742509" lat="54.1550116" lon="19.4037918">
    <tag k="barrier" v="gate"/>
  </node>
  <node id="5537742510" lat="54.1550447" lon="19.4031672"/>
  <node id="5537742511" lat="54.1550768" lon="19.4030946"/>
  <node id="5537742512" lat="54.1551121" lon="19.4030274"/>
  <node id="5537742513" lat="54.1551722" lon="19.4029867"/>
  <node id="5537742514" lat="54.1554862" lon="19.4029230"/>
  <node id="5537742515" lat="54.1550272" lon="19.4034963"/>
  <node id="5537742516" lat="54.1555007" lon="19.4034114"/>
  <node id="5537742519" lat="54.1555329" lon="19.4042197">
    <tag k="barrier" v="lift_gate"/>
  </node>
  <node id="5537749128" lat="54.1554141" lon="19.4039822"/>
  <node id="5537749129" lat="54.1552155" lon="19.4045622"/>
  <node id="5537749131" lat="54.1550775" lon="19.4049904"/>
  <node id="5537749134" lat="54.1550712" lon="19.4051846">
    <tag k="barrier" v="gate"/>
  </node>
  <node id="5537749135" lat="54.1550691" lon="19.4052777"/>
  <node id="5537749138" lat="54.1549151" lon="19.4057037">
    <tag k="barrier" v="gate"/>
  </node>
  <node id="5537749140" lat="54.1548918" lon="19.4058273"/>
  <node id="5537749154" lat="54.1551303" lon="19.4048100"/>
  <node id="5537749155" lat="54.1549651" lon="19.4046433"/>
  <node id="5537749159" lat="54.1550901" lon="19.4047695"/>
  <node id="5537749172" lat="54.1548011" lon="19.4045661"/>
  <node id="5537749173" lat="54.1544455" lon="19.4054608"/>
  <node id="5537749178" lat="54.1539536" lon="19.4048632"/>
  <node id="5537749179" lat="54.1539936" lon="19.4047680">
    <tag k="barrier" v="gate"/>
  </node>
  <node id="5537749180" lat="54.1540243" lon="19.4046894"/>
  <node id="5537749181" lat="54.1543598" lon="19.4050807"/>
  <node id="5537749182" lat="54.1541695" lon="19.4043305"/>
  <node id="5537749186" lat="54.1540681" lon="19.4033372"/>
  <node id="5537749187" lat="54.1542370" lon="19.4037354"/>
  <node id="5537749188" lat="54.1542879" lon="19.4037670"/>
  <node id="5537749189" lat="54.1543998" lon="19.4037913"/>
  <node id="5537749217" lat="54.1539493" lon="19.4018818"/>
  <node id="5537749218" lat="54.1539576" lon="19.4019735">
    <tag k="barrier" v="gate"/>
  </node>
  <node id="5537749219" lat="54.1539737" lon="19.4021896"/>
  <node id="5537749222" lat="54.1539901" lon="19.4029103"/>
  <node id="5537749224" lat="54.1538234" lon="19.4029210"/>
  <node id="5537749228" lat="54.1538223" lon="19.4030540"/>
  <node id="5537749232" lat="54.1541412" lon="19.4030442"/>
  <node id="5537749236" lat="54.1541432" lon="19.4029135"/>
  <node id="5537749237" lat="54.1544652" lon="19.4028462">
    <tag k="barrier" v="gate"/>
  </node>
  <node id="5537749238" lat="54.1545180" lon="19.4028363"/>
  <node id="5537749253" lat="54.1551215" lon="19.4075678"/>
  <node id="5537749254" lat="54.1551892" lon="19.4073560"/>
  <node id="5537749258" lat="54.1549518" lon="19.4077774"/>
  <node id="5537749323" lat="54.1544459" lon="19.4063427"/>
  <node id="5537749324" lat="54.1542709" lon="19.4060423"/>
  <node id="5537749325" lat="54.1543329" lon="19.4061489"/>
  <node id="5537749326" lat="54.1544526" lon="19.4058510"/>
  <node id="5537749327" lat="54.1545039" lon="19.4057131"/>
  <node id="5537749328" lat="54.1545485" lon="19.4055888"/>
  <node id="5537749382" lat="54.1523222" lon="19.4024249"/>
  <node id="5537749383" lat="54.1523493" lon="19.4026866"/>
  <node id="5537749387" lat="54.1524934" lon="19.4028368"/>
  <node id="5537749388" lat="54.1525201" lon="19.4029513"/>
  <node id="5537749389" lat="54.1526738" lon="19.4030701"/>
  <node id="5537749390" lat="54.1527573" lon="19.4025463"/>
  <node id="5537749391" lat="54.1523419" lon="19.4026252"/>
  <node id="5537749395" lat="54.1523697" lon="19.4026199"/>
  <node id="5537749421" lat="54.1532044" lon="19.4032521"/>
  <node id="5537749422" lat="54.1528178" lon="19.4034305"/>
  <node id="5537749423" lat="54.1529395" lon="19.4040750"/>
  <node id="5537749424" lat="54.1529285" lon="19.4041591"/>
  <node id="5537749425" lat="54.1528944" lon="19.4042711"/>
  <node id="5537749426" lat="54.1528465" lon="19.4043762"/>
  <node id="5537749427" lat="54.1529070" lon="19.4039028">
    <tag k="barrier" v="gate"/>
  </node>
  <node id="5551950384" lat="54.1514045" lon="19.4029965">
    <tag k="barrier" v="lift_gate"/>
  </node>
  <node id="5551950405" lat="54.1538166" lon="19.4062456"/>
  <node id="5551950406" lat="54.1537055" lon="19.4061136"/>
  <node id="5551950407" lat="54.1534156" lon="19.4058985"/>
  <node id="5551950408" lat="54.1535209" lon="19.4068796"/>
  <node id="5551950409" lat="54.1533386" lon="19.4068112"/>
  <node id="5551950410" lat="54.1533027" lon="19.4067950"/>
  <node id="5551951053" lat="54.1540051" lon="19.4071041"/>
  <node id="5552003527" lat="54.1441933" lon="19.3924337"/>
  <node id="5552003528" lat="54.1441520" lon="19.3922907"/>
  <node id="5552003529" lat="54.1440786" lon="19.3921529"/>
  <node id="5552003530" lat="54.1441249" lon="19.3922265"/>
  <node id="5552003531" lat="54.1446968" lon="19.3943489"/>
  <node id="5552003532" lat="54.1448453" lon="19.3950228"/>
  <node id="5552003533" lat="54.1447738" lon="19.3947372"/>
  <node id="5552003534" lat="54.1448043" lon="19.3948909"/>
  <node id="5552003535" lat="54.1450088" lon="19.3955847"/>
  <node id="5552003536" lat="54.1451454" lon="19.3961090"/>
  <node id="5552003537" lat="54.1451015" lon="19.3958973"/>
  <node id="5552003538" lat="54.1455201" lon="19.3976677"/>
  <node id="5552003539" lat="54.1452186" lon="19.3964664"/>
  <node id="5552003540" lat="54.1459916" lon="19.3994126"/>
  <node id="5552003541" lat="54.1463056" lon="19.4006263"/>
  <node id="5552003542" lat="54.1468150" lon="19.4025078"/>
  <node id="5552003543" lat="54.1470442" lon="19.4030988"/>
  <node id="5552003544" lat="54.1472206" lon="19.4032449"/>
  <node id="5554526128" lat="54.1488490" lon="19.4032663"/>
  <node id="5554576788" lat="54.1496659" lon="19.4031523"/>
  <node id="5554576789" lat="54.1499283" lon="19.4031628"/>
  <node id="5642241660" lat="54.1598203" lon="19.4041139">
    <tag k="crossing" v="traffic_signals"/>
    <tag k="crossing:markings" v="zebra"/>
    <tag k="highway" v="crossing"/>
  </node>
  <node id="5642241677" lat="54.1603002" lon="19.4042071"/>
  <node id="5642241678" lat="54.1602741" lon="19.4037960"/>
  <node id="5642241680" lat="54.1602338" lon="19.4035543"/>
  <node id="5642241681" lat="54.1602121" lon="19.4033880"/>
  <node id="5642241682" lat="54.1602059" lon="19.4032854"/>
  <node id="5642241683" lat="54.1602539" lon="19.3996640"/>
  <node id="5642241702" lat="54.1600897" lon="19.4023748">
    <tag k="highway" v="turning_circle"/>
  </node>
  <node id="5642241824" lat="54.1595406" lon="19.4001799">
    <tag k="crossing" v="zebra"/>
    <tag k="highway" v="crossing"/>
  </node>
  <node id="5642241826" lat="54.1597584" lon="19.4024720">
    <tag k="crossing" v="zebra"/>
    <tag k="highway" v="crossing"/>
    <tag k="tactile_paving" v="no"/>
  </node>
  <node id="5642241827" lat="54.1596694" lon="19.4015256">
    <tag k="crossing" v="zebra"/>
    <tag k="highway" v="crossing"/>
  </node>
  <node id="5642241847" lat="54.1601424" lon="19.3990686"/>
  <node id="5642241848" lat="54.1601554" lon="19.3996483"/>
  <node id="5642241849" lat="54.1601512" lon="19.4004479"/>
  <node id="5642241880" lat="54.1599515" lon="19.4024154"/>
  <node id="5642241881" lat="54.1600101" lon="19.4030293"/>
  <node id="5642253871" lat="54.1594279" lon="19.3993831">
    <tag k="railway" v="tram_crossing"/>
  </node>
  <node id="5642253872" lat="54.1594001" lon="19.3993859">
    <tag k="railway" v="tram_crossing"/>
  </node>
  <node id="5642284969" lat="54.1607637" lon="19.4041248"/>
  <node id="5642284970" lat="54.1601061" lon="19.4042408"/>
  <node id="5642284974" lat="54.1608277" lon="19.4041107">
    <tag k="crossing" v="traffic_signals"/>
    <tag k="crossing:markings" v="zebra"/>
    <tag k="crossing_ref" v="zebra"/>
    <tag k="highway" v="crossing"/>
  </node>
  <node id="5642284975" lat="54.1608284" lon="19.4043976">
    <tag k="crossing" v="traffic_signals"/>
    <tag k="crossing:markings" v="zebra"/>
    <tag k="crossing_ref" v="zebra"/>
    <tag k="highway" v="crossing"/>
  </node>
  <node id="5643682361" lat="54.1590823" lon="19.3990325"/>
  <node id="5643682362" lat="54.1590740" lon="19.3990235"/>
  <node id="5643682363" lat="54.1590646" lon="19.3990185"/>
  <node id="5643682364" lat="54.1590548" lon="19.3990179"/>
  <node id="5643682365" lat="54.1590452" lon="19.3990218"/>
  <node id="5643682366" lat="54.1590366" lon="19.3990298"/>
  <node id="5643682367" lat="54.1590294" lon="19.3990414"/>
  <node id="5643682368" lat="54.1590244" lon="19.3990557"/>
  <node id="5643682369" lat="54.1590217" lon="19.3990719"/>
  <node id="5643682370" lat="54.1590215" lon="19.3990887"/>
  <node id="5643682371" lat="54.1590240" lon="19.3991049"/>
  <node id="5643682372" lat="54.1590288" lon="19.3991195"/>
  <node id="5643682373" lat="54.1590370" lon="19.3991329"/>
  <node id="5643682374" lat="54.1590471" lon="19.3991415"/>
  <node id="5643682375" lat="54.1590583" lon="19.3991445"/>
  <node id="5643682376" lat="54.1590695" lon="19.3991417"/>
  <node id="5643682377" lat="54.1590797" lon="19.3991331"/>
  <node id="5643682378" lat="54.1590879" lon="19.3991198"/>
  <node id="5643682379" lat="54.1590933" lon="19.3991029"/>
  <node id="5643682380" lat="54.1590955" lon="19.3990839"/>
  <node id="5643682381" lat="54.1590943" lon="19.3990647"/>
  <node id="5643682382" lat="54.1590898" lon="19.3990470"/>
  <node id="5643682385" lat="54.1582606" lon="19.3988898"/>
  <node id="5643682386" lat="54.1581138" lon="19.3988824"/>
  <node id="5643682390" lat="54.1594563" lon="19.4003002"/>
  <node id="5643682391" lat="54.1594400" lon="19.4002489"/>
  <node id="5643682392" lat="54.1593472" lon="19.3998308"/>
  <node id="5643682393" lat="54.1593646" lon="19.3998563"/>
  <node id="5643682418" lat="54.1594032" lon="19.4001136">
    <tag k="crossing" v="zebra"/>
    <tag k="highway" v="crossing"/>
  </node>
  <node id="5643683139" lat="54.1580138" lon="19.4001901"/>
  <node id="5643683140" lat="54.1580140" lon="19.4006592"/>
  <node id="5643683144" lat="54.1580145" lon="19.4016520"/>
  <node id="5643683145" lat="54.1580142" lon="19.4010568"/>
  <node id="5643683149" lat="54.1596242" lon="19.4014639">
    <tag k="railway" v="tram_crossing"/>
  </node>
  <node id="5643683150" lat="54.1595955" lon="19.4014719">
    <tag k="railway" v="tram_crossing"/>
  </node>
  <node id="5643683168" lat="54.1595257" lon="19.4015647">
    <tag k="crossing" v="zebra"/>
    <tag k="highway" v="crossing"/>
  </node>
  <node id="5643683171" lat="54.1594405" lon="19.4006433">
    <tag k="crossing" v="zebra"/>
    <tag k="highway" v="crossing"/>
  </node>
  <node id="5643683176" lat="54.1595823" lon="19.4016160"/>
  <node id="5643683177" lat="54.1591122" lon="19.4016462"/>
  <node id="5643683178" lat="54.1595728" lon="19.4015123"/>
  <node id="5643683185" lat="54.1580468" lon="19.4018908"/>
  <node id="5643689155" lat="54.1580122" lon="19.4022914"/>
  <node id="5643689156" lat="54.1580153" lon="19.4030986"/>
  <node id="5643689175" lat="54.1587766" lon="19.4041727">
    <tag k="crossing" v="uncontrolled"/>
    <tag k="crossing:markings" v="zebra"/>
    <tag k="highway" v="crossing"/>
  </node>
  <node id="5643689177" lat="54.1580158" lon="19.4041923">
    <tag k="crossing" v="traffic_signals"/>
    <tag k="crossing:markings" v="zebra"/>
    <tag k="highway" v="crossing"/>
  </node>
  <node id="5643689182" lat="54.1581089" lon="19.4033169">
    <tag k="crossing" v="zebra"/>
    <tag k="highway" v="crossing"/>
    <tag k="tactile_paving" v="no"/>
  </node>
  <node id="5643689184" lat="54.1581082" lon="19.4018885">
    <tag k="crossing" v="zebra"/>
    <tag k="highway" v="crossing"/>
    <tag k="tactile_paving" v="no"/>
  </node>
  <node id="5643689185" lat="54.1581046" lon="19.4008741">
    <tag k="crossing" v="zebra"/>
    <tag k="highway" v="crossing"/>
  </node>
  <node id="5643689187" lat="54.1580785" lon="19.3995959">
    <tag k="crossing" v="zebra"/>
    <tag k="highway" v="crossing"/>
    <tag k="tactile_paving" v="no"/>
  </node>
  <node id="5643689188" lat="54.1580749" lon="19.3988835">
    <tag k="crossing" v="zebra"/>
    <tag k="highway" v="crossing"/>
    <tag k="tactile_paving" v="no"/>
  </node>
  <node id="5643689196" lat="54.1588942" lon="19.3985957">
    <tag k="crossing" v="zebra"/>
    <tag k="highway" v="crossing"/>
  </node>
  <node id="5644504292" lat="54.1558792" lon="19.3986413"/>
  <node id="5644504301" lat="54.1563736" lon="19.3997502"/>
  <node id="5644504302" lat="54.1569360" lon="19.3999716">
    <tag k="crossing" v="zebra"/>
    <tag k="highway" v="crossing"/>
  </node>
  <node id="5644504305" lat="54.1558320" lon="19.4012468">
    <tag k="crossing" v="zebra"/>
    <tag k="highway" v="crossing"/>
    <tag k="tactile_paving" v="no"/>
  </node>
  <node id="5644504306" lat="54.1559346" lon="19.4012255">
    <tag k="crossing" v="zebra"/>
    <tag k="highway" v="crossing"/>
    <tag k="tactile_paving" v="no"/>
  </node>
  <node id="5644504312" lat="54.1568554" lon="19.4012297">
    <tag k="crossing" v="zebra"/>
    <tag k="highway" v="crossing"/>
  </node>
  <node id="5644504313" lat="54.1577445" lon="19.4011970">
    <tag k="crossing" v="zebra"/>
    <tag k="highway" v="crossing"/>
    <tag k="tactile_paving" v="no"/>
  </node>
  <node id="5644505233" lat="54.1580113" lon="19.3982261">
    <tag k="crossing" v="traffic_signals"/>
    <tag k="crossing:island" v="no"/>
    <tag k="crossing:markings" v="zebra"/>
    <tag k="highway" v="crossing"/>
    <tag k="tactile_paving" v="no"/>
  </node>
  <node id="5644505259" lat="54.1577378" lon="19.4006847"/>
  <node id="5644505265" lat="54.1568538" lon="19.4010623"/>
  <node id="5644505269" lat="54.1566945" lon="19.4013447"/>
  <node id="5644505273" lat="54.1565682" lon="19.4038977"/>
  <node id="5644505280" lat="54.1575725" lon="19.4027927"/>
  <node id="5644505281" lat="54.1569961" lon="19.4028104"/>
  <node id="5644505283" lat="54.1574924" lon="19.4027951"/>
  <node id="5644505286" lat="54.1571028" lon="19.4028071"/>
  <node id="5644505287" lat="54.1576117" lon="19.4036340"/>
  <node id="5644505290" lat="54.1570950" lon="19.4036315"/>
  <node id="5644505292" lat="54.1575239" lon="19.4013465"/>
  <node id="5644505293" lat="54.1569254" lon="19.4013561"/>
  <node id="5644505298" lat="54.1580135" lon="19.3996810"/>
  <node id="5644505299" lat="54.1580139" lon="19.4003072"/>
  <node id="5644505304" lat="54.1580140" lon="19.4006116"/>
  <node id="5644505305" lat="54.1580143" lon="19.4010918"/>
  <node id="5644505307" lat="54.1580148" lon="19.4022276">
    <tag k="crossing" v="zebra"/>
    <tag k="crossing:island" v="no"/>
    <tag k="highway" v="crossing"/>
    <tag k="tactile_paving" v="no"/>
  </node>
  <node id="5644505313" lat="54.1580165" lon="19.4025321"/>
  <node id="5644505318" lat="54.1580148" lon="19.4021686"/>
  <node id="5645375202" lat="54.1543903" lon="19.3955189"/>
  <node id="5645375205" lat="54.1555344" lon="19.3986882">
    <tag k="crossing" v="zebra"/>
    <tag k="crossing:island" v="no"/>
    <tag k="highway" v="crossing"/>
  </node>
  <node id="5645375208" lat="54.1550620" lon="19.3975172">
    <tag k="crossing" v="zebra"/>
    <tag k="highway" v="crossing"/>
  </node>
  <node id="5645380126" lat="54.1550672" lon="19.3970284">
    <tag k="crossing" v="zebra"/>
    <tag k="crossing:island" v="no"/>
    <tag k="highway" v="crossing"/>
  </node>
  <node id="5645380142" lat="54.1557558" lon="19.4015462">
    <tag k="crossing" v="zebra"/>
    <tag k="highway" v="crossing"/>
  </node>
  <node id="5645380146" lat="54.1559375" lon="19.4043577"/>
  <node id="5645380150" lat="54.1557484" lon="19.4063026">
    <tag k="crossing" v="zebra"/>
    <tag k="highway" v="crossing"/>
  </node>
  <node id="5645380151" lat="54.1557348" lon="19.4064244">
    <tag k="crossing" v="zebra"/>
    <tag k="highway" v="crossing"/>
  </node>
  <node id="5645380157" lat="54.1553240" lon="19.4078494">
    <tag k="crossing:markings" v="yes"/>
    <tag k="highway" v="crossing"/>
    <tag k="tactile_paving" v="no"/>
  </node>
  <node id="5645380164" lat="54.1557969" lon="19.4067797">
    <tag k="crossing" v="zebra"/>
    <tag k="highway" v="crossing"/>
    <tag k="tactile_paving" v="no"/>
  </node>
  <node id="5645380165" lat="54.1558901" lon="19.4068533">
    <tag k="crossing" v="zebra"/>
    <tag k="highway" v="crossing"/>
    <tag k="tactile_paving" v="no"/>
  </node>
  <node id="5645380167" lat="54.1607272" lon="19.4065118">
    <tag k="railway" v="tram_crossing"/>
  </node>
  <node id="5645380168" lat="54.1607598" lon="19.4065381">
    <tag k="railway" v="tram_crossing"/>
  </node>
  <node id="5645750091" lat="54.1598432" lon="19.4041116">
    <tag k="railway" v="tram_crossing"/>
  </node>
  <node id="5645750092" lat="54.1598720" lon="19.4041075">
    <tag k="railway" v="tram_crossing"/>
  </node>
  <node id="5645750093" lat="54.1598968" lon="19.4046935">
    <tag k="railway" v="tram_crossing"/>
  </node>
  <node id="5645750094" lat="54.1598797" lon="19.4047456"/>
  <node id="5645750100" lat="54.1598490" lon="19.4050397"/>
  <node id="5645750229" lat="54.1609562" lon="19.4059269"/>
  <node id="5645750236" lat="54.1608776" lon="19.4062777"/>
  <node id="5645750299" lat="54.1606267" lon="19.4062562">
    <tag k="crossing" v="zebra"/>
    <tag k="highway" v="crossing"/>
  </node>
  <node id="5645750314" lat="54.1599030" lon="19.4073235"/>
  <node id="5645750428" lat="54.1596523" lon="19.4073115"/>
  <node id="5645802907" lat="54.1591729" lon="19.4063525"/>
  <node id="5645802914" lat="54.1593436" lon="19.4063315">
    <tag k="barrier" v="lift_gate"/>
  </node>
  <node id="5645802918" lat="54.1594589" lon="19.4061482"/>
  <node id="5645802926" lat="54.1591620" lon="19.4058909"/>
  <node id="5645802927" lat="54.1591334" lon="19.4056434"/>
  <node id="5645802936" lat="54.1597298" lon="19.4050869"/>
  <node id="5645802937" lat="54.1589076" lon="19.4050860"/>
  <node id="5645803016" lat="54.1589584" lon="19.4074798"/>
  <node id="5645832500" lat="54.1558671" lon="19.4073921">
    <tag k="railway" v="tram_crossing"/>
    <tag k="tactile_paving" v="yes"/>
  </node>
  <node id="5645832501" lat="54.1558754" lon="19.4074387">
    <tag k="railway" v="tram_crossing"/>
    <tag k="tactile_paving" v="yes"/>
  </node>
  <node id="5645835840" lat="54.1573771" lon="19.4060220"/>
  <node id="5645835849" lat="54.1568929" lon="19.4069746">
    <tag k="railway" v="tram_crossing"/>
  </node>
  <node id="5645835850" lat="54.1568854" lon="19.4069299">
    <tag k="railway" v="tram_crossing"/>
  </node>
  <node id="5645835899" lat="54.1588003" lon="19.4045378"/>
  <node id="5645849065" lat="54.1596469" lon="19.4086842">
    <tag k="railway" v="tram_crossing"/>
    <tag k="tactile_paving" v="no"/>
  </node>
  <node id="5645849066" lat="54.1596739" lon="19.4086495">
    <tag k="railway" v="tram_crossing"/>
    <tag k="tactile_paving" v="no"/>
  </node>
  <node id="5646189378" lat="54.1578450" lon="19.4073601"/>
  <node id="5646189390" lat="54.1578873" lon="19.4095823"/>
  <node id="5646189416" lat="54.1582164" lon="19.4096857"/>
  <node id="5646189624" lat="54.1581660" lon="19.4094718"/>
  <node id="5646189629" lat="54.1582131" lon="19.4087243"/>
  <node id="5646189632" lat="54.1578637" lon="19.4083908"/>
  <node id="5646189634" lat="54.1578597" lon="19.4085565"/>
  <node id="5646189637" lat="54.1578491" lon="19.4094088"/>
  <node id="5646189642" lat="54.1577023" lon="19.4073356"/>
  <node id="5646189651" lat="54.1576078" lon="19.4084920"/>
  <node id="5646189662" lat="54.1572222" lon="19.4095786"/>
  <node id="5646189663" lat="54.1571543" lon="19.4095766"/>
  <node id="5646189664" lat="54.1571043" lon="19.4095461"/>
  <node id="5646189665" lat="54.1570650" lon="19.4094912"/>
  <node id="5646189666" lat="54.1570281" lon="19.4094038"/>
  <node id="5646189667" lat="54.1569984" lon="19.4093062"/>
  <node id="5646189668" lat="54.1569829" lon="19.4085846"/>
  <node id="5646189669" lat="54.1569627" lon="19.4081475"/>
  <node id="5646189670" lat="54.1567362" lon="19.4093244"/>
  <node id="5646189671" lat="54.1566019" lon="19.4093365"/>
  <node id="5646189672" lat="54.1568209" lon="19.4093185"/>
  <node id="5646189673" lat="54.1568401" lon="19.4100075"/>
  <node id="5646189674" lat="54.1573971" lon="19.4098611"/>
  <node id="5646189675" lat="54.1573910" lon="19.4095587"/>
  <node id="5646189676" lat="54.1569018" lon="19.4093129"/>
  <node id="5646189684" lat="54.1573937" lon="19.4096925"/>
  <node id="5646189689" lat="54.1568974" lon="19.4081541"/>
  <node id="5646189821" lat="54.1576178" lon="19.4095333"/>
  <node id="5646189822" lat="54.1576219" lon="19.4098354"/>
  <node id="5646189828" lat="54.1565858" lon="19.4106557"/>
  <node id="5652062043" lat="54.1581435" lon="19.4103022"/>
  <node id="5652062044" lat="54.1581547" lon="19.4104981"/>
  <node id="5652062045" lat="54.1583950" lon="19.4104499"/>
  <node id="5652062046" lat="54.1584594" lon="19.4102996"/>
  <node id="5652062047" lat="54.1584746" lon="19.4102500"/>
  <node id="5652062050" lat="54.1584320" lon="19.4103635"/>
  <node id="5652062063" lat="54.1581488" lon="19.4103947"/>
  <node id="5652062068" lat="54.1590335" lon="19.4129321"/>
  <node id="5652062100" lat="54.1578923" lon="19.4132610">
    <tag k="crossing" v="unmarked"/>
    <tag k="highway" v="crossing"/>
  </node>
  <node id="5652065437" lat="54.1590816" lon="19.4136791"/>
  <node id="5652065438" lat="54.1577341" lon="19.4145545"/>
  <node id="5652065439" lat="54.1575390" lon="19.4142241"/>
  <node id="5652065440" lat="54.1571452" lon="19.4122855"/>
  <node id="5652093008" lat="54.1609775" lon="19.4045684">
    <tag k="crossing" v="traffic_signals"/>
    <tag k="crossing:markings" v="dots"/>
    <tag k="crossing_ref" v="zebra"/>
    <tag k="highway" v="crossing"/>
  </node>
  <node id="5652093011" lat="54.1611062" lon="19.4045962">
    <tag k="bicycle" v="yes"/>
    <tag k="railway" v="tram_crossing"/>
  </node>
  <node id="5652093012" lat="54.1611981" lon="19.4046128">
    <tag k="crossing" v="traffic_signals"/>
    <tag k="crossing:markings" v="dots"/>
    <tag k="crossing_ref" v="zebra"/>
    <tag k="highway" v="crossing"/>
  </node>
  <node id="5652102721" lat="54.1596975" lon="19.4093660">
    <tag k="railway" v="tram_crossing"/>
  </node>
  <node id="5652102722" lat="54.1596996" lon="19.4093711">
    <tag k="railway" v="tram_crossing"/>
  </node>
  <node id="5652102723" lat="54.1597189" lon="19.4094170">
    <tag k="railway" v="tram_crossing"/>
  </node>
  <node id="5652102724" lat="54.1597211" lon="19.4094222">
    <tag k="railway" v="tram_crossing"/>
  </node>
  <node id="5653775962" lat="54.1569372" lon="19.4111689"/>
  <node id="5653775963" lat="54.1567310" lon="19.4111813"/>
  <node id="5653775964" lat="54.1566937" lon="19.4112432"/>
  <node id="5653775965" lat="54.1566156" lon="19.4112552"/>
  <node id="5653775972" lat="54.1567528" lon="19.4122483"/>
  <node id="5653775973" lat="54.1568098" lon="19.4123563"/>
  <node id="5653775974" lat="54.1570180" lon="19.4123421"/>
  <node id="5653775977" lat="54.1566384" lon="19.4121443"/>
  <node id="5653775978" lat="54.1567948" lon="19.4123212"/>
  <node id="5653775979" lat="54.1567600" lon="19.4113281"/>
  <node id="5653775980" lat="54.1567963" lon="19.4114202"/>
  <node id="5653775981" lat="54.1569714" lon="19.4117068"/>
  <node id="5653775982" lat="54.1569870" lon="19.4123442"/>
  <node id="5653775983" lat="54.1570097" lon="19.4115847"/>
  <node id="5653775984" lat="54.1569608" lon="19.4116896"/>
  <node id="5653775990" lat="54.1561264" lon="19.4105305"/>
  <node id="5653775996" lat="54.1561462" lon="19.4129910"/>
  <node id="5658150476" lat="54.1540966" lon="19.4124042"/>
  <node id="5658193158" lat="54.1540597" lon="19.4122901">
    <tag k="railway" v="tram_crossing"/>
  </node>
  <node id="5658193159" lat="54.1540372" lon="19.4122689">
    <tag k="railway" v="tram_crossing"/>
  </node>
  <node id="5658193162" lat="54.1539858" lon="19.4122812"/>
  <node id="5658193163" lat="54.1540217" lon="19.4123135">
    <tag k="bicycle" v="yes"/>
    <tag k="railway" v="tram_crossing"/>
  </node>
  <node id="5658193164" lat="54.1540450" lon="19.4123342">
    <tag k="bicycle" v="yes"/>
    <tag k="railway" v="tram_crossing"/>
  </node>
  <node id="5658193165" lat="54.1541029" lon="19.4123836"/>
  <node id="5658193172" lat="54.1549248" lon="19.4092097">
    <tag k="crossing" v="zebra"/>
    <tag k="highway" v="crossing"/>
    <tag k="tactile_paving" v="no"/>
  </node>
  <node id="5658193177" lat="54.1543784" lon="19.4118928">
    <tag k="crossing" v="zebra"/>
    <tag k="highway" v="crossing"/>
  </node>
  <node id="5658193193" lat="54.1554489" lon="19.4117143"/>
  <node id="5658193194" lat="54.1554640" lon="19.4117660"/>
  <node id="5658193195" lat="54.1553852" lon="19.4116100"/>
  <node id="5658193196" lat="54.1554151" lon="19.4116425"/>
  <node id="5658193197" lat="54.1554356" lon="19.4116769"/>
  <node id="5658193198" lat="54.1554232" lon="19.4115491"/>
  <node id="5658193199" lat="54.1555301" lon="19.4115297">
    <tag k="barrier" v="gate"/>
  </node>
  <node id="5658193200" lat="54.1557988" lon="19.4111497"/>
  <node id="5658193201" lat="54.1557612" lon="19.4112142"/>
  <node id="5658193202" lat="54.1557250" lon="19.4112921"/>
  <node id="5658193203" lat="54.1558217" lon="19.4114842"/>
  <node id="5658193204" lat="54.1558432" lon="19.4113908"/>
  <node id="5658193209" lat="54.1557338" lon="19.4114890"/>
  <node id="5658193215" lat="54.1559293" lon="19.4128606"/>
  <node id="5658241151" lat="54.1549965" lon="19.4119435"/>
  <node id="5658241152" lat="54.1548901" lon="19.4118587"/>
  <node id="5658241153" lat="54.1548641" lon="19.4118549"/>
  <node id="5658241154" lat="54.1548327" lon="19.4118549"/>
  <node id="5658241155" lat="54.1548089" lon="19.4118771"/>
  <node id="5658241156" lat="54.1547726" lon="19.4119705"/>
  <node id="5658241157" lat="54.1547395" lon="19.4121219"/>
  <node id="5658241158" lat="54.1549370" lon="19.4118961"/>
  <node id="5658241161" lat="54.1547564" lon="19.4120443"/>
  <node id="5658241163" lat="54.1552626" lon="19.4110923"/>
  <node id="5658241164" lat="54.1552061" lon="19.4110614"/>
  <node id="5658241165" lat="54.1550482" lon="19.4110660"/>
  <node id="5658241166" lat="54.1549496" lon="19.4113692"/>
  <node id="5658241167" lat="54.1549854" lon="19.4110598"/>
  <node id="5658241168" lat="54.1549101" lon="19.4110384"/>
  <node id="5660495969" lat="54.1520757" lon="19.4180918">
    <tag k="bicycle" v="yes"/>
    <tag k="railway" v="tram_crossing"/>
  </node>
  <node id="5660495970" lat="54.1521053" lon="19.4181235">
    <tag k="bicycle" v="yes"/>
    <tag k="railway" v="tram_crossing"/>
  </node>
  <node id="5705756833" lat="54.1578622" lon="19.3977649"/>
  <node id="5863265415" lat="54.1701612" lon="19.4189547">
    <tag k="waterway" v="weir"/>
  </node>
  <node id="5863265416" lat="54.1701075" lon="19.4186904"/>
  <node id="5863265417" lat="54.1700665" lon="19.4185680"/>
  <node id="5863265429" lat="54.1699141" lon="19.4182995"/>
  <node id="5863265438" lat="54.1695677" lon="19.4188794"/>
  <node id="5863265439" lat="54.1695663" lon="19.4188247"/>
  <node id="5863265440" lat="54.1695050" lon="19.4186477"/>
  <node id="5863265441" lat="54.1694967" lon="19.4185966"/>
  <node id="5863265442" lat="54.1693430" lon="19.4192549"/>
  <node id="5863265443" lat="54.1692685" lon="19.4192953"/>
  <node id="5863265444" lat="54.1692317" lon="19.4193228"/>
  <node id="5863472601" lat="54.1963953" lon="19.4649809"/>
  <node id="5863472602" lat="54.1963717" lon="19.4648621"/>
  <node id="5863472603" lat="54.1963967" lon="19.4646078"/>
  <node id="5894399290" lat="54.1605209" lon="19.4108719">
    <tag k="crossing" v="zebra"/>
    <tag k="highway" v="crossing"/>
  </node>
  <node id="5894426218" lat="54.1629034" lon="19.4132781"/>
  <node id="5894579857" lat="54.1610977" lon="19.4114389"/>
  <node id="5894579873" lat="54.1616382" lon="19.4165092"/>
  <node id="5909400559" lat="54.1625829" lon="19.4129520"/>
  <node id="5909400560" lat="54.1627530" lon="19.4131229"/>
  <node id="5909763237" lat="54.1619635" lon="19.4167490"/>
  <node id="5909763238" lat="54.1622611" lon="19.4166764"/>
  <node id="5909763248" lat="54.1631187" lon="19.4134965"/>
  <node id="5909763427" lat="54.1641971" lon="19.4141179"/>
  <node id="5909763430" lat="54.1645032" lon="19.4142088"/>
  <node id="5964728197" lat="54.1519554" lon="19.4114987"/>
  <node id="5964728302" lat="54.1515577" lon="19.4118784"/>
  <node id="5964728303" lat="54.1515703" lon="19.4117742"/>
  <node id="5964728304" lat="54.1515785" lon="19.4117530"/>
  <node id="5964728305" lat="54.1516171" lon="19.4117445"/>
  <node id="5964728306" lat="54.1516626" lon="19.4117726"/>
  <node id="5964728307" lat="54.1519120" lon="19.4120353"/>
  <node id="5964728330" lat="54.1520609" lon="19.4110889"/>
  <node id="5964728331" lat="54.1523877" lon="19.4111746"/>
  <node id="5964728332" lat="54.1523504" lon="19.4116113"/>
  <node id="5964728333" lat="54.1515732" lon="19.4113988"/>
  <node id="5964728334" lat="54.1516128" lon="19.4109657"/>
  <node id="5964728338" lat="54.1514292" lon="19.4115473">
    <tag k="crossing:barrier" v="full"/>
    <tag k="railway" v="crossing"/>
    <tag k="ref" v="204 028 645"/>
    <tag k="source:ref" v="#ŻółtaNaklejkaPLK"/>
  </node>
  <node id="5964728394" lat="54.1517414" lon="19.4118589"/>
  <node id="5964728396" lat="54.1518238" lon="19.4119592"/>
  <node id="5964729087" lat="54.1514835" lon="19.4123203"/>
  <node id="5972596926" lat="54.1518718" lon="19.4123687"/>
  <node id="5972596928" lat="54.1518150" lon="19.4129911">
    <tag k="bicycle" v="yes"/>
    <tag k="crossing:markings" v="zebra"/>
    <tag k="highway" v="crossing"/>
  </node>
  <node id="6083055864" lat="54.1596775" lon="19.4073065">
    <tag k="crossing" v="zebra"/>
    <tag k="highway" v="crossing"/>
  </node>
  <node id="6125224974" lat="54.1513802" lon="19.4027021"/>
  <node id="6125227243" lat="54.1523284" lon="19.4024880"/>
  <node id="6125227957" lat="54.1531564" lon="19.4021792">
    <tag k="crossing" v="marked"/>
    <tag k="highway" v="crossing"/>
  </node>
  <node id="6125227958" lat="54.1531442" lon="19.4020201">
    <tag k="crossing" v="marked"/>
    <tag k="highway" v="crossing"/>
  </node>
  <node id="6125227959" lat="54.1530930" lon="19.4023819">
    <tag k="highway" v="crossing"/>
  </node>
  <node id="6125229234" lat="54.1529325" lon="19.4022826">
    <tag k="crossing" v="marked"/>
    <tag k="highway" v="crossing"/>
  </node>
  <node id="6125284124" lat="54.1513715" lon="19.4115280">
    <tag k="crossing:barrier" v="full"/>
    <tag k="railway" v="crossing"/>
    <tag k="ref" v="204 028 645"/>
    <tag k="source:ref" v="#ŻółtaNaklejkaPLK"/>
  </node>
  <node id="6125288878" lat="54.1515546" lon="19.4115835"/>
  <node id="6125298796" lat="54.1518709" lon="19.4120086"/>
  <node id="6125302019" lat="54.1519355" lon="19.4117511">
    <tag k="crossing:markings" v="zebra"/>
    <tag k="highway" v="crossing"/>
  </node>
  <node id="6125302020" lat="54.1520250" lon="19.4117527">
    <tag k="crossing:markings" v="zebra"/>
    <tag k="highway" v="crossing"/>
  </node>
  <node id="6125305426" lat="54.1521576" lon="19.4119373"/>
  <node id="6237149369" lat="54.1661141" lon="19.4165126"/>
  <node id="6237154157" lat="54.1678333" lon="19.4173195"/>
  <node id="6237154158" lat="54.1678672" lon="19.4173357"/>
  <node id="6237154181" lat="54.1681910" lon="19.4171225"/>
  <node id="6237154182" lat="54.1682497" lon="19.4171211"/>
  <node id="6237154183" lat="54.1683075" lon="19.4171352"/>
  <node id="6237154184" lat="54.1683578" lon="19.4171618"/>
  <node id="6237154185" lat="54.1685632" lon="19.4173682"/>
  <node id="6237154186" lat="54.1685951" lon="19.4174708"/>
  <node id="6237154187" lat="54.1685920" lon="19.4175192"/>
  <node id="6237154188" lat="54.1685448" lon="19.4176057"/>
  <node id="6237154189" lat="54.1685152" lon="19.4176503"/>
  <node id="6237154190" lat="54.1684422" lon="19.4178778"/>
  <node id="6238172041" lat="54.1702271" lon="19.4232416">
    <tag k="waterway" v="weir"/>
  </node>
  <node id="6238172042" lat="54.1702323" lon="19.4233163">
    <tag k="waterway" v="weir"/>
  </node>
  <node id="6238172043" lat="54.1703207" lon="19.4234706">
    <tag k="waterway" v="weir"/>
  </node>
  <node id="6238172044" lat="54.1703628" lon="19.4234859">
    <tag k="waterway" v="weir"/>
  </node>
  <node id="6238172045" lat="54.1702279" lon="19.4232790"/>
  <node id="6238172046" lat="54.1702432" lon="19.4233583"/>
  <node id="6238172047" lat="54.1702677" lon="19.4234132"/>
  <node id="6238172048" lat="54.1703004" lon="19.4234521"/>
  <node id="6238172209" lat="54.1683346" lon="19.4197863"/>
  <node id="6238172210" lat="54.1683639" lon="19.4199444"/>
  <node id="6238172211" lat="54.1684398" lon="19.4200767"/>
  <node id="6238172212" lat="54.1684773" lon="19.4201019"/>
  <node id="6238172213" lat="54.1685764" lon="19.4201220"/>
  <node id="6238172214" lat="54.1686322" lon="19.4201233"/>
  <node id="6238172215" lat="54.1687403" lon="19.4200583"/>
  <node id="6239833311" lat="54.1747722" lon="19.4260201"/>
  <node id="6239833312" lat="54.1747878" lon="19.4258933"/>
  <node id="6239833313" lat="54.1749525" lon="19.4253053"/>
  <node id="6239833314" lat="54.1749431" lon="19.4254992"/>
  <node id="6239833315" lat="54.1749080" lon="19.4256359"/>
  <node id="6239833318" lat="54.1738144" lon="19.4240186"/>
  <node id="6239833319" lat="54.1739397" lon="19.4241645"/>
  <node id="6239833320" lat="54.1743139" lon="19.4247900"/>
  <node id="6239833331" lat="54.1737556" lon="19.4239699"/>
  <node id="6252184652" lat="54.1748602" lon="19.4277758"/>
  <node id="6252257610" lat="54.1747769" lon="19.4259816"/>
  <node id="6252257611" lat="54.1748005" lon="19.4258336"/>
  <node id="6253482619" lat="54.1753292" lon="19.4358882"/>
  <node id="6253482620" lat="54.1753065" lon="19.4357669"/>
  <node id="6266437247" lat="54.1754666" lon="19.4361093"/>
  <node id="6266706888" lat="54.1788678" lon="19.4410732"/>
  <node id="6266706889" lat="54.1794111" lon="19.4409376"/>
  <node id="6266706892" lat="54.1794789" lon="19.4436086"/>
  <node id="6266706893" lat="54.1794231" lon="19.4411109"/>
  <node id="6266706894" lat="54.1796059" lon="19.4413871"/>
  <node id="6266706895" lat="54.1797055" lon="19.4417075"/>
  <node id="6266706896" lat="54.1797319" lon="19.4420037"/>
  <node id="6266706897" lat="54.1796344" lon="19.4425371"/>
  <node id="6266706898" lat="54.1795818" lon="19.4427116">
    <tag k="waterway" v="waterfall"/>
  </node>
  <node id="6266706899" lat="54.1795025" lon="19.4430411"/>
  <node id="6266706900" lat="54.1794770" lon="19.4431247"/>
  <node id="6266706901" lat="54.1793973" lon="19.4433766"/>
  <node id="6266706902" lat="54.1793918" lon="19.4434933"/>
  <node id="6266706913" lat="54.1795324" lon="19.4429692">
    <tag k="waterway" v="waterfall"/>
  </node>
  <node id="6266706914" lat="54.1795597" lon="19.4428643"/>
  <node id="6266706962" lat="54.1794554" lon="19.4431989">
    <tag k="waterway" v="waterfall"/>
  </node>
  <node id="6269466035" lat="54.1795719" lon="19.4436027"/>
  <node id="6269466036" lat="54.1790083" lon="19.4409969"/>
  <node id="6269466037" lat="54.1791650" lon="19.4410072"/>
  <node id="6269466038" lat="54.1793079" lon="19.4409940"/>
  <node id="6269466047" lat="54.1797700" lon="19.4435543"/>
  <node id="6269466048" lat="54.1801532" lon="19.4433743"/>
  <node id="6269466049" lat="54.1805997" lon="19.4444511"/>
  <node id="6269466050" lat="54.1812571" lon="19.4442344"/>
  <node id="6269466051" lat="54.1812690" lon="19.4445838"/>
  <node id="6269466052" lat="54.1812504" lon="19.4453713"/>
  <node id="6269466053" lat="54.1812800" lon="19.4456296"/>
  <node id="6269466054" lat="54.1820398" lon="19.4462113"/>
  <node id="6269466055" lat="54.1822217" lon="19.4462649"/>
  <node id="6269466056" lat="54.1822455" lon="19.4466555"/>
  <node id="6269466057" lat="54.1816367" lon="19.4469599"/>
  <node id="6269466058" lat="54.1814502" lon="19.4471370"/>
  <node id="6269466059" lat="54.1815178" lon="19.4479336"/>
  <node id="6269466060" lat="54.1816138" lon="19.4482626"/>
  <node id="6269466061" lat="54.1829760" lon="19.4494478"/>
  <node id="6269466062" lat="54.1827424" lon="19.4489541"/>
  <node id="6269466063" lat="54.1828046" lon="19.4490821"/>
  <node id="6269466067" lat="54.1825501" lon="19.4489628"/>
  <node id="6269466068" lat="54.1824974" lon="19.4489577"/>
  <node id="6269466069" lat="54.1826271" lon="19.4489378">
    <tag k="waterway" v="waterfall"/>
  </node>
  <node id="6269466070" lat="54.1826868" lon="19.4489380"/>
  <node id="6269466086" lat="54.1821887" lon="19.4489450"/>
  <node id="6269466145" lat="54.1837235" lon="19.4490293"/>
  <node id="6269466146" lat="54.1834804" lon="19.4495977"/>
  <node id="6269466147" lat="54.1835519" lon="19.4491529"/>
  <node id="6269632621" lat="54.1778746" lon="19.4393270"/>
  <node id="6269632622" lat="54.1778751" lon="19.4397688"/>
  <node id="6269633194" lat="54.1776156" lon="19.4371482"/>
  <node id="6269633195" lat="54.1777213" lon="19.4373861"/>
  <node id="6462610780" lat="54.1518926" lon="19.4122405"/>
  <node id="6797163201" lat="54.1948866" lon="19.4632198"/>
  <node id="6797163202" lat="54.1947954" lon="19.4627035"/>
  <node id="6797163203" lat="54.1946927" lon="19.4601116"/>
  <node id="6797163204" lat="54.1944322" lon="19.4600701"/>
  <node id="6797163205" lat="54.1947364" lon="19.4601781"/>
  <node id="6797163206" lat="54.1946439" lon="19.4600649"/>
  <node id="6797163207" lat="54.1943572" lon="19.4601145"/>
  <node id="6797163208" lat="54.1945091" lon="19.4600534"/>
  <node id="6797163209" lat="54.1938906" lon="19.4611612"/>
  <node id="6797163210" lat="54.1939160" lon="19.4610374"/>
  <node id="6797163211" lat="54.1939273" lon="19.4607957"/>
  <node id="6797163212" lat="54.1939172" lon="19.4609227"/>
  <node id="6797163213" lat="54.1925653" lon="19.4627446"/>
  <node id="6797163214" lat="54.1923746" lon="19.4626205"/>
  <node id="6797163215" lat="54.1923870" lon="19.4624563"/>
  <node id="6797163216" lat="54.1924008" lon="19.4623769"/>
  <node id="6797163217" lat="54.1923204" lon="19.4621474"/>
  <node id="6797163218" lat="54.1922643" lon="19.4621248"/>
  <node id="6797163219" lat="54.1923675" lon="19.4622071"/>
  <node id="6797163220" lat="54.1921858" lon="19.4619367"/>
  <node id="6797163221" lat="54.1922147" lon="19.4614755"/>
  <node id="6797163222" lat="54.1921819" lon="19.4616203"/>
  <node id="6797163223" lat="54.1923327" lon="19.4609582"/>
  <node id="6797163224" lat="54.1920886" lon="19.4590113"/>
  <node id="6797163225" lat="54.1921873" lon="19.4590584"/>
  <node id="6797163226" lat="54.1923322" lon="19.4592270"/>
  <node id="6797163227" lat="54.1924289" lon="19.4595572"/>
  <node id="6797163228" lat="54.1924235" lon="19.4594578"/>
  <node id="6797163229" lat="54.1913448" lon="19.4594086"/>
  <node id="6797163230" lat="54.1913736" lon="19.4588428"/>
  <node id="6797163231" lat="54.1914514" lon="19.4582813"/>
  <node id="6797163232" lat="54.1918149" lon="19.4585598"/>
  <node id="6797163233" lat="54.1918591" lon="19.4588175"/>
  <node id="6797163234" lat="54.1918979" lon="19.4589302"/>
  <node id="6797163235" lat="54.1918465" lon="19.4586683"/>
  <node id="6797163236" lat="54.1916581" lon="19.4582986"/>
  <node id="6797163237" lat="54.1915750" lon="19.4582371"/>
  <node id="6797163238" lat="54.1915320" lon="19.4582301"/>
  <node id="6797163239" lat="54.1913685" lon="19.4585255"/>
  <node id="6797163240" lat="54.1913993" lon="19.4583830"/>
  <node id="6797163241" lat="54.1906801" lon="19.4601241"/>
  <node id="6797163242" lat="54.1907706" lon="19.4601410"/>
  <node id="6797163243" lat="54.1908794" lon="19.4601153"/>
  <node id="6799822168" lat="54.1903277" lon="19.4591473"/>
  <node id="6799822169" lat="54.1902620" lon="19.4588728"/>
  <node id="6799822170" lat="54.1902701" lon="19.4589382"/>
  <node id="6799822171" lat="54.1903286" lon="19.4590942"/>
  <node id="6799822172" lat="54.1903242" lon="19.4590483"/>
  <node id="6799822173" lat="54.1902975" lon="19.4589845"/>
  <node id="6799822174" lat="54.1902640" lon="19.4589102"/>
  <node id="6799822175" lat="54.1903304" lon="19.4595903"/>
  <node id="6799822176" lat="54.1903381" lon="19.4595513"/>
  <node id="6799822177" lat="54.1903346" lon="19.4595036"/>
  <node id="6799822178" lat="54.1903010" lon="19.4593433"/>
  <node id="6799822179" lat="54.1903029" lon="19.4593809"/>
  <node id="6799822180" lat="54.1903112" lon="19.4594259"/>
  <node id="6799822181" lat="54.1903242" lon="19.4594745"/>
  <node id="6799822182" lat="54.1903390" lon="19.4595269"/>
  <node id="6799822183" lat="54.1902869" lon="19.4596903"/>
  <node id="6799822184" lat="54.1902872" lon="19.4597252"/>
  <node id="6799830585" lat="54.1902939" lon="19.4597577"/>
  <node id="6799830586" lat="54.1903267" lon="19.4598036"/>
  <node id="6799830587" lat="54.1903966" lon="19.4598534"/>
  <node id="6799830588" lat="54.1903840" lon="19.4559442"/>
  <node id="6799830589" lat="54.1902537" lon="19.4557944"/>
  <node id="6799830590" lat="54.1892423" lon="19.4558215"/>
  <node id="6799830591" lat="54.1891318" lon="19.4556407"/>
  <node id="6799830592" lat="54.1893103" lon="19.4558971"/>
  <node id="6799830593" lat="54.1888881" lon="19.4534319"/>
  <node id="6799830594" lat="54.1888328" lon="19.4542622"/>
  <node id="6799830595" lat="54.1883785" lon="19.4531666"/>
  <node id="6799830596" lat="54.1884875" lon="19.4531532"/>
  <node id="6799830597" lat="54.1877434" lon="19.4539898"/>
  <node id="6799830598" lat="54.1878872" lon="19.4539506"/>
  <node id="6799830599" lat="54.1869604" lon="19.4540903"/>
  <node id="6799830600" lat="54.1870970" lon="19.4541824"/>
  <node id="6799830601" lat="54.1873314" lon="19.4542048"/>
  <node id="6799830602" lat="54.1875766" lon="19.4537679"/>
  <node id="6799830603" lat="54.1876427" lon="19.4537628"/>
  <node id="6799830604" lat="54.1876901" lon="19.4538262"/>
  <node id="6799830605" lat="54.1877763" lon="19.4540055"/>
  <node id="6799830606" lat="54.1868784" lon="19.4485966"/>
  <node id="6799830607" lat="54.1869450" lon="19.4486381"/>
  <node id="6799830608" lat="54.1870541" lon="19.4497850"/>
  <node id="6799830609" lat="54.1869548" lon="19.4496253"/>
  <node id="6799830610" lat="54.1870076" lon="19.4497159"/>
  <node id="6799830611" lat="54.1847485" lon="19.4492374"/>
  <node id="6799830612" lat="54.1852371" lon="19.4487467"/>
  <node id="6799830613" lat="54.1853492" lon="19.4495923"/>
  <node id="6799830614" lat="54.1852886" lon="19.4487561"/>
  <node id="6799830615" lat="54.1853227" lon="19.4487966"/>
  <node id="6799830616" lat="54.1853553" lon="19.4488682"/>
  <node id="6799830617" lat="54.1853634" lon="19.4489896"/>
  <node id="6799830618" lat="54.1853425" lon="19.4490914"/>
  <node id="6799830619" lat="54.1853141" lon="19.4491848"/>
  <node id="6799830620" lat="54.1852997" lon="19.4492898"/>
  <node id="6799830621" lat="54.1852983" lon="19.4494207"/>
  <node id="6799830622" lat="54.1853142" lon="19.4495390"/>
  <node id="6799830623" lat="54.1853985" lon="19.4495930"/>
  <node id="6799830624" lat="54.1854439" lon="19.4495286"/>
  <node id="6799830625" lat="54.1855634" lon="19.4492633"/>
  <node id="6799830626" lat="54.1856161" lon="19.4492488"/>
  <node id="6799830627" lat="54.1860071" lon="19.4495305"/>
  <node id="6799830628" lat="54.1861002" lon="19.4494706"/>
  <node id="6799830629" lat="54.1867177" lon="19.4486877"/>
  <node id="6799830630" lat="54.1864578" lon="19.4488981"/>
  <node id="6799830631" lat="54.1863041" lon="19.4491042"/>
  <node id="6799956571" lat="54.1841459" lon="19.4491053"/>
  <node id="6911671362" lat="54.1426146" lon="19.3901589"/>
  <node id="7077475419" lat="54.1966988" lon="19.4660012"/>
  <node id="7077475420" lat="54.1967770" lon="19.4668139"/>
  <node id="7077475421" lat="54.1969239" lon="19.4670739"/>
  <node id="7077475422" lat="54.1981569" lon="19.4691156"/>
  <node id="7077475423" lat="54.1993689" lon="19.4694597"/>
  <node id="7077475424" lat="54.2013671" lon="19.4695357"/>
  <node id="7077475425" lat="54.2015597" lon="19.4695094"/>
  <node id="7077475426" lat="54.2016665" lon="19.4695677"/>
  <node id="7077475427" lat="54.2021807" lon="19.4705133"/>
  <node id="7077475428" lat="54.2023276" lon="19.4705600"/>
  <node id="7077475429" lat="54.2044515" lon="19.4717757"/>
  <node id="7077475430" lat="54.2045251" lon="19.4718613"/>
  <node id="7077475431" lat="54.2046737" lon="19.4718874"/>
  <node id="7077475432" lat="54.2053635" lon="19.4711330"/>
  <node id="7077475434" lat="54.2059815" lon="19.4719729"/>
  <node id="7077475436" lat="54.2071055" lon="19.4719957"/>
  <node id="7091505372" lat="54.2114636" lon="19.4697168"/>
  <node id="7091505373" lat="54.2114351" lon="19.4697172"/>
  <node id="7091505374" lat="54.2113982" lon="19.4697092"/>
  <node id="7091505375" lat="54.2113806" lon="19.4697123"/>
  <node id="7091505376" lat="54.2113762" lon="19.4697523"/>
  <node id="7091505377" lat="54.2113844" lon="19.4697818"/>
  <node id="7091505378" lat="54.2114024" lon="19.4698059"/>
  <node id="7091505379" lat="54.2114124" lon="19.4698257"/>
  <node id="7091505380" lat="54.2114184" lon="19.4698549"/>
  <node id="7091505381" lat="54.2114181" lon="19.4699027"/>
  <node id="7091505382" lat="54.2114375" lon="19.4699540"/>
  <node id="7091505383" lat="54.2116210" lon="19.4701333"/>
  <node id="7091505384" lat="54.2116684" lon="19.4702561"/>
  <node id="7091672285" lat="54.2118065" lon="19.4703958"/>
  <node id="7091672286" lat="54.2118693" lon="19.4704928"/>
  <node id="7091672287" lat="54.2120549" lon="19.4702499"/>
  <node id="7091672288" lat="54.2120846" lon="19.4702379"/>
  <node id="7091672289" lat="54.2121508" lon="19.4703962"/>
  <node id="7091672290" lat="54.2121563" lon="19.4704323"/>
  <node id="7091672291" lat="54.2124026" lon="19.4706712"/>
  <node id="7091672292" lat="54.2123867" lon="19.4707573"/>
  <node id="7091672293" lat="54.2121347" lon="19.4708602"/>
  <node id="7091672294" lat="54.2121137" lon="19.4709271"/>
  <node id="7091672295" lat="54.2121531" lon="19.4714876"/>
  <node id="7091672296" lat="54.2124617" lon="19.4715792"/>
  <node id="7091672297" lat="54.2124976" lon="19.4714145"/>
  <node id="7091672298" lat="54.2124841" lon="19.4713214"/>
  <node id="7091672299" lat="54.2124604" lon="19.4712174"/>
  <node id="7091672300" lat="54.2124720" lon="19.4711753"/>
  <node id="7091672301" lat="54.2125813" lon="19.4709937"/>
  <node id="7091672302" lat="54.2127285" lon="19.4709859"/>
  <node id="7091672303" lat="54.2127474" lon="19.4709391"/>
  <node id="7091672304" lat="54.2127723" lon="19.4708583"/>
  <node id="7091672305" lat="54.2127939" lon="19.4708696"/>
  <node id="7091672306" lat="54.2127965" lon="19.4712580"/>
  <node id="7091672307" lat="54.2130698" lon="19.4714353"/>
  <node id="7091672308" lat="54.2131064" lon="19.4714265"/>
  <node id="7091672309" lat="54.2131167" lon="19.4714540"/>
  <node id="7091672310" lat="54.2131021" lon="19.4715301"/>
  <node id="7091672311" lat="54.2129407" lon="19.4716655"/>
  <node id="7091672312" lat="54.2129393" lon="19.4716973"/>
  <node id="7091672313" lat="54.2129800" lon="19.4718735"/>
  <node id="7091672314" lat="54.2129955" lon="19.4718557"/>
  <node id="7091672315" lat="54.2129975" lon="19.4717908"/>
  <node id="7091672316" lat="54.2129003" lon="19.4721587"/>
  <node id="7091672317" lat="54.2130912" lon="19.4723573"/>
  <node id="7091672318" lat="54.2131354" lon="19.4722989"/>
  <node id="7091672319" lat="54.2131449" lon="19.4722286"/>
  <node id="7091672320" lat="54.2131434" lon="19.4721826"/>
  <node id="7091672321" lat="54.2131303" lon="19.4721042"/>
  <node id="7091672322" lat="54.2131488" lon="19.4720920"/>
  <node id="7091672323" lat="54.2131919" lon="19.4721670"/>
  <node id="7091672324" lat="54.2132433" lon="19.4722033"/>
  <node id="7091672325" lat="54.2132959" lon="19.4719682"/>
  <node id="7091672326" lat="54.2135200" lon="19.4721454"/>
  <node id="7091672327" lat="54.2135153" lon="19.4722507"/>
  <node id="7091672328" lat="54.2134934" lon="19.4723686"/>
  <node id="7091672329" lat="54.2135307" lon="19.4724348"/>
  <node id="7091672330" lat="54.2135750" lon="19.4724273"/>
  <node id="7091672331" lat="54.2136156" lon="19.4723235"/>
  <node id="7091672332" lat="54.2136379" lon="19.4722359"/>
  <node id="7091672333" lat="54.2137610" lon="19.4725078"/>
  <node id="7091672334" lat="54.2138115" lon="19.4725264"/>
  <node id="7091672335" lat="54.2139025" lon="19.4722497"/>
  <node id="7091672336" lat="54.2139350" lon="19.4722564"/>
  <node id="7091672337" lat="54.2139862" lon="19.4722756"/>
  <node id="7091672338" lat="54.2140777" lon="19.4722242"/>
  <node id="7091672339" lat="54.2140815" lon="19.4725337"/>
  <node id="7091672340" lat="54.2140546" lon="19.4725357"/>
  <node id="7091672341" lat="54.2140022" lon="19.4725196"/>
  <node id="7091672342" lat="54.2139743" lon="19.4726134"/>
  <node id="7091672343" lat="54.2140016" lon="19.4726935"/>
  <node id="7091672344" lat="54.2140447" lon="19.4728531"/>
  <node id="7091672345" lat="54.2140269" lon="19.4727625"/>
  <node id="7091672346" lat="54.2140915" lon="19.4728730"/>
  <node id="7091672347" lat="54.2141350" lon="19.4728467"/>
  <node id="7091672348" lat="54.2141521" lon="19.4728273"/>
  <node id="7091672349" lat="54.2143909" lon="19.4726799"/>
  <node id="7091672350" lat="54.2144197" lon="19.4726611"/>
  <node id="7091672351" lat="54.2144614" lon="19.4724513"/>
  <node id="7091672352" lat="54.2145306" lon="19.4724827"/>
  <node id="7091672353" lat="54.2148222" lon="19.4736097"/>
  <node id="7091840533" lat="54.2153390" lon="19.4735336"/>
  <node id="7091840535" lat="54.2166802" lon="19.4742050"/>
  <node id="7091840536" lat="54.2167095" lon="19.4741430"/>
  <node id="7091840537" lat="54.2167612" lon="19.4742584"/>
  <node id="7091840538" lat="54.2171949" lon="19.4740448"/>
  <node id="7091840539" lat="54.2172721" lon="19.4740443"/>
  <node id="7091840540" lat="54.2179198" lon="19.4740906"/>
  <node id="7091840541" lat="54.2179602" lon="19.4740685"/>
  <node id="7091840542" lat="54.2191520" lon="19.4745504"/>
  <node id="7091840543" lat="54.2198450" lon="19.4762106"/>
  <node id="7091840544" lat="54.2199347" lon="19.4769144"/>
  <node id="7092855011" lat="54.2218888" lon="19.4773259"/>
  <node id="7092855012" lat="54.2229529" lon="19.4770040"/>
  <node id="7093354416" lat="54.2257021" lon="19.4771896"/>
  <node id="7093354417" lat="54.2271889" lon="19.4777807"/>
  <node id="7093354418" lat="54.2273549" lon="19.4785183"/>
  <node id="7093354419" lat="54.2279364" lon="19.4790018"/>
  <node id="7093354420" lat="54.2279750" lon="19.4790175"/>
  <node id="7093354421" lat="54.2307911" lon="19.4797141"/>
  <node id="7093354422" lat="54.2308865" lon="19.4797388"/>
  <node id="7093354423" lat="54.2309784" lon="19.4796864"/>
  <node id="7093354424" lat="54.2310666" lon="19.4796371"/>
  <node id="7093354425" lat="54.2311513" lon="19.4796279"/>
  <node id="7093354426" lat="54.2312377" lon="19.4796433"/>
  <node id="7093354427" lat="54.2313512" lon="19.4796803"/>
  <node id="7093354428" lat="54.2315997" lon="19.4798590"/>
  <node id="7093354429" lat="54.2318212" lon="19.4799853"/>
  <node id="7093354430" lat="54.2319274" lon="19.4801024"/>
  <node id="7093354431" lat="54.2320175" lon="19.4802348"/>
  <node id="7093354432" lat="54.2321634" lon="19.4805522"/>
  <node id="7093354433" lat="54.2322336" lon="19.4807309"/>
  <node id="7093354434" lat="54.2323435" lon="19.4808942"/>
  <node id="7093354435" lat="54.2324479" lon="19.4809712"/>
  <node id="7093354436" lat="54.2325722" lon="19.4809897"/>
  <node id="7093354437" lat="54.2327576" lon="19.4810020"/>
  <node id="7093354438" lat="54.2329161" lon="19.4809928"/>
  <node id="7093425297" lat="54.2269398" lon="19.4776506"/>
  <node id="7165626184" lat="54.1600469" lon="19.4036750"/>
  <node id="7165676985" lat="54.1602384" lon="19.4036354"/>
  <node id="8016524243" lat="54.1598795" lon="19.4005666"/>
  <node id="8016524244" lat="54.1598227" lon="19.4004517">
    <tag k="access" v="permit"/>
    <tag k="barrier" v="lift_gate"/>
    <tag k="foot" v="destination"/>
  </node>
  <node id="8168817395" lat="54.1598736" lon="19.4046544">
    <tag k="bicycle" v="yes"/>
    <tag k="railway" v="tram_crossing"/>
  </node>
  <node id="8168817396" lat="54.1598993" lon="19.4046606">
    <tag k="bicycle" v="yes"/>
    <tag k="railway" v="tram_crossing"/>
  </node>
  <node id="8168817397" lat="54.1602924" lon="19.4040951">
    <tag k="highway" v="crossing"/>
  </node>
  <node id="8168817398" lat="54.1602902" lon="19.4040589">
    <tag k="highway" v="crossing"/>
  </node>
  <node id="8168817403" lat="54.1589073" lon="19.4074694">
    <tag k="bicycle" v="yes"/>
    <tag k="railway" v="tram_crossing"/>
  </node>
  <node id="8168817404" lat="54.1590450" lon="19.4072338">
    <tag k="crossing:island" v="yes"/>
    <tag k="crossing:signals" v="no"/>
    <tag k="highway" v="crossing"/>
  </node>
  <node id="8168817405" lat="54.1589221" lon="19.4074244">
    <tag k="bicycle" v="yes"/>
    <tag k="railway" v="tram_crossing"/>
  </node>
  <node id="8168817409" lat="54.1597350" lon="19.4086402">
    <tag k="button_operated" v="yes"/>
    <tag k="crossing:signals" v="yes"/>
    <tag k="highway" v="crossing"/>
  </node>
  <node id="8168817410" lat="54.1597270" lon="19.4086509">
    <tag k="button_operated" v="yes"/>
    <tag k="crossing:signals" v="yes"/>
    <tag k="highway" v="crossing"/>
  </node>
  <node id="8168817411" lat="54.1599611" lon="19.4086627">
    <tag k="highway" v="crossing"/>
  </node>
  <node id="8168817412" lat="54.1599909" lon="19.4087225">
    <tag k="highway" v="crossing"/>
  </node>
  <node id="8168817413" lat="54.1601355" lon="19.4090015">
    <tag k="highway" v="crossing"/>
  </node>
  <node id="8168817414" lat="54.1588565" lon="19.4102700">
    <tag k="highway" v="crossing"/>
  </node>
  <node id="8168817415" lat="54.1588443" lon="19.4104206">
    <tag k="highway" v="crossing"/>
  </node>
  <node id="8168817416" lat="54.1588979" lon="19.4106898">
    <tag k="highway" v="crossing"/>
  </node>
  <node id="8168858218" lat="54.1590788" lon="19.4108089">
    <tag k="highway" v="crossing"/>
  </node>
  <node id="8168858232" lat="54.1562163" lon="19.4043679">
    <tag k="crossing" v="traffic_signals"/>
    <tag k="crossing:markings" v="dots"/>
    <tag k="highway" v="crossing"/>
  </node>
  <node id="8168858233" lat="54.1562195" lon="19.4045274">
    <tag k="crossing" v="traffic_signals"/>
    <tag k="crossing:markings" v="dots"/>
    <tag k="highway" v="crossing"/>
  </node>
  <node id="8168858238" lat="54.1539514" lon="19.4126218">
    <tag k="railway" v="tram_level_crossing"/>
  </node>
  <node id="8168858241" lat="54.1539284" lon="19.4126002">
    <tag k="railway" v="tram_level_crossing"/>
  </node>
  <node id="8168858242" lat="54.1515817" lon="19.4194484">
    <tag k="railway" v="tram_level_crossing"/>
  </node>
  <node id="8168858243" lat="54.1526773" lon="19.4163522">
    <tag k="bicycle" v="yes"/>
    <tag k="railway" v="tram_crossing"/>
  </node>
  <node id="8168858244" lat="54.1516136" lon="19.4193397">
    <tag k="railway" v="tram_level_crossing"/>
  </node>
  <node id="8168858246" lat="54.1526470" lon="19.4163231">
    <tag k="bicycle" v="yes"/>
    <tag k="railway" v="tram_crossing"/>
  </node>
  <node id="8168858250" lat="54.1502408" lon="19.4031244"/>
  <node id="8168858251" lat="54.1501781" lon="19.4031321"/>
  <node id="8168858252" lat="54.1502561" lon="19.4031225"/>
  <node id="8168858253" lat="54.1504940" lon="19.4029906"/>
  <node id="8168858260" lat="54.1598317" lon="19.4050847">
    <tag k="railway" v="tram_level_crossing"/>
  </node>
  <node id="8168858278" lat="54.1614041" lon="19.3986552">
    <tag k="railway" v="tram_crossing"/>
  </node>
  <node id="8168858279" lat="54.1609157" lon="19.3986587">
    <tag k="railway" v="tram_crossing"/>
  </node>
  <node id="8168858280" lat="54.1609446" lon="19.3986589">
    <tag k="bicycle" v="yes"/>
    <tag k="railway" v="tram_crossing"/>
  </node>
  <node id="8168858281" lat="54.1614258" lon="19.3987163">
    <tag k="railway" v="tram_crossing"/>
  </node>
  <node id="8168858282" lat="54.1609443" lon="19.3987191">
    <tag k="bicycle" v="yes"/>
    <tag k="railway" v="tram_crossing"/>
  </node>
  <node id="8168858283" lat="54.1609157" lon="19.3987188">
    <tag k="railway" v="tram_crossing"/>
  </node>
  <node id="8168858286" lat="54.1559387" lon="19.4012881">
    <tag k="crossing" v="traffic_signals"/>
    <tag k="highway" v="crossing"/>
  </node>
  <node id="8168858287" lat="54.1558344" lon="19.4013081">
    <tag k="crossing" v="traffic_signals"/>
    <tag k="highway" v="crossing"/>
  </node>
  <node id="8259953821" lat="54.1592205" lon="19.3983405"/>
  <node id="8259953826" lat="54.1587179" lon="19.3984087"/>
  <node id="8259953827" lat="54.1582146" lon="19.3984626">
    <tag k="highway" v="traffic_signals"/>
    <tag k="traffic_signals:direction" v="backward"/>
  </node>
  <node id="8259953828" lat="54.1580109" lon="19.3981704">
    <tag k="highway" v="traffic_signals"/>
    <tag k="traffic_signals:direction" v="backward"/>
  </node>
  <node id="8261451322" lat="54.1601141" lon="19.4084162"/>
  <node id="8261451327" lat="54.1611477" lon="19.4049859"/>
  <node id="8261451328" lat="54.1610882" lon="19.4053066"/>
  <node id="8261451329" lat="54.1607445" lon="19.4060387"/>
  <node id="8261451330" lat="54.1608357" lon="19.4055397"/>
  <node id="8261451331" lat="54.1609165" lon="19.4050070"/>
  <node id="8261451407" lat="54.1525103" lon="19.4121133"/>
  <node id="8261451409" lat="54.1525096" lon="19.4122277"/>
  <node id="8263845248" lat="54.1529823" lon="19.3972883">
    <tag k="crossing" v="uncontrolled"/>
    <tag k="crossing:markings" v="zebra"/>
    <tag k="highway" v="crossing"/>
  </node>
  <node id="8263845249" lat="54.1530787" lon="19.3971536"/>
  <node id="8263845250" lat="54.1531117" lon="19.3971165"/>
  <node id="8263845251" lat="54.1532005" lon="19.3970317"/>
  <node id="8263845252" lat="54.1532321" lon="19.3970049"/>
  <node id="8263845254" lat="54.1527533" lon="19.3978429"/>
  <node id="8263845255" lat="54.1526073" lon="19.3983854"/>
  <node id="8263845256" lat="54.1525469" lon="19.3998858"/>
  <node id="8263845257" lat="54.1525634" lon="19.4000016"/>
  <node id="8282974639" lat="54.1590011" lon="19.4118623"/>
  <node id="8282974641" lat="54.1589943" lon="19.4116030"/>
  <node id="8282974646" lat="54.1592831" lon="19.4102427"/>
  <node id="8282974647" lat="54.1593713" lon="19.4100912"/>
  <node id="8282974648" lat="54.1594403" lon="19.4099867"/>
  <node id="8282974649" lat="54.1595384" lon="19.4098472"/>
  <node id="8282974650" lat="54.1590047" lon="19.4112821"/>
  <node id="8282974651" lat="54.1588275" lon="19.4117801"/>
  <node id="8282974656" lat="54.1590316" lon="19.4102489"/>
  <node id="8282974658" lat="54.1591674" lon="19.4099565"/>
  <node id="8282974659" lat="54.1592720" lon="19.4097877"/>
  <node id="8282974661" lat="54.1594763" lon="19.4095019"/>
  <node id="8283410042" lat="54.1529764" lon="19.4153784">
    <tag k="railway" v="tram_level_crossing"/>
  </node>
  <node id="8283410043" lat="54.1530058" lon="19.4154073">
    <tag k="bicycle" v="yes"/>
    <tag k="railway" v="tram_level_crossing"/>
  </node>
  <node id="8283410054" lat="54.1530303" lon="19.4153465"/>
  <node id="8283410065" lat="54.1525546" lon="19.4120221"/>
  <node id="8283410071" lat="54.1519565" lon="19.4122848"/>
  <node id="8283410072" lat="54.1519869" lon="19.4121807"/>
  <node id="8296759383" lat="54.1558694" lon="19.4069611">
    <tag k="highway" v="traffic_signals"/>
    <tag k="traffic_signals:direction" v="forward"/>
  </node>
  <node id="8296759384" lat="54.1557137" lon="19.4070767"/>
  <node id="8308646563" lat="54.1520124" lon="19.4183793">
    <tag k="railway" v="tram_level_crossing"/>
  </node>
  <node id="8308646564" lat="54.1519840" lon="19.4183511">
    <tag k="railway" v="tram_level_crossing"/>
  </node>
  <node id="8367266882" lat="54.1580340" lon="19.4144275"/>
  <node id="8957619982" lat="54.1514538" lon="19.4111045"/>
  <node id="8957619984" lat="54.1515850" lon="19.4117111"/>
  <node id="8957619985" lat="54.1515897" lon="19.4117420"/>
  <node id="8957619986" lat="54.1515259" lon="19.4119398"/>
  <node id="8957619987" lat="54.1515594" lon="19.4115243">
    <tag k="barrier" v="gate"/>
  </node>
  <node id="9129055020" lat="54.1603381" lon="19.4081722"/>
  <node id="9129055021" lat="54.1602990" lon="19.4081642"/>
  <node id="9200883384" lat="54.1611769" lon="19.4047781">
    <tag k="highway" v="traffic_signals"/>
  </node>
  <node id="9200883385" lat="54.1607744" lon="19.4043996">
    <tag k="highway" v="traffic_signals"/>
  </node>
  <node id="9332240397" lat="54.1578529" lon="19.4091014">
    <tag k="traffic_calming" v="bump"/>
  </node>
  <node id="9332240398" lat="54.1576284" lon="19.4102551">
    <tag k="crossing" v="marked"/>
    <tag k="crossing:island" v="no"/>
    <tag k="highway" v="crossing"/>
  </node>
  <node id="9332240399" lat="54.1576362" lon="19.4105130">
    <tag k="crossing" v="marked"/>
    <tag k="crossing:island" v="no"/>
    <tag k="highway" v="crossing"/>
  </node>
  <node id="9360211386" lat="54.1556033" lon="19.4078232"/>
  <node id="9576048426" lat="54.1589980" lon="19.3960733"/>
  <node id="9576048431" lat="54.1584180" lon="19.3961743"/>
  <node id="9576048499" lat="54.1584194" lon="19.3961857"/>
  <node id="9576048513" lat="54.1602031" lon="19.3958695"/>
  <node id="9713894728" lat="54.1595991" lon="19.3959761"/>
  <node id="9713894748" lat="54.1596498" lon="19.3964706"/>
  <node id="9762801786" lat="54.1580815" lon="19.4143965"/>
  <node id="9814908024" lat="54.1587325" lon="19.3979307"/>
  <node id="9820706860" lat="54.1587050" lon="19.4140250"/>
  <node id="9820706862" lat="54.1585979" lon="19.4141006"/>
  <node id="9820706864" lat="54.1584569" lon="19.4141550"/>
  <node id="9820706867" lat="54.1582095" lon="19.4143270"/>
  <node id="9820706888" lat="54.1576250" lon="19.4144860"/>
  <node id="9822658326" lat="54.1577449" lon="19.4103736">
    <tag k="crossing" v="marked"/>
    <tag k="highway" v="crossing"/>
  </node>
  <node id="9822658397" lat="54.1565779" lon="19.4104716">
    <tag k="crossing" v="marked"/>
    <tag k="highway" v="crossing"/>
  </node>
  <node id="9822658404" lat="54.1565824" lon="19.4093391"/>
  <node id="9822658406" lat="54.1565518" lon="19.4082046"/>
  <node id="9822707313" lat="54.1616144" lon="19.4164882"/>
  <node id="9822708651" lat="54.1602072" lon="19.4136854"/>
  <node id="9836041546" lat="54.1543371" lon="19.3999817"/>
  <node id="9892057882" lat="54.1558151" lon="19.4008049"/>
  <node id="9892057883" lat="54.1560404" lon="19.4035715"/>
  <node id="9892057884" lat="54.1560579" lon="19.4031963"/>
  <node id="9936652212" lat="54.1505340" lon="19.4201756"/>
  <node id="9936652213" lat="54.1505070" lon="19.4203146"/>
  <node id="9936652228" lat="54.1511172" lon="19.4138840"/>
  <node id="9936652230" lat="54.1510572" lon="19.4157509">
    <tag k="name" v="Elbląg"/>
    <tag k="public_transport" v="stop_position"/>
    <tag k="railway" v="stop"/>
    <tag k="train" v="yes"/>
  </node>
  <node id="9936652232" lat="54.1509166" lon="19.4157209">
    <tag k="name" v="Elbląg"/>
    <tag k="public_transport" v="stop_position"/>
    <tag k="railway" v="stop"/>
    <tag k="train" v="yes"/>
  </node>
  <node id="9936652233" lat="54.1508771" lon="19.4157104">
    <tag k="name" v="Elbląg"/>
    <tag k="public_transport" v="stop_position"/>
    <tag k="railway" v="stop"/>
    <tag k="train" v="yes"/>
  </node>
  <node id="9936971190" lat="54.1513682" lon="19.4125281"/>
  <node id="9936971191" lat="54.1513623" lon="19.4126494"/>
  <node id="9936971192" lat="54.1513868" lon="19.4120665"/>
  <node id="9936971193" lat="54.1513933" lon="19.4119468"/>
  <node id="9936971200" lat="54.1512623" lon="19.4125624"/>
  <node id="9936971201" lat="54.1513535" lon="19.4117629"/>
  <node id="9936971202" lat="54.1513194" lon="19.4125774"/>
  <node id="9936971203" lat="54.1513338" lon="19.4124749"/>
  <node id="9936971204" lat="54.1513934" lon="19.4110142"/>
  <node id="9936971206" lat="54.1514545" lon="19.4106289"/>
  <node id="9936971207" lat="54.1513939" lon="19.4102056"/>
  <node id="9936971208" lat="54.1513984" lon="19.4104465"/>
  <node id="9936971217" lat="54.1513422" lon="19.4083686"/>
  <node id="9937074918" lat="54.1512639" lon="19.4074846"/>
  <node id="9937074923" lat="54.1511509" lon="19.4069346"/>
  <node id="9937074924" lat="54.1512105" lon="19.4074147"/>
  <node id="9937074939" lat="54.1505092" lon="19.4029878"/>
  <node id="10031641712" lat="54.1589711" lon="19.4050790"/>
  <node id="10031641716" lat="54.1588598" lon="19.4052002"/>
  <node id="10124236443" lat="54.1557426" lon="19.3981312"/>
  <node id="10124753074" lat="54.1561403" lon="19.4078223"/>
  <node id="10124753075" lat="54.1561463" lon="19.4078514"/>
  <node id="10124753076" lat="54.1561696" lon="19.4078537"/>
  <node id="10124753077" lat="54.1563052" lon="19.4078547"/>
  <node id="10124753078" lat="54.1560828" lon="19.4078475"/>
  <node id="10124753079" lat="54.1563469" lon="19.4078437"/>
  <node id="10124753080" lat="54.1564104" lon="19.4078323"/>
  <node id="10124753081" lat="54.1565090" lon="19.4078194"/>
  <node id="10124753082" lat="54.1562716" lon="19.4076743"/>
  <node id="10124753083" lat="54.1565014" lon="19.4076081"/>
  <node id="10124753092" lat="54.1568114" lon="19.4054670"/>
  <node id="10124753093" lat="54.1567503" lon="19.4054324"/>
  <node id="10124753094" lat="54.1567213" lon="19.4054094"/>
  <node id="10124753095" lat="54.1567165" lon="19.4053566"/>
  <node id="10124753096" lat="54.1567283" lon="19.4052696"/>
  <node id="10124753097" lat="54.1567448" lon="19.4051899"/>
  <node id="10124753098" lat="54.1567661" lon="19.4050878"/>
  <node id="10124753099" lat="54.1567640" lon="19.4049019"/>
  <node id="10124753100" lat="54.1567740" lon="19.4048451"/>
  <node id="10124758443" lat="54.1564925" lon="19.4074107"/>
  <node id="10124758470" lat="54.1566683" lon="19.4058243"/>
  <node id="10124758471" lat="54.1567159" lon="19.4059795"/>
  <node id="10124758472" lat="54.1568253" lon="19.4054152"/>
  <node id="10124758476" lat="54.1567571" lon="19.4059943">
    <tag k="barrier" v="lift_gate"/>
  </node>
  <node id="10124758492" lat="54.1569735" lon="19.4056770"/>
  <node id="10124758532" lat="54.1567080" lon="19.4058507"/>
  <node id="10124758533" lat="54.1568622" lon="19.4051876"/>
  <node id="10124758535" lat="54.1569587" lon="19.4047301"/>
  <node id="10124758542" lat="54.1568616" lon="19.4050453"/>
  <node id="10124758543" lat="54.1568594" lon="19.4048826"/>
  <node id="10124758544" lat="54.1568672" lon="19.4048300"/>
  <node id="10124758546" lat="54.1567352" lon="19.4048648"/>
  <node id="10124758547" lat="54.1566586" lon="19.4048764"/>
  <node id="10124758548" lat="54.1563734" lon="19.4048671"/>
  <node id="10124758554" lat="54.1565991" lon="19.4038995"/>
  <node id="10124758558" lat="54.1566816" lon="19.4038994"/>
  <node id="10124758590" lat="54.1571762" lon="19.4046863"/>
  <node id="10124758591" lat="54.1578712" lon="19.4046860"/>
  <node id="10124758592" lat="54.1574537" lon="19.4046890"/>
  <node id="10124758593" lat="54.1570553" lon="19.4046912"/>
  <node id="10124758594" lat="54.1569299" lon="19.4047543"/>
  <node id="10314335380" lat="54.2116814" lon="19.4684545"/>
  <node id="10314335381" lat="54.2116165" lon="19.4684206"/>
  <node id="10314335382" lat="54.2114706" lon="19.4684329"/>
  <node id="10314335383" lat="54.2109246" lon="19.4686239"/>
  <node id="10314335384" lat="54.2106940" lon="19.4687201"/>
  <node id="10314335385" lat="54.2103207" lon="19.4687892"/>
  <node id="10314335386" lat="54.2097524" lon="19.4688584"/>
  <node id="10314335387" lat="54.2094481" lon="19.4690006"/>
  <node id="10314335388" lat="54.2092603" lon="19.4691104"/>
  <node id="10314335389" lat="54.2091129" lon="19.4691877"/>
  <node id="10314335390" lat="54.2089512" lon="19.4692852"/>
  <node id="10314335391" lat="54.2088490" lon="19.4692893"/>
  <node id="10314335392" lat="54.2086944" lon="19.4692649"/>
  <node id="10314335393" lat="54.2085613" lon="19.4691470"/>
  <node id="10314335394" lat="54.2082950" lon="19.4689356"/>
  <node id="10314335395" lat="54.2081428" lon="19.4688421"/>
  <node id="10314335396" lat="54.2080001" lon="19.4688299"/>
  <node id="10314335397" lat="54.2078527" lon="19.4688949"/>
  <node id="10314335398" lat="54.2077885" lon="19.4690738"/>
  <node id="10314335399" lat="54.2077671" lon="19.4692974"/>
  <node id="10314335400" lat="54.2077648" lon="19.4696755"/>
  <node id="10314335401" lat="54.2077600" lon="19.4701593"/>
  <node id="10314335402" lat="54.2077552" lon="19.4707447"/>
  <node id="10314335403" lat="54.2077481" lon="19.4711228"/>
  <node id="10314335404" lat="54.2076887" lon="19.4714237"/>
  <node id="10314335405" lat="54.2075936" lon="19.4717123"/>
  <node id="10314335406" lat="54.2075068" lon="19.4717855"/>
  <node id="10823997821" lat="54.1564487" lon="19.4097896"/>
  <node id="10823997822" lat="54.1564940" lon="19.4096875"/>
  <node id="10824003409" lat="54.1559311" lon="19.4091128"/>
  <node id="10824003442" lat="54.1564235" lon="19.4076174"/>
  <node id="10824003443" lat="54.1561606" lon="19.4079241"/>
  <node id="10824003444" lat="54.1561209" lon="19.4079248"/>
  <node id="10824003445" lat="54.1560965" lon="19.4078988"/>
  <node id="10824003446" lat="54.1562447" lon="19.4078177"/>
  <node id="10824003447" lat="54.1565240" lon="19.4082086"/>
  <node id="10824003448" lat="54.1565578" lon="19.4096713"/>
  <node id="10824029864" lat="54.1566830" lon="19.4054963"/>
  <node id="10824029865" lat="54.1565532" lon="19.4058373"/>
  <node id="10824029866" lat="54.1565603" lon="19.4054908"/>
  <node id="10824029867" lat="54.1566540" lon="19.4054993"/>
  <node id="10824029868" lat="54.1566372" lon="19.4058090"/>
  <node id="10846820544" lat="54.1535586" lon="19.3988782"/>
  <node id="10846820545" lat="54.1536882" lon="19.3974057"/>
  <node id="10936897161" lat="54.1573003" lon="19.3980564"/>
  <node id="11109596944" lat="54.2142636" lon="19.4725792"/>
  <node id="11156243957" lat="54.1548965" lon="19.3980833">
    <tag k="crossing" v="uncontrolled"/>
    <tag k="crossing:markings" v="zebra"/>
    <tag k="highway" v="crossing"/>
  </node>
  <node id="11193188547" lat="54.1554291" lon="19.4083270">
    <tag k="crossing" v="zebra"/>
    <tag k="highway" v="crossing"/>
    <tag k="traffic_signals:sound" v="yes"/>
  </node>
  <node id="11193188548" lat="54.1553375" lon="19.4082358">
    <tag k="crossing" v="zebra"/>
    <tag k="highway" v="crossing"/>
    <tag k="tactile_paving" v="yes"/>
    <tag k="traffic_signals:sound" v="yes"/>
  </node>
  <node id="11193188549" lat="54.1554437" lon="19.4082818">
    <tag k="bicycle" v="yes"/>
    <tag k="crossing" v="traffic_signals"/>
    <tag k="crossing:markings" v="zebra"/>
    <tag k="highway" v="crossing"/>
  </node>
  <node id="11193188550" lat="54.1554113" lon="19.4082502">
    <tag k="bicycle" v="yes"/>
    <tag k="railway" v="tram_crossing"/>
  </node>
  <node id="11193188551" lat="54.1553893" lon="19.4082274">
    <tag k="bicycle" v="yes"/>
    <tag k="railway" v="tram_crossing"/>
  </node>
  <node id="11193188552" lat="54.1553520" lon="19.4081952">
    <tag k="bicycle" v="yes"/>
    <tag k="crossing" v="traffic_signals"/>
    <tag k="crossing:markings" v="zebra"/>
    <tag k="highway" v="crossing"/>
  </node>
  <node id="11193188556" lat="54.1555988" lon="19.4081085"/>
  <node id="11193188558" lat="54.1556518" lon="19.4080610"/>
  <node id="11193188564" lat="54.1553966" lon="19.4082930">
    <tag k="railway" v="tram_crossing"/>
    <tag k="traffic_signals:sound" v="yes"/>
  </node>
  <node id="11193188565" lat="54.1553738" lon="19.4082688">
    <tag k="railway" v="tram_crossing"/>
    <tag k="traffic_signals:sound" v="yes"/>
  </node>
  <node id="11263359525" lat="54.2059192" lon="19.4719228"/>
  <node id="11577363881" lat="54.1529895" lon="19.4019661">
    <tag k="crossing:markings" v="zebra"/>
    <tag k="highway" v="crossing"/>
  </node>
  <node id="11577363882" lat="54.1544933" lon="19.4017723">
    <tag k="crossing:island" v="no"/>
    <tag k="crossing:markings" v="zebra"/>
    <tag k="crossing:signals" v="no"/>
    <tag k="highway" v="crossing"/>
  </node>
  <node id="11577363883" lat="54.1544249" lon="19.4019102">
    <tag k="crossing:markings" v="zebra"/>
    <tag k="highway" v="crossing"/>
  </node>
  <node id="11648986049" lat="54.1563139" lon="19.4103354"/>
  <node id="11648986050" lat="54.1563745" lon="19.4104398"/>
  <node id="11648986051" lat="54.1560005" lon="19.4100286"/>
  <node id="11648986052" lat="54.1560691" lon="19.4099809"/>
  <node id="11648986053" lat="54.1560942" lon="19.4099752"/>
  <node id="11648986054" lat="54.1561181" lon="19.4099905"/>
  <node id="11648986055" lat="54.1561552" lon="19.4100724"/>
  <node id="11648986056" lat="54.1562256" lon="19.4102189"/>
  <node id="11648986057" lat="54.1563504" lon="19.4103706"/>
  <node id="11648986058" lat="54.1563696" lon="19.4104016"/>
  <node id="11648986059" lat="54.1563697" lon="19.4104811"/>
  <node id="11649016147" lat="54.1545025" lon="19.4090824"/>
  <node id="11649016148" lat="54.1544588" lon="19.4091020"/>
  <node id="11649016159" lat="54.1545558" lon="19.4090829"/>
  <node id="11649016160" lat="54.1544050" lon="19.4092485"/>
  <node id="11649016164" lat="54.1553388" lon="19.4080590"/>
  <node id="11649016186" lat="54.1559278" lon="19.4074061"/>
  <node id="11649016203" lat="54.1564471" lon="19.4096968"/>
  <node id="11649016214" lat="54.1556297" lon="19.4080276"/>
  <node id="11649016221" lat="54.1556208" lon="19.4081409"/>
  <node id="11652205840" lat="54.1556775" lon="19.4062796"/>
  <node id="11826300556" lat="54.1613001" lon="19.4043174"/>
  <node id="11826339778" lat="54.1609808" lon="19.4053995"/>
  <node id="11826339779" lat="54.1609943" lon="19.4053176"/>
  <node id="11826339780" lat="54.1610098" lon="19.4052137"/>
  <node id="11826339781" lat="54.1610220" lon="19.4051278"/>
  <node id="11826339782" lat="54.1610329" lon="19.4050562"/>
  <node id="11826339783" lat="54.1610722" lon="19.4047372"/>
  <node id="11826339784" lat="54.1610808" lon="19.4046925"/>
  <node id="11826339785" lat="54.1610883" lon="19.4046580">
    <tag k="railway" v="tram_crossing"/>
  </node>
  <node id="11826339786" lat="54.1611264" lon="19.4045439"/>
  <node id="11826339787" lat="54.1611416" lon="19.4045094"/>
  <node id="11826339788" lat="54.1611637" lon="19.4044656"/>
  <node id="11826339789" lat="54.1611831" lon="19.4044364"/>
  <node id="11826339790" lat="54.1612038" lon="19.4044067"/>
  <node id="11826339791" lat="54.1612276" lon="19.4043775"/>
  <node id="11826339792" lat="54.1612510" lon="19.4043532"/>
  <node id="11826339793" lat="54.1612750" lon="19.4043344"/>
  <node id="11826339794" lat="54.1612909" lon="19.4043239"/>
  <node id="11826339796" lat="54.1611984" lon="19.4044144">
    <tag k="railway" v="tram_level_crossing"/>
  </node>
  <node id="11826339797" lat="54.1612170" lon="19.4043906">
    <tag k="railway" v="tram_level_crossing"/>
  </node>
  <node id="12047207348" lat="54.1591743" lon="19.4060365"/>
  <node id="12061723973" lat="54.1542135" lon="19.4115877"/>
  <node id="12337911151" lat="54.1577411" lon="19.3980164"/>
  <node id="12337911194" lat="54.1576004" lon="19.3968549"/>
  <node id="12337911197" lat="54.1573524" lon="19.3965151"/>
  <node id="12337911198" lat="54.1575675" lon="19.3967441"/>
  <node id="12337911199" lat="54.1574949" lon="19.3967698"/>
  <node id="12337911200" lat="54.1575910" lon="19.3977150"/>
  <node id="12337911201" lat="54.1577032" lon="19.3977891"/>
  <node id="12337911202" lat="54.1576586" lon="19.3977805"/>
  <node id="12337911203" lat="54.1576272" lon="19.3977579"/>
  <node id="12337911204" lat="54.1575674" lon="19.3976682"/>
  <node id="12337911205" lat="54.1575498" lon="19.3975890"/>
  <node id="12348812515" lat="54.1600495" lon="19.4088356">
    <tag k="bicycle" v="yes"/>
    <tag k="railway" v="tram_crossing"/>
  </node>
  <node id="12358376335" lat="54.1592920" lon="19.3978519"/>
  <node id="12358376336" lat="54.1593178" lon="19.3978709"/>
  <node id="12358376337" lat="54.1593425" lon="19.3978739"/>
  <node id="12358376338" lat="54.1592725" lon="19.3978097"/>
  <node id="12358376339" lat="54.1592620" lon="19.3977528"/>
  <node id="12358376340" lat="54.1592546" lon="19.3975451"/>
  <node id="12358376341" lat="54.1593408" lon="19.3975423"/>
  <node id="12358376342" lat="54.1595086" lon="19.3975298"/>
  <node id="12617971455" lat="54.1530795" lon="19.3978156"/>
  <node id="12617971456" lat="54.1533373" lon="19.3978769"/>
  <node id="12617971457" lat="54.1533664" lon="19.3973625"/>
  <node id="12617971458" lat="54.1533176" lon="19.3973620"/>
  <node id="12617971459" lat="54.1532652" lon="19.3973919"/>
  <node id="12617971460" lat="54.1530105" lon="19.3977967"/>
  <node id="12617971461" lat="54.1529724" lon="19.3978085"/>
  <node id="12617971462" lat="54.1529261" lon="19.3977980"/>
  <node id="12617971463" lat="54.1528823" lon="19.3977449"/>
  <node id="12663448090" lat="54.1602638" lon="19.4104100"/>
  <node id="12663448091" lat="54.1590285" lon="19.4105037">
    <tag k="railway" v="tram_level_crossing"/>
  </node>
  <node id="12663448092" lat="54.1590305" lon="19.4110757"/>
  <node id="12666537750" lat="54.1533504" lon="19.3969946"/>
  <node id="12666537751" lat="54.1528259" lon="19.3973553"/>
  <node id="12666537752" lat="54.1540576" lon="19.3973103">
    <tag k="crossing" v="uncontrolled"/>
    <tag k="crossing:markings" v="zebra"/>
    <tag k="highway" v="crossing"/>
  </node>
  <node id="12698057636" lat="54.1534474" lon="19.4019811"/>
  <node id="12698057637" lat="54.1529939" lon="19.4022706"/>
  <node id="12698057638" lat="54.1531485" lon="19.4032779"/>
  <node id="12698057652" lat="54.1545113" lon="19.4056926"/>
  <node id="12698057660" lat="54.1535464" lon="19.4029648"/>
  <node id="12698794553" lat="54.1560628" lon="19.4048215">
    <tag k="highway" v="traffic_signals"/>
    <tag k="traffic_signals" v="signal"/>
    <tag k="traffic_signals:direction" v="backward"/>
  </node>
  <node id="12698794554" lat="54.1560843" lon="19.4045675"/>
  <node id="12698794555" lat="54.1560852" lon="19.4043139"/>
  <node id="12698794556" lat="54.1560754" lon="19.4046940"/>
  <node id="12698794557" lat="54.1560697" lon="19.4040258">
    <tag k="highway" v="traffic_signals"/>
    <tag k="traffic_signals" v="signal"/>
    <tag k="traffic_signals:direction" v="forward"/>
  </node>
  <node id="12698794558" lat="54.1563101" lon="19.4043712">
    <tag k="highway" v="traffic_signals"/>
    <tag k="traffic_signals" v="signal"/>
    <tag k="traffic_signals:direction" v="forward"/>
  </node>
  <node id="12698849788" lat="54.1540254" lon="19.4121588">
    <tag k="highway" v="traffic_signals"/>
    <tag k="traffic_signals:direction" v="forward"/>
  </node>
  <node id="12698849790" lat="54.1555627" lon="19.4080841"/>
  <node id="12698849791" lat="54.1555997" lon="19.4079208"/>
  <node id="12698849792" lat="54.1556575" lon="19.4081980"/>
  <node id="12698849793" lat="54.1556881" lon="19.4081211"/>
  <node id="12698849794" lat="54.1554039" lon="19.4083942">
    <tag k="highway" v="traffic_signals"/>
    <tag k="traffic_signals:direction" v="forward"/>
  </node>
  <node id="12698849795" lat="54.1553728" lon="19.4081352">
    <tag k="highway" v="traffic_signals"/>
    <tag k="traffic_signals:direction" v="forward"/>
  </node>
  <node id="12698882760" lat="54.1557045" lon="19.4015570">
    <tag k="highway" v="traffic_signals"/>
    <tag k="traffic_signals:direction" v="forward"/>
  </node>
  <node id="12698882761" lat="54.1559649" lon="19.4016538">
    <tag k="highway" v="traffic_signals"/>
    <tag k="traffic_signals:direction" v="forward"/>
  </node>
  <node id="12698882762" lat="54.1558283" lon="19.4011659">
    <tag k="highway" v="traffic_signals"/>
    <tag k="traffic_signals:direction" v="forward"/>
  </node>
  <node id="12698883216" lat="54.1556913" lon="19.4064077">
    <tag k="highway" v="traffic_signals"/>
    <tag k="traffic_signals:direction" v="forward"/>
  </node>
  <node id="12698883217" lat="54.1555833" lon="19.4062396"/>
  <node id="12698883218" lat="54.1555622" lon="19.4063056"/>
  <node id="12698883219" lat="54.1555650" lon="19.4068970"/>
  <node id="12698883220" lat="54.1558883" lon="19.4063775"/>
  <node id="12698883221" lat="54.1558512" lon="19.4063391"/>
  <node id="12698883222" lat="54.1558631" lon="19.4064857"/>
  <node id="12698883223" lat="54.1559324" lon="19.4061889"/>
  <node id="12698883224" lat="54.1559080" lon="19.4067535"/>
  <node id="12698883225" lat="54.1559163" lon="19.4066939"/>
  <node id="12698883226" lat="54.1558269" lon="19.4066405"/>
  <node id="12698883227" lat="54.1559366" lon="19.4061538">
    <tag k="highway" v="traffic_signals"/>
    <tag k="traffic_signals:direction" v="forward"/>
  </node>
  <node id="12698883228" lat="54.1557952" lon="19.4063159"/>
  <node id="12698883230" lat="54.1558300" lon="19.4071315"/>
  <node id="12698883231" lat="54.1557834" lon="19.4072983"/>
  <node id="12732042945" lat="54.1574677" lon="19.3967775"/>
  <node id="12732042946" lat="54.1575982" lon="19.3973989"/>
  <node id="12732042947" lat="54.1568920" lon="19.4052849"/>
  <node id="12732042948" lat="54.1567187" lon="19.4059805"/>
  <node id="12732042949" lat="54.1560380" lon="19.4100025"/>
  <node id="12732042950" lat="54.1563562" lon="19.4105328"/>
  <node id="12769354814" lat="54.1603279" lon="19.3973687"/>
  <node id="12769354815" lat="54.1602161" lon="19.3963616"/>
  <node id="12769355120" lat="54.1603974" lon="19.3976770"/>
  <node id="12769355121" lat="54.1603020" lon="19.3977090">
    <tag k="barrier" v="gate"/>
  </node>
  <node id="12769355122" lat="54.1600374" lon="19.3977394"/>
  <node id="12769355420" lat="54.1600268" lon="19.3974210"/>
  <node id="12769355421" lat="54.1600405" lon="19.3972517"/>
  <node id="12769355422" lat="54.1600324" lon="19.3971163"/>
  <node id="12769355423" lat="54.1602533" lon="19.3963523"/>
  <node id="12769355424" lat="54.1599737" lon="19.3964224"/>
  <node id="12772138902" lat="54.1554328" lon="19.4059084"/>
  <node id="12772139258" lat="54.1554766" lon="19.4055417"/>
  <node id="12772139259" lat="54.1554441" lon="19.4058606"/>
  <node id="12772139303" lat="54.1548962" lon="19.4016935"/>
  <node id="12772139304" lat="54.1548598" lon="19.4011823">
    <tag k="barrier" v="lift_gate"/>
  </node>
  <node id="12772139305" lat="54.1548477" lon="19.4011398"/>
  <node id="12772139306" lat="54.1548173" lon="19.4011077"/>
  <node id="12772139307" lat="54.1547530" lon="19.4011056"/>
  <node id="12772139308" lat="54.1545538" lon="19.4008588"/>
  <node id="12772139421" lat="54.1530691" lon="19.4030110">
    <tag k="barrier" v="gate"/>
  </node>
  <node id="12772139422" lat="54.1531143" lon="19.4029982"/>
  <node id="12772139436" lat="54.1531670" lon="19.4029832"/>
  <node id="12772139437" lat="54.1528838" lon="19.4030634"/>
  <node id="12772140068" lat="54.1596853" lon="19.3968691"/>
  <node id="12772140069" lat="54.1594202" lon="19.3969058"/>
  <node id="12772140070" lat="54.1594123" lon="19.3967804"/>
  <node id="12772140652" lat="54.1518415" lon="19.3969542"/>
  <node id="12779899097" lat="54.1818250" lon="19.4482839"/>
  <node id="12779950330" lat="54.1840421" lon="19.4490588"/>
  <node id="12779950331" lat="54.1839183" lon="19.4490540"/>
  <node id="12779950356" lat="54.1834830" lon="19.4500927"/>
  <node id="12779950358" lat="54.1835678" lon="19.4496506"/>
  <node id="12779950359" lat="54.1834593" lon="19.4493868"/>
  <node id="12779950362" lat="54.1813744" lon="19.4476303"/>
  <node id="12779950363" lat="54.1812380" lon="19.4476398"/>
  <node id="12779950364" lat="54.1811295" lon="19.4474782"/>
  <node id="12779950365" lat="54.1811268" lon="19.4471930"/>
  <node id="12779950366" lat="54.1812074" lon="19.4471074"/>
  <node id="12779950367" lat="54.1813020" lon="19.4471312"/>
  <node id="12779950450" lat="54.1823118" lon="19.4465655"/>
  <node id="12779950451" lat="54.1817736" lon="19.4458858"/>
  <node id="12779950489" lat="54.1795466" lon="19.4412035"/>
  <node id="12785304320" lat="54.1587775" lon="19.4043155">
    <tag k="barrier" v="bollard"/>
    <tag k="colour" v="black"/>
    <tag k="material" v="metal"/>
    <tag k="motor_vehicle" v="no"/>
  </node>
  <node id="12785304321" lat="54.1569376" lon="19.4047478">
    <tag k="highway" v="crossing"/>
  </node>
  <node id="12793955323" lat="54.1570521" lon="19.4052817"/>
  <node id="12793955324" lat="54.1569212" lon="19.4052843"/>
  <node id="12913417096" lat="54.1602323" lon="19.3996509"/>
  <node id="12913425581" lat="54.1601689" lon="19.4014225"/>
  <node id="12913425582" lat="54.1601806" lon="19.4014171"/>
  <node id="12913425583" lat="54.1601102" lon="19.4014339"/>
  <node id="12913425585" lat="54.1597232" lon="19.4014978"/>
  <node id="12913425586" lat="54.1602009" lon="19.4013492"/>
  <node id="12913425587" lat="54.1601981" lon="19.4013874"/>
  <node id="12913425588" lat="54.1601994" lon="19.4013140"/>
  <node id="12913425662" lat="54.1599060" lon="19.4020280"/>
  <node id="12913425663" lat="54.1598886" lon="19.4018297"/>
  <node id="12913425664" lat="54.1601000" lon="19.4017822"/>
  <node id="12913425665" lat="54.1601186" lon="19.4020000"/>
  <node id="13302218344" lat="54.1524759" lon="19.4168478"/>
  <node id="13302218345" lat="54.1525050" lon="19.4168805"/>
  <node id="13302218346" lat="54.1525316" lon="19.4167985"/>
  <node id="13302218347" lat="54.1525316" lon="19.4166764"/>
  <node id="13302218348" lat="54.1525877" lon="19.4165044"/>
  <node id="13302218349" lat="54.1522422" lon="19.4175998"/>
  <node id="13302218350" lat="54.1522731" lon="19.4176291"/>
  <node id="13302218351" lat="54.1520396" lon="19.4181921"/>
  <node id="13302218352" lat="54.1521695" lon="19.4178269"/>
  <node id="13302218353" lat="54.1522030" lon="19.4178450"/>
  <node id="13302218354" lat="54.1521416" lon="19.4180235"/>
  <node id="13302218383" lat="54.1528185" lon="19.4158016"/>
  <node id="13302218384" lat="54.1529079" lon="19.4155597"/>
  <node id="13302218385" lat="54.1529100" lon="19.4156639"/>
  <node id="13302218386" lat="54.1528393" lon="19.4158596"/>
  <node id="13302218387" lat="54.1528017" lon="19.4159736"/>
  <node id="13327974830" lat="54.1525521" lon="19.3979656"/>
  <node id="13327974831" lat="54.1525705" lon="19.3979688"/>
  <node id="13327974838" lat="54.1525074" lon="19.3976288"/>
  <node id="13327974839" lat="54.1527195" lon="19.3976896"/>
  <node id="13327974840" lat="54.1527872" lon="19.3977516"/>
  <node id="13327974870" lat="54.1592588" lon="19.3976242">
    <tag k="highway" v="crossing"/>
  </node>
  <node id="13327974873" lat="54.1597439" lon="19.3975549">
    <tag k="highway" v="crossing"/>
  </node>
  <node id="13327974907" lat="54.1595310" lon="19.3979947"/>
  <node id="13327974908" lat="54.1595399" lon="19.3980387"/>
  <node id="13327974909" lat="54.1595666" lon="19.3980623"/>
  <node id="13327974910" lat="54.1596901" lon="19.3981354"/>
  <node id="13327974911" lat="54.1597682" lon="19.3981382"/>
  <node id="13327974941" lat="54.1597539" lon="19.3985160"/>
  <node id="13327974942" lat="54.1597746" lon="19.3983906">
    <tag k="highway" v="crossing"/>
  </node>
  <node id="13363464010" lat="54.1588003" lon="19.3969079"/>
  <node id="13363464011" lat="54.1588282" lon="19.3972881"/>
  <node id="13363464012" lat="54.1588515" lon="19.3975964"/>
  <node id="13363464033" lat="54.1594161" lon="19.3975390"/>
  <node id="13363464083" lat="54.1595338" lon="19.3980199"/>
  <node id="13363464084" lat="54.1597228" lon="19.3981388">
    <tag k="barrier" v="lift_gate"/>
    <tag k="lift_gate:type" v="single"/>
  </node>
  <node id="13363464085" lat="54.1597653" lon="19.3980611"/>
  <node id="13363464088" lat="54.1597129" lon="19.3985095"/>
  <node id="13363464089" lat="54.1598220" lon="19.3985222"/>
  <node id="13363464097" lat="54.1597761" lon="19.3984300"/>
  <node id="13450384505" lat="54.1568970" lon="19.4047794"/>
  <node id="13665079598" lat="54.1598225" lon="19.4005679"/>
  <node id="13665079657" lat="54.1583510" lon="19.4017749"/>
  <node id="13665079661" lat="54.1583549" lon="19.4010079"/>
  <node id="13665079662" lat="54.1583793" lon="19.4010970"/>
  <node id="13665079691" lat="54.1582173" lon="19.3998281"/>
  <node id="13718228272" lat="54.1553692" lon="19.3967460"/>
  <way id="29022652">
    <nd ref="1296875064"/>
    <nd ref="8263845252"/>
    <nd ref="8263845251"/>
    <nd ref="8263845250"/>
    <nd ref="8263845249"/>
    <nd ref="1296875066"/>
    <nd ref="8263845248"/>
    <nd ref="1296875776"/>
    <nd ref="319175856"/>
    <nd ref="13327974840"/>
    <nd ref="8263845254"/>
    <nd ref="319175857"/>
    <nd ref="2251085635"/>
    <nd ref="8263845255"/>
    <nd ref="319175858"/>
    <nd ref="5535786971"/>
    <nd ref="2251085634"/>
    <nd ref="319175859"/>
    <nd ref="5535786954"/>
    <nd ref="8263845256"/>
    <nd ref="5536207347"/>
    <nd ref="8263845257"/>
    <nd ref="319175860"/>
    <nd ref="5536207348"/>
    <nd ref="5536207349"/>
    <nd ref="5536207350"/>
    <nd ref="319175861"/>
    <nd ref="11577363881"/>
    <nd ref="1562398343"/>
    <nd ref="1296875647"/>
    <tag k="highway" v="residential"/>
    <tag k="lanes" v="2"/>
    <tag k="lit" v="yes"/>
    <tag k="maxspeed" v="50"/>
    <tag k="name" v="Zagonowa"/>
    <tag k="sidewalk" v="both"/>
    <tag k="surface" v="asphalt"/>
  </way>
  <way id="35264347">
    <nd ref="3029207015"/>
    <nd ref="3277671806"/>
    <nd ref="12769355423"/>
    <nd ref="3277671805"/>
    <nd ref="9576048513"/>
    <nd ref="413336864"/>
    <tag k="highway" v="residential"/>
    <tag k="name" v="Garbary"/>
    <tag k="oneway" v="yes"/>
    <tag k="sidewalk:both" v="separate"/>
  </way>
  <way id="35265850">
    <nd ref="2136164705"/>
    <nd ref="13363464097"/>
    <nd ref="13327974942"/>
    <nd ref="13327974911"/>
    <nd ref="13363464085"/>
    <nd ref="5522695872"/>
    <nd ref="13327974873"/>
    <nd ref="2807040261"/>
    <tag k="highway" v="residential"/>
    <tag k="name" v="Wieżowa"/>
  </way>
  <way id="35265851">
    <nd ref="2807040261"/>
    <nd ref="12358376342"/>
    <nd ref="13363464033"/>
    <nd ref="12358376341"/>
    <nd ref="12358376340"/>
    <nd ref="5522733149"/>
    <nd ref="5522733150"/>
    <tag k="highway" v="residential"/>
    <tag k="name" v="Przymurze"/>
  </way>
  <way id="35705833">
    <nd ref="319175038"/>
    <nd ref="3909308772"/>
    <nd ref="9892057883"/>
    <tag k="highway" v="secondary"/>
    <tag k="highway:category:pl" v="2"/>
    <tag k="lanes" v="2"/>
    <tag k="maxspeed" v="50"/>
    <tag k="name" v="Aleja Tysiąclecia"/>
    <tag k="oneway" v="yes"/>
    <tag k="ref" v="500"/>
    <tag k="sidewalk:left" v="no"/>
    <tag k="sidewalk:right" v="separate"/>
    <tag k="source:maxspeed" v="PL:urban"/>
    <tag k="surface" v="asphalt"/>
  </way>
  <way id="35706716">
    <nd ref="1296875753"/>
    <nd ref="413515939"/>
    <tag k="highway" v="residential"/>
    <tag k="maxspeed:type" v="PL:urban"/>
    <tag k="name" v="Giermków"/>
    <tag k="sidewalk:left" v="no"/>
    <tag k="sidewalk:right" v="separate"/>
    <tag k="surface" v="asphalt"/>
  </way>
  <way id="35772075">
    <nd ref="413342725"/>
    <nd ref="3899765999"/>
    <nd ref="2135000025"/>
    <nd ref="1304258935"/>
    <nd ref="2135000024"/>
    <nd ref="1305377602"/>
    <nd ref="2278899201"/>
    <nd ref="413369485"/>
    <nd ref="2278899200"/>
    <nd ref="1304258599"/>
    <nd ref="1304258710"/>
    <nd ref="2278899199"/>
    <nd ref="1304258910"/>
    <nd ref="2278899198"/>
    <nd ref="2278899197"/>
    <nd ref="1305377204"/>
    <nd ref="1304258665"/>
    <nd ref="1304258686"/>
    <nd ref="1305377786"/>
    <nd ref="2278912610"/>
    <nd ref="5645380126"/>
    <nd ref="2424616883"/>
    <nd ref="1304258791"/>
    <tag k="highway" v="residential"/>
    <tag k="lane_markings" v="no"/>
    <tag k="name" v="Zamkowa"/>
    <tag k="sidewalk:both" v="separate"/>
    <tag k="surface" v="sett"/>
  </way>
  <way id="37833775">
    <nd ref="443694503"/>
    <nd ref="3350716514"/>
    <nd ref="1304254038"/>
    <tag k="highway" v="tertiary"/>
    <tag k="name" v="Generała Stefana Grota-Roweckiego"/>
    <tag k="oneway" v="yes"/>
    <tag k="sidewalk:left" v="no"/>
    <tag k="sidewalk:right" v="separate"/>
  </way>
  <way id="59078349">
    <nd ref="2516835211"/>
    <nd ref="1709179393"/>
    <nd ref="2516835241"/>
    <nd ref="1709179395"/>
    <nd ref="1709179403"/>
    <nd ref="1709179408"/>
    <nd ref="1709179412"/>
    <nd ref="8168858242"/>
    <nd ref="1709179414"/>
    <nd ref="1709179420"/>
    <nd ref="1709179437"/>
    <nd ref="1709179445"/>
    <nd ref="1709179456"/>
    <nd ref="8308646563"/>
    <nd ref="2516836127"/>
    <nd ref="5660495970"/>
    <nd ref="5442728214"/>
    <nd ref="13302218354"/>
    <nd ref="1709179756"/>
    <nd ref="13302218353"/>
    <nd ref="733863494"/>
    <nd ref="13302218350"/>
    <nd ref="1880060092"/>
    <nd ref="13302218345"/>
    <nd ref="13302218346"/>
    <nd ref="1709179376"/>
    <nd ref="1880060573"/>
    <nd ref="8168858243"/>
    <nd ref="13302218387"/>
    <nd ref="13302218386"/>
    <nd ref="2516836455"/>
    <nd ref="13302218385"/>
    <nd ref="8283410043"/>
    <nd ref="8283410054"/>
    <nd ref="2516836844"/>
    <nd ref="4552911131"/>
    <nd ref="8168858238"/>
    <nd ref="5658193164"/>
    <nd ref="5658193158"/>
    <nd ref="733863537"/>
    <nd ref="11193188564"/>
    <nd ref="11193188550"/>
    <nd ref="1709180201"/>
    <nd ref="2516837615"/>
    <nd ref="2516837636"/>
    <nd ref="3303500092"/>
    <nd ref="5438684734"/>
    <nd ref="1709180209"/>
    <nd ref="2516837697"/>
    <nd ref="5645832501"/>
    <nd ref="11649016186"/>
    <nd ref="733863502"/>
    <nd ref="733863523"/>
    <nd ref="4552919797"/>
    <nd ref="5645835849"/>
    <nd ref="4552919792"/>
    <nd ref="4552919795"/>
    <nd ref="4552919793"/>
    <nd ref="4552919801"/>
    <nd ref="1869043020"/>
    <nd ref="733863531"/>
    <nd ref="4552924568"/>
    <nd ref="4552924566"/>
    <nd ref="4552924565"/>
    <nd ref="1869043217"/>
    <nd ref="4552924569"/>
    <nd ref="4552924572"/>
    <nd ref="732237649"/>
    <nd ref="4552921530"/>
    <nd ref="8168817403"/>
    <nd ref="1376728201"/>
    <nd ref="2385303451"/>
    <nd ref="2385303534"/>
    <nd ref="1869043307"/>
    <nd ref="2254990251"/>
    <nd ref="1376728277"/>
    <nd ref="732237587"/>
    <tag k="electrified" v="contact_line"/>
    <tag k="frequency" v="0"/>
    <tag k="gauge" v="1000"/>
    <tag k="oneway" v="yes"/>
    <tag k="railway" v="tram"/>
    <tag k="voltage" v="600"/>
  </way>
  <way id="59174830">
    <nd ref="10124753081"/>
    <nd ref="10824003447"/>
    <nd ref="10824003448"/>
    <nd ref="9822658397"/>
    <nd ref="2353294953"/>
    <nd ref="5646189828"/>
    <nd ref="732237568"/>
    <tag k="highway" v="service"/>
    <tag k="name" v="Oboźna"/>
    <tag k="source" v="UMP-PL"/>
  </way>
  <way id="59174832">
    <nd ref="5439354092"/>
    <nd ref="12698794554"/>
    <nd ref="12698794556"/>
    <nd ref="12698794553"/>
    <nd ref="3495263273"/>
    <nd ref="12698883227"/>
    <nd ref="12698883223"/>
    <tag k="highway" v="secondary"/>
    <tag k="highway:category:pl" v="2"/>
    <tag k="lanes" v="4"/>
    <tag k="maxspeed" v="50"/>
    <tag k="name" v="Aleja Tysiąclecia"/>
    <tag k="ref" v="500"/>
    <tag k="sidewalk:both" v="separate"/>
    <tag k="source:maxspeed" v="PL:urban"/>
    <tag k="surface" v="asphalt"/>
  </way>
  <way id="80369710">
    <nd ref="5522797502"/>
    <nd ref="2278912632"/>
    <nd ref="9576048499"/>
    <nd ref="9576048431"/>
    <nd ref="413336873"/>
    <tag k="highway" v="residential"/>
    <tag k="name" v="Rzeźnicka"/>
    <tag k="oneway" v="yes"/>
    <tag k="sidewalk:both" v="separate"/>
  </way>
  <way id="114494588">
    <nd ref="5535786954"/>
    <nd ref="1562398344"/>
    <nd ref="5535786910"/>
    <nd ref="1562398721"/>
    <nd ref="5535786846"/>
    <nd ref="5535786848"/>
    <nd ref="5535786847"/>
    <tag k="highway" v="residential"/>
    <tag k="name" v="Piaskowa"/>
  </way>
  <way id="114494591">
    <nd ref="3495193660"/>
    <nd ref="2424616890"/>
    <nd ref="5645375208"/>
    <nd ref="2253986019"/>
    <nd ref="5442183784"/>
    <nd ref="2253961050"/>
    <nd ref="1296875266"/>
    <tag k="highway" v="residential"/>
    <tag k="name" v="Bociania"/>
    <tag k="oneway" v="yes"/>
  </way>
  <way id="114494601">
    <nd ref="1296875305"/>
    <nd ref="2251107546"/>
    <nd ref="5536207623"/>
    <nd ref="5536207405"/>
    <nd ref="2251107544"/>
    <nd ref="2251107542"/>
    <nd ref="2251107539"/>
    <nd ref="1296875460"/>
    <nd ref="2251107538"/>
    <nd ref="2251107540"/>
    <nd ref="5536207403"/>
    <nd ref="1296875633"/>
    <nd ref="2251107541"/>
    <nd ref="2251107543"/>
    <nd ref="5536207651"/>
    <nd ref="2251107547"/>
    <nd ref="319175594"/>
    <nd ref="11577363883"/>
    <nd ref="2252582608"/>
    <nd ref="2252582610"/>
    <nd ref="1296875055"/>
    <nd ref="5537749238"/>
    <nd ref="1296875296"/>
    <tag k="highway" v="residential"/>
    <tag k="name" v="Czerniakowska"/>
  </way>
  <way id="114494651">
    <nd ref="1296875776"/>
    <nd ref="12666537751"/>
    <nd ref="5535691456"/>
    <nd ref="5535691457"/>
    <nd ref="5535691460"/>
    <nd ref="5535691462"/>
    <nd ref="1296875868"/>
    <nd ref="5535691461"/>
    <nd ref="1296876048"/>
    <nd ref="5535691459"/>
    <nd ref="5535691458"/>
    <nd ref="1296875042"/>
    <nd ref="5535723526"/>
    <nd ref="5535786987"/>
    <tag k="highway" v="residential"/>
    <tag k="name" v="Dojazdowa"/>
  </way>
  <way id="115433689">
    <nd ref="1304254038"/>
    <nd ref="1709180393"/>
    <nd ref="5478655540"/>
    <nd ref="5478655539"/>
    <nd ref="1304254076"/>
    <tag k="highway" v="residential"/>
    <tag k="oneway" v="yes"/>
    <tag k="sidewalk:left" v="no"/>
    <tag k="sidewalk:right" v="separate"/>
  </way>
  <way id="115433709">
    <nd ref="1304254128"/>
    <nd ref="5436228462"/>
    <nd ref="5909763430"/>
    <nd ref="5909763427"/>
    <nd ref="2255593356"/>
    <nd ref="1304254083"/>
    <nd ref="2256017098"/>
    <nd ref="5435787125"/>
    <nd ref="1304253988"/>
    <nd ref="2518367313"/>
    <nd ref="1304254013"/>
    <nd ref="2255593336"/>
    <nd ref="5909763248"/>
    <nd ref="5894426218"/>
    <nd ref="5909400560"/>
    <nd ref="5909400559"/>
    <nd ref="2255593348"/>
    <nd ref="1304254037"/>
    <nd ref="2255593365"/>
    <nd ref="2412954519"/>
    <nd ref="2412954515"/>
    <nd ref="1835365564"/>
    <nd ref="2412954518"/>
    <nd ref="5478817505"/>
    <nd ref="1835365541"/>
    <nd ref="5894579857"/>
    <nd ref="1835365528"/>
    <nd ref="1869043434"/>
    <nd ref="1835365513"/>
    <nd ref="5894399290"/>
    <nd ref="1304254035"/>
    <nd ref="12663448090"/>
    <tag k="highway" v="residential"/>
    <tag k="name" v="Romualda Traugutta"/>
    <tag k="sidewalk:both" v="separate"/>
  </way>
  <way id="115434203">
    <nd ref="3350737293"/>
    <nd ref="1304258596"/>
    <nd ref="8168817415"/>
    <nd ref="1304258707"/>
    <tag k="highway" v="tertiary"/>
    <tag k="name" v="Związku Jaszczurczego"/>
    <tag k="oneway" v="yes"/>
    <tag k="sidewalk:both" v="separate"/>
  </way>
  <way id="115434458">
    <nd ref="1304261332"/>
    <nd ref="5643689188"/>
    <nd ref="5643682386"/>
    <nd ref="5440827376"/>
    <nd ref="5440827377"/>
    <nd ref="5643682385"/>
    <nd ref="1304261338"/>
    <nd ref="1304261345"/>
    <nd ref="2253931895"/>
    <nd ref="5442855063"/>
    <nd ref="2253931819"/>
    <tag k="highway" v="service"/>
  </way>
  <way id="115434459">
    <nd ref="1304261357"/>
    <nd ref="5643682391"/>
    <nd ref="5643682390"/>
    <nd ref="1304261355"/>
    <nd ref="5471801779"/>
    <nd ref="5643683178"/>
    <nd ref="1304261333"/>
    <nd ref="5643683176"/>
    <nd ref="5440968669"/>
    <nd ref="5440968666"/>
    <nd ref="5642241660"/>
    <nd ref="5440827372"/>
    <nd ref="1554370329"/>
    <tag k="highway" v="residential"/>
    <tag k="name" v="1 Maja"/>
    <tag k="oneway" v="yes"/>
    <tag k="sidewalk:both" v="separate"/>
    <tag k="surface" v="paving_stones"/>
  </way>
  <way id="115434460">
    <nd ref="1304261356"/>
    <nd ref="3186777531"/>
    <nd ref="1556117496"/>
    <nd ref="1556117570"/>
    <nd ref="5644505292"/>
    <nd ref="5644505293"/>
    <nd ref="1304261362"/>
    <tag k="highway" v="service"/>
    <tag k="name" v="Ślusarska"/>
  </way>
  <way id="115434462">
    <nd ref="1304261344"/>
    <nd ref="5440968683"/>
    <nd ref="5642241824"/>
    <nd ref="5440968687"/>
    <nd ref="5440968688"/>
    <nd ref="1304261357"/>
    <tag k="highway" v="service"/>
    <tag k="name" v="Krótka"/>
    <tag k="oneway" v="yes"/>
  </way>
  <way id="115434463">
    <nd ref="1304261328"/>
    <nd ref="3186777534"/>
    <nd ref="1556117467"/>
    <nd ref="5644505280"/>
    <nd ref="5644505283"/>
    <nd ref="5644505286"/>
    <nd ref="5644505281"/>
    <nd ref="1304261323"/>
    <tag k="highway" v="service"/>
    <tag k="name" v="Szkolna"/>
  </way>
  <way id="115434465">
    <nd ref="1304261331"/>
    <nd ref="3186777536"/>
    <nd ref="5644505287"/>
    <nd ref="5644505290"/>
    <nd ref="1304261337"/>
    <tag k="highway" v="service"/>
    <tag k="name" v="Leszno"/>
    <tag k="oneway" v="yes"/>
  </way>
  <way id="115434466">
    <nd ref="1304261344"/>
    <nd ref="5642241849"/>
    <nd ref="5440968685"/>
    <tag k="highway" v="residential"/>
    <tag k="name" v="Krótka"/>
  </way>
  <way id="115434467">
    <nd ref="1304261337"/>
    <nd ref="1304261323"/>
    <nd ref="1304261362"/>
    <nd ref="5644504312"/>
    <nd ref="5644505265"/>
    <nd ref="1556117470"/>
    <nd ref="1304261321"/>
    <nd ref="1556117606"/>
    <nd ref="1556117435"/>
    <tag k="highway" v="service"/>
    <tag k="name" v="Janowska"/>
  </way>
  <way id="115434468">
    <nd ref="1304261324"/>
    <nd ref="12785304320"/>
    <nd ref="2344153512"/>
    <nd ref="5643689175"/>
    <nd ref="5440827419"/>
    <tag k="highway" v="service"/>
    <tag k="name" v="Mączna"/>
  </way>
  <way id="115434469">
    <nd ref="5440968669"/>
    <nd ref="5440968649"/>
    <nd ref="5440968650"/>
    <nd ref="5642241826"/>
    <nd ref="5642241880"/>
    <nd ref="5642241702"/>
    <tag k="highway" v="service"/>
    <tag k="name" v="Gołębia"/>
  </way>
  <way id="115434470">
    <nd ref="1304261362"/>
    <nd ref="5644505269"/>
    <nd ref="4742041861"/>
    <nd ref="5442183753"/>
    <nd ref="5446015377"/>
    <nd ref="5442183752"/>
    <nd ref="5446015378"/>
    <nd ref="1304261329"/>
    <nd ref="5442183751"/>
    <nd ref="1304261336"/>
    <nd ref="5446015379"/>
    <nd ref="2291788941"/>
    <nd ref="1304261343"/>
    <nd ref="5644504301"/>
    <nd ref="2291788938"/>
    <nd ref="1304261321"/>
    <tag k="highway" v="service"/>
  </way>
  <way id="115434471">
    <nd ref="1304261358"/>
    <nd ref="5643689182"/>
    <nd ref="1304261334"/>
    <tag k="highway" v="service"/>
    <tag k="name" v="Mączna"/>
  </way>
  <way id="115434474">
    <nd ref="1304261340"/>
    <nd ref="5643683171"/>
    <nd ref="1304261355"/>
    <tag k="highway" v="residential"/>
    <tag k="name" v="Szpitalna"/>
  </way>
  <way id="115575348">
    <nd ref="1305377303"/>
    <nd ref="5646189390"/>
    <nd ref="1305377232"/>
    <nd ref="2785115725"/>
    <nd ref="2785115726"/>
    <tag k="highway" v="service"/>
  </way>
  <way id="115575354">
    <nd ref="1305376932"/>
    <nd ref="2278912613"/>
    <nd ref="2278912612"/>
    <nd ref="2278912611"/>
    <nd ref="13718228272"/>
    <nd ref="1304258686"/>
    <tag k="highway" v="residential"/>
    <tag k="name" v="Drzewna"/>
  </way>
  <way id="115575365">
    <nd ref="3495193622"/>
    <nd ref="3705166316"/>
    <nd ref="5658193177"/>
    <nd ref="5658241157"/>
    <nd ref="1305376911"/>
    <nd ref="1305377653"/>
    <nd ref="3187749311"/>
    <nd ref="5658193215"/>
    <nd ref="5653775996"/>
    <nd ref="1305377743"/>
    <tag k="highway" v="residential"/>
    <tag k="name" v="Polna"/>
  </way>
  <way id="115575411">
    <nd ref="1305377525"/>
    <nd ref="2575638100"/>
    <nd ref="5658241163"/>
    <nd ref="3187749288"/>
    <nd ref="5658241151"/>
    <nd ref="1305376911"/>
    <tag k="highway" v="service"/>
    <tag k="name" v="Widok"/>
  </way>
  <way id="115575453">
    <nd ref="1305377360"/>
    <nd ref="5646189822"/>
    <nd ref="5646189821"/>
    <nd ref="1752731282"/>
    <nd ref="5646189651"/>
    <nd ref="1752731508"/>
    <tag k="highway" v="service"/>
    <tag k="name" v="Michała Bałuckiego"/>
  </way>
  <way id="123460977">
    <nd ref="1376728271"/>
    <nd ref="1376728189"/>
    <nd ref="2255593338"/>
    <nd ref="2254991223"/>
    <nd ref="8168817411"/>
    <nd ref="2254991189"/>
    <nd ref="2254991142"/>
    <nd ref="2254991014"/>
    <nd ref="2254990810"/>
    <nd ref="3350716908"/>
    <nd ref="8168817409"/>
    <nd ref="1376728269"/>
    <tag k="highway" v="residential"/>
    <tag k="lanes" v="1"/>
    <tag k="oneway" v="yes"/>
    <tag k="sidewalk:left" v="no"/>
    <tag k="sidewalk:right" v="separate"/>
  </way>
  <way id="123460978">
    <nd ref="3350719096"/>
    <nd ref="2252087519"/>
    <nd ref="5645750314"/>
    <nd ref="5437981168"/>
    <nd ref="3350705413"/>
    <tag k="highway" v="service"/>
    <tag k="oneway" v="yes"/>
    <tag k="surface" v="asphalt"/>
  </way>
  <way id="123460979">
    <nd ref="732237587"/>
    <nd ref="2254990482"/>
    <nd ref="1709180249"/>
    <nd ref="1376728199"/>
    <nd ref="3350737298"/>
    <nd ref="1709180278"/>
    <nd ref="1747737855"/>
    <nd ref="1747737822"/>
    <nd ref="1747737838"/>
    <nd ref="3350737405"/>
    <nd ref="2254990554"/>
    <nd ref="2254990568"/>
    <nd ref="3350737499"/>
    <nd ref="1709180325"/>
    <tag k="electrified" v="contact_line"/>
    <tag k="frequency" v="0"/>
    <tag k="gauge" v="1000"/>
    <tag k="oneway" v="yes"/>
    <tag k="railway" v="tram"/>
    <tag k="voltage" v="600"/>
  </way>
  <way id="123460980">
    <nd ref="443694503"/>
    <nd ref="3350738103"/>
    <nd ref="8168817410"/>
    <nd ref="1376728269"/>
    <nd ref="3350708403"/>
    <nd ref="1376728166"/>
    <nd ref="3350738599"/>
    <nd ref="1709180300"/>
    <nd ref="2254990542"/>
    <nd ref="1376728242"/>
    <nd ref="2254990297"/>
    <nd ref="2254990267"/>
    <tag k="highway" v="residential"/>
    <tag k="lanes" v="1"/>
    <tag k="oneway" v="yes"/>
    <tag k="sidewalk:left" v="no"/>
    <tag k="sidewalk:right" v="separate"/>
    <tag k="surface" v="asphalt"/>
  </way>
  <way id="123460981">
    <nd ref="1376728213"/>
    <nd ref="8168817404"/>
    <nd ref="3899720981"/>
    <nd ref="3935914843"/>
    <nd ref="5438285985"/>
    <nd ref="1376728228"/>
    <nd ref="5438428483"/>
    <nd ref="5438428479"/>
    <tag k="cycleway" v="no"/>
    <tag k="highway" v="residential"/>
    <tag k="maxweight" v="3.5"/>
    <tag k="name" v="Henryka Nitschmanna"/>
  </way>
  <way id="123460982">
    <nd ref="1376728184"/>
    <nd ref="1376728221"/>
    <nd ref="2385303681"/>
    <nd ref="1869043319"/>
    <nd ref="1376728230"/>
    <nd ref="2255593337"/>
    <nd ref="1376728182"/>
    <nd ref="5478655542"/>
    <nd ref="1304254038"/>
    <tag k="highway" v="residential"/>
    <tag k="lanes" v="2"/>
    <tag k="oneway" v="yes"/>
    <tag k="sidewalk:left" v="no"/>
    <tag k="sidewalk:right" v="separate"/>
    <tag k="surface" v="asphalt"/>
  </way>
  <way id="123460983">
    <nd ref="1376728277"/>
    <nd ref="2254990223"/>
    <nd ref="1376728267"/>
    <nd ref="1376728167"/>
    <nd ref="1376728204"/>
    <nd ref="1376728202"/>
    <nd ref="1376728273"/>
    <nd ref="1376728213"/>
    <nd ref="1376728170"/>
    <nd ref="5438285984"/>
    <nd ref="4552921535"/>
    <nd ref="5645803016"/>
    <nd ref="1376728201"/>
    <nd ref="1376728174"/>
    <nd ref="1376728225"/>
    <nd ref="2254990179"/>
    <nd ref="1376728220"/>
    <nd ref="5438285986"/>
    <nd ref="1376728203"/>
    <nd ref="1376728184"/>
    <nd ref="1376728215"/>
    <nd ref="2254990267"/>
    <nd ref="1376728277"/>
    <tag k="highway" v="residential"/>
    <tag k="junction" v="roundabout"/>
    <tag k="sidewalk:left" v="no"/>
    <tag k="sidewalk:right" v="separate"/>
  </way>
  <way id="123460984">
    <nd ref="443694507"/>
    <nd ref="2254991200"/>
    <nd ref="3350716707"/>
    <nd ref="443694503"/>
    <tag k="highway" v="residential"/>
    <tag k="oneway" v="yes"/>
    <tag k="sidewalk:left" v="no"/>
    <tag k="sidewalk:right" v="separate"/>
  </way>
  <way id="123614227">
    <nd ref="1709180376"/>
    <nd ref="5652102724"/>
    <nd ref="5478655539"/>
    <nd ref="2254991200"/>
    <nd ref="3350716915"/>
    <nd ref="1377792973"/>
    <nd ref="4553601173"/>
    <nd ref="2254991369"/>
    <nd ref="3350716719"/>
    <nd ref="1377792975"/>
    <tag k="electrified" v="contact_line"/>
    <tag k="frequency" v="0"/>
    <tag k="gauge" v="1000"/>
    <tag k="oneway" v="yes"/>
    <tag k="railway" v="tram"/>
    <tag k="voltage" v="600"/>
  </way>
  <way id="141668927">
    <nd ref="732237587"/>
    <nd ref="1709180246"/>
    <nd ref="1709180263"/>
    <nd ref="4552943057"/>
    <nd ref="1709205443"/>
    <nd ref="1709180289"/>
    <nd ref="1709205450"/>
    <nd ref="1709205452"/>
    <nd ref="1709180355"/>
    <nd ref="1740412047"/>
    <nd ref="1709205471"/>
    <nd ref="1740412075"/>
    <tag k="electrified" v="contact_line"/>
    <tag k="frequency" v="0"/>
    <tag k="gauge" v="1000"/>
    <tag k="oneway" v="yes"/>
    <tag k="railway" v="tram"/>
    <tag k="voltage" v="600"/>
  </way>
  <way id="142027595">
    <nd ref="5440968653"/>
    <nd ref="2424617214"/>
    <nd ref="5440968657"/>
    <nd ref="5440968658"/>
    <nd ref="5440968659"/>
    <nd ref="5440968664"/>
    <nd ref="5440968660"/>
    <nd ref="5440968661"/>
    <nd ref="5440968662"/>
    <nd ref="1554370445"/>
    <nd ref="5440968663"/>
    <tag k="highway" v="service"/>
    <tag k="oneway" v="yes"/>
    <tag k="service" v="parking_aisle"/>
    <tag k="surface" v="paved"/>
  </way>
  <way id="142027598">
    <nd ref="1554370363"/>
    <nd ref="1554370578"/>
    <nd ref="12913425665"/>
    <nd ref="12913425662"/>
    <nd ref="1554370574"/>
    <nd ref="1554370449"/>
    <nd ref="12913425663"/>
    <nd ref="12913425664"/>
    <nd ref="1554370363"/>
    <tag k="amenity" v="fountain"/>
    <tag k="natural" v="water"/>
    <tag k="water" v="fountain"/>
  </way>
  <way id="142159230">
    <nd ref="5440827388"/>
    <nd ref="5440827407"/>
    <tag k="highway" v="service"/>
  </way>
  <way id="142159232">
    <nd ref="5440827409"/>
    <nd ref="5643683168"/>
    <nd ref="1304261333"/>
    <tag k="highway" v="residential"/>
    <tag k="name" v="Zbyszka Godlewskiego"/>
  </way>
  <way id="142173827">
    <nd ref="1556117496"/>
    <nd ref="5644504313"/>
    <nd ref="5644505259"/>
    <nd ref="1556117566"/>
    <tag k="highway" v="service"/>
    <tag k="oneway" v="yes"/>
  </way>
  <way id="142173830">
    <nd ref="1304261337"/>
    <nd ref="5442183749"/>
    <nd ref="5442183750"/>
    <nd ref="4742041923"/>
    <nd ref="10124758558"/>
    <nd ref="10124758554"/>
    <nd ref="5644505273"/>
    <nd ref="1556117200"/>
    <nd ref="4742041861"/>
    <tag k="highway" v="service"/>
  </way>
  <way id="142173834">
    <nd ref="1556117467"/>
    <nd ref="1556117570"/>
    <tag k="highway" v="service"/>
    <tag k="motor_vehicle" v="permissive"/>
  </way>
  <way id="142397503">
    <nd ref="5437981132"/>
    <nd ref="5645750100"/>
    <nd ref="5645750094"/>
    <nd ref="2385304674"/>
    <nd ref="4431610140"/>
    <nd ref="5437981130"/>
    <nd ref="1296875063"/>
    <tag k="highway" v="service"/>
    <tag k="name" v="1 Maja"/>
    <tag k="oneway" v="yes"/>
  </way>
  <way id="142397516">
    <nd ref="1558337028"/>
    <nd ref="5645802937"/>
    <nd ref="10031641712"/>
    <nd ref="5645802936"/>
    <nd ref="5437981135"/>
    <nd ref="8168858260"/>
    <nd ref="5437981132"/>
    <tag k="highway" v="living_street"/>
    <tag k="name" v="Czerwonego Krzyża"/>
    <tag k="oneway" v="yes"/>
    <tag k="surface" v="paving_stones"/>
  </way>
  <way id="142402226">
    <nd ref="1751188974"/>
    <nd ref="2424616962"/>
    <nd ref="2251085655"/>
    <nd ref="3495194440"/>
    <tag k="highway" v="secondary"/>
    <tag k="highway:category:pl" v="2"/>
    <tag k="lanes" v="4"/>
    <tag k="maxspeed" v="50"/>
    <tag k="name" v="Aleja Tysiąclecia"/>
    <tag k="ref" v="500"/>
    <tag k="sidewalk:both" v="separate"/>
    <tag k="source:maxspeed" v="PL:urban"/>
    <tag k="surface" v="asphalt"/>
    <tag k="turn:lanes:backward" v="through|right"/>
  </way>
  <way id="142515247">
    <nd ref="2134984431"/>
    <nd ref="3899766001"/>
    <nd ref="1559586392"/>
    <nd ref="12732042946"/>
    <nd ref="1559586256"/>
    <tag k="highway" v="service"/>
    <tag k="name" v="Mennicza"/>
  </way>
  <way id="142576515">
    <nd ref="1560260206"/>
    <nd ref="9576048426"/>
    <nd ref="5522733150"/>
    <tag k="highway" v="residential"/>
    <tag k="name" v="Kowalska"/>
    <tag k="oneway" v="yes"/>
    <tag k="sidewalk:both" v="separate"/>
  </way>
  <way id="142769801">
    <nd ref="1296875978"/>
    <nd ref="5536207353"/>
    <nd ref="6125227958"/>
    <nd ref="5536207352"/>
    <nd ref="1562398343"/>
    <tag k="highway" v="service"/>
    <tag k="name" v="Malborska"/>
    <tag k="oneway" v="yes"/>
  </way>
  <way id="142769822">
    <nd ref="1562398517"/>
    <nd ref="5537742519"/>
    <nd ref="1296875436"/>
    <tag k="highway" v="service"/>
  </way>
  <way id="142769842">
    <nd ref="5451351799"/>
    <nd ref="5451352621"/>
    <nd ref="5451351820"/>
    <tag k="highway" v="service"/>
    <tag k="name" v="Huzarska"/>
    <tag k="service" v="driveway"/>
  </way>
  <way id="146208646">
    <nd ref="2361233182"/>
    <nd ref="2785115724"/>
    <nd ref="5443317371"/>
    <nd ref="2785115723"/>
    <nd ref="5646189632"/>
    <nd ref="5443317370"/>
    <nd ref="5454880377"/>
    <nd ref="5646189634"/>
    <nd ref="1752731215"/>
    <tag k="highway" v="service"/>
    <tag k="name" v="Michała Bałuckiego"/>
    <tag k="oneway" v="no"/>
  </way>
  <way id="158552254">
    <nd ref="1753964068"/>
    <nd ref="12698849795"/>
    <nd ref="11193188552"/>
    <nd ref="11193188548"/>
    <nd ref="1753964185"/>
    <nd ref="12061723973"/>
    <tag k="highway" v="secondary"/>
    <tag k="highway:category:pl" v="2"/>
    <tag k="lanes" v="2"/>
    <tag k="maxspeed" v="50"/>
    <tag k="name" v="Aleja Grunwaldzka"/>
    <tag k="oneway" v="yes"/>
    <tag k="ref" v="500"/>
    <tag k="sidewalk:left" v="no"/>
    <tag k="sidewalk:right" v="separate"/>
    <tag k="source:maxspeed" v="PL:urban"/>
    <tag k="surface" v="asphalt"/>
  </way>
  <way id="158776749">
    <nd ref="1709180325"/>
    <nd ref="1709180300"/>
    <nd ref="3350738395"/>
    <nd ref="1709180292"/>
    <nd ref="1709180303"/>
    <nd ref="3350738096"/>
    <nd ref="1709180340"/>
    <nd ref="2254990659"/>
    <nd ref="5645849065"/>
    <nd ref="1709180365"/>
    <nd ref="1709180369"/>
    <tag k="electrified" v="contact_line"/>
    <tag k="frequency" v="0"/>
    <tag k="gauge" v="1000"/>
    <tag k="oneway" v="yes"/>
    <tag k="railway" v="tram"/>
    <tag k="voltage" v="600"/>
  </way>
  <way id="158776750">
    <nd ref="1740412065"/>
    <nd ref="5437981133"/>
    <nd ref="1709180355"/>
    <nd ref="1709180352"/>
    <nd ref="1709180325"/>
    <tag k="electrified" v="contact_line"/>
    <tag k="frequency" v="0"/>
    <tag k="gauge" v="1000"/>
    <tag k="oneway" v="yes"/>
    <tag k="railway" v="tram"/>
    <tag k="voltage" v="600"/>
  </way>
  <way id="158776752">
    <nd ref="1709180369"/>
    <nd ref="1709180383"/>
    <nd ref="3350716603"/>
    <nd ref="2254990837"/>
    <nd ref="1709180408"/>
    <nd ref="443694503"/>
    <nd ref="1709180412"/>
    <nd ref="2254991192"/>
    <nd ref="2254991239"/>
    <nd ref="2254991295"/>
    <nd ref="4553601170"/>
    <nd ref="1709180419"/>
    <nd ref="3350710428"/>
    <nd ref="3350708407"/>
    <nd ref="1377792975"/>
    <tag k="electrified" v="contact_line"/>
    <tag k="frequency" v="0"/>
    <tag k="gauge" v="1000"/>
    <tag k="oneway" v="yes"/>
    <tag k="railway" v="tram"/>
    <tag k="voltage" v="600"/>
  </way>
  <way id="158776753">
    <nd ref="1740412091"/>
    <nd ref="1709180423"/>
    <tag k="electrified" v="contact_line"/>
    <tag k="frequency" v="0"/>
    <tag k="gauge" v="1000"/>
    <tag k="oneway" v="yes"/>
    <tag k="railway" v="tram"/>
    <tag k="voltage" v="600"/>
  </way>
  <way id="158776755">
    <nd ref="1376728244"/>
    <nd ref="2254990609"/>
    <nd ref="3350737500"/>
    <nd ref="1709180352"/>
    <nd ref="1709180343"/>
    <nd ref="3350737600"/>
    <nd ref="1709180307"/>
    <nd ref="1709180286"/>
    <nd ref="3350737299"/>
    <nd ref="1709180281"/>
    <nd ref="1709180263"/>
    <nd ref="1709180256"/>
    <nd ref="1709180253"/>
    <nd ref="1709180239"/>
    <tag k="electrified" v="contact_line"/>
    <tag k="frequency" v="0"/>
    <tag k="gauge" v="1000"/>
    <tag k="oneway" v="yes"/>
    <tag k="railway" v="tram"/>
    <tag k="voltage" v="600"/>
  </way>
  <way id="158776759">
    <nd ref="2380241121"/>
    <nd ref="2129341116"/>
    <nd ref="592183600"/>
    <nd ref="3277671848"/>
    <nd ref="2129341095"/>
    <nd ref="3277671846"/>
    <nd ref="2129341087"/>
    <nd ref="2129341078"/>
    <nd ref="2380195038"/>
    <nd ref="592183604"/>
    <nd ref="8168858278"/>
    <nd ref="2417861316"/>
    <nd ref="2380195035"/>
    <nd ref="8168858280"/>
    <nd ref="8168858279"/>
    <nd ref="2129341048"/>
    <nd ref="2380195025"/>
    <nd ref="592177304"/>
    <nd ref="2380195022"/>
    <nd ref="2380195020"/>
    <nd ref="592177308"/>
    <nd ref="2353320870"/>
    <nd ref="2353320860"/>
    <nd ref="2353320867"/>
    <nd ref="2353320864"/>
    <nd ref="2385616722"/>
    <nd ref="2353320868"/>
    <nd ref="733863501"/>
    <nd ref="3277671796"/>
    <nd ref="2380195008"/>
    <nd ref="2380195005"/>
    <nd ref="5642253872"/>
    <nd ref="2380195007"/>
    <nd ref="5440968688"/>
    <nd ref="5643683150"/>
    <nd ref="5440968652"/>
    <nd ref="5440968649"/>
    <nd ref="5440968668"/>
    <nd ref="5645750091"/>
    <nd ref="5440827374"/>
    <nd ref="1554370285"/>
    <nd ref="2385616836"/>
    <nd ref="1554370393"/>
    <nd ref="2385616837"/>
    <nd ref="2385616838"/>
    <nd ref="8168817395"/>
    <nd ref="2254991152"/>
    <nd ref="2385616835"/>
    <nd ref="8168858260"/>
    <nd ref="5438267822"/>
    <nd ref="1376728172"/>
    <nd ref="5438267825"/>
    <nd ref="1740412065"/>
    <tag k="electrified" v="contact_line"/>
    <tag k="frequency" v="0"/>
    <tag k="gauge" v="1000"/>
    <tag k="oneway" v="yes"/>
    <tag k="railway" v="tram"/>
    <tag k="voltage" v="600"/>
  </way>
  <way id="158776762">
    <nd ref="1709180239"/>
    <nd ref="2254990223"/>
    <nd ref="4552921534"/>
    <nd ref="4552921533"/>
    <nd ref="1869043310"/>
    <nd ref="2385303481"/>
    <nd ref="4552921535"/>
    <nd ref="8168817405"/>
    <nd ref="2344216500"/>
    <nd ref="4552924571"/>
    <nd ref="4552924570"/>
    <nd ref="1869043254"/>
    <nd ref="4552924567"/>
    <nd ref="1709180236"/>
    <nd ref="4552924564"/>
    <nd ref="4552924563"/>
    <nd ref="4552919799"/>
    <nd ref="4552919800"/>
    <nd ref="1869043060"/>
    <nd ref="4552919798"/>
    <nd ref="4552919796"/>
    <nd ref="1709180217"/>
    <nd ref="5645835850"/>
    <nd ref="4552919794"/>
    <nd ref="1709180212"/>
    <nd ref="1709179384"/>
    <nd ref="5645832500"/>
    <nd ref="1869042873"/>
    <nd ref="5438684733"/>
    <nd ref="2516837681"/>
    <nd ref="1709180203"/>
    <nd ref="2516837626"/>
    <nd ref="2516837604"/>
    <nd ref="1709180199"/>
    <nd ref="11193188551"/>
    <nd ref="11193188565"/>
    <nd ref="1709180197"/>
    <nd ref="5658193159"/>
    <nd ref="5658193163"/>
    <nd ref="8168858241"/>
    <nd ref="4552911129"/>
    <nd ref="4552911132"/>
    <nd ref="1709180173"/>
    <nd ref="8283410042"/>
    <nd ref="13302218384"/>
    <nd ref="2516836426"/>
    <nd ref="13302218383"/>
    <nd ref="1709179377"/>
    <nd ref="8168858246"/>
    <nd ref="1880060497"/>
    <nd ref="13302218348"/>
    <nd ref="13302218347"/>
    <nd ref="13302218344"/>
    <nd ref="1880059939"/>
    <nd ref="13302218349"/>
    <nd ref="1709179905"/>
    <nd ref="13302218352"/>
    <nd ref="1709179727"/>
    <nd ref="5442728215"/>
    <nd ref="5660495969"/>
    <nd ref="13302218351"/>
    <nd ref="8308646564"/>
    <nd ref="2516835962"/>
    <nd ref="1709179454"/>
    <nd ref="1709179441"/>
    <nd ref="2516835474"/>
    <nd ref="2516835466"/>
    <nd ref="1709179433"/>
    <nd ref="1709179416"/>
    <nd ref="8168858244"/>
    <nd ref="1709179413"/>
    <nd ref="1709179409"/>
    <nd ref="2516835272"/>
    <nd ref="1709179406"/>
    <nd ref="1709179400"/>
    <nd ref="1296875499"/>
    <nd ref="2516835230"/>
    <nd ref="1709179392"/>
    <nd ref="1709179391"/>
    <nd ref="2516835211"/>
    <tag k="electrified" v="contact_line"/>
    <tag k="frequency" v="0"/>
    <tag k="gauge" v="1000"/>
    <tag k="oneway" v="yes"/>
    <tag k="railway" v="tram"/>
    <tag k="voltage" v="600"/>
  </way>
  <way id="162110028">
    <nd ref="1709180423"/>
    <nd ref="3350716718"/>
    <nd ref="1740412067"/>
    <nd ref="2254991282"/>
    <nd ref="2254991295"/>
    <nd ref="1740412048"/>
    <nd ref="3350716707"/>
    <nd ref="5478655540"/>
    <nd ref="3350716511"/>
    <nd ref="1869043342"/>
    <nd ref="5652102722"/>
    <nd ref="1709180373"/>
    <tag k="electrified" v="contact_line"/>
    <tag k="frequency" v="0"/>
    <tag k="gauge" v="1000"/>
    <tag k="oneway" v="yes"/>
    <tag k="railway" v="tram"/>
    <tag k="voltage" v="600"/>
  </way>
  <way id="162979129">
    <nd ref="9892057883"/>
    <nd ref="9892057884"/>
    <nd ref="3909308773"/>
    <nd ref="12698882761"/>
    <nd ref="3621017851"/>
    <tag k="highway" v="secondary"/>
    <tag k="highway:category:pl" v="2"/>
    <tag k="lanes" v="3"/>
    <tag k="maxspeed" v="50"/>
    <tag k="name" v="Aleja Tysiąclecia"/>
    <tag k="oneway" v="yes"/>
    <tag k="ref" v="500"/>
    <tag k="sidewalk:left" v="no"/>
    <tag k="sidewalk:right" v="separate"/>
    <tag k="source:maxspeed" v="PL:urban"/>
    <tag k="surface" v="asphalt"/>
    <tag k="turn:lanes" v="left|through|through"/>
  </way>
  <way id="162979157">
    <nd ref="5439354091"/>
    <nd ref="5645380146"/>
    <nd ref="5471315625"/>
    <nd ref="1296875436"/>
    <nd ref="2251085652"/>
    <nd ref="5537749128"/>
    <nd ref="5537742508"/>
    <nd ref="1296875296"/>
    <tag k="highway" v="residential"/>
    <tag k="name" v="Hetmańska"/>
  </way>
  <way id="162979181">
    <nd ref="5439354092"/>
    <nd ref="5439354091"/>
    <tag k="highway" v="residential"/>
    <tag k="name" v="Hetmańska"/>
  </way>
  <way id="162990898">
    <nd ref="1709180376"/>
    <nd ref="5652102723"/>
    <nd ref="1376728279"/>
    <nd ref="1709180391"/>
    <nd ref="3350716703"/>
    <nd ref="3350716511"/>
    <nd ref="3350716910"/>
    <nd ref="1709180393"/>
    <nd ref="1376728239"/>
    <nd ref="3350716514"/>
    <nd ref="2254990869"/>
    <nd ref="3350705412"/>
    <nd ref="2254990837"/>
    <nd ref="3350705411"/>
    <nd ref="2254990770"/>
    <nd ref="1376728240"/>
    <tag k="electrified" v="contact_line"/>
    <tag k="frequency" v="0"/>
    <tag k="gauge" v="1000"/>
    <tag k="oneway" v="yes"/>
    <tag k="railway" v="tram"/>
    <tag k="voltage" v="600"/>
  </way>
  <way id="162990912">
    <nd ref="1709180369"/>
    <nd ref="2254990703"/>
    <nd ref="2254990730"/>
    <nd ref="3350716604"/>
    <nd ref="2254990757"/>
    <nd ref="1709180379"/>
    <nd ref="5478655542"/>
    <nd ref="5478655541"/>
    <nd ref="3350705410"/>
    <nd ref="2254990782"/>
    <nd ref="3350710416"/>
    <nd ref="1709180388"/>
    <nd ref="1709180386"/>
    <nd ref="5652102721"/>
    <nd ref="1709180373"/>
    <tag k="electrified" v="contact_line"/>
    <tag k="frequency" v="0"/>
    <tag k="gauge" v="1000"/>
    <tag k="oneway" v="yes"/>
    <tag k="railway" v="tram"/>
    <tag k="voltage" v="600"/>
  </way>
  <way id="162990915">
    <nd ref="1376728244"/>
    <nd ref="3350738396"/>
    <nd ref="2254990673"/>
    <nd ref="1740412075"/>
    <tag k="electrified" v="contact_line"/>
    <tag k="frequency" v="0"/>
    <tag k="gauge" v="1000"/>
    <tag k="oneway" v="yes"/>
    <tag k="railway" v="tram"/>
    <tag k="voltage" v="600"/>
  </way>
  <way id="162990917">
    <nd ref="1709180373"/>
    <nd ref="5159352778"/>
    <nd ref="2254990345"/>
    <nd ref="3350716700"/>
    <nd ref="1740412122"/>
    <nd ref="3350710407"/>
    <nd ref="1740412105"/>
    <nd ref="12663448091"/>
    <nd ref="3350708398"/>
    <nd ref="3350716594"/>
    <nd ref="4553611350"/>
    <nd ref="2252082997"/>
    <nd ref="2254990080"/>
    <nd ref="1740412099"/>
    <nd ref="3350716499"/>
    <nd ref="3350716894"/>
    <nd ref="1740412110"/>
    <nd ref="3350716696"/>
    <nd ref="3350716893"/>
    <nd ref="1740412059"/>
    <nd ref="3350708395"/>
    <nd ref="1740412094"/>
    <nd ref="1740412119"/>
    <nd ref="1874582136"/>
    <nd ref="1740412120"/>
    <nd ref="3350705403"/>
    <nd ref="1740412069"/>
    <nd ref="1874582149"/>
    <nd ref="3350716597"/>
    <nd ref="1740412103"/>
    <nd ref="1740412081"/>
    <nd ref="3350708402"/>
    <nd ref="3350716505"/>
    <nd ref="732237641"/>
    <tag k="electrified" v="contact_line"/>
    <tag k="frequency" v="0"/>
    <tag k="gauge" v="1000"/>
    <tag k="oneway" v="yes"/>
    <tag k="railway" v="tram"/>
    <tag k="voltage" v="600"/>
  </way>
  <way id="162990920">
    <nd ref="1376728240"/>
    <nd ref="1376728245"/>
    <nd ref="5645849066"/>
    <nd ref="1376728187"/>
    <nd ref="1376728219"/>
    <nd ref="3350738100"/>
    <nd ref="3350737300"/>
    <nd ref="1709180328"/>
    <nd ref="2254990638"/>
    <nd ref="3350738599"/>
    <nd ref="2254990623"/>
    <nd ref="1709180335"/>
    <nd ref="1376728244"/>
    <tag k="electrified" v="contact_line"/>
    <tag k="frequency" v="0"/>
    <tag k="gauge" v="1000"/>
    <tag k="oneway" v="yes"/>
    <tag k="railway" v="tram"/>
    <tag k="voltage" v="600"/>
  </way>
  <way id="163420366">
    <nd ref="2253966012"/>
    <nd ref="3495193660"/>
    <nd ref="5442183788"/>
    <nd ref="1751188974"/>
    <tag k="highway" v="secondary"/>
    <tag k="highway:category:pl" v="2"/>
    <tag k="lanes" v="3"/>
    <tag k="lanes:backward" v="1"/>
    <tag k="lanes:forward" v="2"/>
    <tag k="name" v="Kardynała Stefana Wyszyńskiego"/>
    <tag k="ref" v="500"/>
    <tag k="sidewalk:both" v="separate"/>
    <tag k="turn:lanes:forward" v="left|through;right"/>
  </way>
  <way id="163443228">
    <nd ref="1304254097"/>
    <nd ref="2255593367"/>
    <nd ref="443694507"/>
    <tag k="highway" v="residential"/>
    <tag k="lanes" v="3"/>
    <tag k="name" v="Romualda Traugutta"/>
    <tag k="oneway" v="yes"/>
    <tag k="sidewalk:left" v="no"/>
    <tag k="sidewalk:right" v="separate"/>
    <tag k="turn:lanes" v="left|left;through|right"/>
  </way>
  <way id="163443236">
    <nd ref="1304254076"/>
    <nd ref="2255593319"/>
    <nd ref="1304254097"/>
    <tag k="highway" v="residential"/>
    <tag k="lanes" v="1"/>
    <tag k="name" v="Romualda Traugutta"/>
    <tag k="oneway" v="yes"/>
    <tag k="sidewalk:left" v="no"/>
    <tag k="sidewalk:right" v="separate"/>
  </way>
  <way id="163451504">
    <nd ref="5439354092"/>
    <nd ref="1747660773"/>
    <nd ref="8168858233"/>
    <nd ref="1758174812"/>
    <nd ref="4742040818"/>
    <nd ref="1869088470"/>
    <nd ref="1296875753"/>
    <nd ref="4431610162"/>
    <nd ref="2263122554"/>
    <nd ref="1296875312"/>
    <nd ref="3495268411"/>
    <nd ref="4431610143"/>
    <nd ref="1554370393"/>
    <nd ref="1296875063"/>
    <tag k="highway" v="secondary"/>
    <tag k="highway:category:pl" v="2"/>
    <tag k="lanes" v="2"/>
    <tag k="name" v="Hetmańska"/>
    <tag k="oneway" v="yes"/>
    <tag k="ref" v="504"/>
    <tag k="sidewalk:left" v="no"/>
    <tag k="sidewalk:right" v="separate"/>
    <tag k="surface" v="asphalt"/>
  </way>
  <way id="163451518">
    <nd ref="413515939"/>
    <nd ref="2263122530"/>
    <nd ref="5643689177"/>
    <nd ref="1304261331"/>
    <nd ref="1304261334"/>
    <nd ref="5643689156"/>
    <nd ref="1304261328"/>
    <nd ref="5644505313"/>
    <nd ref="5643689155"/>
    <nd ref="5644505307"/>
    <nd ref="5644505318"/>
    <nd ref="5440827382"/>
    <nd ref="5643683144"/>
    <nd ref="1304261356"/>
    <nd ref="5644505305"/>
    <nd ref="5643683145"/>
    <nd ref="1555898246"/>
    <nd ref="5643683140"/>
    <nd ref="5644505304"/>
    <nd ref="5644505299"/>
    <nd ref="5643683139"/>
    <nd ref="5454737744"/>
    <nd ref="5644505298"/>
    <nd ref="5440968643"/>
    <nd ref="1304261332"/>
    <nd ref="2934458253"/>
    <tag k="highway" v="residential"/>
    <tag k="lanes" v="2"/>
    <tag k="lit" v="yes"/>
    <tag k="maxspeed" v="50"/>
    <tag k="name" v="Giermków"/>
    <tag k="sidewalk:both" v="separate"/>
    <tag k="surface" v="asphalt"/>
  </way>
  <way id="163451519">
    <nd ref="417963090"/>
    <nd ref="5644505233"/>
    <nd ref="8259953828"/>
    <nd ref="2807040260"/>
    <tag k="highway" v="residential"/>
    <tag k="name" v="Wigilijna"/>
    <tag k="sidewalk:both" v="separate"/>
  </way>
  <way id="163459674">
    <nd ref="1304258707"/>
    <nd ref="8168817416"/>
    <nd ref="2252082964"/>
    <nd ref="2254990029"/>
    <nd ref="3935918179"/>
    <nd ref="1869043261"/>
    <nd ref="8282974651"/>
    <nd ref="1869043262"/>
    <nd ref="443694504"/>
    <nd ref="443694520"/>
    <nd ref="5652062068"/>
    <nd ref="1305377422"/>
    <nd ref="2263122540"/>
    <nd ref="443694505"/>
    <tag k="highway" v="tertiary"/>
    <tag k="lanes" v="2"/>
    <tag k="maxspeed" v="40"/>
    <tag k="name" v="Grobla Świętego Jerzego"/>
    <tag k="oneway" v="yes"/>
    <tag k="sidewalk:left" v="no"/>
    <tag k="sidewalk:right" v="separate"/>
  </way>
  <way id="163459680">
    <nd ref="2412954512"/>
    <nd ref="8282974639"/>
    <nd ref="8282974641"/>
    <nd ref="8282974650"/>
    <nd ref="12663448092"/>
    <nd ref="2252082970"/>
    <nd ref="8168858218"/>
    <nd ref="319191146"/>
    <tag k="highway" v="tertiary"/>
    <tag k="lanes" v="3"/>
    <tag k="name" v="Grobla Świętego Jerzego"/>
    <tag k="oneway" v="yes"/>
    <tag k="sidewalk:left" v="no"/>
    <tag k="sidewalk:right" v="separate"/>
    <tag k="turn:lanes" v="reverse;left|through|through"/>
  </way>
  <way id="163593506">
    <nd ref="319191146"/>
    <nd ref="2385303515"/>
    <nd ref="2385303461"/>
    <tag k="highway" v="tertiary"/>
    <tag k="name" v="Związku Jaszczurczego"/>
    <tag k="oneway" v="yes"/>
    <tag k="sidewalk:both" v="separate"/>
  </way>
  <way id="163606966">
    <nd ref="2255231532"/>
    <nd ref="1305377453"/>
    <nd ref="5652062100"/>
    <nd ref="2255231484"/>
    <nd ref="9332240399"/>
    <nd ref="2424657510"/>
    <nd ref="732237646"/>
    <tag k="highway" v="residential"/>
    <tag k="name" v="Stanisława Wyspiańskiego"/>
    <tag k="sidewalk:both" v="separate"/>
  </way>
  <way id="163606982">
    <nd ref="2462423688"/>
    <nd ref="2462423687"/>
    <nd ref="6799956571"/>
    <nd ref="12779950330"/>
    <nd ref="12779950331"/>
    <nd ref="6269466145"/>
    <nd ref="6269466147"/>
    <nd ref="12779950359"/>
    <nd ref="6269466146"/>
    <nd ref="12779950358"/>
    <nd ref="2462423686"/>
    <nd ref="2462423685"/>
    <nd ref="12779950356"/>
    <nd ref="2462423684"/>
    <nd ref="2462423683"/>
    <nd ref="2462423680"/>
    <nd ref="2462423678"/>
    <nd ref="2462423679"/>
    <nd ref="2462423682"/>
    <nd ref="6269466061"/>
    <nd ref="2462423681"/>
    <nd ref="6269466063"/>
    <nd ref="6269466062"/>
    <nd ref="6269466070"/>
    <nd ref="6269466069"/>
    <nd ref="6269466067"/>
    <nd ref="6269466068"/>
    <nd ref="2462423676"/>
    <nd ref="2462423675"/>
    <nd ref="6269466086"/>
    <nd ref="2462423672"/>
    <nd ref="2462423669"/>
    <nd ref="12779899097"/>
    <nd ref="2462423666"/>
    <nd ref="6269466060"/>
    <nd ref="2462423664"/>
    <nd ref="6269466059"/>
    <nd ref="2462423663"/>
    <nd ref="12779950362"/>
    <nd ref="12779950363"/>
    <nd ref="12779950364"/>
    <nd ref="12779950365"/>
    <nd ref="12779950366"/>
    <nd ref="12779950367"/>
    <nd ref="6269466058"/>
    <nd ref="2462423665"/>
    <nd ref="6269466057"/>
    <nd ref="2462423668"/>
    <nd ref="2462423671"/>
    <nd ref="6269466056"/>
    <nd ref="12779950450"/>
    <nd ref="2462423674"/>
    <nd ref="6269466055"/>
    <nd ref="2462423673"/>
    <nd ref="6269466054"/>
    <nd ref="2462423670"/>
    <nd ref="12779950451"/>
    <nd ref="2462423667"/>
    <nd ref="2462423662"/>
    <nd ref="2462423659"/>
    <nd ref="6269466053"/>
    <nd ref="2462423656"/>
    <nd ref="6269466052"/>
    <nd ref="2462423657"/>
    <nd ref="2462423660"/>
    <nd ref="6269466051"/>
    <nd ref="2462423661"/>
    <nd ref="6269466050"/>
    <nd ref="2462423658"/>
    <nd ref="2462423655"/>
    <nd ref="2462423654"/>
    <nd ref="2462423653"/>
    <nd ref="6269466049"/>
    <nd ref="2462423652"/>
    <nd ref="2462423651"/>
    <nd ref="6269466048"/>
    <nd ref="2462423650"/>
    <nd ref="6269466047"/>
    <nd ref="2462423649"/>
    <nd ref="6269466035"/>
    <nd ref="6266706892"/>
    <nd ref="2462423648"/>
    <nd ref="6266706902"/>
    <tag k="name" v="Kumiela"/>
    <tag k="waterway" v="stream"/>
  </way>
  <way id="163718072">
    <nd ref="1753964189"/>
    <nd ref="6125224974"/>
    <nd ref="1753964294"/>
    <tag k="highway" v="service"/>
  </way>
  <way id="163718075">
    <nd ref="1753964161"/>
    <nd ref="1753964189"/>
    <tag k="bridge" v="yes"/>
    <tag k="highway" v="service"/>
    <tag k="layer" v="1"/>
  </way>
  <way id="163718078">
    <nd ref="1753964010"/>
    <nd ref="1874633022"/>
    <nd ref="1753964235"/>
    <nd ref="1753964228"/>
    <nd ref="1753964292"/>
    <tag k="highway" v="service"/>
    <tag k="surface" v="asphalt"/>
  </way>
  <way id="163718080">
    <nd ref="1753964292"/>
    <nd ref="1753964236"/>
    <nd ref="1753964284"/>
    <tag k="highway" v="service"/>
  </way>
  <way id="163718081">
    <nd ref="5443455689"/>
    <nd ref="5551950408"/>
    <tag k="highway" v="service"/>
  </way>
  <way id="163718085">
    <nd ref="1753964185"/>
    <nd ref="5658193172"/>
    <nd ref="3899720977"/>
    <nd ref="1874633802"/>
    <nd ref="11649016159"/>
    <nd ref="11649016147"/>
    <nd ref="11649016148"/>
    <nd ref="1753964010"/>
    <tag k="highway" v="service"/>
    <tag k="surface" v="asphalt"/>
  </way>
  <way id="163718086">
    <nd ref="1753964068"/>
    <nd ref="5438684665"/>
    <nd ref="5645380157"/>
    <nd ref="5438684721"/>
    <nd ref="5537749253"/>
    <tag k="highway" v="service"/>
    <tag k="oneway" v="yes"/>
    <tag k="surface" v="paving_stones"/>
  </way>
  <way id="163718088">
    <nd ref="1753964168"/>
    <nd ref="5438684688"/>
    <nd ref="1753964127"/>
    <nd ref="5438684707"/>
    <tag k="highway" v="service"/>
  </way>
  <way id="163718093">
    <nd ref="5551951053"/>
    <nd ref="1753964168"/>
    <tag k="bridge" v="yes"/>
    <tag k="highway" v="service"/>
    <tag k="layer" v="1"/>
  </way>
  <way id="163718094">
    <nd ref="1874634057"/>
    <nd ref="2252776191"/>
    <nd ref="2252776188"/>
    <nd ref="1753964077"/>
    <nd ref="1874633845"/>
    <nd ref="1874633780"/>
    <nd ref="1874633655"/>
    <nd ref="2252776185"/>
    <nd ref="2252776182"/>
    <nd ref="1753963999"/>
    <nd ref="1874633075"/>
    <nd ref="2252582593"/>
    <nd ref="2252582591"/>
    <nd ref="1753964162"/>
    <nd ref="2252582589"/>
    <nd ref="2252582585"/>
    <nd ref="2252582587"/>
    <nd ref="1874633012"/>
    <nd ref="1874633007"/>
    <nd ref="1753964004"/>
    <nd ref="1874632963"/>
    <nd ref="2252582582"/>
    <nd ref="1753964042"/>
    <nd ref="1753964163"/>
    <nd ref="2252582574"/>
    <nd ref="1753964245"/>
    <nd ref="2252582568"/>
    <nd ref="1874632624"/>
    <nd ref="2252582564"/>
    <nd ref="2252582562"/>
    <nd ref="1753964159"/>
    <nd ref="1874632597"/>
    <nd ref="2252582560"/>
    <nd ref="2252582558"/>
    <nd ref="1753964157"/>
    <nd ref="1874632574"/>
    <nd ref="2252582556"/>
    <nd ref="1874632547"/>
    <nd ref="1753963974"/>
    <nd ref="2252582553"/>
    <nd ref="1753963995"/>
    <nd ref="1874632527"/>
    <nd ref="1874632495"/>
    <nd ref="2252582551"/>
    <nd ref="1753963978"/>
    <nd ref="2252582549"/>
    <nd ref="2252582547"/>
    <nd ref="2252582545"/>
    <nd ref="1753964259"/>
    <nd ref="2252582543"/>
    <nd ref="2252582541"/>
    <nd ref="1753963969"/>
    <nd ref="9937074939"/>
    <nd ref="8168858253"/>
    <nd ref="5435187689"/>
    <nd ref="3077094966"/>
    <nd ref="1753964125"/>
    <nd ref="8168858252"/>
    <nd ref="8168858250"/>
    <nd ref="8168858251"/>
    <nd ref="5554576789"/>
    <nd ref="1754950941"/>
    <nd ref="5554576788"/>
    <nd ref="2254010685"/>
    <nd ref="2254010688"/>
    <nd ref="2254010701"/>
    <nd ref="2254010694"/>
    <nd ref="1754951081"/>
    <nd ref="5554526128"/>
    <nd ref="5435136502"/>
    <nd ref="2254010699"/>
    <nd ref="2254010696"/>
    <nd ref="1754950940"/>
    <nd ref="1754951025"/>
    <nd ref="2254010697"/>
    <nd ref="5552003544"/>
    <nd ref="1754951016"/>
    <nd ref="5552003543"/>
    <nd ref="1754951024"/>
    <nd ref="2254010691"/>
    <nd ref="5552003542"/>
    <nd ref="1754950954"/>
    <nd ref="5552003541"/>
    <nd ref="5552003540"/>
    <nd ref="1754951011"/>
    <nd ref="5552003538"/>
    <nd ref="5552003539"/>
    <nd ref="5552003536"/>
    <nd ref="5552003537"/>
    <nd ref="5552003535"/>
    <nd ref="1754951059"/>
    <nd ref="5552003532"/>
    <nd ref="5552003534"/>
    <nd ref="5552003533"/>
    <nd ref="5552003531"/>
    <nd ref="1754951040"/>
    <nd ref="5552003527"/>
    <nd ref="5552003528"/>
    <nd ref="5552003530"/>
    <nd ref="5552003529"/>
    <nd ref="1754951041"/>
    <nd ref="5536207709"/>
    <nd ref="1754950964"/>
    <nd ref="1754950983"/>
    <nd ref="5536207704"/>
    <nd ref="5536207707"/>
    <nd ref="6911671362"/>
    <tag k="name" v="Kumiela"/>
    <tag k="waterway" v="stream"/>
  </way>
  <way id="163718097">
    <nd ref="1753964282"/>
    <nd ref="5964728197"/>
    <nd ref="6125302019"/>
    <nd ref="5137127928"/>
    <nd ref="5137127929"/>
    <nd ref="5137127948"/>
    <tag k="highway" v="service"/>
    <tag k="oneway" v="yes"/>
  </way>
  <way id="163718102">
    <nd ref="1753964292"/>
    <nd ref="1753964149"/>
    <tag k="highway" v="service"/>
  </way>
  <way id="163718106">
    <nd ref="5551950409"/>
    <nd ref="5551950410"/>
    <nd ref="1753964181"/>
    <nd ref="1753964120"/>
    <nd ref="2509331213"/>
    <nd ref="2509331210"/>
    <nd ref="1753964279"/>
    <nd ref="1753964227"/>
    <nd ref="2509331212"/>
    <nd ref="5443455689"/>
    <nd ref="1753964236"/>
    <tag k="highway" v="service"/>
  </way>
  <way id="163718108">
    <nd ref="1753964289"/>
    <nd ref="1753964144"/>
    <nd ref="1753964277"/>
    <nd ref="11649016160"/>
    <nd ref="1753964010"/>
    <tag k="highway" v="service"/>
    <tag k="surface" v="asphalt"/>
  </way>
  <way id="163718113">
    <nd ref="1753964253"/>
    <nd ref="5551950384"/>
    <nd ref="1753964161"/>
    <tag k="highway" v="service"/>
  </way>
  <way id="166374204">
    <nd ref="1778216100"/>
    <nd ref="5443317395"/>
    <tag k="bridge" v="yes"/>
    <tag k="highway" v="service"/>
    <tag k="layer" v="1"/>
  </way>
  <way id="166374207">
    <nd ref="5653775974"/>
    <nd ref="5653775982"/>
    <nd ref="5653775973"/>
    <nd ref="5653775978"/>
    <nd ref="5653775972"/>
    <nd ref="5443790306"/>
    <nd ref="5653775977"/>
    <nd ref="1778216149"/>
    <nd ref="5653775965"/>
    <nd ref="1778216100"/>
    <tag k="highway" v="service"/>
  </way>
  <way id="168201404">
    <nd ref="1296875063"/>
    <nd ref="1740412045"/>
    <nd ref="2424617217"/>
    <nd ref="4431610164"/>
    <nd ref="2385304760"/>
    <nd ref="2509779040"/>
    <nd ref="3495268425"/>
    <nd ref="2129120341"/>
    <nd ref="2385304785"/>
    <nd ref="5438017893"/>
    <nd ref="2129092628"/>
    <nd ref="9200883385"/>
    <nd ref="5642284975"/>
    <nd ref="3899736862"/>
    <nd ref="2127879807"/>
    <tag k="highway" v="secondary"/>
    <tag k="highway:category:pl" v="2"/>
    <tag k="name" v="12 Lutego"/>
    <tag k="oneway" v="yes"/>
    <tag k="ref" v="504"/>
    <tag k="sidewalk:left" v="no"/>
    <tag k="sidewalk:right" v="separate"/>
    <tag k="surface" v="asphalt"/>
  </way>
  <way id="168201406">
    <nd ref="1554370329"/>
    <nd ref="4431610144"/>
    <nd ref="3887195357"/>
    <nd ref="1748678582"/>
    <nd ref="1304261324"/>
    <nd ref="2263122544"/>
    <nd ref="4431610161"/>
    <nd ref="413515939"/>
    <nd ref="5471801788"/>
    <nd ref="12698794558"/>
    <nd ref="3495194462"/>
    <nd ref="8168858232"/>
    <nd ref="1296875295"/>
    <nd ref="5439354092"/>
    <tag k="highway" v="secondary"/>
    <tag k="highway:category:pl" v="2"/>
    <tag k="lanes" v="2"/>
    <tag k="name" v="Hetmańska"/>
    <tag k="oneway" v="yes"/>
    <tag k="ref" v="504"/>
    <tag k="sidewalk:left" v="no"/>
    <tag k="sidewalk:right" v="separate"/>
    <tag k="surface" v="asphalt"/>
  </way>
  <way id="176374834">
    <nd ref="443694507"/>
    <nd ref="1304254024"/>
    <nd ref="2254991412"/>
    <nd ref="8168817413"/>
    <nd ref="2255593324"/>
    <nd ref="1869043363"/>
    <nd ref="2129092621"/>
    <nd ref="1852461854"/>
    <nd ref="1833045155"/>
    <nd ref="5297141908"/>
    <nd ref="2252087517"/>
    <nd ref="5645750236"/>
    <nd ref="5645750229"/>
    <nd ref="8261451328"/>
    <nd ref="8261451327"/>
    <nd ref="9200883384"/>
    <nd ref="2127879826"/>
    <nd ref="5652093012"/>
    <nd ref="1296876067"/>
    <tag k="highway" v="tertiary"/>
    <tag k="lanes" v="2"/>
    <tag k="name" v="Generała Stefana Grota-Roweckiego"/>
    <tag k="oneway" v="yes"/>
    <tag k="sidewalk:left" v="no"/>
    <tag k="sidewalk:right" v="separate"/>
  </way>
  <way id="176990545">
    <nd ref="1753964289"/>
    <nd ref="1753964111"/>
    <tag k="highway" v="service"/>
  </way>
  <way id="176990546">
    <nd ref="1753964010"/>
    <nd ref="5443455690"/>
    <nd ref="1753964035"/>
    <nd ref="1753964284"/>
    <nd ref="1753964198"/>
    <nd ref="2289392647"/>
    <tag k="highway" v="service"/>
  </way>
  <way id="216002776">
    <nd ref="2253931827"/>
    <nd ref="3277671761"/>
    <nd ref="5522797501"/>
    <tag k="highway" v="service"/>
    <tag k="service" v="parking_aisle"/>
  </way>
  <way id="216002777">
    <nd ref="2253931877"/>
    <nd ref="9814908024"/>
    <nd ref="2253931827"/>
    <nd ref="2253931856"/>
    <tag k="highway" v="service"/>
    <tag k="service" v="parking_aisle"/>
  </way>
  <way id="216139127">
    <nd ref="1740412075"/>
    <nd ref="5438267824"/>
    <nd ref="4552943059"/>
    <nd ref="5438267823"/>
    <nd ref="1740412089"/>
    <nd ref="2385616850"/>
    <nd ref="5645750093"/>
    <nd ref="8168817396"/>
    <nd ref="2385616864"/>
    <nd ref="2385616860"/>
    <nd ref="1740412045"/>
    <nd ref="2385616840"/>
    <nd ref="1740412074"/>
    <nd ref="5440827373"/>
    <nd ref="5645750092"/>
    <nd ref="5440968667"/>
    <nd ref="5440968650"/>
    <nd ref="5440968651"/>
    <nd ref="5643683149"/>
    <nd ref="5440968687"/>
    <nd ref="2380195012"/>
    <nd ref="5642253871"/>
    <nd ref="2380195009"/>
    <nd ref="2380195010"/>
    <nd ref="2380195011"/>
    <nd ref="2380195013"/>
    <nd ref="3277671800"/>
    <nd ref="2380195014"/>
    <nd ref="2380195015"/>
    <nd ref="2380195016"/>
    <nd ref="2380195018"/>
    <nd ref="2380195021"/>
    <nd ref="2380195023"/>
    <nd ref="2380195024"/>
    <nd ref="3277671802"/>
    <nd ref="2380195026"/>
    <nd ref="2380195027"/>
    <nd ref="2380195028"/>
    <nd ref="8168858283"/>
    <nd ref="8168858282"/>
    <nd ref="2380195036"/>
    <nd ref="2417861315"/>
    <nd ref="8168858281"/>
    <nd ref="2380195037"/>
    <nd ref="2380195039"/>
    <nd ref="2380195041"/>
    <nd ref="2380195042"/>
    <nd ref="3277671847"/>
    <nd ref="2380195045"/>
    <nd ref="2380195046"/>
    <nd ref="2380195047"/>
    <nd ref="2380195048"/>
    <nd ref="2380241123"/>
    <tag k="electrified" v="contact_line"/>
    <tag k="frequency" v="0"/>
    <tag k="gauge" v="1000"/>
    <tag k="oneway" v="yes"/>
    <tag k="railway" v="tram"/>
    <tag k="voltage" v="600"/>
  </way>
  <way id="219792761">
    <nd ref="5443317395"/>
    <nd ref="5443317396"/>
    <nd ref="732237568"/>
    <tag k="highway" v="service"/>
  </way>
  <way id="219807898">
    <nd ref="5551950408"/>
    <nd ref="5551950409"/>
    <nd ref="1753964291"/>
    <nd ref="5551950407"/>
    <nd ref="4884088839"/>
    <nd ref="5551950406"/>
    <nd ref="5551950405"/>
    <nd ref="1753964248"/>
    <nd ref="2289392643"/>
    <nd ref="2289392644"/>
    <nd ref="2289392646"/>
    <nd ref="2289392645"/>
    <nd ref="1753964102"/>
    <nd ref="5551950408"/>
    <tag k="highway" v="service"/>
  </way>
  <way id="219807906">
    <nd ref="2289392647"/>
    <nd ref="2289392645"/>
    <nd ref="5551951053"/>
    <tag k="highway" v="service"/>
  </way>
  <way id="232659481">
    <nd ref="2807040261"/>
    <nd ref="12772140068"/>
    <nd ref="9713894748"/>
    <nd ref="4037337807"/>
    <nd ref="9713894728"/>
    <nd ref="413336870"/>
    <tag k="highway" v="residential"/>
    <tag k="name" v="Wieżowa"/>
    <tag k="oneway" v="yes"/>
  </way>
  <way id="232659482">
    <nd ref="2807040260"/>
    <nd ref="2134984431"/>
    <nd ref="3029162205"/>
    <tag k="highway" v="residential"/>
    <tag k="name" v="Wigilijna"/>
    <tag k="sidewalk:both" v="separate"/>
  </way>
  <way id="232979104">
    <nd ref="1304261344"/>
    <nd ref="5642241848"/>
    <nd ref="5440968663"/>
    <nd ref="5440968653"/>
    <nd ref="5642241847"/>
    <nd ref="2424617218"/>
    <nd ref="1304261327"/>
    <tag k="highway" v="residential"/>
    <tag k="name" v="Krótka"/>
  </way>
  <way id="233835283">
    <nd ref="1304261335"/>
    <nd ref="12913425582"/>
    <nd ref="12913425581"/>
    <nd ref="12913425583"/>
    <nd ref="12913425585"/>
    <nd ref="5642241827"/>
    <nd ref="5440968651"/>
    <nd ref="5440968652"/>
    <nd ref="1304261333"/>
    <tag k="highway" v="residential"/>
    <tag k="name" v="Garncarska"/>
    <tag k="oneway" v="yes"/>
  </way>
  <way id="234164386">
    <nd ref="1304258791"/>
    <nd ref="5535691200"/>
    <nd ref="818620337"/>
    <nd ref="417962854"/>
    <nd ref="5645375202"/>
    <nd ref="818620269"/>
    <nd ref="417962855"/>
    <nd ref="1296875040"/>
    <tag k="highway" v="secondary"/>
    <tag k="highway:category:pl" v="2"/>
    <tag k="lanes" v="2"/>
    <tag k="lit" v="yes"/>
    <tag k="maxspeed" v="50"/>
    <tag k="name" v="Kardynała Stefana Wyszyńskiego"/>
    <tag k="oneway" v="no"/>
    <tag k="ref" v="500"/>
    <tag k="sidewalk:both" v="separate"/>
    <tag k="surface" v="asphalt"/>
  </way>
  <way id="234164443">
    <nd ref="2424617175"/>
    <nd ref="3277671798"/>
    <nd ref="3277671797"/>
    <nd ref="2424617167"/>
    <nd ref="3277671794"/>
    <nd ref="3277671793"/>
    <nd ref="2424617160"/>
    <nd ref="3277671795"/>
    <nd ref="2424617164"/>
    <nd ref="2380195006"/>
    <tag k="highway" v="secondary_link"/>
    <tag k="oneway" v="yes"/>
    <tag k="sidewalk" v="no"/>
  </way>
  <way id="236577067">
    <nd ref="2127879813"/>
    <nd ref="2252200330"/>
    <nd ref="3899736861"/>
    <nd ref="5642284974"/>
    <nd ref="2129092625"/>
    <nd ref="5642284969"/>
    <nd ref="1713057325"/>
    <nd ref="5642241677"/>
    <nd ref="5642284970"/>
    <nd ref="4431610165"/>
    <nd ref="2424617216"/>
    <nd ref="1740412074"/>
    <nd ref="1554370285"/>
    <nd ref="1554370329"/>
    <tag k="highway" v="secondary"/>
    <tag k="highway:category:pl" v="2"/>
    <tag k="lanes" v="2"/>
    <tag k="name" v="12 Lutego"/>
    <tag k="oneway" v="yes"/>
    <tag k="ref" v="504"/>
    <tag k="sidewalk:left" v="no"/>
    <tag k="sidewalk:right" v="separate"/>
    <tag k="surface" v="asphalt"/>
  </way>
  <way id="237290028">
    <nd ref="1304254076"/>
    <nd ref="443694507"/>
    <tag k="highway" v="tertiary"/>
    <tag k="name" v="Generała Stefana Grota-Roweckiego"/>
    <tag k="oneway" v="yes"/>
    <tag k="sidewalk:left" v="no"/>
    <tag k="sidewalk:right" v="separate"/>
  </way>
  <way id="238397262">
    <nd ref="2462423762"/>
    <nd ref="3262419620"/>
    <nd ref="2462423761"/>
    <nd ref="7077475423"/>
    <nd ref="3262419613"/>
    <nd ref="2462423760"/>
    <nd ref="2462423759"/>
    <nd ref="7077475422"/>
    <nd ref="2462423758"/>
    <nd ref="2462423757"/>
    <nd ref="2462423756"/>
    <nd ref="3262419611"/>
    <nd ref="3262419610"/>
    <nd ref="3262419609"/>
    <nd ref="3262419608"/>
    <nd ref="2462423755"/>
    <nd ref="7077475421"/>
    <nd ref="7077475420"/>
    <nd ref="3262419612"/>
    <nd ref="7077475419"/>
    <nd ref="2462423754"/>
    <nd ref="2462423753"/>
    <nd ref="3262419607"/>
    <nd ref="5863472601"/>
    <nd ref="5863472602"/>
    <nd ref="5863472603"/>
    <nd ref="2462423751"/>
    <nd ref="2462423750"/>
    <nd ref="2462423749"/>
    <nd ref="3262419601"/>
    <nd ref="2462423748"/>
    <nd ref="6797163201"/>
    <nd ref="3262419600"/>
    <nd ref="6797163202"/>
    <nd ref="2462423745"/>
    <nd ref="2462423746"/>
    <nd ref="2462423747"/>
    <nd ref="3262419595"/>
    <nd ref="6797163205"/>
    <nd ref="6797163203"/>
    <nd ref="6797163206"/>
    <nd ref="2462423744"/>
    <nd ref="6797163208"/>
    <nd ref="6797163204"/>
    <nd ref="6797163207"/>
    <nd ref="2462423743"/>
    <nd ref="2462423742"/>
    <nd ref="6797163211"/>
    <nd ref="6797163212"/>
    <nd ref="6797163210"/>
    <nd ref="6797163209"/>
    <nd ref="3262419596"/>
    <nd ref="2462423741"/>
    <tag k="name" v="Kumiela"/>
    <tag k="waterway" v="stream"/>
  </way>
  <way id="238397264">
    <nd ref="2462423688"/>
    <nd ref="2462423689"/>
    <tag k="layer" v="-1"/>
    <tag k="name" v="Kumiela"/>
    <tag k="tunnel" v="culvert"/>
    <tag k="waterway" v="stream"/>
  </way>
  <way id="238397266">
    <nd ref="2462423740"/>
    <nd ref="2462423741"/>
    <tag k="layer" v="-1"/>
    <tag k="name" v="Kumiela"/>
    <tag k="tunnel" v="culvert"/>
    <tag k="waterway" v="stream"/>
  </way>
  <way id="238397267">
    <nd ref="2462423740"/>
    <nd ref="2462423739"/>
    <nd ref="3262419578"/>
    <nd ref="3262419579"/>
    <nd ref="3262419580"/>
    <nd ref="2462423738"/>
    <nd ref="6797163213"/>
    <nd ref="3262419581"/>
    <nd ref="3262419583"/>
    <nd ref="6797163214"/>
    <nd ref="3262419582"/>
    <nd ref="6797163215"/>
    <nd ref="6797163216"/>
    <nd ref="2462423735"/>
    <nd ref="6797163219"/>
    <nd ref="6797163217"/>
    <nd ref="6797163218"/>
    <nd ref="3262419584"/>
    <nd ref="6797163220"/>
    <nd ref="3262419585"/>
    <nd ref="6797163222"/>
    <nd ref="6797163221"/>
    <nd ref="2462423733"/>
    <nd ref="6797163223"/>
    <nd ref="2462423734"/>
    <nd ref="2462423737"/>
    <nd ref="6797163227"/>
    <nd ref="6797163228"/>
    <nd ref="2462423736"/>
    <nd ref="6797163226"/>
    <nd ref="2462423732"/>
    <nd ref="6797163225"/>
    <nd ref="6797163224"/>
    <nd ref="2462423731"/>
    <nd ref="6797163234"/>
    <nd ref="6797163233"/>
    <nd ref="6797163235"/>
    <nd ref="6797163232"/>
    <nd ref="6797163236"/>
    <nd ref="6797163237"/>
    <nd ref="6797163238"/>
    <nd ref="6797163231"/>
    <nd ref="6797163240"/>
    <nd ref="6797163239"/>
    <nd ref="6797163230"/>
    <nd ref="2462423730"/>
    <nd ref="6797163229"/>
    <nd ref="2462423729"/>
    <nd ref="2462423728"/>
    <nd ref="6797163243"/>
    <nd ref="6797163242"/>
    <nd ref="6797163241"/>
    <nd ref="2462423723"/>
    <nd ref="6799830587"/>
    <nd ref="6799830586"/>
    <nd ref="6799830585"/>
    <nd ref="6799822184"/>
    <nd ref="6799822183"/>
    <nd ref="2462423720"/>
    <nd ref="6799822175"/>
    <nd ref="6799822176"/>
    <nd ref="6799822182"/>
    <nd ref="6799822177"/>
    <nd ref="6799822181"/>
    <nd ref="6799822180"/>
    <nd ref="6799822179"/>
    <nd ref="6799822178"/>
    <nd ref="6799822168"/>
    <nd ref="6799822171"/>
    <nd ref="6799822172"/>
    <nd ref="6799822173"/>
    <nd ref="6799822170"/>
    <nd ref="6799822174"/>
    <nd ref="6799822169"/>
    <nd ref="2462423719"/>
    <nd ref="2462423726"/>
    <nd ref="2462423727"/>
    <nd ref="2462423725"/>
    <nd ref="2462423724"/>
    <nd ref="2462423722"/>
    <nd ref="6799830588"/>
    <nd ref="2462423721"/>
    <nd ref="6799830589"/>
    <nd ref="2462423718"/>
    <nd ref="2462423717"/>
    <nd ref="6799830592"/>
    <nd ref="6799830590"/>
    <nd ref="6799830591"/>
    <nd ref="2462423716"/>
    <nd ref="2462423714"/>
    <nd ref="6799830594"/>
    <nd ref="2462423713"/>
    <nd ref="2462423715"/>
    <nd ref="6799830593"/>
    <nd ref="2462423712"/>
    <nd ref="2462423711"/>
    <nd ref="6799830596"/>
    <nd ref="6799830595"/>
    <nd ref="2462423710"/>
    <nd ref="6799830598"/>
    <nd ref="2462423709"/>
    <nd ref="6799830605"/>
    <nd ref="6799830597"/>
    <nd ref="6799830604"/>
    <nd ref="6799830603"/>
    <nd ref="2462423708"/>
    <nd ref="6799830602"/>
    <nd ref="2462423707"/>
    <nd ref="2462423706"/>
    <nd ref="6799830601"/>
    <nd ref="2462423705"/>
    <nd ref="6799830600"/>
    <nd ref="6799830599"/>
    <nd ref="2462423702"/>
    <nd ref="2462423697"/>
    <nd ref="2462423698"/>
    <nd ref="2462423703"/>
    <nd ref="2462423704"/>
    <nd ref="6799830608"/>
    <nd ref="6799830610"/>
    <nd ref="6799830609"/>
    <nd ref="2462423699"/>
    <nd ref="2462423700"/>
    <nd ref="2462423701"/>
    <nd ref="6799830607"/>
    <nd ref="6799830606"/>
    <nd ref="2462423696"/>
    <nd ref="6799830629"/>
    <nd ref="6799830630"/>
    <nd ref="6799830631"/>
    <nd ref="6799830628"/>
    <nd ref="6799830627"/>
    <nd ref="2462423695"/>
    <nd ref="2462423694"/>
    <nd ref="6799830626"/>
    <nd ref="6799830625"/>
    <nd ref="2462423693"/>
    <nd ref="6799830624"/>
    <nd ref="6799830623"/>
    <nd ref="6799830613"/>
    <nd ref="6799830622"/>
    <nd ref="6799830621"/>
    <nd ref="6799830620"/>
    <nd ref="6799830619"/>
    <nd ref="6799830618"/>
    <nd ref="6799830617"/>
    <nd ref="6799830616"/>
    <nd ref="6799830615"/>
    <nd ref="6799830614"/>
    <nd ref="6799830612"/>
    <nd ref="2462423692"/>
    <nd ref="2462423691"/>
    <nd ref="6799830611"/>
    <nd ref="2462423690"/>
    <nd ref="2462423689"/>
    <tag k="name" v="Kumiela"/>
    <tag k="waterway" v="stream"/>
  </way>
  <way id="243542563">
    <nd ref="1753964120"/>
    <nd ref="2509331212"/>
    <tag k="highway" v="service"/>
  </way>
  <way id="243542564">
    <nd ref="5551950407"/>
    <nd ref="1874664433"/>
    <nd ref="1874664411"/>
    <nd ref="2509331211"/>
    <nd ref="2509331213"/>
    <tag k="highway" v="service"/>
  </way>
  <way id="253578096">
    <nd ref="1740412065"/>
    <nd ref="1709205468"/>
    <nd ref="2254990646"/>
    <nd ref="4552943058"/>
    <nd ref="2254990580"/>
    <nd ref="1709180348"/>
    <nd ref="1709205447"/>
    <nd ref="1709180283"/>
    <nd ref="1709180260"/>
    <nd ref="1709205438"/>
    <nd ref="1709180239"/>
    <tag k="electrified" v="contact_line"/>
    <tag k="frequency" v="0"/>
    <tag k="gauge" v="1000"/>
    <tag k="oneway" v="yes"/>
    <tag k="railway" v="tram"/>
    <tag k="voltage" v="600"/>
  </way>
  <way id="273678388">
    <nd ref="1752731215"/>
    <nd ref="9332240397"/>
    <nd ref="5646189637"/>
    <nd ref="1305377303"/>
    <nd ref="5443317375"/>
    <nd ref="1305377830"/>
    <nd ref="5443317374"/>
    <nd ref="1305377360"/>
    <nd ref="9332240398"/>
    <nd ref="2289252584"/>
    <nd ref="732237646"/>
    <tag k="highway" v="service"/>
    <tag k="name" v="Michała Bałuckiego"/>
    <tag k="oneway" v="no"/>
    <tag k="surface" v="asphalt"/>
  </way>
  <way id="273678391">
    <nd ref="5438606625"/>
    <nd ref="2785115745"/>
    <tag k="highway" v="service"/>
  </way>
  <way id="273678394">
    <nd ref="2785115777"/>
    <nd ref="2785115732"/>
    <tag k="highway" v="service"/>
  </way>
  <way id="273678395">
    <nd ref="1752731215"/>
    <nd ref="5444780591"/>
    <nd ref="5646189629"/>
    <nd ref="1752731571"/>
    <nd ref="2785115777"/>
    <nd ref="5438606625"/>
    <nd ref="2785115765"/>
    <nd ref="2785115780"/>
    <nd ref="2785115782"/>
    <tag k="highway" v="service"/>
  </way>
  <way id="273678396">
    <nd ref="2785115726"/>
    <nd ref="2785115728"/>
    <nd ref="5646189624"/>
    <nd ref="2785115729"/>
    <tag k="highway" v="service"/>
  </way>
  <way id="273678397">
    <nd ref="2785115726"/>
    <nd ref="5646189416"/>
    <nd ref="2785115741"/>
    <nd ref="5454880378"/>
    <nd ref="1305377090"/>
    <tag k="highway" v="service"/>
  </way>
  <way id="279112516">
    <nd ref="2253931830"/>
    <nd ref="8259953821"/>
    <nd ref="417963091"/>
    <nd ref="2417861313"/>
    <nd ref="2417861310"/>
    <nd ref="8259953826"/>
    <nd ref="1747626290"/>
    <tag k="highway" v="secondary"/>
    <tag k="highway:category:pl" v="2"/>
    <tag k="lanes" v="2"/>
    <tag k="name" v="Rycerska"/>
    <tag k="oneway" v="yes"/>
    <tag k="ref" v="503"/>
    <tag k="sidewalk:left" v="no"/>
    <tag k="sidewalk:right" v="separate"/>
    <tag k="surface" v="asphalt"/>
  </way>
  <way id="296153820">
    <nd ref="417969685"/>
    <nd ref="2278912643"/>
    <nd ref="3899766022"/>
    <nd ref="3899766021"/>
    <nd ref="2421609780"/>
    <nd ref="1305377452"/>
    <nd ref="2278912641"/>
    <nd ref="2380195031"/>
    <nd ref="2385616884"/>
    <nd ref="2129341055"/>
    <nd ref="13363464089"/>
    <nd ref="2136164705"/>
    <nd ref="13327974941"/>
    <nd ref="13363464088"/>
    <nd ref="2278912638"/>
    <nd ref="2134331903"/>
    <nd ref="2424617175"/>
    <nd ref="2278899205"/>
    <nd ref="2253931830"/>
    <tag k="highway" v="secondary"/>
    <tag k="highway:category:pl" v="2"/>
    <tag k="lanes" v="2"/>
    <tag k="name" v="Pocztowa"/>
    <tag k="oneway" v="yes"/>
    <tag k="ref" v="503"/>
    <tag k="sidewalk:left" v="no"/>
    <tag k="sidewalk:right" v="separate"/>
  </way>
  <way id="298993444">
    <nd ref="12769355420"/>
    <nd ref="12769354814"/>
    <nd ref="3029207015"/>
    <tag k="highway" v="residential"/>
    <tag k="name" v="Murarska"/>
    <tag k="oneway" v="yes"/>
  </way>
  <way id="306449182">
    <nd ref="1296875176"/>
    <nd ref="2251085638"/>
    <nd ref="2251085637"/>
    <nd ref="2251085636"/>
    <nd ref="1296875066"/>
    <tag k="highway" v="residential"/>
    <tag k="name" v="Panieńska"/>
  </way>
  <way id="306449184">
    <nd ref="1296875064"/>
    <nd ref="2251085645"/>
    <nd ref="2251085644"/>
    <nd ref="1562398672"/>
    <tag k="highway" v="residential"/>
    <tag k="name" v="Panieńska"/>
  </way>
  <way id="306449185">
    <nd ref="1296875647"/>
    <nd ref="12698057637"/>
    <nd ref="6125229234"/>
    <nd ref="5537749382"/>
    <nd ref="5535786918"/>
    <nd ref="1753964214"/>
    <nd ref="1753964294"/>
    <nd ref="5535786849"/>
    <nd ref="3733140293"/>
    <nd ref="1296875544"/>
    <nd ref="3733117998"/>
    <nd ref="1296875654"/>
    <tag k="highway" v="residential"/>
    <tag k="name" v="Malborska"/>
    <tag k="oneway" v="no"/>
    <tag k="sidewalk:left" v="separate"/>
    <tag k="sidewalk:right" v="no"/>
    <tag k="surface" v="asphalt"/>
  </way>
  <way id="312570106">
    <nd ref="3184410295"/>
    <nd ref="3184410294"/>
    <nd ref="5522834599"/>
    <nd ref="3184410291"/>
    <nd ref="5522834598"/>
    <nd ref="3899751982"/>
    <nd ref="1305377204"/>
    <tag k="highway" v="service"/>
    <tag k="surface" v="asphalt"/>
  </way>
  <way id="312866437">
    <nd ref="3187749288"/>
    <nd ref="5443317623"/>
    <nd ref="5658193198"/>
    <nd ref="3187749312"/>
    <nd ref="5658193199"/>
    <nd ref="3187749322"/>
    <nd ref="3187749325"/>
    <nd ref="5658193202"/>
    <nd ref="5658193201"/>
    <nd ref="5658193200"/>
    <nd ref="3187749329"/>
    <nd ref="3187749334"/>
    <tag k="highway" v="service"/>
  </way>
  <way id="312866440">
    <nd ref="5443317623"/>
    <nd ref="5658193195"/>
    <nd ref="5658193196"/>
    <nd ref="5658193197"/>
    <nd ref="5658193193"/>
    <nd ref="5658193194"/>
    <nd ref="5443337492"/>
    <nd ref="5443790311"/>
    <nd ref="3187749311"/>
    <tag k="highway" v="service"/>
  </way>
  <way id="314994753">
    <nd ref="1296875296"/>
    <nd ref="3210775947"/>
    <nd ref="3210773919"/>
    <nd ref="3210776333"/>
    <nd ref="3210775942"/>
    <nd ref="3210776198"/>
    <tag k="highway" v="service"/>
  </way>
  <way id="321053549">
    <nd ref="1304258769"/>
    <nd ref="3277671783"/>
    <nd ref="3277671784"/>
    <nd ref="3277671787"/>
    <nd ref="3277671789"/>
    <nd ref="3277671791"/>
    <nd ref="3277671790"/>
    <nd ref="3277671788"/>
    <nd ref="3277671786"/>
    <nd ref="417963091"/>
    <tag k="highway" v="secondary_link"/>
    <tag k="oneway" v="yes"/>
    <tag k="sidewalk" v="no"/>
  </way>
  <way id="323564446">
    <nd ref="5438684657"/>
    <nd ref="5438684681"/>
    <nd ref="12698883216"/>
    <nd ref="5645380151"/>
    <nd ref="5438684677"/>
    <nd ref="12698883222"/>
    <nd ref="1707370286"/>
    <tag k="highway" v="residential"/>
    <tag k="name" v="Fabryczna"/>
    <tag k="oneway" v="yes"/>
  </way>
  <way id="323564451">
    <nd ref="5438684657"/>
    <nd ref="12698883217"/>
    <nd ref="5438684683"/>
    <nd ref="5438684649"/>
    <nd ref="5438684650"/>
    <nd ref="2252582616"/>
    <nd ref="5537749140"/>
    <nd ref="2252582612"/>
    <nd ref="5438684653"/>
    <nd ref="5438684654"/>
    <nd ref="5537749328"/>
    <nd ref="5537749173"/>
    <nd ref="4884088836"/>
    <nd ref="5537749178"/>
    <nd ref="4884088834"/>
    <nd ref="2252582578"/>
    <nd ref="2252582576"/>
    <nd ref="1296875767"/>
    <nd ref="2252582572"/>
    <nd ref="1296875942"/>
    <nd ref="1296875679"/>
    <nd ref="2252582566"/>
    <nd ref="5537749421"/>
    <nd ref="12772139436"/>
    <nd ref="6125227959"/>
    <nd ref="1296875647"/>
    <tag k="highway" v="residential"/>
    <tag k="maxspeed" v="50"/>
    <tag k="name" v="Fabryczna"/>
  </way>
  <way id="323564452">
    <nd ref="1707370286"/>
    <nd ref="12698883220"/>
    <nd ref="12698883221"/>
    <nd ref="12698883228"/>
    <nd ref="5438684678"/>
    <nd ref="5645380150"/>
    <nd ref="11652205840"/>
    <nd ref="5438684657"/>
    <tag k="highway" v="residential"/>
    <tag k="maxspeed" v="50"/>
    <tag k="name" v="Fabryczna"/>
    <tag k="oneway" v="yes"/>
  </way>
  <way id="342541239">
    <nd ref="1296875647"/>
    <nd ref="6125227957"/>
    <nd ref="2445999515"/>
    <nd ref="1296875978"/>
    <tag k="highway" v="residential"/>
    <tag k="maxspeed" v="50"/>
    <tag k="name" v="Malborska"/>
    <tag k="oneway" v="no"/>
  </way>
  <way id="351713476">
    <nd ref="5440968643"/>
    <nd ref="5643689187"/>
    <nd ref="5440968644"/>
    <nd ref="5440968640"/>
    <nd ref="5440968645"/>
    <nd ref="5440968646"/>
    <nd ref="5440968639"/>
    <nd ref="5440968642"/>
    <nd ref="5440968641"/>
    <nd ref="1304261352"/>
    <tag k="highway" v="service"/>
    <tag k="name" v="Chmurna"/>
  </way>
  <way id="351713477">
    <nd ref="1304261352"/>
    <nd ref="3575437237"/>
    <nd ref="5643682392"/>
    <nd ref="5643682393"/>
    <nd ref="5440968647"/>
    <tag k="highway" v="service"/>
    <tag k="lanes" v="1"/>
    <tag k="lit" v="yes"/>
    <tag k="maxspeed" v="20"/>
    <tag k="name" v="Chmurna"/>
    <tag k="oneway" v="yes"/>
    <tag k="sidewalk" v="left"/>
  </way>
  <way id="356688132">
    <nd ref="1747626290"/>
    <nd ref="2417861307"/>
    <nd ref="2417861308"/>
    <nd ref="2417861311"/>
    <nd ref="2417861312"/>
    <nd ref="3899766009"/>
    <nd ref="1304258769"/>
    <nd ref="2380195004"/>
    <tag k="highway" v="secondary"/>
    <tag k="highway:category:pl" v="2"/>
    <tag k="lanes" v="2"/>
    <tag k="name" v="Rycerska"/>
    <tag k="oneway" v="yes"/>
    <tag k="ref" v="503"/>
    <tag k="sidewalk:left" v="no"/>
    <tag k="sidewalk:right" v="separate"/>
  </way>
  <way id="376871415">
    <nd ref="1296875958"/>
    <nd ref="5535723521"/>
    <nd ref="5535723522"/>
    <nd ref="1296876046"/>
    <nd ref="5535691463"/>
    <nd ref="12772140652"/>
    <nd ref="5535691465"/>
    <nd ref="5535691464"/>
    <nd ref="1296875868"/>
    <tag k="highway" v="residential"/>
    <tag k="name" v="Rybna"/>
  </way>
  <way id="378898675">
    <nd ref="3733170792"/>
    <nd ref="3733170784"/>
    <tag k="electrified" v="no"/>
    <tag k="gauge" v="1435"/>
    <tag k="railway" v="rail"/>
    <tag k="railway:track_ref" v="6a"/>
    <tag k="service" v="spur"/>
  </way>
  <way id="386588602">
    <nd ref="1874634057"/>
    <nd ref="11649016164"/>
    <nd ref="1752731253"/>
    <tag k="layer" v="-1"/>
    <tag k="name" v="Kumiela"/>
    <tag k="tunnel" v="culvert"/>
    <tag k="waterway" v="stream"/>
  </way>
  <way id="387688320">
    <nd ref="2127879807"/>
    <nd ref="5652093008"/>
    <nd ref="2127879803"/>
    <nd ref="8261451331"/>
    <nd ref="8261451330"/>
    <nd ref="8261451329"/>
    <nd ref="1304254072"/>
    <nd ref="5297141910"/>
    <nd ref="3350719096"/>
    <nd ref="443694499"/>
    <nd ref="5448495832"/>
    <nd ref="1304253989"/>
    <nd ref="8261451322"/>
    <nd ref="1376728271"/>
    <nd ref="2255593346"/>
    <nd ref="8168817412"/>
    <nd ref="3350716709"/>
    <nd ref="443694503"/>
    <tag k="highway" v="tertiary"/>
    <tag k="lanes" v="4"/>
    <tag k="name" v="Generała Stefana Grota-Roweckiego"/>
    <tag k="oneway" v="yes"/>
    <tag k="sidewalk:both" v="separate"/>
    <tag k="surface" v="asphalt"/>
    <tag k="turn:lanes" v="left;reverse|through|through|right"/>
  </way>
  <way id="422094293">
    <nd ref="2462423762"/>
    <nd ref="4218229439"/>
    <nd ref="4218229440"/>
    <nd ref="4218229441"/>
    <nd ref="4218229442"/>
    <tag k="name" v="Kumiela"/>
    <tag k="waterway" v="stream"/>
  </way>
  <way id="445812832">
    <nd ref="1304254072"/>
    <nd ref="5645750299"/>
    <nd ref="5437461123"/>
    <nd ref="5438017889"/>
    <nd ref="5441964841"/>
    <nd ref="5437981170"/>
    <tag k="highway" v="service"/>
    <tag k="service" v="parking_aisle"/>
  </way>
  <way id="459544253">
    <nd ref="3935915084"/>
    <nd ref="319191143"/>
    <nd ref="443694505"/>
    <nd ref="2424657537"/>
    <nd ref="5652065437"/>
    <nd ref="4553615436"/>
    <tag k="layer" v="-1"/>
    <tag k="name" v="Kumiela"/>
    <tag k="tunnel" v="culvert"/>
    <tag k="waterway" v="stream"/>
  </way>
  <way id="459544256">
    <nd ref="4553615436"/>
    <nd ref="1752731728"/>
    <nd ref="2249299244"/>
    <nd ref="2414263605"/>
    <nd ref="9820706860"/>
    <nd ref="9820706862"/>
    <nd ref="9820706864"/>
    <nd ref="9820706867"/>
    <nd ref="9762801786"/>
    <nd ref="8367266882"/>
    <nd ref="1752731800"/>
    <nd ref="5652065438"/>
    <nd ref="1752731620"/>
    <nd ref="9820706888"/>
    <nd ref="5443790273"/>
    <nd ref="2249299239"/>
    <nd ref="5652065439"/>
    <nd ref="1752731697"/>
    <nd ref="3187749382"/>
    <nd ref="1752731616"/>
    <nd ref="5443790274"/>
    <nd ref="1752731103"/>
    <nd ref="2249304004"/>
    <nd ref="1752731676"/>
    <nd ref="1752731685"/>
    <nd ref="5652065440"/>
    <nd ref="1752731550"/>
    <nd ref="1752731733"/>
    <nd ref="1752731457"/>
    <nd ref="5443317403"/>
    <nd ref="2249304002"/>
    <nd ref="5443317402"/>
    <nd ref="2249304000"/>
    <nd ref="5443317401"/>
    <nd ref="1752731554"/>
    <nd ref="5443317400"/>
    <nd ref="1752731231"/>
    <nd ref="5443317397"/>
    <nd ref="2249303997"/>
    <nd ref="5443317398"/>
    <nd ref="5443317399"/>
    <nd ref="1752731311"/>
    <nd ref="1752731503"/>
    <nd ref="5653775990"/>
    <nd ref="5443317378"/>
    <nd ref="1752731154"/>
    <nd ref="5443317384"/>
    <nd ref="1752731799"/>
    <nd ref="3881036087"/>
    <nd ref="5443317383"/>
    <nd ref="1752731630"/>
    <nd ref="3881036088"/>
    <nd ref="5443317382"/>
    <nd ref="1752731158"/>
    <nd ref="1752731253"/>
    <tag k="name" v="Kumiela"/>
    <tag k="waterway" v="stream"/>
  </way>
  <way id="459545634">
    <nd ref="732237641"/>
    <nd ref="3350716600"/>
    <nd ref="1869043332"/>
    <nd ref="3350716506"/>
    <nd ref="3350716599"/>
    <nd ref="2254990324"/>
    <nd ref="1376728222"/>
    <nd ref="1874582151"/>
    <nd ref="3350705407"/>
    <nd ref="1874582150"/>
    <nd ref="3350705402"/>
    <nd ref="1376728238"/>
    <nd ref="3350716697"/>
    <nd ref="1874582112"/>
    <nd ref="3350708397"/>
    <nd ref="1376728275"/>
    <nd ref="1376728265"/>
    <nd ref="3350716500"/>
    <nd ref="3350716501"/>
    <nd ref="1376728186"/>
    <nd ref="3350710399"/>
    <nd ref="1376728251"/>
    <nd ref="1376728224"/>
    <nd ref="3350716895"/>
    <nd ref="2254990098"/>
    <nd ref="1376728164"/>
    <nd ref="3935915213"/>
    <nd ref="3350716502"/>
    <nd ref="2385303515"/>
    <nd ref="1376728193"/>
    <nd ref="3350716595"/>
    <nd ref="3350716900"/>
    <nd ref="1376728247"/>
    <nd ref="3350710413"/>
    <nd ref="3350710414"/>
    <nd ref="2254990427"/>
    <nd ref="1709180376"/>
    <tag k="electrified" v="contact_line"/>
    <tag k="frequency" v="0"/>
    <tag k="gauge" v="1000"/>
    <tag k="oneway" v="yes"/>
    <tag k="railway" v="tram"/>
    <tag k="voltage" v="600"/>
  </way>
  <way id="460144921">
    <nd ref="4558220244"/>
    <nd ref="4558220802"/>
    <nd ref="6238172044"/>
    <nd ref="6238172043"/>
    <nd ref="6238172048"/>
    <nd ref="1762378322"/>
    <nd ref="6238172047"/>
    <nd ref="4558220255"/>
    <nd ref="6238172046"/>
    <nd ref="6238172042"/>
    <nd ref="6238172045"/>
    <nd ref="6238172041"/>
    <nd ref="1762378320"/>
    <nd ref="4558220265"/>
    <nd ref="1762378293"/>
    <nd ref="1762378328"/>
    <nd ref="4558220228"/>
    <nd ref="1762378312"/>
    <nd ref="1762378323"/>
    <nd ref="4558220259"/>
    <nd ref="1762378316"/>
    <nd ref="5863265415"/>
    <nd ref="5863265416"/>
    <nd ref="5863265417"/>
    <nd ref="2249269580"/>
    <nd ref="5863265429"/>
    <nd ref="2249269579"/>
    <nd ref="2249269578"/>
    <nd ref="2249269576"/>
    <nd ref="2249269575"/>
    <nd ref="4558220274"/>
    <nd ref="5863265441"/>
    <nd ref="5863265440"/>
    <nd ref="2249269577"/>
    <nd ref="5863265439"/>
    <nd ref="5863265438"/>
    <nd ref="4558220254"/>
    <nd ref="2249269574"/>
    <nd ref="5863265442"/>
    <nd ref="5863265443"/>
    <nd ref="5863265444"/>
    <nd ref="1762378282"/>
    <nd ref="1762378281"/>
    <nd ref="4558220796"/>
    <nd ref="1762378301"/>
    <nd ref="2249269573"/>
    <nd ref="6238172215"/>
    <nd ref="2249269572"/>
    <nd ref="6238172214"/>
    <nd ref="6238172213"/>
    <nd ref="2249269568"/>
    <nd ref="6238172212"/>
    <nd ref="6238172211"/>
    <nd ref="2249269565"/>
    <nd ref="6238172210"/>
    <nd ref="2249269564"/>
    <nd ref="6238172209"/>
    <nd ref="2249269563"/>
    <nd ref="1762378321"/>
    <nd ref="1762378314"/>
    <nd ref="6237154190"/>
    <nd ref="2249269567"/>
    <nd ref="6237154189"/>
    <nd ref="6237154188"/>
    <nd ref="2249269570"/>
    <nd ref="6237154187"/>
    <nd ref="6237154186"/>
    <nd ref="2249269571"/>
    <nd ref="6237154185"/>
    <nd ref="2249269569"/>
    <nd ref="2249269566"/>
    <nd ref="6237154184"/>
    <nd ref="6237154183"/>
    <nd ref="6237154182"/>
    <nd ref="6237154181"/>
    <nd ref="1762378280"/>
    <nd ref="2249269562"/>
    <nd ref="2249269561"/>
    <nd ref="2249269560"/>
    <nd ref="4558220230"/>
    <nd ref="6237154158"/>
    <nd ref="6237154157"/>
    <nd ref="2249269559"/>
    <nd ref="1762378319"/>
    <nd ref="5478362275"/>
    <nd ref="1762378295"/>
    <nd ref="1762378285"/>
    <nd ref="2249269558"/>
    <nd ref="5478362276"/>
    <nd ref="2249269557"/>
    <nd ref="1762378296"/>
    <nd ref="2249269556"/>
    <nd ref="3935927395"/>
    <nd ref="1762378298"/>
    <nd ref="3935928070"/>
    <nd ref="1762378303"/>
    <nd ref="3935927394"/>
    <nd ref="1762378278"/>
    <nd ref="3935928069"/>
    <nd ref="2249269555"/>
    <nd ref="6237149369"/>
    <nd ref="3935927102"/>
    <nd ref="1762378306"/>
    <tag k="name" v="Kumiela"/>
    <tag k="waterway" v="stream"/>
  </way>
  <way id="481269478">
    <nd ref="5471801788"/>
    <nd ref="4742040818"/>
    <nd ref="4431610159"/>
    <nd ref="5438531323"/>
    <nd ref="4742041930"/>
    <nd ref="10124758535"/>
    <nd ref="12785304321"/>
    <nd ref="10124758594"/>
    <nd ref="13450384505"/>
    <nd ref="4742041956"/>
    <tag k="highway" v="service"/>
  </way>
  <way id="481269486">
    <nd ref="4742041956"/>
    <nd ref="10124758544"/>
    <nd ref="10124758543"/>
    <nd ref="10124758542"/>
    <nd ref="10124758533"/>
    <nd ref="5438531340"/>
    <tag k="highway" v="service"/>
  </way>
  <way id="528671843">
    <nd ref="5137127966"/>
    <nd ref="5137127964"/>
    <nd ref="6125305426"/>
    <nd ref="5137127963"/>
    <nd ref="5137127961"/>
    <nd ref="5137127960"/>
    <nd ref="5137127959"/>
    <nd ref="8261451407"/>
    <nd ref="8261451409"/>
    <nd ref="5137127954"/>
    <tag k="embankment" v="yes"/>
    <tag k="highway" v="service"/>
    <tag k="lanes" v="1"/>
    <tag k="lit" v="yes"/>
    <tag k="oneway" v="yes"/>
    <tag k="sidewalk:left" v="no"/>
    <tag k="sidewalk:right" v="separate"/>
    <tag k="smoothness" v="excellent"/>
    <tag k="surface" v="asphalt"/>
  </way>
  <way id="535630455">
    <nd ref="1709180423"/>
    <nd ref="3350716919"/>
    <nd ref="12348812515"/>
    <nd ref="3350716518"/>
    <nd ref="2254991263"/>
    <nd ref="1709180421"/>
    <nd ref="1709180416"/>
    <nd ref="3350716709"/>
    <nd ref="1709180411"/>
    <nd ref="2254991057"/>
    <nd ref="3350738103"/>
    <nd ref="2254990895"/>
    <nd ref="3350737795"/>
    <nd ref="3350726504"/>
    <nd ref="1709180401"/>
    <nd ref="1376728240"/>
    <tag k="electrified" v="contact_line"/>
    <tag k="frequency" v="0"/>
    <tag k="gauge" v="1000"/>
    <tag k="oneway" v="yes"/>
    <tag k="railway" v="tram"/>
    <tag k="voltage" v="600"/>
  </way>
  <way id="535630457">
    <nd ref="1377792975"/>
    <nd ref="5159352779"/>
    <nd ref="1377792977"/>
    <tag k="electrified" v="contact_line"/>
    <tag k="frequency" v="0"/>
    <tag k="gauge" v="1000"/>
    <tag k="oneway" v="yes"/>
    <tag k="railway" v="tram"/>
    <tag k="voltage" v="600"/>
  </way>
  <way id="564405461">
    <nd ref="5437981170"/>
    <nd ref="5438017888"/>
    <nd ref="5438017885"/>
    <tag k="highway" v="service"/>
    <tag k="service" v="parking_aisle"/>
  </way>
  <way id="564405466">
    <nd ref="5438017906"/>
    <nd ref="5437981173"/>
    <nd ref="5437981174"/>
    <nd ref="5438017886"/>
    <tag k="highway" v="service"/>
    <tag k="oneway" v="yes"/>
    <tag k="service" v="parking_aisle"/>
  </way>
  <way id="564410472">
    <nd ref="5438017884"/>
    <nd ref="5438017885"/>
    <tag k="highway" v="service"/>
    <tag k="oneway" v="yes"/>
    <tag k="service" v="parking_aisle"/>
  </way>
  <way id="564410473">
    <nd ref="5438017886"/>
    <nd ref="5438017887"/>
    <tag k="highway" v="service"/>
    <tag k="oneway" v="yes"/>
    <tag k="service" v="parking_aisle"/>
  </way>
  <way id="564410479">
    <nd ref="3350705413"/>
    <nd ref="5437981167"/>
    <nd ref="5438017908"/>
    <nd ref="6083055864"/>
    <nd ref="5645750428"/>
    <nd ref="2254990673"/>
    <nd ref="1740412047"/>
    <nd ref="5437981133"/>
    <nd ref="4552943058"/>
    <nd ref="2254990514"/>
    <nd ref="5437981166"/>
    <nd ref="2254990452"/>
    <nd ref="1376728167"/>
    <tag k="highway" v="service"/>
    <tag k="sidewalk:both" v="separate"/>
  </way>
  <way id="564410480">
    <nd ref="5438017885"/>
    <nd ref="5438017887"/>
    <nd ref="5437981175"/>
    <nd ref="5438017906"/>
    <tag k="highway" v="service"/>
    <tag k="oneway" v="yes"/>
    <tag k="service" v="parking_aisle"/>
  </way>
  <way id="564441563">
    <nd ref="5438285986"/>
    <nd ref="5438285987"/>
    <nd ref="2263122542"/>
    <nd ref="2785115805"/>
    <nd ref="5438285988"/>
    <tag k="highway" v="service"/>
    <tag k="service" v="parking_aisle"/>
  </way>
  <way id="564455012">
    <nd ref="5438428479"/>
    <nd ref="5438428480"/>
    <tag k="highway" v="service"/>
    <tag k="oneway" v="yes"/>
    <tag k="service" v="driveway"/>
  </way>
  <way id="564455013">
    <nd ref="5438407046"/>
    <nd ref="5438407045"/>
    <nd ref="5438428486"/>
    <nd ref="5438428489"/>
    <tag k="highway" v="service"/>
    <tag k="service" v="driveway"/>
  </way>
  <way id="564455014">
    <nd ref="5438428487"/>
    <nd ref="5438428488"/>
    <nd ref="5438428489"/>
    <tag k="highway" v="service"/>
    <tag k="service" v="driveway"/>
  </way>
  <way id="564455015">
    <nd ref="5438428484"/>
    <nd ref="5438428483"/>
    <tag k="highway" v="service"/>
    <tag k="oneway" v="yes"/>
    <tag k="service" v="driveway"/>
  </way>
  <way id="564455016">
    <nd ref="5438428485"/>
    <nd ref="5438428484"/>
    <tag k="highway" v="service"/>
    <tag k="oneway" v="yes"/>
    <tag k="service" v="driveway"/>
    <tag k="tunnel" v="building_passage"/>
  </way>
  <way id="564455017">
    <nd ref="5438428480"/>
    <nd ref="5438428481"/>
    <tag k="highway" v="service"/>
    <tag k="oneway" v="yes"/>
    <tag k="service" v="driveway"/>
    <tag k="surface" v="paved"/>
    <tag k="tunnel" v="building_passage"/>
  </way>
  <way id="564455018">
    <nd ref="5438428481"/>
    <nd ref="5438428482"/>
    <tag k="highway" v="service"/>
    <tag k="oneway" v="yes"/>
    <tag k="service" v="driveway"/>
  </way>
  <way id="564455019">
    <nd ref="5438428489"/>
    <nd ref="5438428482"/>
    <nd ref="5438428490"/>
    <nd ref="5438407047"/>
    <nd ref="5438407048"/>
    <tag k="highway" v="service"/>
    <tag k="service" v="driveway"/>
  </way>
  <way id="564455020">
    <nd ref="5438428489"/>
    <nd ref="5438428485"/>
    <tag k="highway" v="service"/>
    <tag k="oneway" v="yes"/>
    <tag k="service" v="driveway"/>
  </way>
  <way id="564463012">
    <nd ref="5438531339"/>
    <nd ref="4742041943"/>
    <nd ref="5438531338"/>
    <nd ref="5438531336"/>
    <nd ref="4742041967"/>
    <nd ref="5438531335"/>
    <nd ref="5438531337"/>
    <nd ref="4742041953"/>
    <nd ref="5645835840"/>
    <nd ref="5438531343"/>
    <nd ref="10124758476"/>
    <nd ref="12732042948"/>
    <nd ref="10124758471"/>
    <nd ref="4742041884"/>
    <tag k="highway" v="service"/>
    <tag k="service" v="parking_aisle"/>
  </way>
  <way id="564463013">
    <nd ref="12793955324"/>
    <nd ref="12793955323"/>
    <tag k="highway" v="service"/>
    <tag k="service" v="parking_aisle"/>
    <tag k="surface" v="asphalt"/>
    <tag k="tunnel" v="yes"/>
  </way>
  <way id="564463014">
    <nd ref="5438531341"/>
    <nd ref="5438531342"/>
    <nd ref="10124758492"/>
    <nd ref="5438531345"/>
    <nd ref="5438531343"/>
    <tag k="highway" v="service"/>
    <tag k="service" v="parking_aisle"/>
  </way>
  <way id="564463015">
    <nd ref="5438531344"/>
    <nd ref="5438531345"/>
    <tag k="highway" v="service"/>
    <tag k="service" v="parking_aisle"/>
  </way>
  <way id="564463017">
    <nd ref="1869088470"/>
    <nd ref="5438531349"/>
    <nd ref="5438531350"/>
    <nd ref="10124758592"/>
    <nd ref="10124758591"/>
    <tag k="highway" v="service"/>
    <tag k="service" v="parking_aisle"/>
    <tag k="surface" v="paving_stones"/>
  </way>
  <way id="564463018">
    <nd ref="4742041956"/>
    <nd ref="10124753100"/>
    <nd ref="10124758546"/>
    <nd ref="10124758547"/>
    <nd ref="10124758548"/>
    <nd ref="4742041995"/>
    <nd ref="5438531353"/>
    <nd ref="4742041897"/>
    <nd ref="4742041895"/>
    <nd ref="4742041898"/>
    <nd ref="4742041865"/>
    <nd ref="4742041991"/>
    <nd ref="4742040810"/>
    <nd ref="4742041914"/>
    <nd ref="4742041831"/>
    <nd ref="4742041843"/>
    <nd ref="2344154482"/>
    <nd ref="3495263273"/>
    <tag k="highway" v="service"/>
    <tag k="oneway" v="yes"/>
  </way>
  <way id="564475419">
    <nd ref="1753963997"/>
    <nd ref="5438684713"/>
    <nd ref="5438684701"/>
    <nd ref="5438684707"/>
    <tag k="highway" v="service"/>
    <tag k="oneway" v="yes"/>
  </way>
  <way id="564475420">
    <nd ref="1753963997"/>
    <nd ref="5438684727"/>
    <nd ref="5438684728"/>
    <nd ref="5438684698"/>
    <nd ref="5438684656"/>
    <nd ref="12698883219"/>
    <nd ref="1753964006"/>
    <nd ref="1753964237"/>
    <nd ref="12698883218"/>
    <nd ref="12698883217"/>
    <tag k="highway" v="service"/>
  </way>
  <way id="564475421">
    <nd ref="5438684713"/>
    <nd ref="5438684717"/>
    <nd ref="5438684726"/>
    <nd ref="5438684718"/>
    <nd ref="5438684719"/>
    <nd ref="5438684720"/>
    <nd ref="5438684723"/>
    <nd ref="5438684722"/>
    <nd ref="5438684721"/>
    <tag k="highway" v="service"/>
    <tag k="maxweight" v="3.5"/>
    <tag k="oneway" v="yes"/>
  </way>
  <way id="564475422">
    <nd ref="5438684707"/>
    <nd ref="5438684708"/>
    <nd ref="5438684724"/>
    <nd ref="5438684709"/>
    <nd ref="5438684710"/>
    <nd ref="5438684711"/>
    <nd ref="5537749258"/>
    <nd ref="5438684725"/>
    <nd ref="5438684722"/>
    <tag k="highway" v="service"/>
    <tag k="oneway" v="yes"/>
  </way>
  <way id="564475724">
    <nd ref="5438687746"/>
    <nd ref="12772139258"/>
    <nd ref="12772139259"/>
    <nd ref="12772138902"/>
    <nd ref="5438684649"/>
    <tag k="highway" v="service"/>
  </way>
  <way id="564591187">
    <nd ref="1869140946"/>
    <nd ref="5439354107"/>
    <nd ref="5439354108"/>
    <tag k="highway" v="living_street"/>
  </way>
  <way id="564791082">
    <nd ref="5440827409"/>
    <nd ref="5643683177"/>
    <nd ref="5440827386"/>
    <tag k="highway" v="service"/>
  </way>
  <way id="564791084">
    <nd ref="5440827394"/>
    <nd ref="5440827393"/>
    <tag k="highway" v="service"/>
    <tag k="oneway" v="yes"/>
    <tag k="service" v="driveway"/>
    <tag k="tunnel" v="building_passage"/>
  </way>
  <way id="564791085">
    <nd ref="1555898246"/>
    <nd ref="5643689185"/>
    <nd ref="5440827394"/>
    <tag k="highway" v="service"/>
    <tag k="oneway" v="yes"/>
    <tag k="service" v="driveway"/>
  </way>
  <way id="564791086">
    <nd ref="5440827382"/>
    <nd ref="5643683185"/>
    <nd ref="5643689184"/>
    <nd ref="5440827385"/>
    <nd ref="5440827412"/>
    <nd ref="5440827388"/>
    <tag k="highway" v="service"/>
  </way>
  <way id="564791087">
    <nd ref="5440827387"/>
    <nd ref="5440827403"/>
    <nd ref="5440827396"/>
    <nd ref="13665079691"/>
    <nd ref="5440827400"/>
    <nd ref="5440827404"/>
    <nd ref="5440968644"/>
    <tag k="highway" v="service"/>
    <tag k="oneway" v="yes"/>
  </way>
  <way id="564791088">
    <nd ref="5440827407"/>
    <nd ref="13665079657"/>
    <nd ref="5440827408"/>
    <tag k="highway" v="service"/>
    <tag k="name" v="Zbyszka Godlewskiego"/>
  </way>
  <way id="564791090">
    <nd ref="1869140946"/>
    <nd ref="1304261353"/>
    <nd ref="5439354108"/>
    <nd ref="1304261358"/>
    <nd ref="1304261361"/>
    <nd ref="2399711515"/>
    <nd ref="5439354114"/>
    <nd ref="1555898141"/>
    <nd ref="1869140946"/>
    <tag k="highway" v="living_street"/>
    <tag k="name" v="Mączna"/>
  </way>
  <way id="564791091">
    <nd ref="5440827419"/>
    <nd ref="1869140946"/>
    <tag k="highway" v="living_street"/>
    <tag k="name" v="Mączna"/>
  </way>
  <way id="564806478">
    <nd ref="5440968685"/>
    <nd ref="12913425588"/>
    <nd ref="12913425586"/>
    <nd ref="12913425587"/>
    <nd ref="1304261335"/>
    <tag k="highway" v="residential"/>
    <tag k="name" v="Krótka"/>
    <tag k="oneway" v="yes"/>
  </way>
  <way id="564806481">
    <nd ref="5440968683"/>
    <nd ref="8016524244"/>
    <tag k="highway" v="service"/>
    <tag k="motor_vehicle" v="permissive"/>
  </way>
  <way id="564806482">
    <nd ref="5440968683"/>
    <nd ref="5440968686"/>
    <tag k="highway" v="service"/>
  </way>
  <way id="564807267">
    <nd ref="5440827393"/>
    <nd ref="5440827387"/>
    <tag k="highway" v="service"/>
    <tag k="oneway" v="yes"/>
    <tag k="service" v="driveway"/>
  </way>
  <way id="564931929">
    <nd ref="1556117467"/>
    <nd ref="5442033040"/>
    <nd ref="5442033038"/>
    <nd ref="5442033039"/>
    <tag k="highway" v="service"/>
  </way>
  <way id="564954190">
    <nd ref="5442183780"/>
    <nd ref="5442183781"/>
    <nd ref="5442183782"/>
    <nd ref="5442183783"/>
    <nd ref="5442183784"/>
    <tag k="highway" v="service"/>
    <tag k="oneway" v="yes"/>
    <tag k="service" v="driveway"/>
  </way>
  <way id="564960961">
    <nd ref="1296875266"/>
    <nd ref="5536207418"/>
    <nd ref="11156243957"/>
    <nd ref="5442231997"/>
    <nd ref="5442183764"/>
    <nd ref="5442183780"/>
    <nd ref="5442183774"/>
    <nd ref="1296876022"/>
    <nd ref="2251107549"/>
    <nd ref="5442231996"/>
    <nd ref="2251107550"/>
    <nd ref="5442231998"/>
    <nd ref="3495193666"/>
    <nd ref="5645375205"/>
    <nd ref="2424616958"/>
    <nd ref="1751188974"/>
    <tag k="highway" v="residential"/>
    <tag k="lanes" v="3"/>
    <tag k="lanes:backward" v="1"/>
    <tag k="lanes:forward" v="2"/>
    <tag k="name" v="Sopocka"/>
    <tag k="surface" v="asphalt"/>
    <tag k="turn:lanes:backward" v="none"/>
    <tag k="turn:lanes:forward" v="left;through|right"/>
  </way>
  <way id="565011220">
    <nd ref="5442574869"/>
    <nd ref="5442574870"/>
    <tag k="highway" v="service"/>
    <tag k="service" v="parking_aisle"/>
  </way>
  <way id="565011221">
    <nd ref="5442574871"/>
    <nd ref="5442574872"/>
    <nd ref="5442574873"/>
    <nd ref="5645802914"/>
    <nd ref="5442574874"/>
    <tag k="highway" v="service"/>
    <tag k="service" v="parking_aisle"/>
  </way>
  <way id="565011222">
    <nd ref="5442574875"/>
    <nd ref="5645802918"/>
    <nd ref="5442574876"/>
    <nd ref="5442574877"/>
    <nd ref="5442574880"/>
    <nd ref="5645802927"/>
    <nd ref="5442574870"/>
    <nd ref="5645802926"/>
    <nd ref="12047207348"/>
    <nd ref="5442574881"/>
    <tag k="highway" v="living_street"/>
    <tag k="oneway" v="yes"/>
  </way>
  <way id="565011223">
    <nd ref="5438428483"/>
    <nd ref="5442574882"/>
    <tag k="highway" v="service"/>
  </way>
  <way id="565011224">
    <nd ref="5442574878"/>
    <nd ref="5442574879"/>
    <tag k="highway" v="service"/>
    <tag k="service" v="parking_aisle"/>
  </way>
  <way id="565011225">
    <nd ref="5442574882"/>
    <nd ref="5442574881"/>
    <tag k="highway" v="living_street"/>
  </way>
  <way id="565011226">
    <nd ref="5442574883"/>
    <nd ref="5442574884"/>
    <tag k="highway" v="service"/>
    <tag k="service" v="driveway"/>
  </way>
  <way id="565011228">
    <nd ref="5442574881"/>
    <nd ref="5645802907"/>
    <nd ref="5442574878"/>
    <tag k="highway" v="living_street"/>
  </way>
  <way id="565011229">
    <nd ref="5442574881"/>
    <nd ref="5442574883"/>
    <nd ref="5442574874"/>
    <nd ref="5442574875"/>
    <tag k="highway" v="living_street"/>
  </way>
  <way id="565011230">
    <nd ref="5438428479"/>
    <nd ref="10031641716"/>
    <nd ref="1558337028"/>
    <nd ref="2344151953"/>
    <nd ref="4431610154"/>
    <nd ref="5645835899"/>
    <nd ref="1296875312"/>
    <tag k="cycleway" v="no"/>
    <tag k="highway" v="residential"/>
    <tag k="maxweight" v="3.5"/>
    <tag k="name" v="Henryka Nitschmanna"/>
  </way>
  <way id="565044367">
    <nd ref="1304261351"/>
    <nd ref="5440827378"/>
    <nd ref="2253931883"/>
    <nd ref="5643689196"/>
    <nd ref="1304261349"/>
    <nd ref="2417861311"/>
    <tag k="highway" v="service"/>
  </way>
  <way id="565044369">
    <nd ref="2253931819"/>
    <nd ref="1304261351"/>
    <tag k="highway" v="service"/>
    <tag k="tunnel" v="passage"/>
  </way>
  <way id="565115496">
    <nd ref="5443427542"/>
    <nd ref="1753964149"/>
    <nd ref="1753964289"/>
    <tag k="highway" v="service"/>
  </way>
  <way id="566139962">
    <nd ref="5451351815"/>
    <nd ref="5451351814"/>
    <nd ref="5451351813"/>
    <nd ref="5451351812"/>
    <nd ref="5451351811"/>
    <nd ref="5451351810"/>
    <nd ref="5451351809"/>
    <nd ref="5451351815"/>
    <nd ref="5536207644"/>
    <nd ref="5451351808"/>
    <nd ref="5451351807"/>
    <nd ref="5451351799"/>
    <tag k="highway" v="service"/>
    <tag k="service" v="parking_aisle"/>
  </way>
  <way id="566139963">
    <nd ref="5451351809"/>
    <nd ref="5451351816"/>
    <nd ref="5451351817"/>
    <nd ref="5536207643"/>
    <nd ref="5451351807"/>
    <tag k="highway" v="service"/>
    <tag k="service" v="parking_aisle"/>
  </way>
  <way id="566139964">
    <nd ref="5451351819"/>
    <nd ref="5451351818"/>
    <tag k="highway" v="service"/>
    <tag k="service" v="driveway"/>
    <tag k="tunnel" v="building_passage"/>
  </way>
  <way id="566139965">
    <nd ref="5451351818"/>
    <nd ref="5451351805"/>
    <nd ref="5451351806"/>
    <tag k="highway" v="service"/>
    <tag k="service" v="parking_aisle"/>
  </way>
  <way id="566139966">
    <nd ref="5451352621"/>
    <nd ref="5451352622"/>
    <tag k="highway" v="service"/>
    <tag k="service" v="parking_aisle"/>
  </way>
  <way id="566142243">
    <nd ref="5451351799"/>
    <nd ref="5451351819"/>
    <tag k="highway" v="service"/>
    <tag k="service" v="driveway"/>
  </way>
  <way id="566412643">
    <nd ref="1751188974"/>
    <nd ref="5644504292"/>
    <nd ref="1707370268"/>
    <nd ref="2278899204"/>
    <nd ref="5440827381"/>
    <nd ref="417963090"/>
    <nd ref="5440827380"/>
    <nd ref="8259953827"/>
    <nd ref="1747626290"/>
    <tag k="highway" v="secondary"/>
    <tag k="highway:category:pl" v="2"/>
    <tag k="lanes" v="4"/>
    <tag k="lanes:backward" v="2"/>
    <tag k="lanes:forward" v="2"/>
    <tag k="name" v="Rycerska"/>
    <tag k="ref" v="503"/>
    <tag k="sidewalk:both" v="separate"/>
    <tag k="turn:lanes:forward" v="left|through;right"/>
  </way>
  <way id="566413489">
    <nd ref="2934458253"/>
    <nd ref="5440827379"/>
    <nd ref="417963090"/>
    <tag k="highway" v="residential"/>
    <tag k="lanes" v="3"/>
    <tag k="lanes:backward" v="1"/>
    <tag k="lanes:forward" v="2"/>
    <tag k="lit" v="yes"/>
    <tag k="maxspeed" v="50"/>
    <tag k="name" v="Giermków"/>
    <tag k="sidewalk:both" v="separate"/>
    <tag k="surface" v="asphalt"/>
    <tag k="turn:lanes:forward" v="left|through;right"/>
  </way>
  <way id="568744856">
    <nd ref="2516837681"/>
    <nd ref="12698883231"/>
    <nd ref="12698883230"/>
    <nd ref="8296759383"/>
    <nd ref="5645380165"/>
    <nd ref="2424616984"/>
    <nd ref="12698883224"/>
    <nd ref="12698883225"/>
    <nd ref="1707370286"/>
    <nd ref="12698883223"/>
    <tag k="highway" v="secondary"/>
    <tag k="highway:category:pl" v="2"/>
    <tag k="lane_markings" v="yes"/>
    <tag k="lanes" v="3"/>
    <tag k="maxspeed" v="50"/>
    <tag k="name" v="Aleja Tysiąclecia"/>
    <tag k="oneway" v="yes"/>
    <tag k="ref" v="500"/>
    <tag k="sidewalk:left" v="no"/>
    <tag k="sidewalk:right" v="separate"/>
    <tag k="source:maxspeed" v="PL:urban"/>
    <tag k="surface" v="asphalt"/>
    <tag k="turn:lanes" v="left|through|through"/>
  </way>
  <way id="568744857">
    <nd ref="5471315622"/>
    <nd ref="5471315623"/>
    <nd ref="5471315624"/>
    <nd ref="5537742485"/>
    <nd ref="5471315625"/>
    <tag k="highway" v="service"/>
    <tag k="service" v="parking_aisle"/>
  </way>
  <way id="568792054">
    <nd ref="5471777535"/>
    <nd ref="5658150476"/>
    <nd ref="5658193165"/>
    <nd ref="5471777542"/>
    <nd ref="3495193622"/>
    <nd ref="3303500090"/>
    <nd ref="12698849794"/>
    <nd ref="11193188547"/>
    <nd ref="11193188549"/>
    <nd ref="1753964230"/>
    <tag k="highway" v="secondary"/>
    <tag k="highway:category:pl" v="2"/>
    <tag k="lanes" v="2"/>
    <tag k="maxspeed" v="50"/>
    <tag k="name" v="Aleja Grunwaldzka"/>
    <tag k="oneway" v="yes"/>
    <tag k="ref" v="500"/>
    <tag k="sidewalk:left" v="no"/>
    <tag k="sidewalk:right" v="separate"/>
    <tag k="source:maxspeed" v="PL:urban"/>
    <tag k="surface" v="asphalt"/>
  </way>
  <way id="569696542">
    <nd ref="3935927101"/>
    <nd ref="3935925530"/>
    <tag k="name" v="Kumiela"/>
    <tag k="waterway" v="stream"/>
  </way>
  <way id="569696543">
    <nd ref="1762378306"/>
    <nd ref="3935915099"/>
    <nd ref="3935927101"/>
    <tag k="layer" v="-1"/>
    <tag k="name" v="Kumiela"/>
    <tag k="tunnel" v="culvert"/>
    <tag k="waterway" v="stream"/>
  </way>
  <way id="569696544">
    <nd ref="3935925530"/>
    <nd ref="1762378286"/>
    <tag k="layer" v="-1"/>
    <tag k="name" v="Kumiela"/>
    <tag k="tunnel" v="culvert"/>
    <tag k="waterway" v="stream"/>
  </way>
  <way id="569696545">
    <nd ref="1762378286"/>
    <nd ref="3935915888"/>
    <nd ref="1762378309"/>
    <nd ref="3935927390"/>
    <nd ref="2249269553"/>
    <nd ref="3935927099"/>
    <nd ref="3935927097"/>
    <nd ref="3935925521"/>
    <nd ref="2249269551"/>
    <nd ref="3935915242"/>
    <nd ref="1762378307"/>
    <nd ref="3935927387"/>
    <nd ref="3935927380"/>
    <nd ref="3935927086"/>
    <nd ref="3935927367"/>
    <nd ref="3935927360"/>
    <nd ref="3935925503"/>
    <nd ref="3935915232"/>
    <nd ref="3935918245"/>
    <nd ref="3935915095"/>
    <nd ref="3935920052"/>
    <nd ref="2414222086"/>
    <nd ref="2518367385"/>
    <nd ref="1762378310"/>
    <nd ref="2249269548"/>
    <nd ref="2249269547"/>
    <nd ref="1762378315"/>
    <nd ref="2518367290"/>
    <nd ref="1762378329"/>
    <nd ref="2414222103"/>
    <nd ref="5909763238"/>
    <nd ref="2414222100"/>
    <nd ref="1762378272"/>
    <nd ref="3559462704"/>
    <nd ref="5909763237"/>
    <nd ref="1762378274"/>
    <nd ref="3935918243"/>
    <nd ref="1762378284"/>
    <nd ref="2518367400"/>
    <nd ref="5894579873"/>
    <nd ref="9822707313"/>
    <nd ref="1762378273"/>
    <nd ref="1762378330"/>
    <nd ref="2412954532"/>
    <nd ref="5478465922"/>
    <nd ref="5478462520"/>
    <nd ref="5478465921"/>
    <nd ref="2424657586"/>
    <nd ref="2424657585"/>
    <nd ref="1762378313"/>
    <nd ref="2412954602"/>
    <nd ref="5478465923"/>
    <nd ref="2424657587"/>
    <nd ref="1762378318"/>
    <nd ref="5478465924"/>
    <nd ref="2412954560"/>
    <nd ref="5478465925"/>
    <nd ref="1762378277"/>
    <nd ref="3559434929"/>
    <nd ref="3559434922"/>
    <nd ref="3559451410"/>
    <nd ref="3559434917"/>
    <nd ref="3559451409"/>
    <nd ref="3559468694"/>
    <nd ref="3559492596"/>
    <nd ref="2424657584"/>
    <nd ref="1762378290"/>
    <nd ref="9822708651"/>
    <nd ref="2249299246"/>
    <nd ref="1762378291"/>
    <nd ref="2249299245"/>
    <nd ref="1762378305"/>
    <nd ref="2412954593"/>
    <nd ref="1752731340"/>
    <nd ref="3935915084"/>
    <tag k="name" v="Kumiela"/>
    <tag k="waterway" v="stream"/>
  </way>
  <way id="570002502">
    <nd ref="1762378299"/>
    <nd ref="6253482619"/>
    <nd ref="4068975224"/>
    <nd ref="6253482620"/>
    <nd ref="2249269597"/>
    <nd ref="4068975223"/>
    <nd ref="5480645515"/>
    <nd ref="2249269596"/>
    <nd ref="4068975710"/>
    <nd ref="2249269594"/>
    <nd ref="4068976217"/>
    <nd ref="2249269595"/>
    <nd ref="4068975615"/>
    <nd ref="2249269593"/>
    <nd ref="4068975708"/>
    <nd ref="2249269592"/>
    <nd ref="4068975707"/>
    <nd ref="2249269591"/>
    <nd ref="4068975515"/>
    <nd ref="2249269590"/>
    <nd ref="2249269589"/>
    <nd ref="4068975221"/>
    <nd ref="4068976216"/>
    <nd ref="4068975220"/>
    <nd ref="4068975514"/>
    <nd ref="4068976215"/>
    <nd ref="4068975219"/>
    <nd ref="4068976302"/>
    <nd ref="4068975419"/>
    <nd ref="4068975314"/>
    <nd ref="4068976301"/>
    <nd ref="2249269587"/>
    <nd ref="6252184652"/>
    <nd ref="4068976213"/>
    <nd ref="4068976210"/>
    <nd ref="4068975313"/>
    <nd ref="2249269585"/>
    <nd ref="4068976209"/>
    <nd ref="2807538539"/>
    <nd ref="2249269584"/>
    <nd ref="6239833311"/>
    <tag k="name" v="Kumiela"/>
    <tag k="waterway" v="stream"/>
  </way>
  <way id="570002503">
    <nd ref="2462423622"/>
    <nd ref="3313256052"/>
    <nd ref="1762378299"/>
    <tag k="layer" v="-1"/>
    <tag k="name" v="Kumiela"/>
    <tag k="tunnel" v="culvert"/>
    <tag k="waterway" v="stream"/>
  </way>
  <way id="575568419">
    <nd ref="13363464012"/>
    <nd ref="5522797502"/>
    <nd ref="5522797501"/>
    <nd ref="5522797503"/>
    <nd ref="5531302728"/>
    <nd ref="5522797517"/>
    <nd ref="2807040260"/>
    <tag k="highway" v="residential"/>
    <tag k="name" v="Przymurze"/>
    <tag k="sidewalk:both" v="separate"/>
  </way>
  <way id="575584507">
    <nd ref="5522798257"/>
    <nd ref="12337911151"/>
    <nd ref="5522798258"/>
    <nd ref="10936897161"/>
    <nd ref="5522798259"/>
    <tag k="highway" v="service"/>
    <tag k="service" v="parking_aisle"/>
  </way>
  <way id="577446013">
    <nd ref="5535691322"/>
    <nd ref="5535691323"/>
    <nd ref="5535691324"/>
    <nd ref="5535691325"/>
    <nd ref="5535691326"/>
    <nd ref="5535691327"/>
    <nd ref="5535691328"/>
    <tag k="access" v="destination"/>
    <tag k="highway" v="service"/>
  </way>
  <way id="577449786">
    <nd ref="5535723526"/>
    <nd ref="5535723527"/>
    <nd ref="5535723528"/>
    <nd ref="5535723529"/>
    <tag k="highway" v="service"/>
  </way>
  <way id="577458629">
    <nd ref="5535786910"/>
    <nd ref="5535786911"/>
    <nd ref="5535786912"/>
    <nd ref="5535786913"/>
    <nd ref="5535786914"/>
    <nd ref="5535786915"/>
    <nd ref="5535786916"/>
    <nd ref="5535786917"/>
    <nd ref="5535786918"/>
    <tag k="highway" v="service"/>
  </way>
  <way id="577517268">
    <nd ref="319175860"/>
    <nd ref="5536207383"/>
    <nd ref="5536207384"/>
    <nd ref="5536207392"/>
    <nd ref="5536207385"/>
    <nd ref="5536207386"/>
    <nd ref="5536207387"/>
    <nd ref="5536207388"/>
    <nd ref="5536207389"/>
    <nd ref="5536207385"/>
    <tag k="highway" v="service"/>
    <tag k="service" v="parking_aisle"/>
  </way>
  <way id="577517269">
    <nd ref="5536207390"/>
    <nd ref="5536207391"/>
    <nd ref="5536207392"/>
    <tag k="highway" v="service"/>
    <tag k="service" v="parking_aisle"/>
  </way>
  <way id="577517271">
    <nd ref="5536207668"/>
    <nd ref="5536207401"/>
    <nd ref="5536207402"/>
    <nd ref="5536207403"/>
    <tag k="highway" v="service"/>
    <tag k="service" v="driveway"/>
  </way>
  <way id="577517272">
    <nd ref="5536207405"/>
    <nd ref="5536207661"/>
    <nd ref="5536207406"/>
    <nd ref="5536207407"/>
    <nd ref="5536207408"/>
    <nd ref="10846820545"/>
    <nd ref="5536207409"/>
    <nd ref="5536207410"/>
    <tag k="highway" v="service"/>
  </way>
  <way id="577517273">
    <nd ref="5536207414"/>
    <nd ref="5536207416"/>
    <nd ref="5536207417"/>
    <nd ref="5536207412"/>
    <tag k="highway" v="service"/>
  </way>
  <way id="577517274">
    <nd ref="5536207418"/>
    <nd ref="5536207631"/>
    <nd ref="5536207625"/>
    <nd ref="5536207419"/>
    <nd ref="5536207420"/>
    <nd ref="5536207621"/>
    <nd ref="5536207622"/>
    <tag k="highway" v="service"/>
    <tag k="service" v="parking_aisle"/>
  </way>
  <way id="577517275">
    <nd ref="5536207623"/>
    <nd ref="5536207624"/>
    <nd ref="5536207419"/>
    <tag k="highway" v="service"/>
    <tag k="service" v="parking_aisle"/>
  </way>
  <way id="577517276">
    <nd ref="5536207625"/>
    <nd ref="5536207626"/>
    <nd ref="5536207627"/>
    <tag k="highway" v="service"/>
    <tag k="service" v="parking_aisle"/>
  </way>
  <way id="577517279">
    <nd ref="5451351820"/>
    <nd ref="5442183767"/>
    <nd ref="1296876022"/>
    <tag k="highway" v="service"/>
    <tag k="name" v="Huzarska"/>
  </way>
  <way id="577517281">
    <nd ref="5536207651"/>
    <nd ref="5536207656"/>
    <nd ref="5536207652"/>
    <nd ref="5536207653"/>
    <tag k="highway" v="service"/>
  </way>
  <way id="577730054">
    <nd ref="5537742508"/>
    <nd ref="5537742509"/>
    <nd ref="5537742515"/>
    <nd ref="5537742510"/>
    <nd ref="5537742511"/>
    <nd ref="5537742512"/>
    <nd ref="5537742513"/>
    <nd ref="5537742514"/>
    <tag k="highway" v="service"/>
  </way>
  <way id="577730055">
    <nd ref="5537742515"/>
    <nd ref="5537742516"/>
    <tag k="highway" v="service"/>
  </way>
  <way id="577730056">
    <nd ref="5537749128"/>
    <nd ref="5537749129"/>
    <nd ref="5537749154"/>
    <nd ref="5537749131"/>
    <nd ref="5537749134"/>
    <nd ref="5537749135"/>
    <nd ref="5537749138"/>
    <nd ref="5537749140"/>
    <tag k="highway" v="service"/>
  </way>
  <way id="577730058">
    <nd ref="5537749154"/>
    <nd ref="5537749159"/>
    <nd ref="5537749155"/>
    <tag k="highway" v="service"/>
  </way>
  <way id="577730061">
    <nd ref="5537749172"/>
    <nd ref="5537749173"/>
    <tag k="highway" v="service"/>
  </way>
  <way id="577730063">
    <nd ref="5537749178"/>
    <nd ref="5537749179"/>
    <nd ref="5537749180"/>
    <nd ref="5537749181"/>
    <tag k="highway" v="service"/>
  </way>
  <way id="577730064">
    <nd ref="5537749180"/>
    <nd ref="5537749182"/>
    <tag k="highway" v="service"/>
  </way>
  <way id="577730066">
    <nd ref="5537749186"/>
    <nd ref="5537749187"/>
    <nd ref="5537749188"/>
    <nd ref="5537749189"/>
    <nd ref="1296875296"/>
    <tag k="highway" v="service"/>
    <tag k="service" v="parking_aisle"/>
  </way>
  <way id="577730069">
    <nd ref="5537749217"/>
    <nd ref="5537749218"/>
    <nd ref="5537749219"/>
    <nd ref="5537749222"/>
    <tag k="highway" v="service"/>
    <tag k="service" v="driveway"/>
  </way>
  <way id="577730070">
    <nd ref="5537749222"/>
    <nd ref="5537749236"/>
    <nd ref="5537749237"/>
    <nd ref="5537749238"/>
    <tag k="highway" v="service"/>
    <tag k="service" v="driveway"/>
  </way>
  <way id="577730071">
    <nd ref="5537749253"/>
    <nd ref="5537749254"/>
    <tag k="highway" v="service"/>
    <tag k="oneway" v="yes"/>
    <tag k="tunnel" v="yes"/>
  </way>
  <way id="577730072">
    <nd ref="5537749254"/>
    <nd ref="1753963997"/>
    <tag k="highway" v="service"/>
    <tag k="oneway" v="yes"/>
  </way>
  <way id="577730081">
    <nd ref="5537749323"/>
    <nd ref="5537749325"/>
    <nd ref="5537749324"/>
    <tag k="highway" v="service"/>
  </way>
  <way id="577730082">
    <nd ref="5537749325"/>
    <nd ref="5537749326"/>
    <tag k="highway" v="service"/>
  </way>
  <way id="577730083">
    <nd ref="5537749326"/>
    <nd ref="5537749327"/>
    <tag k="highway" v="service"/>
    <tag k="layer" v="-1"/>
    <tag k="tunnel" v="yes"/>
  </way>
  <way id="577730084">
    <nd ref="5537749327"/>
    <nd ref="12698057652"/>
    <nd ref="5537749328"/>
    <tag k="highway" v="service"/>
  </way>
  <way id="577730090">
    <nd ref="5537749382"/>
    <nd ref="6125227243"/>
    <nd ref="5537749391"/>
    <nd ref="5537749383"/>
    <tag k="highway" v="service"/>
  </way>
  <way id="577730091">
    <nd ref="5537749390"/>
    <nd ref="5537749395"/>
    <nd ref="5537749391"/>
    <tag k="highway" v="service"/>
  </way>
  <way id="577730099">
    <nd ref="5537749421"/>
    <nd ref="12698057638"/>
    <nd ref="5537749422"/>
    <nd ref="5537749427"/>
    <nd ref="5537749423"/>
    <nd ref="5537749424"/>
    <nd ref="5537749425"/>
    <nd ref="5537749426"/>
    <tag k="highway" v="service"/>
  </way>
  <way id="591049648">
    <nd ref="5642241677"/>
    <nd ref="8168817397"/>
    <nd ref="8168817398"/>
    <nd ref="5642241678"/>
    <nd ref="7165676985"/>
    <nd ref="5642241680"/>
    <nd ref="5642241681"/>
    <nd ref="5642241682"/>
    <tag k="highway" v="service"/>
  </way>
  <way id="591049649">
    <nd ref="5642241848"/>
    <nd ref="12913417096"/>
    <nd ref="5642241683"/>
    <tag k="highway" v="service"/>
  </way>
  <way id="591049657">
    <nd ref="5440968647"/>
    <nd ref="5643682418"/>
    <nd ref="1304261357"/>
    <tag k="highway" v="service"/>
    <tag k="lanes" v="1"/>
    <tag k="lit" v="yes"/>
    <tag k="maxspeed" v="20"/>
    <tag k="oneway" v="yes"/>
    <tag k="sidewalk" v="left"/>
  </way>
  <way id="591049665">
    <nd ref="5642241880"/>
    <nd ref="5642241881"/>
    <tag k="highway" v="service"/>
  </way>
  <way id="591189229">
    <nd ref="5643682361"/>
    <nd ref="5643682362"/>
    <nd ref="5643682363"/>
    <nd ref="5643682364"/>
    <nd ref="5643682365"/>
    <nd ref="5643682366"/>
    <nd ref="5643682367"/>
    <nd ref="5643682368"/>
    <nd ref="5643682369"/>
    <nd ref="5643682370"/>
    <nd ref="5643682371"/>
    <nd ref="5643682372"/>
    <nd ref="5643682373"/>
    <nd ref="5643682374"/>
    <nd ref="5643682375"/>
    <nd ref="5643682376"/>
    <nd ref="5643682377"/>
    <nd ref="5643682378"/>
    <nd ref="5643682379"/>
    <nd ref="5643682380"/>
    <nd ref="5643682381"/>
    <nd ref="5643682382"/>
    <nd ref="5643682361"/>
    <tag k="amenity" v="fountain"/>
    <tag k="natural" v="water"/>
    <tag k="water" v="fountain"/>
  </way>
  <way id="591258424">
    <nd ref="1556117566"/>
    <nd ref="5644504302"/>
    <nd ref="1556117470"/>
    <tag k="highway" v="service"/>
    <tag k="name" v="Plac Wolności"/>
    <tag k="oneway" v="yes"/>
  </way>
  <way id="591402415">
    <nd ref="5443317372"/>
    <nd ref="5646189642"/>
    <nd ref="5646189378"/>
    <nd ref="2785115723"/>
    <tag k="highway" v="service"/>
  </way>
  <way id="591402427">
    <nd ref="5443317373"/>
    <nd ref="5443317372"/>
    <tag k="highway" v="service"/>
  </way>
  <way id="591402434">
    <nd ref="10824003447"/>
    <nd ref="9822658406"/>
    <nd ref="5646189689"/>
    <nd ref="5646189669"/>
    <nd ref="5646189668"/>
    <nd ref="5646189667"/>
    <nd ref="5646189666"/>
    <nd ref="5646189665"/>
    <nd ref="5646189664"/>
    <nd ref="5646189663"/>
    <nd ref="5646189662"/>
    <nd ref="5646189675"/>
    <nd ref="5646189821"/>
    <tag k="highway" v="service"/>
  </way>
  <way id="591402435">
    <nd ref="5646189667"/>
    <nd ref="5646189676"/>
    <nd ref="5646189672"/>
    <nd ref="5646189670"/>
    <tag k="highway" v="service"/>
  </way>
  <way id="591402436">
    <nd ref="5646189671"/>
    <nd ref="9822658404"/>
    <tag k="highway" v="service"/>
  </way>
  <way id="591402437">
    <nd ref="5646189670"/>
    <nd ref="5646189671"/>
    <tag k="highway" v="service"/>
    <tag k="layer" v="-1"/>
    <tag k="tunnel" v="yes"/>
  </way>
  <way id="591402438">
    <nd ref="5646189672"/>
    <nd ref="5646189673"/>
    <nd ref="5646189674"/>
    <nd ref="5646189684"/>
    <nd ref="5646189675"/>
    <tag k="highway" v="service"/>
  </way>
  <way id="592137186">
    <nd ref="5652062043"/>
    <nd ref="5652062063"/>
    <nd ref="5652062044"/>
    <nd ref="5652062045"/>
    <nd ref="5652062050"/>
    <nd ref="5652062046"/>
    <nd ref="5652062047"/>
    <tag k="highway" v="service"/>
    <tag k="service" v="parking_aisle"/>
  </way>
  <way id="592365848">
    <nd ref="5653775962"/>
    <nd ref="5653775963"/>
    <nd ref="5653775964"/>
    <nd ref="5653775965"/>
    <tag k="highway" v="service"/>
  </way>
  <way id="592365853">
    <nd ref="5653775964"/>
    <nd ref="5653775979"/>
    <nd ref="5653775980"/>
    <nd ref="5653775984"/>
    <nd ref="5653775981"/>
    <nd ref="5653775982"/>
    <tag k="highway" v="service"/>
  </way>
  <way id="592365855">
    <nd ref="5653775983"/>
    <nd ref="5653775984"/>
    <tag k="highway" v="service"/>
  </way>
  <way id="592986688">
    <nd ref="3187749322"/>
    <nd ref="5658193209"/>
    <nd ref="5658193203"/>
    <nd ref="5658193204"/>
    <tag k="highway" v="service"/>
  </way>
  <way id="592994430">
    <nd ref="5658241151"/>
    <nd ref="5658241158"/>
    <nd ref="5658241152"/>
    <nd ref="5658241153"/>
    <nd ref="5658241154"/>
    <nd ref="5658241155"/>
    <nd ref="5658241156"/>
    <nd ref="5658241161"/>
    <nd ref="5658241157"/>
    <tag k="highway" v="service"/>
  </way>
  <way id="592994432">
    <nd ref="5658241163"/>
    <nd ref="5658241164"/>
    <nd ref="5658241165"/>
    <nd ref="5658241166"/>
    <tag k="highway" v="service"/>
  </way>
  <way id="592994433">
    <nd ref="5658241165"/>
    <nd ref="5658241167"/>
    <nd ref="5658241168"/>
    <tag k="highway" v="service"/>
  </way>
  <way id="631639042">
    <nd ref="5137128258"/>
    <nd ref="8283410065"/>
    <nd ref="5137127939"/>
    <nd ref="5137127940"/>
    <nd ref="5137127941"/>
    <nd ref="5137127942"/>
    <nd ref="5137127943"/>
    <nd ref="5137127944"/>
    <nd ref="5137127945"/>
    <tag k="embankment" v="yes"/>
    <tag k="highway" v="service"/>
    <tag k="lanes" v="1"/>
    <tag k="lit" v="yes"/>
    <tag k="oneway" v="yes"/>
    <tag k="sidewalk:left" v="no"/>
    <tag k="sidewalk:right" v="separate"/>
    <tag k="smoothness" v="excellent"/>
    <tag k="surface" v="asphalt"/>
  </way>
  <way id="631639051">
    <nd ref="5137127945"/>
    <nd ref="5137127946"/>
    <nd ref="5137127948"/>
    <nd ref="6462610780"/>
    <nd ref="5972596926"/>
    <nd ref="5972596928"/>
    <nd ref="5137127953"/>
    <tag k="highway" v="service"/>
    <tag k="lanes" v="1"/>
    <tag k="lit" v="yes"/>
    <tag k="oneway" v="yes"/>
    <tag k="sidewalk:left" v="no"/>
    <tag k="sidewalk:right" v="separate"/>
    <tag k="smoothness" v="excellent"/>
    <tag k="surface" v="asphalt"/>
  </way>
  <way id="631639091">
    <nd ref="5137127948"/>
    <nd ref="5964728307"/>
    <nd ref="6125298796"/>
    <nd ref="5964728396"/>
    <nd ref="5964728394"/>
    <nd ref="5964728306"/>
    <nd ref="5964728305"/>
    <nd ref="8957619985"/>
    <nd ref="5964728304"/>
    <nd ref="5964728303"/>
    <tag k="highway" v="service"/>
  </way>
  <way id="631639106">
    <nd ref="5137127966"/>
    <nd ref="5137127945"/>
    <nd ref="6125302020"/>
    <nd ref="5137127931"/>
    <nd ref="5137127930"/>
    <nd ref="5964728330"/>
    <tag k="highway" v="service"/>
    <tag k="oneway" v="yes"/>
  </way>
  <way id="631639133">
    <nd ref="1753964282"/>
    <nd ref="5964728334"/>
    <nd ref="5964728333"/>
    <nd ref="5964728197"/>
    <nd ref="5137127930"/>
    <nd ref="5964728332"/>
    <nd ref="5964728331"/>
    <tag k="highway" v="service"/>
  </way>
  <way id="631639143">
    <nd ref="1753964282"/>
    <nd ref="5964728330"/>
    <nd ref="5964728331"/>
    <nd ref="5443427542"/>
    <tag k="highway" v="service"/>
  </way>
  <way id="632571951">
    <nd ref="1296875266"/>
    <nd ref="5442183768"/>
    <nd ref="2424616868"/>
    <nd ref="2251107548"/>
    <nd ref="1296875305"/>
    <nd ref="12666537752"/>
    <nd ref="5535691322"/>
    <nd ref="319175854"/>
    <nd ref="12666537750"/>
    <nd ref="1296875064"/>
    <tag k="highway" v="residential"/>
    <tag k="lanes" v="2"/>
    <tag k="lit" v="yes"/>
    <tag k="maxspeed" v="50"/>
    <tag k="name" v="Zagonowa"/>
    <tag k="sidewalk" v="both"/>
    <tag k="surface" v="asphalt"/>
  </way>
  <way id="667738611">
    <nd ref="6239833311"/>
    <nd ref="6252257610"/>
    <nd ref="6239833312"/>
    <nd ref="6252257611"/>
    <tag k="layer" v="-1"/>
    <tag k="name" v="Kumiela"/>
    <tag k="tunnel" v="culvert"/>
    <tag k="waterway" v="stream"/>
  </way>
  <way id="667738612">
    <nd ref="6252257611"/>
    <nd ref="1762378317"/>
    <nd ref="4068975218"/>
    <nd ref="6239833315"/>
    <nd ref="2249269588"/>
    <nd ref="6239833314"/>
    <nd ref="4068975706"/>
    <nd ref="6239833313"/>
    <nd ref="1762378289"/>
    <nd ref="4068975420"/>
    <nd ref="2249269586"/>
    <nd ref="4068976211"/>
    <nd ref="1762378333"/>
    <nd ref="2249269583"/>
    <nd ref="4068976300"/>
    <nd ref="2249269582"/>
    <nd ref="6239833320"/>
    <nd ref="1762378300"/>
    <nd ref="1762378294"/>
    <nd ref="6239833319"/>
    <nd ref="6239833318"/>
    <nd ref="6239833331"/>
    <nd ref="1762378288"/>
    <nd ref="1762378326"/>
    <nd ref="1762378331"/>
    <nd ref="1762378279"/>
    <nd ref="4558220244"/>
    <tag k="name" v="Kumiela"/>
    <tag k="waterway" v="stream"/>
  </way>
  <way id="669217459">
    <nd ref="6266706899"/>
    <nd ref="6266706913"/>
    <nd ref="6266706914"/>
    <nd ref="6266706898"/>
    <nd ref="6266706897"/>
    <nd ref="6266706896"/>
    <nd ref="6266706895"/>
    <nd ref="6266706894"/>
    <nd ref="12779950489"/>
    <nd ref="6266706893"/>
    <nd ref="6266706889"/>
    <tag k="name" v="Kumiela"/>
    <tag k="waterway" v="stream"/>
  </way>
  <way id="669217462">
    <nd ref="6266706902"/>
    <nd ref="6266706901"/>
    <nd ref="6266706962"/>
    <nd ref="6266706900"/>
    <tag k="waterway" v="stream"/>
  </way>
  <way id="669217463">
    <nd ref="6266706900"/>
    <nd ref="6266706899"/>
    <tag k="layer" v="-1"/>
    <tag k="tunnel" v="culvert"/>
    <tag k="waterway" v="stream"/>
  </way>
  <way id="669495662">
    <nd ref="4583889978"/>
    <nd ref="2462423640"/>
    <nd ref="3313256060"/>
    <nd ref="2462423639"/>
    <nd ref="6269632622"/>
    <nd ref="2462423636"/>
    <nd ref="2462423637"/>
    <nd ref="6269632621"/>
    <nd ref="2462423638"/>
    <nd ref="2462423634"/>
    <nd ref="2462423631"/>
    <nd ref="4583867711"/>
    <nd ref="4583867728"/>
    <nd ref="2462423632"/>
    <nd ref="2462423635"/>
    <nd ref="6269633195"/>
    <nd ref="4583867710"/>
    <nd ref="6269633194"/>
    <nd ref="2462423628"/>
    <nd ref="2462423627"/>
    <nd ref="2462423626"/>
    <nd ref="2462423625"/>
    <nd ref="2462423624"/>
    <nd ref="2462423623"/>
    <nd ref="4583867723"/>
    <nd ref="4068975226"/>
    <nd ref="3313256054"/>
    <nd ref="6266437247"/>
    <nd ref="2462423622"/>
    <tag k="name" v="Kumiela"/>
    <tag k="waterway" v="stream"/>
  </way>
  <way id="757833130">
    <nd ref="4218229467"/>
    <nd ref="7077475436"/>
    <nd ref="4218229465"/>
    <nd ref="4218229464"/>
    <nd ref="4218229463"/>
    <nd ref="4218229462"/>
    <nd ref="4218229461"/>
    <nd ref="7077475434"/>
    <nd ref="11263359525"/>
    <nd ref="4218229460"/>
    <nd ref="4218229459"/>
    <nd ref="4218229458"/>
    <nd ref="7077475432"/>
    <nd ref="4218229457"/>
    <nd ref="4218229456"/>
    <nd ref="4218229455"/>
    <nd ref="7077475431"/>
    <nd ref="7077475430"/>
    <nd ref="7077475429"/>
    <nd ref="4218229454"/>
    <nd ref="4218229453"/>
    <nd ref="4218229452"/>
    <nd ref="4218229451"/>
    <nd ref="4218229450"/>
    <nd ref="4218229449"/>
    <nd ref="4218229448"/>
    <nd ref="4218229447"/>
    <nd ref="4218229446"/>
    <nd ref="7077475428"/>
    <nd ref="7077475427"/>
    <nd ref="4218229445"/>
    <nd ref="4218229444"/>
    <nd ref="7077475426"/>
    <nd ref="7077475425"/>
    <nd ref="4218229443"/>
    <nd ref="7077475424"/>
    <tag k="name" v="Kumiela"/>
    <tag k="waterway" v="stream"/>
  </way>
  <way id="757833131">
    <nd ref="4218229442"/>
    <nd ref="7077475424"/>
    <tag k="layer" v="-1"/>
    <tag k="name" v="Kumiela"/>
    <tag k="tunnel" v="culvert"/>
    <tag k="waterway" v="stream"/>
  </way>
  <way id="757833132">
    <nd ref="4218229467"/>
    <nd ref="4218229468"/>
    <tag k="layer" v="-1"/>
    <tag k="name" v="Kumiela"/>
    <tag k="tunnel" v="culvert"/>
    <tag k="waterway" v="stream"/>
  </way>
  <way id="759341707">
    <nd ref="7093354438"/>
    <nd ref="7093354437"/>
    <nd ref="7093354436"/>
    <nd ref="7093354435"/>
    <nd ref="7093354434"/>
    <nd ref="7093354433"/>
    <nd ref="7093354432"/>
    <nd ref="7093354431"/>
    <nd ref="7093354430"/>
    <nd ref="7093354429"/>
    <nd ref="7093354428"/>
    <nd ref="7093354427"/>
    <nd ref="7093354426"/>
    <nd ref="7093354425"/>
    <nd ref="7093354424"/>
    <nd ref="7093354423"/>
    <nd ref="7093354422"/>
    <nd ref="7093354421"/>
    <nd ref="2355025085"/>
    <nd ref="2355025072"/>
    <nd ref="2355025010"/>
    <nd ref="2355024978"/>
    <nd ref="2355024935"/>
    <nd ref="2355024887"/>
    <nd ref="2355024750"/>
    <nd ref="2355024738"/>
    <nd ref="2355024722"/>
    <nd ref="2355024718"/>
    <nd ref="2355024699"/>
    <nd ref="2355024677"/>
    <nd ref="2355024644"/>
    <nd ref="2355024628"/>
    <nd ref="2355024576"/>
    <nd ref="2355024562"/>
    <nd ref="2355024536"/>
    <nd ref="2355024497"/>
    <nd ref="2355024476"/>
    <nd ref="2355024454"/>
    <nd ref="2355024435"/>
    <nd ref="7093354420"/>
    <nd ref="7093354419"/>
    <nd ref="2355024411"/>
    <nd ref="2355024403"/>
    <nd ref="2355024396"/>
    <nd ref="2355024391"/>
    <nd ref="2355024361"/>
    <nd ref="2355024355"/>
    <nd ref="2355024331"/>
    <nd ref="7093354418"/>
    <nd ref="2355023648"/>
    <nd ref="2355023661"/>
    <nd ref="2355023646"/>
    <nd ref="2355023635"/>
    <nd ref="7093354417"/>
    <nd ref="2355023605"/>
    <nd ref="7093425297"/>
    <nd ref="2355023562"/>
    <tag k="name" v="Kumiela"/>
    <tag k="waterway" v="stream"/>
  </way>
  <way id="761029090">
    <nd ref="2355023561"/>
    <nd ref="2355023558"/>
    <nd ref="2355023551"/>
    <nd ref="2355023540"/>
    <nd ref="2355023539"/>
    <nd ref="2355023525"/>
    <nd ref="2355023514"/>
    <nd ref="2355023509"/>
    <nd ref="2355023498"/>
    <nd ref="2355023479"/>
    <nd ref="2355023472"/>
    <nd ref="7093354416"/>
    <nd ref="2355023461"/>
    <nd ref="2355023458"/>
    <nd ref="2355023455"/>
    <nd ref="2355023452"/>
    <nd ref="2355023445"/>
    <nd ref="2355023432"/>
    <nd ref="2355023412"/>
    <nd ref="2355023400"/>
    <nd ref="2355023355"/>
    <nd ref="2355023351"/>
    <nd ref="2289071160"/>
    <nd ref="2289071157"/>
    <nd ref="2289071149"/>
    <nd ref="2289071141"/>
    <nd ref="2289071137"/>
    <nd ref="2289071133"/>
    <nd ref="2289071131"/>
    <nd ref="2289071128"/>
    <nd ref="2289071126"/>
    <nd ref="2289071125"/>
    <nd ref="2289071124"/>
    <nd ref="2289071123"/>
    <nd ref="2289071122"/>
    <nd ref="2289071121"/>
    <nd ref="2289071119"/>
    <nd ref="2289071118"/>
    <nd ref="2289071116"/>
    <nd ref="2289071115"/>
    <nd ref="2289071113"/>
    <nd ref="2289071112"/>
    <nd ref="2289071108"/>
    <nd ref="2289071107"/>
    <nd ref="2289071110"/>
    <nd ref="2289071111"/>
    <nd ref="2289071109"/>
    <nd ref="2289071106"/>
    <nd ref="2289071105"/>
    <nd ref="2289071104"/>
    <nd ref="2289071103"/>
    <nd ref="2289071102"/>
    <nd ref="2289071101"/>
    <nd ref="2289071100"/>
    <nd ref="2289071098"/>
    <nd ref="2289071097"/>
    <nd ref="2289071096"/>
    <nd ref="2289071095"/>
    <nd ref="7092855012"/>
    <nd ref="2289071094"/>
    <nd ref="2289071093"/>
    <nd ref="2289071092"/>
    <nd ref="2289071091"/>
    <nd ref="2289071090"/>
    <nd ref="2289071088"/>
    <nd ref="2289071085"/>
    <nd ref="2289071084"/>
    <nd ref="2289071086"/>
    <nd ref="2289071083"/>
    <nd ref="2289071082"/>
    <nd ref="2289071081"/>
    <nd ref="2289071080"/>
    <nd ref="2289071078"/>
    <nd ref="2289071077"/>
    <nd ref="2289071076"/>
    <nd ref="2289071074"/>
    <nd ref="2289071073"/>
    <nd ref="2289071072"/>
    <nd ref="2289071070"/>
    <nd ref="2289071071"/>
    <nd ref="2289071068"/>
    <nd ref="2289071067"/>
    <nd ref="2289071066"/>
    <nd ref="2289071065"/>
    <nd ref="2289071064"/>
    <nd ref="2289071062"/>
    <nd ref="2289071060"/>
    <nd ref="2289071061"/>
    <nd ref="7092855011"/>
    <nd ref="2289071059"/>
    <nd ref="2355023022"/>
    <nd ref="2289071054"/>
    <nd ref="2289071048"/>
    <nd ref="2289071044"/>
    <nd ref="2289071038"/>
    <nd ref="2289071034"/>
    <nd ref="2289071033"/>
    <nd ref="2289071027"/>
    <nd ref="2289071024"/>
    <nd ref="2289071025"/>
    <nd ref="2289071028"/>
    <nd ref="2289071031"/>
    <nd ref="2289071037"/>
    <nd ref="2289071039"/>
    <nd ref="2289071040"/>
    <nd ref="2289071043"/>
    <nd ref="2289071046"/>
    <nd ref="2289071052"/>
    <nd ref="2289071050"/>
    <nd ref="2289071047"/>
    <nd ref="2289071049"/>
    <nd ref="2289071051"/>
    <nd ref="2289071057"/>
    <nd ref="2289071053"/>
    <nd ref="2289071045"/>
    <nd ref="2289071041"/>
    <nd ref="2289071036"/>
    <nd ref="2289071035"/>
    <nd ref="2289071029"/>
    <nd ref="2289071026"/>
    <nd ref="2289071023"/>
    <nd ref="2289071022"/>
    <nd ref="2289071021"/>
    <nd ref="2289071017"/>
    <nd ref="2289071015"/>
    <nd ref="2289071012"/>
    <nd ref="2289071013"/>
    <nd ref="2289071020"/>
    <nd ref="2289071019"/>
    <nd ref="2289071018"/>
    <nd ref="2289071014"/>
    <nd ref="2289071011"/>
    <nd ref="2289071010"/>
    <nd ref="2289071007"/>
    <nd ref="2289071005"/>
    <nd ref="2289070998"/>
    <nd ref="2289070997"/>
    <nd ref="2289070999"/>
    <nd ref="2289071003"/>
    <nd ref="2289071004"/>
    <nd ref="2289071001"/>
    <nd ref="2289070995"/>
    <nd ref="2289070993"/>
    <nd ref="2289070991"/>
    <nd ref="2289070990"/>
    <nd ref="2289070989"/>
    <nd ref="2289070987"/>
    <nd ref="2289070985"/>
    <nd ref="2289070983"/>
    <nd ref="2289070980"/>
    <nd ref="2289070978"/>
    <nd ref="2289070974"/>
    <nd ref="2289070973"/>
    <nd ref="2289070971"/>
    <nd ref="2289070970"/>
    <nd ref="2289070969"/>
    <nd ref="2289070968"/>
    <nd ref="2289070963"/>
    <nd ref="2289070962"/>
    <nd ref="2289070958"/>
    <nd ref="2289070956"/>
    <nd ref="2289070952"/>
    <nd ref="2289070950"/>
    <nd ref="2289070944"/>
    <nd ref="7091840544"/>
    <nd ref="2289070942"/>
    <nd ref="2289070936"/>
    <nd ref="2289070908"/>
    <nd ref="2289070906"/>
    <nd ref="2289070888"/>
    <nd ref="2289070882"/>
    <nd ref="2289070879"/>
    <nd ref="2289070875"/>
    <nd ref="2289070870"/>
    <nd ref="2289070872"/>
    <nd ref="2289070873"/>
    <nd ref="2289070874"/>
    <nd ref="2289070887"/>
    <nd ref="2289070894"/>
    <nd ref="2289070903"/>
    <nd ref="2289070916"/>
    <nd ref="2289070925"/>
    <nd ref="7091840543"/>
    <nd ref="2289070930"/>
    <nd ref="2289070927"/>
    <nd ref="2289070924"/>
    <nd ref="2289070919"/>
    <nd ref="2289070913"/>
    <nd ref="2289070911"/>
    <nd ref="2289070912"/>
    <nd ref="2289070920"/>
    <nd ref="2289070923"/>
    <nd ref="2289070932"/>
    <nd ref="2289070937"/>
    <nd ref="2289070935"/>
    <nd ref="2289070929"/>
    <nd ref="2289070934"/>
    <nd ref="2289070928"/>
    <nd ref="2289070910"/>
    <nd ref="2289070902"/>
    <nd ref="2289070900"/>
    <nd ref="2289070898"/>
    <nd ref="2289070895"/>
    <nd ref="2289070905"/>
    <nd ref="2289070909"/>
    <nd ref="2289070907"/>
    <nd ref="2289070893"/>
    <nd ref="2289070884"/>
    <nd ref="2289070880"/>
    <nd ref="2289070869"/>
    <nd ref="2289070861"/>
    <nd ref="2289070857"/>
    <nd ref="2289070850"/>
    <nd ref="2289070847"/>
    <nd ref="2289070846"/>
    <nd ref="7091840542"/>
    <nd ref="2289070842"/>
    <nd ref="2289070840"/>
    <nd ref="2289070836"/>
    <nd ref="2289070833"/>
    <nd ref="2289070832"/>
    <nd ref="2289070828"/>
    <nd ref="2289070827"/>
    <nd ref="2289070826"/>
    <nd ref="2289070823"/>
    <nd ref="2289070821"/>
    <nd ref="2289070820"/>
    <nd ref="2289070819"/>
    <nd ref="2289070811"/>
    <nd ref="2289070810"/>
    <nd ref="2289070804"/>
    <nd ref="2289070806"/>
    <nd ref="2289070808"/>
    <nd ref="2289070802"/>
    <nd ref="2289070798"/>
    <nd ref="2289070795"/>
    <nd ref="2289070794"/>
    <nd ref="2289070786"/>
    <nd ref="2289070783"/>
    <nd ref="2289070760"/>
    <nd ref="2289070758"/>
    <nd ref="2289070757"/>
    <nd ref="2289070755"/>
    <nd ref="2289070754"/>
    <nd ref="2289070753"/>
    <nd ref="2289070752"/>
    <nd ref="2289070748"/>
    <nd ref="2289070747"/>
    <nd ref="2289070745"/>
    <nd ref="7091840541"/>
    <nd ref="7091840540"/>
    <nd ref="2289070741"/>
    <nd ref="2289070740"/>
    <nd ref="2289070739"/>
    <nd ref="2289070737"/>
    <nd ref="2289070736"/>
    <nd ref="2289070735"/>
    <nd ref="2289070733"/>
    <nd ref="2289070730"/>
    <nd ref="2289070729"/>
    <nd ref="2289070727"/>
    <nd ref="2289070726"/>
    <nd ref="2289070724"/>
    <nd ref="7091840539"/>
    <nd ref="2289070723"/>
    <nd ref="7091840538"/>
    <nd ref="2289070716"/>
    <nd ref="2289070712"/>
    <nd ref="2289070710"/>
    <nd ref="2289070708"/>
    <nd ref="2289070705"/>
    <nd ref="2289070701"/>
    <nd ref="2289070699"/>
    <nd ref="2289070697"/>
    <nd ref="2289070695"/>
    <nd ref="2289070688"/>
    <nd ref="2289070686"/>
    <nd ref="2289070684"/>
    <nd ref="7091840537"/>
    <nd ref="2289070682"/>
    <nd ref="7091840536"/>
    <nd ref="2289070673"/>
    <nd ref="2289070665"/>
    <nd ref="7091840535"/>
    <nd ref="2289070667"/>
    <nd ref="2289070664"/>
    <nd ref="2289070662"/>
    <nd ref="2289070655"/>
    <nd ref="2289070653"/>
    <nd ref="2289070648"/>
    <nd ref="2289070645"/>
    <nd ref="2289070643"/>
    <nd ref="2289070635"/>
    <nd ref="2289070634"/>
    <nd ref="2289070630"/>
    <nd ref="2289070627"/>
    <nd ref="2289070625"/>
    <nd ref="2289070621"/>
    <nd ref="2289070617"/>
    <nd ref="2289070610"/>
    <nd ref="2289070608"/>
    <nd ref="2289070605"/>
    <nd ref="2289070601"/>
    <nd ref="2289070600"/>
    <nd ref="2289070599"/>
    <nd ref="2289070596"/>
    <nd ref="2289070595"/>
    <nd ref="2289070594"/>
    <nd ref="2289070593"/>
    <nd ref="2289070592"/>
    <nd ref="2289070591"/>
    <nd ref="2289070590"/>
    <nd ref="2289070588"/>
    <nd ref="2289070587"/>
    <nd ref="2289070586"/>
    <nd ref="2289070585"/>
    <nd ref="2289070584"/>
    <nd ref="7091840533"/>
    <nd ref="2289070583"/>
    <nd ref="2289070582"/>
    <nd ref="2289070581"/>
    <nd ref="2289070579"/>
    <nd ref="2289070577"/>
    <nd ref="2289070574"/>
    <nd ref="2289070573"/>
    <nd ref="2289070572"/>
    <nd ref="2289070571"/>
    <nd ref="2289070570"/>
    <nd ref="2289070565"/>
    <nd ref="7091672353"/>
    <nd ref="2289070560"/>
    <nd ref="2289070555"/>
    <nd ref="2289070557"/>
    <nd ref="2289070561"/>
    <nd ref="2289070563"/>
    <nd ref="2289070566"/>
    <nd ref="2289070569"/>
    <nd ref="2289070568"/>
    <nd ref="2289070567"/>
    <nd ref="2289070564"/>
    <nd ref="2289070562"/>
    <nd ref="2289070559"/>
    <nd ref="2289070558"/>
    <nd ref="2289070556"/>
    <nd ref="2289070554"/>
    <nd ref="2289070553"/>
    <nd ref="2289070552"/>
    <nd ref="2289070550"/>
    <nd ref="2289070549"/>
    <nd ref="2289070551"/>
    <nd ref="2289070545"/>
    <nd ref="2289070543"/>
    <nd ref="2289070542"/>
    <nd ref="2289070539"/>
    <nd ref="2289070541"/>
    <nd ref="2289070544"/>
    <nd ref="2289070547"/>
    <nd ref="2289070548"/>
    <nd ref="7091672352"/>
    <nd ref="2289070546"/>
    <nd ref="2289070540"/>
    <nd ref="7091672351"/>
    <nd ref="2289070538"/>
    <nd ref="2289070537"/>
    <nd ref="2289070536"/>
    <nd ref="7091672350"/>
    <nd ref="2289070535"/>
    <nd ref="7091672349"/>
    <nd ref="2289070534"/>
    <nd ref="2289070533"/>
    <nd ref="2289070532"/>
    <tag k="name" v="Kumiela"/>
    <tag k="waterway" v="stream"/>
  </way>
  <way id="761029091">
    <nd ref="2355023562"/>
    <nd ref="2355023561"/>
    <tag k="layer" v="-1"/>
    <tag k="name" v="Kumiela"/>
    <tag k="tunnel" v="culvert"/>
    <tag k="waterway" v="stream"/>
  </way>
  <way id="767460589">
    <nd ref="7165676985"/>
    <nd ref="7165626184"/>
    <tag k="highway" v="service"/>
  </way>
  <way id="860109298">
    <nd ref="8016524244"/>
    <nd ref="13665079598"/>
    <nd ref="8016524243"/>
    <nd ref="5440968685"/>
    <tag k="highway" v="service"/>
    <tag k="motor_vehicle" v="permissive"/>
  </way>
  <way id="891182994">
    <nd ref="443694506"/>
    <nd ref="8282974646"/>
    <nd ref="8282974647"/>
    <nd ref="8282974648"/>
    <nd ref="8282974649"/>
    <nd ref="2255593373"/>
    <nd ref="1304254076"/>
    <tag k="highway" v="tertiary"/>
    <tag k="lanes" v="3"/>
    <tag k="name" v="Generała Stefana Grota-Roweckiego"/>
    <tag k="oneway" v="yes"/>
    <tag k="sidewalk:left" v="no"/>
    <tag k="sidewalk:right" v="separate"/>
    <tag k="turn:lanes" v="left|through|through;right"/>
  </way>
  <way id="891182995">
    <nd ref="1304254038"/>
    <nd ref="5478655541"/>
    <nd ref="2255593325"/>
    <nd ref="8282974661"/>
    <nd ref="8282974659"/>
    <nd ref="8282974658"/>
    <nd ref="8282974656"/>
    <nd ref="1304258707"/>
    <tag k="highway" v="tertiary"/>
    <tag k="name" v="Generała Stefana Grota-Roweckiego"/>
    <tag k="oneway" v="yes"/>
    <tag k="sidewalk:left" v="no"/>
    <tag k="sidewalk:right" v="separate"/>
  </way>
  <way id="891272103">
    <nd ref="2380195004"/>
    <nd ref="3277671792"/>
    <nd ref="2380195006"/>
    <nd ref="1304258679"/>
    <nd ref="2353320870"/>
    <nd ref="2380195021"/>
    <nd ref="1304258782"/>
    <nd ref="2421608638"/>
    <nd ref="1304261327"/>
    <tag k="highway" v="secondary"/>
    <tag k="highway:category:pl" v="2"/>
    <tag k="lanes" v="2"/>
    <tag k="name" v="Pocztowa"/>
    <tag k="oneway" v="yes"/>
    <tag k="ref" v="503"/>
    <tag k="sidewalk:left" v="no"/>
    <tag k="sidewalk:right" v="separate"/>
  </way>
  <way id="955238337">
    <nd ref="2253966012"/>
    <nd ref="1304258791"/>
    <tag k="highway" v="secondary"/>
    <tag k="highway:category:pl" v="2"/>
    <tag k="lanes" v="2"/>
    <tag k="lit" v="yes"/>
    <tag k="maxspeed" v="50"/>
    <tag k="oneway" v="no"/>
    <tag k="ref" v="500"/>
    <tag k="sidewalk:both" v="separate"/>
    <tag k="surface" v="asphalt"/>
  </way>
  <way id="962505858">
    <nd ref="5535691329"/>
    <nd ref="5535691328"/>
    <nd ref="5535691203"/>
    <nd ref="5535691204"/>
    <nd ref="5535691201"/>
    <nd ref="5535691205"/>
    <nd ref="5535691206"/>
    <tag k="access" v="destination"/>
    <tag k="highway" v="service"/>
  </way>
  <way id="968217374">
    <nd ref="8957619985"/>
    <nd ref="8957619984"/>
    <nd ref="1747660818"/>
    <tag k="highway" v="service"/>
  </way>
  <way id="968217375">
    <nd ref="5964728303"/>
    <nd ref="5964728302"/>
    <nd ref="8957619986"/>
    <nd ref="5964729087"/>
    <tag k="highway" v="service"/>
  </way>
  <way id="968217376">
    <nd ref="5964728333"/>
    <nd ref="8957619987"/>
    <nd ref="6125288878"/>
    <nd ref="1747660818"/>
    <tag k="highway" v="service"/>
    <tag k="service" v="driveway"/>
  </way>
  <way id="1014556632">
    <nd ref="1304258947"/>
    <nd ref="12698849793"/>
    <nd ref="11193188558"/>
    <nd ref="11649016214"/>
    <nd ref="12698849791"/>
    <nd ref="9360211386"/>
    <tag k="highway" v="tertiary"/>
    <tag k="name" v="Związku Jaszczurczego"/>
    <tag k="oneway" v="yes"/>
    <tag k="source" v="UMP-PL"/>
    <tag k="surface" v="asphalt"/>
  </way>
  <way id="1071944691">
    <nd ref="5536207403"/>
    <nd ref="9836041546"/>
    <tag k="highway" v="service"/>
    <tag k="service" v="driveway"/>
  </way>
  <way id="1079093318">
    <nd ref="12698883223"/>
    <nd ref="12698883220"/>
    <nd ref="12698883222"/>
    <nd ref="12698883226"/>
    <nd ref="2251085656"/>
    <nd ref="5645380164"/>
    <nd ref="8296759384"/>
    <nd ref="1753964068"/>
    <tag k="highway" v="secondary"/>
    <tag k="highway:category:pl" v="2"/>
    <tag k="lanes" v="2"/>
    <tag k="maxspeed" v="50"/>
    <tag k="name" v="Aleja Tysiąclecia"/>
    <tag k="oneway" v="yes"/>
    <tag k="ref" v="500"/>
    <tag k="sidewalk:left" v="no"/>
    <tag k="sidewalk:right" v="separate"/>
    <tag k="source:maxspeed" v="PL:urban"/>
    <tag k="surface" v="asphalt"/>
  </way>
  <way id="1079093319">
    <nd ref="3621017851"/>
    <nd ref="8168858286"/>
    <nd ref="5644504306"/>
    <nd ref="5471315635"/>
    <nd ref="3495194440"/>
    <tag k="highway" v="secondary"/>
    <tag k="highway:category:pl" v="2"/>
    <tag k="lanes" v="2"/>
    <tag k="maxspeed" v="50"/>
    <tag k="name" v="Aleja Tysiąclecia"/>
    <tag k="oneway" v="yes"/>
    <tag k="ref" v="500"/>
    <tag k="sidewalk:left" v="no"/>
    <tag k="sidewalk:right" v="separate"/>
    <tag k="source:maxspeed" v="PL:urban"/>
    <tag k="surface" v="asphalt"/>
  </way>
  <way id="1079093320">
    <nd ref="3495194440"/>
    <nd ref="9892057882"/>
    <nd ref="12698882762"/>
    <nd ref="5644504305"/>
    <nd ref="8168858287"/>
    <nd ref="319175038"/>
    <tag k="highway" v="secondary"/>
    <tag k="highway:category:pl" v="2"/>
    <tag k="lanes" v="2"/>
    <tag k="maxspeed" v="50"/>
    <tag k="name" v="Aleja Tysiąclecia"/>
    <tag k="oneway" v="yes"/>
    <tag k="ref" v="500"/>
    <tag k="sidewalk:left" v="no"/>
    <tag k="sidewalk:right" v="separate"/>
    <tag k="source:maxspeed" v="PL:urban"/>
    <tag k="surface" v="asphalt"/>
  </way>
  <way id="1079093321">
    <nd ref="9892057883"/>
    <nd ref="12698794557"/>
    <nd ref="2263122557"/>
    <nd ref="12698794555"/>
    <nd ref="5439354092"/>
    <tag k="highway" v="secondary"/>
    <tag k="highway:category:pl" v="2"/>
    <tag k="lanes" v="4"/>
    <tag k="maxspeed" v="50"/>
    <tag k="name" v="Aleja Tysiąclecia"/>
    <tag k="ref" v="500"/>
    <tag k="sidewalk:both" v="separate"/>
    <tag k="source:maxspeed" v="PL:urban"/>
    <tag k="surface" v="asphalt"/>
    <tag k="turn:lanes:forward" v="left|through;right"/>
  </way>
  <way id="1084361805">
    <nd ref="3733150386"/>
    <nd ref="9937074918"/>
    <nd ref="3733150395"/>
    <nd ref="1978147626"/>
    <nd ref="9936971217"/>
    <nd ref="3733170817"/>
    <nd ref="3822563758"/>
    <nd ref="253608668"/>
    <nd ref="9936971206"/>
    <nd ref="3822573530"/>
    <nd ref="8957619982"/>
    <nd ref="1707478886"/>
    <nd ref="5964728338"/>
    <nd ref="3733170773"/>
    <nd ref="3733170774"/>
    <nd ref="1296875292"/>
    <nd ref="9936971203"/>
    <nd ref="9936971202"/>
    <nd ref="253608669"/>
    <nd ref="9936652228"/>
    <nd ref="1707478778"/>
    <nd ref="1707478728"/>
    <nd ref="9936652232"/>
    <tag k="electrified" v="contact_line"/>
    <tag k="frequency" v="0"/>
    <tag k="gauge" v="1435"/>
    <tag k="maxspeed" v="100"/>
    <tag k="operator" v="PKP Polskie Linie Kolejowe"/>
    <tag k="operator:short" v="PKP PLK"/>
    <tag k="passenger_lines" v="2"/>
    <tag k="railway" v="rail"/>
    <tag k="railway:track_class" v="C3"/>
    <tag k="railway:track_ref" v="2"/>
    <tag k="ref" v="204"/>
    <tag k="usage" v="main"/>
    <tag k="voltage" v="3000"/>
    <tag k="workrules" v="PL:Ir-1"/>
  </way>
  <way id="1084361806">
    <nd ref="9936652233"/>
    <nd ref="3733170781"/>
    <nd ref="3822573539"/>
    <nd ref="3733170785"/>
    <nd ref="3733170803"/>
    <nd ref="9936971200"/>
    <nd ref="3733170786"/>
    <nd ref="3733170808"/>
    <nd ref="9936971201"/>
    <nd ref="3733170787"/>
    <nd ref="6125284124"/>
    <nd ref="3733170801"/>
    <nd ref="9936971204"/>
    <nd ref="3822573535"/>
    <nd ref="9936971208"/>
    <nd ref="9936971207"/>
    <nd ref="3733150405"/>
    <nd ref="3733170775"/>
    <nd ref="3822563759"/>
    <nd ref="3733150403"/>
    <nd ref="3733150398"/>
    <nd ref="9937074924"/>
    <nd ref="9937074923"/>
    <nd ref="3733150399"/>
    <tag k="electrified" v="contact_line"/>
    <tag k="frequency" v="0"/>
    <tag k="gauge" v="1435"/>
    <tag k="maxspeed" v="100"/>
    <tag k="operator" v="PKP Polskie Linie Kolejowe"/>
    <tag k="operator:short" v="PKP PLK"/>
    <tag k="passenger_lines" v="2"/>
    <tag k="railway" v="rail"/>
    <tag k="railway:track_class" v="C3"/>
    <tag k="railway:track_ref" v="1"/>
    <tag k="ref" v="204"/>
    <tag k="usage" v="main"/>
    <tag k="voltage" v="3000"/>
    <tag k="workrules" v="PL:Ir-1"/>
  </way>
  <way id="1084361808">
    <nd ref="3733170774"/>
    <nd ref="9936971193"/>
    <nd ref="9936971192"/>
    <nd ref="9936971190"/>
    <nd ref="9936971191"/>
    <nd ref="3733170792"/>
    <nd ref="9936652230"/>
    <nd ref="3733170782"/>
    <nd ref="3733170809"/>
    <nd ref="3733175085"/>
    <nd ref="3733189837"/>
    <nd ref="9936652212"/>
    <nd ref="9936652213"/>
    <nd ref="3734055255"/>
    <tag k="electrified" v="contact_line"/>
    <tag k="frequency" v="0"/>
    <tag k="gauge" v="1435"/>
    <tag k="railway" v="rail"/>
    <tag k="railway:track_ref" v="6"/>
    <tag k="service" v="siding"/>
    <tag k="voltage" v="3000"/>
  </way>
  <way id="1106380485">
    <nd ref="2424616996"/>
    <nd ref="2424616987"/>
    <nd ref="1305376932"/>
    <tag k="highway" v="service"/>
    <tag k="service" v="parking_aisle"/>
  </way>
  <way id="1106380486">
    <nd ref="1305376932"/>
    <nd ref="10124236443"/>
    <tag k="highway" v="service"/>
  </way>
  <way id="1106426593">
    <nd ref="10124753083"/>
    <nd ref="10124753081"/>
    <tag k="highway" v="service"/>
    <tag k="name" v="Oboźna"/>
    <tag k="source" v="UMP-PL"/>
    <tag k="surface" v="asphalt"/>
  </way>
  <way id="1106426594">
    <nd ref="10124753077"/>
    <nd ref="10824003443"/>
    <nd ref="10824003444"/>
    <nd ref="10824003445"/>
    <nd ref="10124753078"/>
    <tag k="access" v="no"/>
    <tag k="foot" v="yes"/>
    <tag k="goods" v="no"/>
    <tag k="hgv" v="no"/>
    <tag k="highway" v="service"/>
    <tag k="motorcar" v="private"/>
    <tag k="service" v="parking_aisle"/>
    <tag k="surface" v="paving_stones"/>
    <tag k="vehicle" v="private"/>
  </way>
  <way id="1106426595">
    <nd ref="10124753077"/>
    <nd ref="10824003446"/>
    <nd ref="10124753076"/>
    <nd ref="10124753075"/>
    <nd ref="10124753074"/>
    <tag k="access" v="no"/>
    <tag k="foot" v="yes"/>
    <tag k="goods" v="no"/>
    <tag k="hgv" v="no"/>
    <tag k="highway" v="service"/>
    <tag k="motorcar" v="private"/>
    <tag k="service" v="parking_aisle"/>
    <tag k="surface" v="paving_stones"/>
    <tag k="vehicle" v="private"/>
  </way>
  <way id="1106426596">
    <nd ref="10124753081"/>
    <nd ref="10124753080"/>
    <nd ref="10124753079"/>
    <nd ref="10124753077"/>
    <tag k="access" v="no"/>
    <tag k="foot" v="yes"/>
    <tag k="goods" v="no"/>
    <tag k="hgv" v="no"/>
    <tag k="highway" v="service"/>
    <tag k="motorcar" v="private"/>
    <tag k="service" v="parking_aisle"/>
    <tag k="vehicle" v="private"/>
  </way>
  <way id="1106426597">
    <nd ref="10124758443"/>
    <nd ref="10124753083"/>
    <tag k="highway" v="service"/>
    <tag k="name" v="Oboźna"/>
    <tag k="source" v="UMP-PL"/>
  </way>
  <way id="1106426598">
    <nd ref="10124753083"/>
    <nd ref="10824003442"/>
    <nd ref="10124753082"/>
    <tag k="access" v="customers"/>
    <tag k="foot" v="yes"/>
    <tag k="goods" v="delivery"/>
    <tag k="hgv" v="no"/>
    <tag k="highway" v="service"/>
    <tag k="motorcar" v="destination"/>
    <tag k="vehicle" v="no"/>
  </way>
  <way id="1106426600">
    <nd ref="10124753100"/>
    <nd ref="10124753099"/>
    <nd ref="10124753098"/>
    <nd ref="10124753097"/>
    <nd ref="10124753096"/>
    <nd ref="10124753095"/>
    <nd ref="10124753094"/>
    <nd ref="10124753093"/>
    <nd ref="10124753092"/>
    <tag k="highway" v="service"/>
    <tag k="service" v="parking_aisle"/>
    <tag k="surface" v="ground"/>
  </way>
  <way id="1106426608">
    <nd ref="10124758532"/>
    <nd ref="10124758470"/>
    <nd ref="10824029868"/>
    <nd ref="10824029867"/>
    <nd ref="10824029866"/>
    <nd ref="10824029865"/>
    <tag k="highway" v="service"/>
    <tag k="service" v="parking_aisle"/>
    <tag k="surface" v="concrete:plates"/>
  </way>
  <way id="1106426610">
    <nd ref="5438531340"/>
    <nd ref="10124758472"/>
    <nd ref="10124753092"/>
    <nd ref="10124758532"/>
    <nd ref="4742041884"/>
    <nd ref="4742041879"/>
    <tag k="highway" v="service"/>
  </way>
  <way id="1106426626">
    <nd ref="10124758592"/>
    <nd ref="10124758590"/>
    <nd ref="10124758593"/>
    <nd ref="4742041930"/>
    <tag k="highway" v="service"/>
    <tag k="service" v="parking_aisle"/>
    <tag k="surface" v="paving_stones"/>
  </way>
  <way id="1110832980">
    <nd ref="1753964230"/>
    <nd ref="9360211386"/>
    <nd ref="3303500092"/>
    <nd ref="2516837681"/>
    <tag k="highway" v="secondary"/>
    <tag k="highway:category:pl" v="2"/>
    <tag k="lanes" v="2"/>
    <tag k="maxspeed" v="50"/>
    <tag k="name" v="Aleja Tysiąclecia"/>
    <tag k="oneway" v="yes"/>
    <tag k="ref" v="500"/>
    <tag k="sidewalk:left" v="no"/>
    <tag k="sidewalk:right" v="separate"/>
    <tag k="source:maxspeed" v="PL:urban"/>
    <tag k="surface" v="asphalt"/>
  </way>
  <way id="1128178750">
    <nd ref="2289070380"/>
    <nd ref="10314335380"/>
    <nd ref="10314335381"/>
    <nd ref="10314335382"/>
    <nd ref="10314335383"/>
    <nd ref="10314335384"/>
    <nd ref="10314335385"/>
    <nd ref="10314335386"/>
    <nd ref="10314335387"/>
    <nd ref="10314335388"/>
    <nd ref="10314335389"/>
    <nd ref="10314335390"/>
    <nd ref="10314335391"/>
    <nd ref="10314335392"/>
    <nd ref="10314335393"/>
    <nd ref="10314335394"/>
    <nd ref="10314335395"/>
    <nd ref="10314335396"/>
    <nd ref="10314335397"/>
    <nd ref="10314335398"/>
    <nd ref="10314335399"/>
    <nd ref="10314335400"/>
    <nd ref="10314335401"/>
    <nd ref="10314335402"/>
    <nd ref="10314335403"/>
    <nd ref="10314335404"/>
    <nd ref="10314335405"/>
    <nd ref="10314335406"/>
    <nd ref="4218229468"/>
    <tag k="waterway" v="stream"/>
  </way>
  <way id="1128178751">
    <nd ref="6266706889"/>
    <nd ref="6269466038"/>
    <nd ref="6269466037"/>
    <nd ref="6269466036"/>
    <nd ref="6266706888"/>
    <nd ref="4583889950"/>
    <nd ref="4583889978"/>
    <tag k="name" v="Kumiela"/>
    <tag k="waterway" v="stream"/>
  </way>
  <way id="1163843469">
    <nd ref="732237568"/>
    <nd ref="2785115716"/>
    <nd ref="2785115717"/>
    <nd ref="3899720979"/>
    <nd ref="1304258833"/>
    <nd ref="732237646"/>
    <nd ref="9822658326"/>
    <nd ref="5652062043"/>
    <nd ref="5652062047"/>
    <nd ref="3350737293"/>
    <tag k="highway" v="tertiary"/>
    <tag k="name" v="Związku Jaszczurczego"/>
    <tag k="sidewalk:left" v="no"/>
    <tag k="sidewalk:right" v="separate"/>
    <tag k="source" v="UMP-PL"/>
  </way>
  <way id="1163844255">
    <nd ref="10824003448"/>
    <nd ref="10823997822"/>
    <nd ref="11649016203"/>
    <nd ref="10823997821"/>
    <tag k="highway" v="service"/>
  </way>
  <way id="1163849111">
    <nd ref="10824029867"/>
    <nd ref="10824029864"/>
    <nd ref="10124753094"/>
    <tag k="highway" v="service"/>
    <tag k="service" v="parking_aisle"/>
    <tag k="surface" v="concrete:plates"/>
  </way>
  <way id="1164154585">
    <nd ref="1304258947"/>
    <nd ref="3187749326"/>
    <nd ref="2258544981"/>
    <nd ref="1304258800"/>
    <nd ref="10824003409"/>
    <nd ref="1304258688"/>
    <nd ref="1304258852"/>
    <nd ref="11648986051"/>
    <nd ref="5443317389"/>
    <nd ref="1304258717"/>
    <nd ref="2258544989"/>
    <nd ref="733863512"/>
    <nd ref="2785115713"/>
    <nd ref="732237568"/>
    <tag k="highway" v="tertiary"/>
    <tag k="name" v="Związku Jaszczurczego"/>
    <tag k="sidewalk:left" v="no"/>
    <tag k="sidewalk:right" v="separate"/>
    <tag k="source" v="UMP-PL"/>
  </way>
  <way id="1197369904">
    <nd ref="11109596944"/>
    <nd ref="2289070529"/>
    <nd ref="2289070527"/>
    <nd ref="2289070526"/>
    <nd ref="2289070528"/>
    <nd ref="2289070525"/>
    <nd ref="3262395448"/>
    <nd ref="7091672348"/>
    <nd ref="7091672347"/>
    <nd ref="7091672346"/>
    <nd ref="3262395447"/>
    <nd ref="7091672344"/>
    <nd ref="3262395446"/>
    <nd ref="7091672345"/>
    <nd ref="3262395445"/>
    <nd ref="7091672343"/>
    <nd ref="3262395444"/>
    <nd ref="7091672342"/>
    <nd ref="3262395443"/>
    <nd ref="7091672341"/>
    <nd ref="3262395442"/>
    <nd ref="7091672340"/>
    <nd ref="7091672339"/>
    <nd ref="3262395441"/>
    <nd ref="3262395440"/>
    <nd ref="3262395439"/>
    <nd ref="3262395438"/>
    <nd ref="7091672338"/>
    <nd ref="3262395437"/>
    <nd ref="3262395436"/>
    <nd ref="7091672337"/>
    <nd ref="3262395435"/>
    <nd ref="7091672336"/>
    <nd ref="7091672335"/>
    <nd ref="3262395434"/>
    <nd ref="3262395433"/>
    <nd ref="3262395432"/>
    <nd ref="7091672334"/>
    <nd ref="3262395431"/>
    <nd ref="7091672333"/>
    <nd ref="3262395430"/>
    <nd ref="3262395429"/>
    <nd ref="3262395428"/>
    <nd ref="7091672332"/>
    <nd ref="3262395427"/>
    <nd ref="7091672331"/>
    <nd ref="3262395426"/>
    <nd ref="7091672330"/>
    <nd ref="3262395425"/>
    <nd ref="7091672329"/>
    <nd ref="3262395424"/>
    <nd ref="7091672328"/>
    <nd ref="3262395423"/>
    <nd ref="7091672327"/>
    <nd ref="3262395422"/>
    <nd ref="7091672326"/>
    <nd ref="3262395421"/>
    <nd ref="3262395420"/>
    <nd ref="3262395419"/>
    <nd ref="3262395418"/>
    <nd ref="3262395417"/>
    <nd ref="7091672325"/>
    <nd ref="3262395416"/>
    <nd ref="3262395415"/>
    <nd ref="3262395414"/>
    <nd ref="7091672324"/>
    <nd ref="3262395413"/>
    <nd ref="7091672323"/>
    <nd ref="3262395412"/>
    <nd ref="7091672322"/>
    <nd ref="7091672321"/>
    <nd ref="3262395411"/>
    <nd ref="7091672320"/>
    <nd ref="7091672319"/>
    <nd ref="7091672318"/>
    <nd ref="3262395410"/>
    <nd ref="7091672317"/>
    <nd ref="3262395409"/>
    <nd ref="3262395408"/>
    <nd ref="3262395407"/>
    <nd ref="7091672316"/>
    <nd ref="3262395406"/>
    <nd ref="3262395405"/>
    <nd ref="3262395404"/>
    <nd ref="7091672313"/>
    <nd ref="7091672314"/>
    <nd ref="3262395403"/>
    <nd ref="7091672315"/>
    <nd ref="3262395402"/>
    <nd ref="7091672312"/>
    <nd ref="7091672311"/>
    <nd ref="3262395401"/>
    <nd ref="3262395400"/>
    <nd ref="3262395399"/>
    <nd ref="7091672310"/>
    <nd ref="3262395398"/>
    <nd ref="7091672309"/>
    <nd ref="7091672308"/>
    <nd ref="3262395397"/>
    <nd ref="7091672307"/>
    <nd ref="3262395396"/>
    <nd ref="3262395395"/>
    <nd ref="3262395394"/>
    <nd ref="7091672306"/>
    <nd ref="3262395393"/>
    <nd ref="3262395392"/>
    <nd ref="3262395391"/>
    <nd ref="7091672305"/>
    <nd ref="7091672304"/>
    <nd ref="3262395390"/>
    <nd ref="7091672303"/>
    <nd ref="7091672302"/>
    <nd ref="3262395389"/>
    <nd ref="3262395388"/>
    <nd ref="7091672301"/>
    <nd ref="3262395387"/>
    <nd ref="3262395386"/>
    <nd ref="7091672300"/>
    <nd ref="7091672299"/>
    <nd ref="3262395385"/>
    <nd ref="7091672298"/>
    <nd ref="7091672297"/>
    <nd ref="3262395384"/>
    <nd ref="3262395383"/>
    <nd ref="7091672296"/>
    <nd ref="3262395382"/>
    <nd ref="3262395381"/>
    <nd ref="3262395380"/>
    <nd ref="3262395379"/>
    <nd ref="7091672295"/>
    <nd ref="3262395378"/>
    <nd ref="3262395377"/>
    <nd ref="3262395376"/>
    <nd ref="7091672294"/>
    <nd ref="7091672293"/>
    <nd ref="3262395375"/>
    <nd ref="3262395374"/>
    <nd ref="3262395373"/>
    <nd ref="3262395372"/>
    <nd ref="7091672292"/>
    <nd ref="3262395371"/>
    <nd ref="7091672291"/>
    <nd ref="3262395370"/>
    <nd ref="3262395369"/>
    <nd ref="3262395368"/>
    <nd ref="3262395367"/>
    <nd ref="3262395366"/>
    <nd ref="3262395365"/>
    <nd ref="7091672290"/>
    <nd ref="7091672289"/>
    <nd ref="3262395364"/>
    <nd ref="3262395363"/>
    <nd ref="7091672288"/>
    <nd ref="7091672287"/>
    <nd ref="3262395362"/>
    <nd ref="3262395361"/>
    <nd ref="3262390160"/>
    <nd ref="7091672286"/>
    <nd ref="3262390159"/>
    <nd ref="7091672285"/>
    <nd ref="3262390158"/>
    <nd ref="3262390157"/>
    <nd ref="7091505384"/>
    <nd ref="3262390156"/>
    <nd ref="7091505383"/>
    <nd ref="3262390155"/>
    <nd ref="3262390154"/>
    <nd ref="7091505382"/>
    <nd ref="3262390153"/>
    <nd ref="7091505381"/>
    <nd ref="7091505380"/>
    <nd ref="7091505379"/>
    <nd ref="7091505378"/>
    <nd ref="3262390152"/>
    <nd ref="7091505377"/>
    <nd ref="7091505376"/>
    <nd ref="3262390151"/>
    <nd ref="7091505375"/>
    <nd ref="7091505374"/>
    <nd ref="3262390150"/>
    <nd ref="7091505373"/>
    <nd ref="7091505372"/>
    <nd ref="3262390149"/>
    <nd ref="3262390148"/>
    <nd ref="3262390147"/>
    <nd ref="3262390146"/>
    <nd ref="2289070365"/>
    <nd ref="2289070374"/>
    <nd ref="3262390145"/>
    <nd ref="2289070384"/>
    <nd ref="3262390144"/>
    <nd ref="3262390143"/>
    <nd ref="3262390142"/>
    <nd ref="2289070380"/>
    <tag k="name" v="Kumiela"/>
    <tag k="waterway" v="stream"/>
  </way>
  <way id="1197369905">
    <nd ref="2289070532"/>
    <nd ref="2289070531"/>
    <nd ref="11109596944"/>
    <tag k="layer" v="-1"/>
    <tag k="name" v="Kumiela"/>
    <tag k="tunnel" v="culvert"/>
    <tag k="waterway" v="stream"/>
  </way>
  <way id="1201689215">
    <nd ref="1296875978"/>
    <nd ref="12698057636"/>
    <nd ref="5537749217"/>
    <nd ref="319175594"/>
    <tag k="highway" v="residential"/>
    <tag k="maxspeed" v="50"/>
    <tag k="name" v="Malborska"/>
    <tag k="oneway" v="no"/>
  </way>
  <way id="1201689216">
    <nd ref="319175594"/>
    <nd ref="11577363882"/>
    <nd ref="5536207653"/>
    <tag k="highway" v="residential"/>
    <tag k="maxspeed" v="50"/>
    <tag k="name" v="Malborska"/>
    <tag k="oneway" v="no"/>
  </way>
  <way id="1201689217">
    <nd ref="5536207653"/>
    <nd ref="12772139303"/>
    <nd ref="3495194395"/>
    <nd ref="3495193689"/>
    <nd ref="5451351805"/>
    <nd ref="12698882760"/>
    <nd ref="5645380142"/>
    <nd ref="2289252574"/>
    <nd ref="319175038"/>
    <tag k="highway" v="residential"/>
    <tag k="maxspeed" v="50"/>
    <tag k="name" v="Malborska"/>
    <tag k="oneway" v="no"/>
  </way>
  <way id="1201689218">
    <nd ref="319175038"/>
    <nd ref="3621017851"/>
    <tag k="highway" v="residential"/>
    <tag k="maxspeed" v="50"/>
    <tag k="name" v="Malborska"/>
    <tag k="oneway" v="no"/>
  </way>
  <way id="1222819866">
    <nd ref="1304261327"/>
    <nd ref="3899766020"/>
    <tag k="highway" v="secondary"/>
    <tag k="highway:category:pl" v="2"/>
    <tag k="lanes" v="2"/>
    <tag k="name" v="Pocztowa"/>
    <tag k="oneway" v="yes"/>
    <tag k="ref" v="503"/>
    <tag k="sidewalk:left" v="no"/>
    <tag k="sidewalk:right" v="separate"/>
  </way>
  <way id="1253244377">
    <nd ref="733863512"/>
    <nd ref="12732042950"/>
    <nd ref="11648986059"/>
    <nd ref="11648986050"/>
    <nd ref="11648986058"/>
    <nd ref="11648986057"/>
    <nd ref="11648986049"/>
    <nd ref="11648986056"/>
    <nd ref="11648986055"/>
    <nd ref="11648986054"/>
    <nd ref="11648986053"/>
    <nd ref="11648986052"/>
    <nd ref="12732042949"/>
    <nd ref="11648986051"/>
    <tag k="highway" v="service"/>
    <tag k="service" v="parking_aisle"/>
    <tag k="smoothness" v="excellent"/>
    <tag k="surface" v="asphalt"/>
  </way>
  <way id="1253244382">
    <nd ref="1753964230"/>
    <nd ref="12698849790"/>
    <nd ref="11193188556"/>
    <nd ref="11649016221"/>
    <nd ref="12698849792"/>
    <nd ref="1304258947"/>
    <tag k="highway" v="tertiary"/>
    <tag k="lane_markings" v="no"/>
    <tag k="name" v="Związku Jaszczurczego"/>
    <tag k="oneway" v="yes"/>
    <tag k="source:width" v="ARCore"/>
    <tag k="surface" v="asphalt"/>
    <tag k="width" v="3.5"/>
  </way>
  <way id="1273534914">
    <nd ref="4584193411"/>
    <nd ref="4584193400"/>
    <nd ref="5645380167"/>
    <nd ref="4584193436"/>
    <nd ref="9129055021"/>
    <nd ref="1740412091"/>
    <tag k="electrified" v="contact_line"/>
    <tag k="frequency" v="0"/>
    <tag k="gauge" v="1000"/>
    <tag k="oneway" v="yes"/>
    <tag k="railway" v="tram"/>
    <tag k="tracks" v="1"/>
    <tag k="voltage" v="600"/>
  </way>
  <way id="1273534915">
    <nd ref="1377792977"/>
    <nd ref="9129055020"/>
    <nd ref="4584193432"/>
    <nd ref="4584193428"/>
    <nd ref="5645380168"/>
    <nd ref="4584193444"/>
    <nd ref="4584193442"/>
    <nd ref="11826339778"/>
    <nd ref="11826339779"/>
    <nd ref="11826339780"/>
    <nd ref="11826339781"/>
    <nd ref="11826339782"/>
    <nd ref="11826339783"/>
    <nd ref="11826339784"/>
    <nd ref="11826339785"/>
    <nd ref="5652093011"/>
    <nd ref="11826339786"/>
    <nd ref="11826339787"/>
    <nd ref="11826339788"/>
    <nd ref="11826339789"/>
    <nd ref="11826339796"/>
    <nd ref="11826339790"/>
    <nd ref="11826339797"/>
    <nd ref="11826339791"/>
    <nd ref="11826339792"/>
    <nd ref="11826339793"/>
    <nd ref="11826339794"/>
    <nd ref="11826300556"/>
    <tag k="electrified" v="contact_line"/>
    <tag k="frequency" v="0"/>
    <tag k="gauge" v="1000"/>
    <tag k="oneway" v="yes"/>
    <tag k="railway" v="tram"/>
    <tag k="tracks" v="1"/>
    <tag k="voltage" v="600"/>
  </way>
  <way id="1302330979">
    <nd ref="12061723973"/>
    <nd ref="12698849788"/>
    <nd ref="1305377560"/>
    <nd ref="5658193162"/>
    <nd ref="733863488"/>
    <tag k="highway" v="secondary"/>
    <tag k="highway:category:pl" v="2"/>
    <tag k="lanes" v="2"/>
    <tag k="maxspeed" v="50"/>
    <tag k="name" v="Aleja Grunwaldzka"/>
    <tag k="oneway" v="yes"/>
    <tag k="ref" v="500"/>
    <tag k="sidewalk:left" v="no"/>
    <tag k="sidewalk:right" v="separate"/>
    <tag k="source:maxspeed" v="PL:urban"/>
    <tag k="surface" v="asphalt"/>
    <tag k="turn:lanes" v="through|through;right"/>
  </way>
  <way id="1302345319">
    <nd ref="5137127968"/>
    <nd ref="8283410071"/>
    <nd ref="8283410072"/>
    <nd ref="5137127966"/>
    <tag k="embankment" v="yes"/>
    <tag k="highway" v="service"/>
    <tag k="lanes" v="2"/>
    <tag k="lit" v="yes"/>
    <tag k="oneway" v="yes"/>
    <tag k="sidewalk:left" v="no"/>
    <tag k="sidewalk:right" v="separate"/>
    <tag k="smoothness" v="excellent"/>
    <tag k="surface" v="asphalt"/>
    <tag k="turn:lanes" v="left|"/>
  </way>
  <way id="1333566374">
    <nd ref="2294018020"/>
    <nd ref="2294018021"/>
    <nd ref="12337911197"/>
    <tag k="highway" v="residential"/>
    <tag k="name" v="Kumieli"/>
  </way>
  <way id="1333566376">
    <nd ref="1559586256"/>
    <nd ref="2294018020"/>
    <tag k="highway" v="residential"/>
    <tag k="name" v="Kumieli"/>
  </way>
  <way id="1333566377">
    <nd ref="2294018020"/>
    <nd ref="12732042945"/>
    <nd ref="12337911199"/>
    <nd ref="12337911198"/>
    <nd ref="12337911194"/>
    <tag k="highway" v="service"/>
  </way>
  <way id="1333566378">
    <nd ref="1559586256"/>
    <nd ref="12337911205"/>
    <nd ref="12337911204"/>
    <nd ref="12337911200"/>
    <nd ref="12337911203"/>
    <nd ref="12337911202"/>
    <nd ref="12337911201"/>
    <nd ref="5522798256"/>
    <nd ref="5705756833"/>
    <nd ref="5522798255"/>
    <nd ref="5522835643"/>
    <nd ref="2807040260"/>
    <tag k="highway" v="residential"/>
  </way>
  <way id="1335984723">
    <nd ref="12358376340"/>
    <nd ref="13327974870"/>
    <nd ref="12358376339"/>
    <nd ref="12358376338"/>
    <nd ref="12358376335"/>
    <nd ref="12358376336"/>
    <nd ref="12358376337"/>
    <tag k="highway" v="service"/>
  </way>
  <way id="1362825222">
    <nd ref="5536207410"/>
    <nd ref="5536207411"/>
    <nd ref="12617971456"/>
    <tag k="highway" v="service"/>
  </way>
  <way id="1362825223">
    <nd ref="12617971456"/>
    <nd ref="5536207412"/>
    <nd ref="5536207413"/>
    <nd ref="10846820544"/>
    <nd ref="5536207414"/>
    <nd ref="5536207415"/>
    <nd ref="5536207406"/>
    <tag k="highway" v="service"/>
  </way>
  <way id="1362825224">
    <nd ref="12617971460"/>
    <nd ref="12617971459"/>
    <nd ref="12617971458"/>
    <nd ref="12617971457"/>
    <nd ref="5536207410"/>
    <tag k="highway" v="service"/>
  </way>
  <way id="1362825225">
    <nd ref="12617971460"/>
    <nd ref="12617971455"/>
    <nd ref="12617971456"/>
    <tag k="highway" v="service"/>
  </way>
  <way id="1362825226">
    <nd ref="319175856"/>
    <nd ref="12617971463"/>
    <nd ref="12617971462"/>
    <nd ref="12617971461"/>
    <nd ref="12617971460"/>
    <tag k="highway" v="service"/>
  </way>
  <way id="1367416240">
    <nd ref="12663448090"/>
    <nd ref="1304254097"/>
    <tag k="highway" v="residential"/>
    <tag k="lanes" v="4"/>
    <tag k="lanes:backward" v="1"/>
    <tag k="lanes:forward" v="3"/>
    <tag k="name" v="Romualda Traugutta"/>
    <tag k="sidewalk:both" v="separate"/>
    <tag k="turn:lanes:forward" v="left|through|right"/>
  </way>
  <way id="1367416241">
    <nd ref="319191146"/>
    <nd ref="443694506"/>
    <tag k="highway" v="tertiary"/>
    <tag k="lanes" v="2"/>
    <tag k="name" v="Generała Stefana Grota-Roweckiego"/>
    <tag k="oneway" v="yes"/>
    <tag k="sidewalk:left" v="no"/>
    <tag k="sidewalk:right" v="separate"/>
  </way>
  <way id="1367416243">
    <nd ref="1304258707"/>
    <nd ref="8168817414"/>
    <nd ref="2263122509"/>
    <nd ref="3350737293"/>
    <tag k="highway" v="tertiary"/>
    <tag k="name" v="Związku Jaszczurczego"/>
    <tag k="oneway" v="yes"/>
    <tag k="sidewalk:both" v="separate"/>
  </way>
  <way id="1367416244">
    <nd ref="2385303461"/>
    <nd ref="12663448091"/>
    <nd ref="1304258707"/>
    <tag k="highway" v="tertiary"/>
    <tag k="name" v="Związku Jaszczurczego"/>
    <tag k="sidewalk:both" v="separate"/>
  </way>
  <way id="1367416245">
    <nd ref="2385303461"/>
    <nd ref="1376728193"/>
    <nd ref="443694506"/>
    <tag k="highway" v="tertiary"/>
    <tag k="name" v="Związku Jaszczurczego"/>
    <tag k="oneway" v="yes"/>
    <tag k="sidewalk:both" v="separate"/>
  </way>
  <way id="1367419916">
    <nd ref="5438017906"/>
    <nd ref="2254990742"/>
    <nd ref="3350705413"/>
    <tag k="highway" v="service"/>
    <tag k="service" v="parking_aisle"/>
    <tag k="sidewalk:both" v="separate"/>
  </way>
  <way id="1371046028">
    <nd ref="5537749224"/>
    <nd ref="12698057660"/>
    <tag k="highway" v="service"/>
    <tag k="service" v="parking_aisle"/>
  </way>
  <way id="1371046029">
    <nd ref="5537749222"/>
    <nd ref="5537749224"/>
    <nd ref="5537749228"/>
    <nd ref="5537749232"/>
    <nd ref="5537749236"/>
    <tag k="highway" v="service"/>
    <tag k="service" v="parking_aisle"/>
  </way>
  <way id="1378994440">
    <nd ref="5522798256"/>
    <nd ref="5522798257"/>
    <tag k="highway" v="service"/>
  </way>
  <way id="1378994454">
    <nd ref="12769355122"/>
    <nd ref="12769355121"/>
    <nd ref="12769355120"/>
    <tag k="highway" v="service"/>
  </way>
  <way id="1378994459">
    <nd ref="12769355420"/>
    <nd ref="12769355421"/>
    <nd ref="12769355422"/>
    <nd ref="12769355424"/>
    <nd ref="12769354815"/>
    <nd ref="12769355423"/>
    <tag k="highway" v="service"/>
  </way>
  <way id="1379314557">
    <nd ref="12772139308"/>
    <nd ref="12772139307"/>
    <nd ref="12772139306"/>
    <nd ref="12772139305"/>
    <nd ref="12772139304"/>
    <nd ref="12772139303"/>
    <tag k="highway" v="service"/>
  </way>
  <way id="1379314585">
    <nd ref="5537749387"/>
    <nd ref="5537749388"/>
    <nd ref="5537749389"/>
    <nd ref="12772139437"/>
    <nd ref="12772139421"/>
    <nd ref="12772139422"/>
    <nd ref="12772139436"/>
    <tag k="highway" v="service"/>
  </way>
  <way id="1379314659">
    <nd ref="2807040261"/>
    <nd ref="12769355420"/>
    <tag k="highway" v="residential"/>
    <tag k="name" v="Murarska"/>
  </way>
  <way id="1379314680">
    <nd ref="12772140070"/>
    <nd ref="12772140069"/>
    <nd ref="3186777566"/>
    <nd ref="12772140068"/>
    <tag k="highway" v="service"/>
  </way>
  <way id="1381876441">
    <nd ref="12793955323"/>
    <nd ref="5438531339"/>
    <tag k="highway" v="service"/>
    <tag k="service" v="parking_aisle"/>
  </way>
  <way id="1381876442">
    <nd ref="5438531340"/>
    <nd ref="12732042947"/>
    <nd ref="12793955324"/>
    <tag k="highway" v="service"/>
    <tag k="service" v="parking_aisle"/>
  </way>
  <way id="1453305640">
    <nd ref="319175857"/>
    <nd ref="13327974831"/>
    <nd ref="13327974830"/>
    <tag k="highway" v="service"/>
  </way>
  <way id="1453305642">
    <nd ref="13327974840"/>
    <nd ref="13327974839"/>
    <nd ref="13327974838"/>
    <tag k="highway" v="service"/>
  </way>
  <way id="1453305652">
    <nd ref="13327974911"/>
    <nd ref="13363464084"/>
    <nd ref="13327974910"/>
    <nd ref="13327974909"/>
    <nd ref="13327974908"/>
    <nd ref="13363464083"/>
    <nd ref="13327974907"/>
    <tag k="highway" v="service"/>
  </way>
  <way id="1457117576">
    <nd ref="5522733150"/>
    <nd ref="5522733148"/>
    <nd ref="13363464012"/>
    <tag k="highway" v="residential"/>
    <tag k="name" v="Przymurze"/>
    <tag k="sidewalk:both" v="separate"/>
  </way>
  <way id="1457117577">
    <nd ref="13363464012"/>
    <nd ref="13363464011"/>
    <nd ref="13363464010"/>
    <tag k="highway" v="service"/>
  </way>
  <way id="1491020492">
    <nd ref="5440827406"/>
    <nd ref="13665079662"/>
    <nd ref="13665079661"/>
    <nd ref="5440827387"/>
    <tag k="highway" v="service"/>
  </way>
  <relation id="15097791">
    <member type="way" ref="759341707" role=""/>
    <member type="way" ref="761029091" role=""/>
    <member type="way" ref="761029090" role=""/>
    <member type="way" ref="1197369905" role=""/>
    <member type="way" ref="1197369904" role=""/>
    <member type="way" ref="1128178750" role=""/>
    <member type="way" ref="757833132" role=""/>
    <member type="way" ref="757833130" role=""/>
    <member type="way" ref="757833131" role=""/>
    <member type="way" ref="422094293" role=""/>
    <member type="way" ref="238397262" role=""/>
    <member type="way" ref="238397266" role=""/>
    <member type="way" ref="238397267" role=""/>
    <member type="way" ref="238397264" role=""/>
    <member type="way" ref="163606982" role=""/>
    <member type="way" ref="669217462" role=""/>
    <member type="way" ref="669217463" role=""/>
    <member type="way" ref="669217459" role=""/>
    <member type="way" ref="1128178751" role=""/>
    <member type="way" ref="669495662" role=""/>
    <member type="way" ref="570002503" role=""/>
    <member type="way" ref="570002502" role=""/>
    <member type="way" ref="667738611" role=""/>
    <member type="way" ref="667738612" role=""/>
    <member type="way" ref="460144921" role=""/>
    <member type="way" ref="569696543" role=""/>
    <member type="way" ref="569696542" role=""/>
    <member type="way" ref="569696544" role=""/>
    <member type="way" ref="569696545" role=""/>
    <member type="way" ref="459544253" role=""/>
    <member type="way" ref="459544256" role=""/>
    <member type="way" ref="386588602" role=""/>
    <member type="way" ref="163718094" role=""/>
    <tag k="name" v="Kumiela"/>
    <tag k="type" v="waterway"/>
    <tag k="waterway" v="stream"/>
  </relation>

</osm>
